$MeshFormat
4.1 0 8
$EndMeshFormat
$PhysicalNames
3
1 101 "左_固定"
1 102 "右_剪力"
2 200 "domain"
$EndPhysicalNames
$Entities
4 4 1 0
1 0 0 0 0 
2 0 44 0 0 
3 48 60 0 0 
4 48 0 0 0 
1 0 0 0 0 44 0 1 101 2 1 -2 
2 0 44 0 48 60 0 0 2 2 -3 
3 48 0 0 48 60 0 1 102 2 3 -4 
4 0 0 0 48 0 0 0 2 4 -1 
1 0 0 0 48 60 0 1 200 4 1 2 3 4 
$EndEntities
$Nodes
9 4672 1 4672
0 1 0 1
1
0 0 0
0 2 0 1
2
0 44 0
0 3 0 1
3
48 60 0
0 4 0 1
4
48 0 0
1 1 0 54
5
6
7
8
9
10
11
12
13
14
15
16
17
18
19
20
21
22
23
24
25
26
27
28
29
30
31
32
33
34
35
36
37
38
39
40
41
42
43
44
45
46
47
48
49
50
51
52
53
54
55
56
57
58
0 0.7999999999984574 0
0 1.599999999996788 0
0 2.399999999994858 0
0 3.199999999993367 0
0 3.999999999992119 0
0 4.799999999990238 0
0 5.599999999988293 0
0 6.399999999986347 0
0 7.199999999984401 0
0 7.999999999982361 0
0 8.799999999979056 0
0 9.599999999975495 0
0 10.39999999997194 0
0 11.19999999996838 0
0 11.99999999996482 0
0 12.79999999996126 0
0 13.5999999999577 0
0 14.39999999995414 0
0 15.19999999995058 0
0 15.99999999994702 0
0 16.79999999994346 0
0 17.5999999999399 0
0 18.39999999993634 0
0 19.19999999993278 0
0 19.99999999992922 0
0 20.79999999992566 0
0 21.5999999999221 0
0 22.39999999992177 0
0 23.19999999992468 0
0 23.99999999992758 0
0 24.79999999993048 0
0 25.59999999993338 0
0 26.39999999993628 0
0 27.19999999993918 0
0 27.99999999994207 0
0 28.79999999994497 0
0 29.59999999994787 0
0 30.39999999995076 0
0 31.19999999995366 0
0 31.99999999995655 0
0 32.79999999995945 0
0 33.59999999996235 0
0 34.39999999996525 0
0 35.19999999996814 0
0 35.99999999997103 0
0 36.79999999997393 0
0 37.59999999997683 0
0 38.39999999997973 0
0 39.19999999998262 0
0 39.99999999998552 0
0 40.79999999998842 0
0 41.59999999999131 0
0 42.39999999999421 0
0 43.1999999999971 0
1 2 0 63
59
60
61
62
63
64
65
66
67
68
69
70
71
72
73
74
75
76
77
78
79
80
81
82
83
84
85
86
87
88
89
90
91
92
93
94
95
96
97
98
99
100
101
102
103
104
105
106
107
108
109
110
111
112
113
114
115
116
117
118
119
120
121
0.7499999999970186 44.24999999999901 0
1.499999999993986 44.499999999998 0
2.249999999990953 44.74999999999699 0
2.999999999987997 44.999999999996 0
3.749999999985512 45.24999999999517 0
4.499999999983103 45.49999999999437 0
5.249999999980695 45.74999999999356 0
5.999999999978129 45.99999999999271 0
6.749999999974628 46.24999999999154 0
7.49999999997097 46.49999999999032 0
8.249999999967624 46.74999999998921 0
8.999999999965215 46.9999999999884 0
9.749999999962805 47.2499999999876 0
10.4999999999604 47.4999999999868 0
11.24999999995798 47.749999999986 0
11.99999999995558 47.99999999998519 0
12.74999999995317 48.24999999998439 0
13.49999999995076 48.49999999998359 0
14.24999999994835 48.74999999998278 0
14.99999999994595 48.99999999998198 0
15.74999999994354 49.24999999998118 0
16.49999999994113 49.49999999998037 0
17.24999999993872 49.74999999997957 0
17.99999999993632 49.99999999997877 0
18.74999999993391 50.24999999997797 0
19.4999999999315 50.49999999997717 0
20.24999999992909 50.74999999997637 0
20.99999999992669 50.99999999997556 0
21.74999999992428 51.24999999997476 0
22.49999999992187 51.49999999997396 0
23.24999999991947 51.74999999997316 0
23.99999999991768 51.99999999997256 0
24.74999999991965 52.24999999997321 0
25.49999999992225 52.49999999997408 0
26.24999999992483 52.74999999997495 0
26.99999999992743 52.99999999997581 0
27.74999999993002 53.24999999997667 0
28.49999999993261 53.49999999997753 0
29.24999999993521 53.7499999999784 0
29.99999999993779 53.99999999997927 0
30.74999999994039 54.24999999998013 0
31.49999999994298 54.49999999998099 0
32.24999999994557 54.74999999998186 0
32.99999999994816 54.99999999998272 0
33.74999999995075 55.24999999998359 0
34.49999999995335 55.49999999998445 0
35.24999999995594 55.74999999998531 0
35.99999999995853 55.99999999998617 0
36.74999999996112 56.24999999998704 0
37.49999999996371 56.49999999998791 0
38.24999999996631 56.74999999998877 0
38.99999999996889 56.99999999998963 0
39.74999999997149 57.24999999999049 0
40.49999999997409 57.49999999999136 0
41.24999999997667 57.74999999999223 0
41.99999999997927 57.99999999999309 0
42.74999999998186 58.24999999999395 0
43.49999999998445 58.49999999999481 0
44.24999999998704 58.74999999999568 0
44.99999999998963 58.99999999999655 0
45.74999999999223 59.24999999999741 0
46.49999999999482 59.49999999999827 0
47.24999999999741 59.74999999999913 0
1 3 0 74
122
123
124
125
126
127
128
129
130
131
132
133
134
135
136
137
138
139
140
141
142
143
144
145
146
147
148
149
150
151
152
153
154
155
156
157
158
159
160
161
162
163
164
165
166
167
168
169
170
171
172
173
174
175
176
177
178
179
180
181
182
183
184
185
186
187
188
189
190
191
192
193
194
195
48 59.19999999999798 0
48 58.39999999999596 0
48 57.59999999999395 0
48 56.79999999999193 0
48 55.99999999998991 0
48 55.1999999999879 0
48 54.39999999998587 0
48 53.59999999998386 0
48 52.79999999998184 0
48 51.99999999997982 0
48 51.19999999997781 0
48 50.39999999997578 0
48 49.59999999997376 0
48 48.79999999997175 0
48 47.99999999996973 0
48 47.19999999996771 0
48 46.39999999996569 0
48 45.59999999996368 0
48 44.79999999996166 0
48 43.99999999996001 0
48 43.19999999996506 0
48 42.39999999997252 0
48 41.59999999997998 0
48 40.79999999998743 0
48 39.9999999999949 0
48 39.20000000000235 0
48 38.40000000000981 0
48 37.60000000001727 0
48 36.80000000002472 0
48 36.00000000003219 0
48 35.20000000003964 0
48 34.40000000004709 0
48 33.60000000005455 0
48 32.800000000062 0
48 32.00000000006844 0
48 31.20000000007152 0
48 30.40000000007414 0
48 29.60000000007449 0
48 28.80000000007258 0
48 28.00000000007056 0
48 27.20000000006854 0
48 26.40000000006653 0
48 25.60000000006451 0
48 24.8000000000625 0
48 24.00000000006048 0
48 23.20000000005847 0
48 22.40000000005644 0
48 21.60000000005444 0
48 20.80000000005242 0
48 20.0000000000504 0
48 19.20000000004838 0
48 18.40000000004637 0
48 17.60000000004436 0
48 16.80000000004234 0
48 16.00000000004032 0
48 15.20000000003831 0
48 14.40000000003629 0
48 13.60000000003427 0
48 12.80000000003226 0
48 12.00000000003024 0
48 11.20000000002823 0
48 10.40000000002621 0
48 9.600000000024195 0
48 8.80000000002218 0
48 8.000000000020165 0
48 7.200000000018136 0
48 6.400000000016128 0
48 5.600000000014106 0
48 4.800000000012098 0
48 4.000000000010075 0
48 3.200000000008068 0
48 2.400000000006045 0
48 1.60000000000403 0
48 0.800000000002008 0
1 4 0 59
196
197
198
199
200
201
202
203
204
205
206
207
208
209
210
211
212
213
214
215
216
217
218
219
220
221
222
223
224
225
226
227
228
229
230
231
232
233
234
235
236
237
238
239
240
241
242
243
244
245
246
247
248
249
250
251
252
253
254
47.2000000000096 0 0
46.40000000001919 0 0
45.60000000002879 0 0
44.80000000003478 0 0
44.00000000003318 0 0
43.20000000003093 0 0
42.40000000002869 0 0
41.60000000003237 0 0
40.80000000004196 0 0
40.00000000005063 0 0
39.20000000005024 0 0
38.400000000048 0 0
37.60000000004575 0 0
36.8000000000435 0 0
36.00000000004125 0 0
35.200000000039 0 0
34.40000000003675 0 0
33.60000000003451 0 0
32.80000000003226 0 0
32.00000000003094 0 0
31.20000000003415 0 0
30.40000000003783 0 0
29.60000000004151 0 0
28.80000000004518 0 0
28.00000000004886 0 0
27.20000000005254 0 0
26.40000000005621 0 0
25.60000000005989 0 0
24.80000000006357 0 0
24.00000000006655 0 0
23.200000000065 0 0
22.40000000006275 0 0
21.6000000000605 0 0
20.80000000005827 0 0
20.00000000005603 0 0
19.20000000005378 0 0
18.40000000005154 0 0
17.60000000004931 0 0
16.80000000004706 0 0
16.00000000004482 0 0
15.20000000004259 0 0
14.40000000004034 0 0
13.60000000003809 0 0
12.80000000003586 0 0
12.00000000003362 0 0
11.20000000003137 0 0
10.40000000002914 0 0
9.600000000026895 0 0
8.800000000024653 0 0
8.000000000022411 0 0
7.200000000020168 0 0
6.400000000017933 0 0
5.600000000015683 0 0
4.800000000013441 0 0
4.000000000011205 0 0
3.200000000008963 0 0
2.40000000000672 0 0
1.600000000004485 0 0
0.8000000000022425 0 0
2 1 0 4418
255
256
257
258
259
260
261
262
263
264
265
266
267
268
269
270
271
272
273
274
275
276
277
278
279
280
281
282
283
284
285
286
287
288
289
290
291
292
293
294
295
296
297
298
299
300
301
302
303
304
305
306
307
308
309
310
311
312
313
314
315
316
317
318
319
320
321
322
323
324
325
326
327
328
329
330
331
332
333
334
335
336
337
338
339
340
341
342
343
344
345
346
347
348
349
350
351
352
353
354
355
356
357
358
359
360
361
362
363
364
365
366
367
368
369
370
371
372
373
374
375
376
377
378
379
380
381
382
383
384
385
386
387
388
389
390
391
392
393
394
395
396
397
398
399
400
401
402
403
404
405
406
407
408
409
410
411
412
413
414
415
416
417
418
419
420
421
422
423
424
425
426
427
428
429
430
431
432
433
434
435
436
437
438
439
440
441
442
443
444
445
446
447
448
449
450
451
452
453
454
455
456
457
458
459
460
461
462
463
464
465
466
467
468
469
470
471
472
473
474
475
476
477
478
479
480
481
482
483
484
485
486
487
488
489
490
491
492
493
494
495
496
497
498
499
500
501
502
503
504
505
506
507
508
509
510
511
512
513
514
515
516
517
518
519
520
521
522
523
524
525
526
527
528
529
530
531
532
533
534
535
536
537
538
539
540
541
542
543
544
545
546
547
548
549
550
551
552
553
554
555
556
557
558
559
560
561
562
563
564
565
566
567
568
569
570
571
572
573
574
575
576
577
578
579
580
581
582
583
584
585
586
587
588
589
590
591
592
593
594
595
596
597
598
599
600
601
602
603
604
605
606
607
608
609
610
611
612
613
614
615
616
617
618
619
620
621
622
623
624
625
626
627
628
629
630
631
632
633
634
635
636
637
638
639
640
641
642
643
644
645
646
647
648
649
650
651
652
653
654
655
656
657
658
659
660
661
662
663
664
665
666
667
668
669
670
671
672
673
674
675
676
677
678
679
680
681
682
683
684
685
686
687
688
689
690
691
692
693
694
695
696
697
698
699
700
701
702
703
704
705
706
707
708
709
710
711
712
713
714
715
716
717
718
719
720
721
722
723
724
725
726
727
728
729
730
731
732
733
734
735
736
737
738
739
740
741
742
743
744
745
746
747
748
749
750
751
752
753
754
755
756
757
758
759
760
761
762
763
764
765
766
767
768
769
770
771
772
773
774
775
776
777
778
779
780
781
782
783
784
785
786
787
788
789
790
791
792
793
794
795
796
797
798
799
800
801
802
803
804
805
806
807
808
809
810
811
812
813
814
815
816
817
818
819
820
821
822
823
824
825
826
827
828
829
830
831
832
833
834
835
836
837
838
839
840
841
842
843
844
845
846
847
848
849
850
851
852
853
854
855
856
857
858
859
860
861
862
863
864
865
866
867
868
869
870
871
872
873
874
875
876
877
878
879
880
881
882
883
884
885
886
887
888
889
890
891
892
893
894
895
896
897
898
899
900
901
902
903
904
905
906
907
908
909
910
911
912
913
914
915
916
917
918
919
920
921
922
923
924
925
926
927
928
929
930
931
932
933
934
935
936
937
938
939
940
941
942
943
944
945
946
947
948
949
950
951
952
953
954
955
956
957
958
959
960
961
962
963
964
965
966
967
968
969
970
971
972
973
974
975
976
977
978
979
980
981
982
983
984
985
986
987
988
989
990
991
992
993
994
995
996
997
998
999
1000
1001
1002
1003
1004
1005
1006
1007
1008
1009
1010
1011
1012
1013
1014
1015
1016
1017
1018
1019
1020
1021
1022
1023
1024
1025
1026
1027
1028
1029
1030
1031
1032
1033
1034
1035
1036
1037
1038
1039
1040
1041
1042
1043
1044
1045
1046
1047
1048
1049
1050
1051
1052
1053
1054
1055
1056
1057
1058
1059
1060
1061
1062
1063
1064
1065
1066
1067
1068
1069
1070
1071
1072
1073
1074
1075
1076
1077
1078
1079
1080
1081
1082
1083
1084
1085
1086
1087
1088
1089
1090
1091
1092
1093
1094
1095
1096
1097
1098
1099
1100
1101
1102
1103
1104
1105
1106
1107
1108
1109
1110
1111
1112
1113
1114
1115
1116
1117
1118
1119
1120
1121
1122
1123
1124
1125
1126
1127
1128
1129
1130
1131
1132
1133
1134
1135
1136
1137
1138
1139
1140
1141
1142
1143
1144
1145
1146
1147
1148
1149
1150
1151
1152
1153
1154
1155
1156
1157
1158
1159
1160
1161
1162
1163
1164
1165
1166
1167
1168
1169
1170
1171
1172
1173
1174
1175
1176
1177
1178
1179
1180
1181
1182
1183
1184
1185
1186
1187
1188
1189
1190
1191
1192
1193
1194
1195
1196
1197
1198
1199
1200
1201
1202
1203
1204
1205
1206
1207
1208
1209
1210
1211
1212
1213
1214
1215
1216
1217
1218
1219
1220
1221
1222
1223
1224
1225
1226
1227
1228
1229
1230
1231
1232
1233
1234
1235
1236
1237
1238
1239
1240
1241
1242
1243
1244
1245
1246
1247
1248
1249
1250
1251
1252
1253
1254
1255
1256
1257
1258
1259
1260
1261
1262
1263
1264
1265
1266
1267
1268
1269
1270
1271
1272
1273
1274
1275
1276
1277
1278
1279
1280
1281
1282
1283
1284
1285
1286
1287
1288
1289
1290
1291
1292
1293
1294
1295
1296
1297
1298
1299
1300
1301
1302
1303
1304
1305
1306
1307
1308
1309
1310
1311
1312
1313
1314
1315
1316
1317
1318
1319
1320
1321
1322
1323
1324
1325
1326
1327
1328
1329
1330
1331
1332
1333
1334
1335
1336
1337
1338
1339
1340
1341
1342
1343
1344
1345
1346
1347
1348
1349
1350
1351
1352
1353
1354
1355
1356
1357
1358
1359
1360
1361
1362
1363
1364
1365
1366
1367
1368
1369
1370
1371
1372
1373
1374
1375
1376
1377
1378
1379
1380
1381
1382
1383
1384
1385
1386
1387
1388
1389
1390
1391
1392
1393
1394
1395
1396
1397
1398
1399
1400
1401
1402
1403
1404
1405
1406
1407
1408
1409
1410
1411
1412
1413
1414
1415
1416
1417
1418
1419
1420
1421
1422
1423
1424
1425
1426
1427
1428
1429
1430
1431
1432
1433
1434
1435
1436
1437
1438
1439
1440
1441
1442
1443
1444
1445
1446
1447
1448
1449
1450
1451
1452
1453
1454
1455
1456
1457
1458
1459
1460
1461
1462
1463
1464
1465
1466
1467
1468
1469
1470
1471
1472
1473
1474
1475
1476
1477
1478
1479
1480
1481
1482
1483
1484
1485
1486
1487
1488
1489
1490
1491
1492
1493
1494
1495
1496
1497
1498
1499
1500
1501
1502
1503
1504
1505
1506
1507
1508
1509
1510
1511
1512
1513
1514
1515
1516
1517
1518
1519
1520
1521
1522
1523
1524
1525
1526
1527
1528
1529
1530
1531
1532
1533
1534
1535
1536
1537
1538
1539
1540
1541
1542
1543
1544
1545
1546
1547
1548
1549
1550
1551
1552
1553
1554
1555
1556
1557
1558
1559
1560
1561
1562
1563
1564
1565
1566
1567
1568
1569
1570
1571
1572
1573
1574
1575
1576
1577
1578
1579
1580
1581
1582
1583
1584
1585
1586
1587
1588
1589
1590
1591
1592
1593
1594
1595
1596
1597
1598
1599
1600
1601
1602
1603
1604
1605
1606
1607
1608
1609
1610
1611
1612
1613
1614
1615
1616
1617
1618
1619
1620
1621
1622
1623
1624
1625
1626
1627
1628
1629
1630
1631
1632
1633
1634
1635
1636
1637
1638
1639
1640
1641
1642
1643
1644
1645
1646
1647
1648
1649
1650
1651
1652
1653
1654
1655
1656
1657
1658
1659
1660
1661
1662
1663
1664
1665
1666
1667
1668
1669
1670
1671
1672
1673
1674
1675
1676
1677
1678
1679
1680
1681
1682
1683
1684
1685
1686
1687
1688
1689
1690
1691
1692
1693
1694
1695
1696
1697
1698
1699
1700
1701
1702
1703
1704
1705
1706
1707
1708
1709
1710
1711
1712
1713
1714
1715
1716
1717
1718
1719
1720
1721
1722
1723
1724
1725
1726
1727
1728
1729
1730
1731
1732
1733
1734
1735
1736
1737
1738
1739
1740
1741
1742
1743
1744
1745
1746
1747
1748
1749
1750
1751
1752
1753
1754
1755
1756
1757
1758
1759
1760
1761
1762
1763
1764
1765
1766
1767
1768
1769
1770
1771
1772
1773
1774
1775
1776
1777
1778
1779
1780
1781
1782
1783
1784
1785
1786
1787
1788
1789
1790
1791
1792
1793
1794
1795
1796
1797
1798
1799
1800
1801
1802
1803
1804
1805
1806
1807
1808
1809
1810
1811
1812
1813
1814
1815
1816
1817
1818
1819
1820
1821
1822
1823
1824
1825
1826
1827
1828
1829
1830
1831
1832
1833
1834
1835
1836
1837
1838
1839
1840
1841
1842
1843
1844
1845
1846
1847
1848
1849
1850
1851
1852
1853
1854
1855
1856
1857
1858
1859
1860
1861
1862
1863
1864
1865
1866
1867
1868
1869
1870
1871
1872
1873
1874
1875
1876
1877
1878
1879
1880
1881
1882
1883
1884
1885
1886
1887
1888
1889
1890
1891
1892
1893
1894
1895
1896
1897
1898
1899
1900
1901
1902
1903
1904
1905
1906
1907
1908
1909
1910
1911
1912
1913
1914
1915
1916
1917
1918
1919
1920
1921
1922
1923
1924
1925
1926
1927
1928
1929
1930
1931
1932
1933
1934
1935
1936
1937
1938
1939
1940
1941
1942
1943
1944
1945
1946
1947
1948
1949
1950
1951
1952
1953
1954
1955
1956
1957
1958
1959
1960
1961
1962
1963
1964
1965
1966
1967
1968
1969
1970
1971
1972
1973
1974
1975
1976
1977
1978
1979
1980
1981
1982
1983
1984
1985
1986
1987
1988
1989
1990
1991
1992
1993
1994
1995
1996
1997
1998
1999
2000
2001
2002
2003
2004
2005
2006
2007
2008
2009
2010
2011
2012
2013
2014
2015
2016
2017
2018
2019
2020
2021
2022
2023
2024
2025
2026
2027
2028
2029
2030
2031
2032
2033
2034
2035
2036
2037
2038
2039
2040
2041
2042
2043
2044
2045
2046
2047
2048
2049
2050
2051
2052
2053
2054
2055
2056
2057
2058
2059
2060
2061
2062
2063
2064
2065
2066
2067
2068
2069
2070
2071
2072
2073
2074
2075
2076
2077
2078
2079
2080
2081
2082
2083
2084
2085
2086
2087
2088
2089
2090
2091
2092
2093
2094
2095
2096
2097
2098
2099
2100
2101
2102
2103
2104
2105
2106
2107
2108
2109
2110
2111
2112
2113
2114
2115
2116
2117
2118
2119
2120
2121
2122
2123
2124
2125
2126
2127
2128
2129
2130
2131
2132
2133
2134
2135
2136
2137
2138
2139
2140
2141
2142
2143
2144
2145
2146
2147
2148
2149
2150
2151
2152
2153
2154
2155
2156
2157
2158
2159
2160
2161
2162
2163
2164
2165
2166
2167
2168
2169
2170
2171
2172
2173
2174
2175
2176
2177
2178
2179
2180
2181
2182
2183
2184
2185
2186
2187
2188
2189
2190
2191
2192
2193
2194
2195
2196
2197
2198
2199
2200
2201
2202
2203
2204
2205
2206
2207
2208
2209
2210
2211
2212
2213
2214
2215
2216
2217
2218
2219
2220
2221
2222
2223
2224
2225
2226
2227
2228
2229
2230
2231
2232
2233
2234
2235
2236
2237
2238
2239
2240
2241
2242
2243
2244
2245
2246
2247
2248
2249
2250
2251
2252
2253
2254
2255
2256
2257
2258
2259
2260
2261
2262
2263
2264
2265
2266
2267
2268
2269
2270
2271
2272
2273
2274
2275
2276
2277
2278
2279
2280
2281
2282
2283
2284
2285
2286
2287
2288
2289
2290
2291
2292
2293
2294
2295
2296
2297
2298
2299
2300
2301
2302
2303
2304
2305
2306
2307
2308
2309
2310
2311
2312
2313
2314
2315
2316
2317
2318
2319
2320
2321
2322
2323
2324
2325
2326
2327
2328
2329
2330
2331
2332
2333
2334
2335
2336
2337
2338
2339
2340
2341
2342
2343
2344
2345
2346
2347
2348
2349
2350
2351
2352
2353
2354
2355
2356
2357
2358
2359
2360
2361
2362
2363
2364
2365
2366
2367
2368
2369
2370
2371
2372
2373
2374
2375
2376
2377
2378
2379
2380
2381
2382
2383
2384
2385
2386
2387
2388
2389
2390
2391
2392
2393
2394
2395
2396
2397
2398
2399
2400
2401
2402
2403
2404
2405
2406
2407
2408
2409
2410
2411
2412
2413
2414
2415
2416
2417
2418
2419
2420
2421
2422
2423
2424
2425
2426
2427
2428
2429
2430
2431
2432
2433
2434
2435
2436
2437
2438
2439
2440
2441
2442
2443
2444
2445
2446
2447
2448
2449
2450
2451
2452
2453
2454
2455
2456
2457
2458
2459
2460
2461
2462
2463
2464
2465
2466
2467
2468
2469
2470
2471
2472
2473
2474
2475
2476
2477
2478
2479
2480
2481
2482
2483
2484
2485
2486
2487
2488
2489
2490
2491
2492
2493
2494
2495
2496
2497
2498
2499
2500
2501
2502
2503
2504
2505
2506
2507
2508
2509
2510
2511
2512
2513
2514
2515
2516
2517
2518
2519
2520
2521
2522
2523
2524
2525
2526
2527
2528
2529
2530
2531
2532
2533
2534
2535
2536
2537
2538
2539
2540
2541
2542
2543
2544
2545
2546
2547
2548
2549
2550
2551
2552
2553
2554
2555
2556
2557
2558
2559
2560
2561
2562
2563
2564
2565
2566
2567
2568
2569
2570
2571
2572
2573
2574
2575
2576
2577
2578
2579
2580
2581
2582
2583
2584
2585
2586
2587
2588
2589
2590
2591
2592
2593
2594
2595
2596
2597
2598
2599
2600
2601
2602
2603
2604
2605
2606
2607
2608
2609
2610
2611
2612
2613
2614
2615
2616
2617
2618
2619
2620
2621
2622
2623
2624
2625
2626
2627
2628
2629
2630
2631
2632
2633
2634
2635
2636
2637
2638
2639
2640
2641
2642
2643
2644
2645
2646
2647
2648
2649
2650
2651
2652
2653
2654
2655
2656
2657
2658
2659
2660
2661
2662
2663
2664
2665
2666
2667
2668
2669
2670
2671
2672
2673
2674
2675
2676
2677
2678
2679
2680
2681
2682
2683
2684
2685
2686
2687
2688
2689
2690
2691
2692
2693
2694
2695
2696
2697
2698
2699
2700
2701
2702
2703
2704
2705
2706
2707
2708
2709
2710
2711
2712
2713
2714
2715
2716
2717
2718
2719
2720
2721
2722
2723
2724
2725
2726
2727
2728
2729
2730
2731
2732
2733
2734
2735
2736
2737
2738
2739
2740
2741
2742
2743
2744
2745
2746
2747
2748
2749
2750
2751
2752
2753
2754
2755
2756
2757
2758
2759
2760
2761
2762
2763
2764
2765
2766
2767
2768
2769
2770
2771
2772
2773
2774
2775
2776
2777
2778
2779
2780
2781
2782
2783
2784
2785
2786
2787
2788
2789
2790
2791
2792
2793
2794
2795
2796
2797
2798
2799
2800
2801
2802
2803
2804
2805
2806
2807
2808
2809
2810
2811
2812
2813
2814
2815
2816
2817
2818
2819
2820
2821
2822
2823
2824
2825
2826
2827
2828
2829
2830
2831
2832
2833
2834
2835
2836
2837
2838
2839
2840
2841
2842
2843
2844
2845
2846
2847
2848
2849
2850
2851
2852
2853
2854
2855
2856
2857
2858
2859
2860
2861
2862
2863
2864
2865
2866
2867
2868
2869
2870
2871
2872
2873
2874
2875
2876
2877
2878
2879
2880
2881
2882
2883
2884
2885
2886
2887
2888
2889
2890
2891
2892
2893
2894
2895
2896
2897
2898
2899
2900
2901
2902
2903
2904
2905
2906
2907
2908
2909
2910
2911
2912
2913
2914
2915
2916
2917
2918
2919
2920
2921
2922
2923
2924
2925
2926
2927
2928
2929
2930
2931
2932
2933
2934
2935
2936
2937
2938
2939
2940
2941
2942
2943
2944
2945
2946
2947
2948
2949
2950
2951
2952
2953
2954
2955
2956
2957
2958
2959
2960
2961
2962
2963
2964
2965
2966
2967
2968
2969
2970
2971
2972
2973
2974
2975
2976
2977
2978
2979
2980
2981
2982
2983
2984
2985
2986
2987
2988
2989
2990
2991
2992
2993
2994
2995
2996
2997
2998
2999
3000
3001
3002
3003
3004
3005
3006
3007
3008
3009
3010
3011
3012
3013
3014
3015
3016
3017
3018
3019
3020
3021
3022
3023
3024
3025
3026
3027
3028
3029
3030
3031
3032
3033
3034
3035
3036
3037
3038
3039
3040
3041
3042
3043
3044
3045
3046
3047
3048
3049
3050
3051
3052
3053
3054
3055
3056
3057
3058
3059
3060
3061
3062
3063
3064
3065
3066
3067
3068
3069
3070
3071
3072
3073
3074
3075
3076
3077
3078
3079
3080
3081
3082
3083
3084
3085
3086
3087
3088
3089
3090
3091
3092
3093
3094
3095
3096
3097
3098
3099
3100
3101
3102
3103
3104
3105
3106
3107
3108
3109
3110
3111
3112
3113
3114
3115
3116
3117
3118
3119
3120
3121
3122
3123
3124
3125
3126
3127
3128
3129
3130
3131
3132
3133
3134
3135
3136
3137
3138
3139
3140
3141
3142
3143
3144
3145
3146
3147
3148
3149
3150
3151
3152
3153
3154
3155
3156
3157
3158
3159
3160
3161
3162
3163
3164
3165
3166
3167
3168
3169
3170
3171
3172
3173
3174
3175
3176
3177
3178
3179
3180
3181
3182
3183
3184
3185
3186
3187
3188
3189
3190
3191
3192
3193
3194
3195
3196
3197
3198
3199
3200
3201
3202
3203
3204
3205
3206
3207
3208
3209
3210
3211
3212
3213
3214
3215
3216
3217
3218
3219
3220
3221
3222
3223
3224
3225
3226
3227
3228
3229
3230
3231
3232
3233
3234
3235
3236
3237
3238
3239
3240
3241
3242
3243
3244
3245
3246
3247
3248
3249
3250
3251
3252
3253
3254
3255
3256
3257
3258
3259
3260
3261
3262
3263
3264
3265
3266
3267
3268
3269
3270
3271
3272
3273
3274
3275
3276
3277
3278
3279
3280
3281
3282
3283
3284
3285
3286
3287
3288
3289
3290
3291
3292
3293
3294
3295
3296
3297
3298
3299
3300
3301
3302
3303
3304
3305
3306
3307
3308
3309
3310
3311
3312
3313
3314
3315
3316
3317
3318
3319
3320
3321
3322
3323
3324
3325
3326
3327
3328
3329
3330
3331
3332
3333
3334
3335
3336
3337
3338
3339
3340
3341
3342
3343
3344
3345
3346
3347
3348
3349
3350
3351
3352
3353
3354
3355
3356
3357
3358
3359
3360
3361
3362
3363
3364
3365
3366
3367
3368
3369
3370
3371
3372
3373
3374
3375
3376
3377
3378
3379
3380
3381
3382
3383
3384
3385
3386
3387
3388
3389
3390
3391
3392
3393
3394
3395
3396
3397
3398
3399
3400
3401
3402
3403
3404
3405
3406
3407
3408
3409
3410
3411
3412
3413
3414
3415
3416
3417
3418
3419
3420
3421
3422
3423
3424
3425
3426
3427
3428
3429
3430
3431
3432
3433
3434
3435
3436
3437
3438
3439
3440
3441
3442
3443
3444
3445
3446
3447
3448
3449
3450
3451
3452
3453
3454
3455
3456
3457
3458
3459
3460
3461
3462
3463
3464
3465
3466
3467
3468
3469
3470
3471
3472
3473
3474
3475
3476
3477
3478
3479
3480
3481
3482
3483
3484
3485
3486
3487
3488
3489
3490
3491
3492
3493
3494
3495
3496
3497
3498
3499
3500
3501
3502
3503
3504
3505
3506
3507
3508
3509
3510
3511
3512
3513
3514
3515
3516
3517
3518
3519
3520
3521
3522
3523
3524
3525
3526
3527
3528
3529
3530
3531
3532
3533
3534
3535
3536
3537
3538
3539
3540
3541
3542
3543
3544
3545
3546
3547
3548
3549
3550
3551
3552
3553
3554
3555
3556
3557
3558
3559
3560
3561
3562
3563
3564
3565
3566
3567
3568
3569
3570
3571
3572
3573
3574
3575
3576
3577
3578
3579
3580
3581
3582
3583
3584
3585
3586
3587
3588
3589
3590
3591
3592
3593
3594
3595
3596
3597
3598
3599
3600
3601
3602
3603
3604
3605
3606
3607
3608
3609
3610
3611
3612
3613
3614
3615
3616
3617
3618
3619
3620
3621
3622
3623
3624
3625
3626
3627
3628
3629
3630
3631
3632
3633
3634
3635
3636
3637
3638
3639
3640
3641
3642
3643
3644
3645
3646
3647
3648
3649
3650
3651
3652
3653
3654
3655
3656
3657
3658
3659
3660
3661
3662
3663
3664
3665
3666
3667
3668
3669
3670
3671
3672
3673
3674
3675
3676
3677
3678
3679
3680
3681
3682
3683
3684
3685
3686
3687
3688
3689
3690
3691
3692
3693
3694
3695
3696
3697
3698
3699
3700
3701
3702
3703
3704
3705
3706
3707
3708
3709
3710
3711
3712
3713
3714
3715
3716
3717
3718
3719
3720
3721
3722
3723
3724
3725
3726
3727
3728
3729
3730
3731
3732
3733
3734
3735
3736
3737
3738
3739
3740
3741
3742
3743
3744
3745
3746
3747
3748
3749
3750
3751
3752
3753
3754
3755
3756
3757
3758
3759
3760
3761
3762
3763
3764
3765
3766
3767
3768
3769
3770
3771
3772
3773
3774
3775
3776
3777
3778
3779
3780
3781
3782
3783
3784
3785
3786
3787
3788
3789
3790
3791
3792
3793
3794
3795
3796
3797
3798
3799
3800
3801
3802
3803
3804
3805
3806
3807
3808
3809
3810
3811
3812
3813
3814
3815
3816
3817
3818
3819
3820
3821
3822
3823
3824
3825
3826
3827
3828
3829
3830
3831
3832
3833
3834
3835
3836
3837
3838
3839
3840
3841
3842
3843
3844
3845
3846
3847
3848
3849
3850
3851
3852
3853
3854
3855
3856
3857
3858
3859
3860
3861
3862
3863
3864
3865
3866
3867
3868
3869
3870
3871
3872
3873
3874
3875
3876
3877
3878
3879
3880
3881
3882
3883
3884
3885
3886
3887
3888
3889
3890
3891
3892
3893
3894
3895
3896
3897
3898
3899
3900
3901
3902
3903
3904
3905
3906
3907
3908
3909
3910
3911
3912
3913
3914
3915
3916
3917
3918
3919
3920
3921
3922
3923
3924
3925
3926
3927
3928
3929
3930
3931
3932
3933
3934
3935
3936
3937
3938
3939
3940
3941
3942
3943
3944
3945
3946
3947
3948
3949
3950
3951
3952
3953
3954
3955
3956
3957
3958
3959
3960
3961
3962
3963
3964
3965
3966
3967
3968
3969
3970
3971
3972
3973
3974
3975
3976
3977
3978
3979
3980
3981
3982
3983
3984
3985
3986
3987
3988
3989
3990
3991
3992
3993
3994
3995
3996
3997
3998
3999
4000
4001
4002
4003
4004
4005
4006
4007
4008
4009
4010
4011
4012
4013
4014
4015
4016
4017
4018
4019
4020
4021
4022
4023
4024
4025
4026
4027
4028
4029
4030
4031
4032
4033
4034
4035
4036
4037
4038
4039
4040
4041
4042
4043
4044
4045
4046
4047
4048
4049
4050
4051
4052
4053
4054
4055
4056
4057
4058
4059
4060
4061
4062
4063
4064
4065
4066
4067
4068
4069
4070
4071
4072
4073
4074
4075
4076
4077
4078
4079
4080
4081
4082
4083
4084
4085
4086
4087
4088
4089
4090
4091
4092
4093
4094
4095
4096
4097
4098
4099
4100
4101
4102
4103
4104
4105
4106
4107
4108
4109
4110
4111
4112
4113
4114
4115
4116
4117
4118
4119
4120
4121
4122
4123
4124
4125
4126
4127
4128
4129
4130
4131
4132
4133
4134
4135
4136
4137
4138
4139
4140
4141
4142
4143
4144
4145
4146
4147
4148
4149
4150
4151
4152
4153
4154
4155
4156
4157
4158
4159
4160
4161
4162
4163
4164
4165
4166
4167
4168
4169
4170
4171
4172
4173
4174
4175
4176
4177
4178
4179
4180
4181
4182
4183
4184
4185
4186
4187
4188
4189
4190
4191
4192
4193
4194
4195
4196
4197
4198
4199
4200
4201
4202
4203
4204
4205
4206
4207
4208
4209
4210
4211
4212
4213
4214
4215
4216
4217
4218
4219
4220
4221
4222
4223
4224
4225
4226
4227
4228
4229
4230
4231
4232
4233
4234
4235
4236
4237
4238
4239
4240
4241
4242
4243
4244
4245
4246
4247
4248
4249
4250
4251
4252
4253
4254
4255
4256
4257
4258
4259
4260
4261
4262
4263
4264
4265
4266
4267
4268
4269
4270
4271
4272
4273
4274
4275
4276
4277
4278
4279
4280
4281
4282
4283
4284
4285
4286
4287
4288
4289
4290
4291
4292
4293
4294
4295
4296
4297
4298
4299
4300
4301
4302
4303
4304
4305
4306
4307
4308
4309
4310
4311
4312
4313
4314
4315
4316
4317
4318
4319
4320
4321
4322
4323
4324
4325
4326
4327
4328
4329
4330
4331
4332
4333
4334
4335
4336
4337
4338
4339
4340
4341
4342
4343
4344
4345
4346
4347
4348
4349
4350
4351
4352
4353
4354
4355
4356
4357
4358
4359
4360
4361
4362
4363
4364
4365
4366
4367
4368
4369
4370
4371
4372
4373
4374
4375
4376
4377
4378
4379
4380
4381
4382
4383
4384
4385
4386
4387
4388
4389
4390
4391
4392
4393
4394
4395
4396
4397
4398
4399
4400
4401
4402
4403
4404
4405
4406
4407
4408
4409
4410
4411
4412
4413
4414
4415
4416
4417
4418
4419
4420
4421
4422
4423
4424
4425
4426
4427
4428
4429
4430
4431
4432
4433
4434
4435
4436
4437
4438
4439
4440
4441
4442
4443
4444
4445
4446
4447
4448
4449
4450
4451
4452
4453
4454
4455
4456
4457
4458
4459
4460
4461
4462
4463
4464
4465
4466
4467
4468
4469
4470
4471
4472
4473
4474
4475
4476
4477
4478
4479
4480
4481
4482
4483
4484
4485
4486
4487
4488
4489
4490
4491
4492
4493
4494
4495
4496
4497
4498
4499
4500
4501
4502
4503
4504
4505
4506
4507
4508
4509
4510
4511
4512
4513
4514
4515
4516
4517
4518
4519
4520
4521
4522
4523
4524
4525
4526
4527
4528
4529
4530
4531
4532
4533
4534
4535
4536
4537
4538
4539
4540
4541
4542
4543
4544
4545
4546
4547
4548
4549
4550
4551
4552
4553
4554
4555
4556
4557
4558
4559
4560
4561
4562
4563
4564
4565
4566
4567
4568
4569
4570
4571
4572
4573
4574
4575
4576
4577
4578
4579
4580
4581
4582
4583
4584
4585
4586
4587
4588
4589
4590
4591
4592
4593
4594
4595
4596
4597
4598
4599
4600
4601
4602
4603
4604
4605
4606
4607
4608
4609
4610
4611
4612
4613
4614
4615
4616
4617
4618
4619
4620
4621
4622
4623
4624
4625
4626
4627
4628
4629
4630
4631
4632
4633
4634
4635
4636
4637
4638
4639
4640
4641
4642
4643
4644
4645
4646
4647
4648
4649
4650
4651
4652
4653
4654
4655
4656
4657
4658
4659
4660
4661
4662
4663
4664
4665
4666
4667
4668
4669
4670
4671
4672
47.31588657996137 26.81096924683291 0
16.34150635088776 48.72548094714453 0
0.7966704002793453 24.38600486414765 0
24.45721152077292 0.6777876451818714 0
47.29937378946327 21.22265629316755 0
21.69087409959299 50.52307922214335 0
47.30717967697846 32.40000000006522 0
0.6924703083457462 29.99946716908322 0
18.8940385414109 0.6922562933366805 0
0.7500305488765404 18.79244753432362 0
30.02998729190312 0.6608510714063647 0
26.08141021632426 51.97881135242081 0
11.84150635090219 47.22548094714935 0
47.31844736622111 37.24035957773673 0
47.24292957770989 16.47040582555477 0
13.97603027123313 0.7865660701388012 0
30.58785988014398 53.44313247039907 0
0.7705115333461499 13.98883833576405 0
34.79996695010053 0.6928440332930319 0
47.3251367928526 42.03718060747422 0
0.6854961210718163 34.78801494695647 0
47.23631969611871 12.47339908071768 0
8.094947624539648 45.96007352856113 0
34.33230061717303 54.76722893367455 0
9.902282806556904 0.7334146006782607 0
47.30714165221591 46.00030407557318 0
0.6928203230244678 9.999999999973715 0
38.8000045525609 0.6928208263289384 0
47.22389552700339 8.482803868952184 0
38.08414284930718 55.96052309522676 0
0.6504058335447052 37.99934025232653 0
47.3071796769707 49.19999999997274 0
6.784686068062699 0.6965019874157423 0
5.167921785260212 44.99446818357375 0
0.7371160323790802 6.793358316174592 0
42.00838118650238 0.6487182868946297 0
47.30723123076017 52.39954510385401 0
41.10206335211744 56.95193719102289 0
47.29832857782662 5.223952253984633 0
0.692820323030059 40.39999999998697 0
47.32260440076726 39.63942878897768 0
0.6928203230300575 27.59999999994062 0
0.7603936356026655 32.40626743946301 0
47.3071796769789 34.80000000004338 0
47.30717967697374 30.00000000007432 0
47.30291892262364 24.42234758799687 0
22.1101635614491 0.7060153365435898 0
26.82118623445561 0.6599312292523165 0
0.7247340283643953 21.99612931951597 0
32.39999337266539 0.6928196668288511 0
47.3071796769707 18.80000000004737 0
16.52705763665581 0.7190698892991564 0
0.7251186464090988 16.39175785752791 0
4.327018803753386 0.7467154245322328 0
19.29145759350752 49.73275270795376 0
23.8446460587557 51.25337160540916 0
28.44378494413414 52.72965512523221 0
14.08460229151725 47.93607932426043 0
47.30676785030864 54.80037654000012 0
0.7204924906089551 4.402047286646902 0
44.4256137089862 0.6780322412610851 0
2.797821290643853 44.23681843945484 0
43.32150196432139 57.77326995922582 0
47.22004230560547 2.872393038713448 0
47.30768838373135 56.40089703283385 0
0.6524811250734495 42.0000172932133 0
47.30564713342572 50.80446124222223 0
47.30728763445502 47.60019737989783 0
0.6494489099259995 36.40002828934668 0
47.31587737515392 44.40889933268205 0
0.7070525053602773 26.05582186148359 0
47.30974142309674 28.42119589744814 0
47.3071796769707 22.80000000005746 0
28.32791968906577 0.677029944491315 0
47.24955581548074 14.86749559651201 0
20.42092532943214 0.6868832058224755 0
0.7383593760333138 20.41087123446852 0
47.3020152416422 10.79592148440307 0
36.40208602516601 0.6542686378615394 0
12.35310224399139 0.6955505031047517 0
0.7385940001961268 12.37343957058654 0
47.22398023024451 6.856897365627899 0
8.412408394112891 0.7274942288072374 0
0.7356918544192286 8.396064837563834 0
40.3999999996397 0.6579536365958336 0
2.840589215772758 0.7510040646014831 0
0.7080427523955084 2.796091269210246 0
32.13216709051116 54.01108624643587 0
17.83403566514852 49.19003909055627 0
35.78750519387351 55.22576527924185 0
10.33528217253523 46.75769886146236 0
39.55512780131231 56.5550549780974 0
6.542347044603938 45.58018726440608 0
44.84150635093516 58.22548094715553 0
45.99240730807717 0.6460838909631536 0
47.30999168971904 57.99028158913333 0
1.336050645522271 43.73535221472868 0
1.18901270926985 0.6812699773983715 0
47.15766547701229 1.214542113626744 0
46.27779356232958 58.74508266583551 0
47.15082009991416 58.82949919212152 0
47.30836604088527 57.19868955666507 0
46.6163814767234 56.80080371555405 0
46.61552000546294 56.00280063449544 0
45.92539567322167 56.40279913783218 0
45.92389289221391 55.60599463233714 0
45.23496779477237 56.00543517234801 0
45.23341744799353 55.20939622899465 0
44.54481181561132 55.60845234863722 0
44.54352622484621 54.81298275376841 0
43.85573008126887 55.21202201962377 0
43.85414933124206 54.41681953538088 0
43.16661077643245 54.81559687973092 0
43.16496637883557 54.02075886847422 0
43.85258671875008 53.6218234526272 0
43.16327254376055 53.22579139604154 0
42.47582670016223 53.62473803950466 0
42.47402905832435 52.82996554886552 0
41.78689164400566 53.22888437450563 0
41.78495779570302 52.43428899532882 0
42.47210167773994 52.03532010549834 0
41.78292262375918 51.6395181299127 0
41.08268781089248 52.03312104225166 0
41.09234404124429 51.24143234956203 0
41.78072022827583 50.84427168558625 0
41.09115920918127 50.44870722554192 0
40.4049483416692 50.84638349727761 0
40.40203969316966 50.05341699222257 0
39.71514618861765 50.45277123276082 0
39.7126423007807 49.65850847205959 0
40.39756672068602 49.26264315419282 0
39.70983091734824 48.86449542965433 0
39.02319711281898 49.26348186679821 0
39.02066932779984 48.46891695220224 0
38.33390449839359 48.86824265803816 0
38.33130142288116 48.07370000804836 0
39.01818204055368 47.67422790219117 0
38.32597066985495 47.28394827299392 0
37.6414518775147 47.67944923587258 0
37.63597685521088 46.88991544892626 0
36.9512636337042 47.28450400498253 0
36.94872185879553 46.49023460893098 0
37.64215748577529 46.10566473207071 0
36.94737573152851 45.69754411421767 0
36.25982922007856 46.09471683882565 0
36.25741505943346 45.30034662980135 0
36.94391271494574 44.90059928110126 0
36.25455694602461 44.50528703970335 0
35.56783087843637 44.9051261518248 0
35.56487895541393 44.11043540098871 0
34.87821829129749 44.51037581714051 0
34.87517878575116 43.71568849199869 0
35.56187826740057 43.31558031531163 0
34.87202198915931 42.92067564964828 0
34.18526198280222 43.32096021425479 0
34.18204427854158 42.52577107674731 0
34.86906926932453 42.12541895298401 0
34.17872173507095 41.73044952748866 0
33.49168124059995 42.13089237029038 0
33.48825387676084 41.33554106796961 0
32.80081624858801 41.73597160564837 0
32.79761989348927 40.94054940676247 0
33.48510596738789 40.53993943262766 0
32.79437046979251 40.14497175837768 0
32.10693413450699 40.54562130259906 0
32.10362421485745 39.74997189610943 0
31.41060420450393 40.15069540718197 0
31.40625983125446 39.35492158742642 0
32.09944231774956 38.95421190417493 0
31.4081948484182 38.55898471822716 0
30.71672992153853 38.96314063830331 0
30.71370603866523 38.17063806540771 0
31.40511322936284 37.76396904685964 0
30.71390409632625 37.36908246652548 0
30.02260072362611 37.77643229486003 0
30.0226499247221 36.97418324363389 0
29.33484436263764 37.37539222191557 0
29.33220125562218 36.57769522944823 0
30.0199404368906 36.17661092962891 0
29.32848376696575 35.78138799259789 0
28.64057729894641 36.18259223605057 0
28.63691985603312 35.38623225763239 0
27.94905462078083 35.78755159336548 0
27.94539465896121 34.9910017836904 0
28.63290885674259 34.58941680072263 0
27.94149532919181 34.19426026041733 0
27.25353198826718 34.59584340622198 0
27.24970151230646 33.79910736402954 0
27.93774594309408 33.39743869012631 0
27.245977607947 33.00219308933064 0
26.55767954733412 33.4039616086825 0
26.55393122095227 32.60698808071609 0
27.2422973096004 32.20518088998377 0
26.55012098788918 31.80991093684123 0
27.23847580899979 31.40823115543536 0
26.54687411226342 31.01373436901331 0
27.23439768461672 30.61120857447623 0
26.53913894792349 30.21876329074436 0
27.23110581898046 29.81354194732411 0
26.53870274213016 29.41812137218943 0
27.22737297452057 29.01615022601831 0
26.53515208355115 28.62111575721818 0
27.2236891845803 28.21873203282782 0
26.53041231321189 27.82458985052538 0
27.21971735092169 27.42150483673732 0
26.52614216246883 27.02676941583731 0
27.21534840493551 26.62388464244999 0
26.52314556729985 26.22814514572116 0
27.21174397356005 25.82585197685835 0
26.51949642383978 25.43017556970823 0
27.2085540227691 25.02796379128808 0
26.51448965168318 24.63220714943854 0
25.85503459387412 31.4188499569232 0
27.20469975289582 24.23005442977563 0
25.83262668437963 26.63209277558571 0
26.5104879456852 23.83422534613244 0
27.20090124947632 23.4320934056035 0
26.50794580148416 23.0363180070918 0
27.19738188012532 22.63409970243656 0
26.50437263427531 22.23833676647082 0
25.81514230136548 22.64061594642244 0
25.81117815846195 21.84284960006548 0
25.12199586228971 22.24498424414537 0
27.19370010609766 21.83604288347486 0
25.1180284588872 21.44709143308087 0
24.4287951126232 21.84923401097291 0
24.42479319750591 21.05131417240224 0
23.73552143207164 21.45344677022705 0
23.73152336474541 20.65544159862376 0
23.04219331003333 21.05760147776033 0
23.03816941917734 20.25956710077305 0
22.34879269148526 20.66173836345641 0
22.34477464507702 19.86361988352945 0
21.65533495321219 20.26583443667308 0
23.72613506661427 19.85748965011043 0
21.65154768762216 19.46723819293742 0
20.96188444131623 19.86978523873951 0
20.95810736750521 19.07111850734084 0
20.26835853944685 19.47374001099129 0
20.27218075638656 20.27240140605962 0
27.90073476547859 25.42528636974981 0
20.2645473006373 18.67505300038906 0
19.57862076645875 19.87638157819426 0
19.58244450489553 20.67505402501168 0
27.91854015442203 29.41161796213119 0
18.88892123874925 20.27915999990002 0
18.89268659223839 21.07777152882851 0
18.19914745203781 20.68184363104182 0
18.20289738699585 21.48049646538698 0
17.50925659427418 21.08438223309323 0
17.51307851025694 21.88316915964076 0
16.81941282592808 21.48707978156266 0
16.82325315141639 22.28586153587964 0
16.81557025065434 20.68827491608884 0
16.12567502706962 21.09100620154384 0
16.12183524118766 20.29214995067135 0
15.43190149550824 20.69490976360566 0
15.42805735273668 19.89600093841514 0
20.95433649157245 18.27241317813941 0
20.26073020445561 17.87631986514637 0
20.95057740548296 17.47365195640816 0
20.25691599826161 17.07753129711419 0
20.94709921477752 16.67482062274188 0
20.25314737587523 16.27867541809911 0
20.94339118946493 15.87594446243791 0
20.24935242250951 15.4797725438343 0
20.93959708129402 15.07701569182925 0
20.24553892522269 14.68081585087097 0
27.88675377208428 22.23182934785894 0
27.88302105036397 21.43368947878685 0
28.57617950613532 21.82952697166876 0
28.57242921893388 21.03128265061052 0
29.26565449960683 21.42717404666929 0
29.26190042770809 20.62884348768302 0
29.95440188926941 21.02477566197272 0
29.95130916171853 20.22636358407911 0
30.64416030674288 20.62285053979512 0
30.64091677387161 19.82394097878886 0
31.33358655399562 20.22137125664163 0
31.33055823914768 19.42156256897777 0
32.02405027297633 19.81763250524018 0
32.02043799260503 19.01877637174412 0
32.02701015902466 20.61766043365996 0
32.71756097264452 20.21374674066954 0
32.72128228376128 21.01241225922526 0
20.9358290156567 14.27803146331605 0
20.24172656542369 13.88180365624972 0
14.73807599435737 20.29878694880435 0
14.73429443872606 19.4999303786648 0
33.41128108710897 20.60952236141527 0
33.41498471972454 21.40827084287563 0
31.32663679321676 18.62276289892574 0
32.01669196515124 18.22000517795048 0
31.32279150136721 17.82396443839104 0
32.01291435964797 17.42120965434641 0
31.3189524848924 17.02502492932565 0
32.00915487442097 16.62235671984244 0
31.31509944890262 16.2261079060825 0
32.00539335210317 15.82345593544358 0
31.31158502060503 15.42725087045255 0
32.00165880716175 15.02451616308901 0
31.3077975200814 14.62838380707307 0
32.69548633125164 15.42074708873296 0
32.69173220325381 14.6217409949387 0
33.38561168513004 15.01799821004267 0
33.38184603650186 14.21893169383114 0
20.93209551536468 13.47906454857318 0
14.04422240832104 19.90264080000732 0
14.0407899340165 19.10357256766403 0
14.04843745582572 20.7014564381835 0
20.23790896553798 13.08275308202859 0
34.07577726127292 14.61521893364913 0
34.07200943502946 13.81608842649144 0
34.10487136356596 21.0056477187673 0
34.10856747621324 21.80448131516145 0
20.92843007922141 12.68012962172354 0
13.35037147323078 19.50645762085662 0
13.34689232624959 18.70721307149967 0
34.76550595497868 14.21240417936623 0
34.76214308174691 13.4132142323828 0
34.06819017718542 13.01689351460135 0
34.75844664313922 12.61399103064208 0
34.79839941942758 21.40179576121664 0
34.80217807225878 22.20068221306287 0
20.23410401190002 12.2836588010429 0
34.06429466321497 12.21764026566028 0
12.65642294918563 19.11023996509135 0
12.65258826219076 18.31112240561396 0
34.75466534221275 11.81470446881296 0
20.92442240964818 11.88094165563508 0
35.45487020935988 13.80921379114946 0
35.49194803070722 21.7977725433947 0
35.49586463917887 22.59679537118166 0
20.23027381530553 11.48447432628277 0
19.54001046763188 11.88733775918323 0
34.06042860539782 11.41835678168685 0
11.96236886596958 18.71404075468473 0
11.95852349228297 17.9148807947013 0
36.18575654470871 22.19390560918424 0
36.18960041936107 22.99301376251733 0
20.92051085942865 11.0815840890529 0
19.53538495379839 11.08953031785423 0
18.84577663267017 11.49126845359812 0
34.75088251222517 11.01537946032855 0
17.51691091799865 22.68192090455941 0
16.8271277557534 23.08460849972666 0
17.52075988536809 23.48062392804479 0
16.83100215010557 23.8833116466713 0
17.52460187777085 24.27927385588058 0
16.83488431978705 24.68195016084798 0
17.52842451629765 25.07789909581448 0
16.83876227632851 25.4805412142925 0
17.53225056421629 25.87649164037943 0
16.84261518749138 26.27909242891317 0
16.14913168178931 25.88317652379546 0
16.15299336236505 26.68175780282895 0
15.45949188807829 26.28581090957541 0
15.46335708193761 27.08442164333559 0
14.76981307853077 26.68847691606267 0
14.77373042040273 27.48709254195596 0
15.46723019884975 27.88300419690245 0
14.77765997581354 28.28563320074506 0
15.4710739586244 28.68148723258621 0
14.77963162239662 29.08575173235021 0
15.47457726758544 29.480059064919 0
14.78375556941574 29.88507940303506 0
15.47832291721091 30.27833775604542 0
14.78970027001281 30.68055821521402 0
15.48249662366046 31.07566989159522 0
14.79130300434046 31.47955112113967 0
15.48584009825772 31.87331003648475 0
14.79535339474156 32.27791068208025 0
15.48947089058467 32.67071915387386 0
14.80180946005496 33.07252291161943 0
15.49362639469663 33.46718584522743 0
14.80581894152352 33.86875420065677 0
15.49748641121908 34.26357495837351 0
14.11401317891251 33.47386619400882 0
14.08450158034324 28.69209402750527 0
14.11801408606083 34.27031555105421 0
13.42671515318606 33.87631018783684 0
13.43035208499293 34.67213929981181 0
12.73912833670417 34.27817550749562 0
12.74267168846054 35.07381464645212 0
12.0511738747422 34.67934437817318 0
12.05579303718939 35.47662279413314 0
12.74789995009549 35.87046833129444 0
11.36393721656186 35.08159595540774 0
11.36835473346349 35.878486751107 0
18.84113805465657 10.69343960056579 0
18.15159913405758 11.09502111538058 0
34.05675324465157 10.61899028675765 0
21.61463783251141 11.47807217229435 0
21.61077398474029 10.67868650832154 0
11.26832278524791 18.31780256530218 0
11.26447554125961 17.51859717764937 0
11.27227638174196 19.11691988816604 0
36.87964610389105 22.59031526359793 0
36.88337223438266 23.38929454199468 0
36.19331844328764 23.79199286310073 0
36.88706090380756 24.18823288794232 0
36.19707302639725 24.59090849112635 0
36.89075328948013 24.98712733818443 0
36.20086299301749 25.39059170519674 0
36.89444335018534 25.78608743651156 0
36.20486390853085 26.1900087037499 0
36.89817022717664 26.58498637589522 0
36.20848737526224 26.98782836239201 0
36.90182224058179 27.38353175761704 0
36.21208555131246 27.78607569179702 0
36.90547971658142 28.18210192607799 0
22.3048554022726 11.07506028978349 0
18.14778345177213 10.29570686107618 0
17.45755388609878 10.69845450272544 0
16.18533558583682 33.86204388655298 0
16.18908177373998 34.65837088264185 0
22.30105662830113 10.27575442481476 0
34.74713137465187 10.21601136339295 0
35.44131280855042 10.61242841231077 0
36.87580952793122 21.791146845236 0
22.99516234499223 10.67213809840406 0
10.67581988268484 35.48228766310518 0
10.67156509964446 34.68959995037152 0
10.67986802931048 36.27851986987271 0
17.45376595768651 9.899046265022884 0
16.76339435368317 10.30199890071737 0
10.57423333362182 17.92154024633405 0
10.57040452738641 17.12226982256686 0
36.21586232579666 28.58502820250765 0
36.90918541713092 28.98076788395277 0
22.99137397073682 9.872822106494723 0
23.68550156905951 10.26921859259283 0
35.43755153108796 9.813006662133164 0
36.13177665084514 10.20946095087372 0
37.58442100731412 25.38335368613562 0
16.87684420084478 34.25690499687452 0
16.88061723884943 35.05307595194785 0
34.05293791202244 9.819588295075937 0
37.56975436087689 22.18760051364825 0
37.56596405363348 21.38844114197629 0
16.17059358237318 30.67397638386377 0
37.59889543451079 28.57818322917316 0
37.60255468244976 29.37678284476197 0
36.91286068916201 29.77925709356123 0
37.60618923390754 30.17531441530758 0
30.61775263793718 15.03107232685881 0
23.68171896877571 9.469879811348417 0
24.37584750172626 9.866289179211101 0
16.75874478208769 9.504054672968758 0
16.06902701703173 9.905826410635227 0
9.988132430286338 35.88360548006547 0
9.992139961472201 36.67973627674017 0
9.880101135796739 17.5252567420416 0
9.876281452086983 16.72591858031813 0
36.12800940600133 9.409991330076929 0
36.82229685864397 9.806477229748761 0
17.56822080224081 34.6517425452372 0
17.57200018457335 35.44778566910336 0
36.91656255160462 30.57770185279337 0
37.60979900944547 30.97373762163358 0
38.25993916406955 21.78487391004852 0
38.25614693110469 20.98563188429826 0
38.29237369110902 28.97429789173541 0
22.29724613274143 9.476426545482983 0
21.63393166278054 15.47329770217048 0
17.44306161051956 9.100004107480387 0
33.36249046213852 10.22259940949413 0
33.35871790031943 9.423172584066879 0
16.06487414708981 9.106978893459191 0
15.3755816152093 9.509329891195168 0
24.37210633862924 9.066928703046047 0
36.81851664744747 9.006946882850549 0
37.51284273776691 9.403458788718872 0
9.300607018754739 36.28512222807958 0
9.304715220638842 37.0812278194095 0
9.995947457212317 37.47560290508771 0
18.259496648361 35.04652001300305 0
18.26328744356764 35.84247817382444 0
17.57592755842683 36.24369000753501 0
18.26697421115258 36.63817501838883 0
17.57989824033046 37.03922512191384 0
18.27058688734362 37.43363411625259 0
17.58390790092782 37.83458760137908 0
18.2742724410019 38.22879831180676 0
17.58785963388248 38.62960587538613 0
18.27805713313599 39.02372603596881 0
18.96447053951703 38.62304526209934 0
18.96824875723456 39.41778767561477 0
19.65453710252301 39.0172605787364 0
19.65822953747054 39.8118359194775 0
17.59177808704281 39.42429916927698 0
20.34451400639576 39.41139142494965 0
20.34818748325476 40.20586174576475 0
21.0344044376245 39.80543803710434 0
21.03802869042104 40.59987277370647 0
20.35200288049011 41.00018261997036 0
21.04165872360091 41.39403063023748 0
21.72759848696116 40.99382589431131 0
21.73107670748581 41.78783199322586 0
22.41704837811203 41.3877854772954 0
22.42055738175706 42.1817098122379 0
23.10645160036999 41.78167965276741 0
23.11008324916386 42.57558924848423 0
15.37024027177184 8.711353253035071 0
14.68158108129791 9.112602909719779 0
36.92024186900271 31.37609045049566 0
37.61341675429797 31.77209903902428 0
9.185937139267761 17.12891703416051 0
9.182097513797665 16.32956042462695 0
37.50905906178293 8.603881278311848 0
38.20340528411277 9.000402971960586 0
38.20717277738211 9.799997405035475 0
38.89775475854073 9.396940490811195 0
38.90151679091736 10.19657403028633 0
38.8940384592709 8.597377023784787 0
9.872472380059421 15.92656025454127 0
9.178267142058298 15.53018721232303 0
38.95017352664961 21.38207854722699 0
38.94643312167806 20.58286729299808 0
13.34375171564376 17.90774474028427 0
32.66827707683863 9.826177680882363 0
32.6644766735276 9.026737148764896 0
24.37961954997401 10.66561667713578 0
9.308847254360856 37.87682616328925 0
10.00298935896117 38.27255024791394 0
23.79569234229524 42.17576491284831 0
23.79943292926691 42.96944433652421 0
14.67681561993627 8.313469070303411 0
13.98663897163279 8.715867809295935 0
21.03073675215935 39.01083382378383 0
36.9239549059478 32.17439983222378 0
37.6170467847349 32.57037594812296 0
38.30655393854238 32.16809306171179 0
38.31019474060474 32.96646503446091 0
36.23085025311765 31.77843384751844 0
38.99979897012508 32.56412108108036 0
39.00337769286505 33.36249502192434 0
38.31381555734687 33.76480704986997 0
39.0068074932034 34.16081455576013 0
25.83729401695046 29.02918174840771 0
9.189780801501463 17.92828352990334 0
35.5186751143882 27.39016561344977 0
15.38102408259883 10.30844129284278 0
20.35583894600516 41.79424381906315 0
36.81471184810761 8.207372905230766 0
8.617634412286518 37.4827042249261 0
8.495571479625333 17.53192565168018 0
8.499425753036414 18.33134888406458 0
39.59212774167378 9.793496170210615 0
39.59589521042799 10.59316413345723 0
18.22186942506176 25.47390468032597 0
38.31743608987568 34.56303514107501 0
39.01027153064533 34.95902001445435 0
39.69641857489969 33.75859402899184 0
15.36473043753064 7.912162820087035 0
24.48505189516409 42.56951845158611 0
24.48870922489954 43.3631774600744 0
13.98252058780291 7.916676679040425 0
13.29192765036051 8.319703157229782 0
39.64048013117407 20.9792673844256 0
39.6367400785655 20.17997372443689 0
17.46257690911892 11.49759084370058 0
9.868651971497719 15.12717946815316 0
9.174433443199682 14.73077340580491 0
8.484004198464714 15.13379692460317 0
8.480179479362693 14.33432001990963 0
8.622156347212664 38.27797549464022 0
25.06995679867038 10.26270628004252 0
22.42440662057171 42.975683833362 0
25.17421788373948 42.96342835702826 0
25.17799299950688 43.75695024569585 0
18.22566876935939 26.27234394599106 0
28.5686132457487 20.23295112790389 0
13.28816601385766 7.520123178026042 0
12.59746159334998 7.923249240698254 0
30.61394378317026 14.23217534232263 0
29.92390970075515 14.63491147398076 0
38.32104218693089 35.36118667954617 0
39.01390097098614 35.75710712798011 0
7.930697192644392 37.88404925846933 0
25.86356279378747 43.35696075135456 0
25.86716020260174 44.15057915021103 0
7.805169266558039 17.93495880470362 0
7.809024446279624 18.73443005355227 0
23.73939744196338 22.25172159384956 0
33.41952796844414 22.20955080854587 0
7.789704834484903 14.73738786704359 0
7.785869789845841 13.93787514918942 0
40.28653750820275 10.19004196513039 0
40.2903002388522 10.98971996745189 0
23.79399178565887 41.38185446268426 0
24.49256602595672 44.15688698474322 0
40.32977566864979 20.57641402128777 0
40.32584422363193 19.77708481150521 0
40.33394409345129 21.37525953191666 0
18.91516928303545 25.8698125360192 0
18.91903091779433 26.66817378975869 0
39.63276191996682 19.3806470697814 0
40.32202867054542 18.97772778598312 0
8.4763778153552 13.53480064137868 0
7.782042679951731 13.13833020388765 0
31.97404760741947 9.4297702859513 0
31.97022540156223 8.630305366856414 0
12.59365008762119 7.123610935917615 0
11.90295932712182 7.526797373800928 0
7.935114335677605 38.67943867343673 0
26.55272911015033 43.75065273787914 0
26.55631375431967 44.54424258640896 0
38.32461050843027 36.15910253510182 0
39.01729164668442 36.55491767289004 0
39.70677279880687 36.1529462423468 0
39.71018604948596 36.95097396130646 0
40.39978939632502 36.54898695217054 0
40.40326075312094 37.34715877161354 0
39.71345648643054 37.74884001670294 0
40.40665049672081 38.1452168882619 0
37.63189007047711 35.76332044529788 0
19.55955551135664 15.88253580405712 0
34.76858276532745 15.01109136512273 0
13.2975914562043 9.118374542766951 0
18.95073070854226 35.441235974296 0
18.94698983431327 34.64526777617056 0
19.638329353007 35.04005667603141 0
19.63457026775104 34.24391263114948 0
32.66069177999834 8.227253659699416 0
31.96630306496278 7.830956120086744 0
32.65630618634034 7.427726641518558 0
31.27588976208342 8.233888352655203 0
31.27201865540059 7.434430864162785 0
7.244497256760477 38.28677244916648 0
7.239416466931798 37.48965868061291 0
27.24189038708562 44.14434190774385 0
27.24539960834136 44.93792328600219 0
26.55979682419883 45.3376604457719 0
27.24895767898802 45.7313104940082 0
27.93424207294776 45.33166269135494 0
27.93811509657809 46.12429412995949 0
28.62303940379194 45.72515345475879 0
28.62670022603587 46.51814740182792 0
13.28453103291868 6.720470153599626 0
20.32592506125832 34.63878064364836 0
20.32223770814257 33.84251035737093 0
11.89921131052396 6.727071373886216 0
11.20847674417147 7.130274653365363 0
7.114724431584591 18.33801440741975 0
7.118581673911864 19.1375054677513 0
29.92061042847193 13.83673997103496 0
29.23060801664275 14.23966987757582 0
39.7171422771803 38.5471004428101 0
40.41013804970807 38.94330226420626 0
41.0171160029425 20.17063441904353 0
39.62893705197975 18.58129459098422 0
40.31895899295874 18.1790008046948 0
7.091519897228114 13.54140338167426 0
7.087685387529805 12.74183821397266 0
30.58154260100218 7.837428547680165 0
30.57762255200835 7.038050376244862 0
7.247750450312529 39.08116699448448 0
7.938695932028298 39.47519599646413 0
41.09955673316246 38.54134827305957 0
41.10290281067064 39.33938590689661 0
40.98096813857591 10.58662370772881 0
40.97720249522366 9.786917339697661 0
40.98470867524175 11.38630811259031 0
25.86307874821317 42.56493890118913 0
16.90167509198034 39.03039119462327 0
16.90553792502013 39.82492372852314 0
16.21561470665736 39.43105486983276 0
16.21939962634188 40.22536429560806 0
19.60841237205054 26.26567336263582 0
19.61230194167826 27.06386332743769 0
40.29405086698286 11.78938699677114 0
40.9884422131629 12.18597329876595 0
7.812890910042583 19.5339131358763 0
7.122459497980242 19.93699772509673 0
7.816759335755789 20.33337754196078 0
7.126338719659581 20.73647521580975 0
7.820622373464545 21.13284215998591 0
7.130525598969735 21.53592722414259 0
7.824535106921624 21.93228776654854 0
7.134577407238659 22.3353601430182 0
7.82842310966123 22.73172076110407 0
7.138183354059088 23.13476578903693 0
7.832229616569681 23.53111589563522 0
7.141914604390124 23.93413127981937 0
7.83605097154527 24.33044612505034 0
7.145771966402904 24.73344939132464 0
7.839897450242415 25.12973240242504 0
7.149658112776176 25.53272139625807 0
7.843739525671244 25.92897941292917 0
7.153545913058005 26.33194942148556 0
7.847355070583944 26.72818024235553 0
7.157478743157786 27.13109020406598 0
7.850911979805354 27.52766792944705 0
7.161357667626928 27.93015530628876 0
8.526578367833512 23.92705784061962 0
7.85485408657415 28.32670008750215 0
7.165258824523811 28.72908914587043 0
8.537147399573614 26.32544909994123 0
14.09399458694842 31.08865545794302 0
34.79452238857471 20.60270332861444 0
7.858995138370153 29.12507755260399 0
7.169213699880702 29.52774843891116 0
40.41360492634205 39.74133445753517 0
41.10622829627732 40.13735558206106 0
8.472577849353451 12.73526178921142 0
40.29746452627639 12.58844974296599 0
40.99178491158625 12.98494048368628 0
29.3096767792098 46.12233859900768 0
29.31526928121996 46.91187997658869 0
11.20473248076087 6.330491389316228 0
10.51400672499968 6.733668408068876 0
15.52968607090108 39.8316328327061 0
15.53369507866887 40.62583050456152 0
37.63546403511589 36.56118643198147 0
6.557599730643528 38.68835507992055 0
36.94290269113212 36.16544835303202 0
39.62541303289563 17.78190734287148 0
29.88717712373252 7.440985605114818 0
29.88322852403905 6.641633460915308 0
29.89101103399237 8.240504388237673 0
30.57271025688217 6.238359154321295 0
6.475532846445666 29.13178856949061 0
6.479478208159417 29.93048603817886 0
6.560931192014405 39.48264433991797 0
6.447981185360969 23.53777681795424 0
6.463561311306068 26.73491087448366 0
27.24942526345705 46.52465562064043 0
6.436899062466315 21.1394811928603 0
6.397112541129509 13.14493329400224 0
6.393288084998098 12.34529874004073 0
6.424234565800953 18.74110695155133 0
16.22317008955164 41.01945631680864 0
15.53758258879211 41.41969004346976 0
16.226937554795 41.81318727906644 0
14.84820451039981 41.02626198542242 0
14.85212697013563 41.8199360147166 0
14.16285248645159 41.42659093853489 0
41.67165799287492 10.18351761666471 0
41.66789327246221 9.383785264490044 0
21.01379866034664 34.23747131100093 0
21.01004722278045 33.44103842583427 0
10.51019687312828 5.933907215566509 0
9.819485018085981 6.337090350530222 0
9.82325750559129 7.136906723932416 0
9.128737545767159 6.740321034953262 0
7.173125746701636 30.32636490278507 0
6.483489187001307 30.72909311114946 0
40.41696629363837 40.53905004236859 0
41.1094821892093 40.93509029299176 0
41.79882459468315 40.53337060967657 0
41.80195286279832 41.33120999893644 0
30.00243305975793 46.50918768189439 0
30.00433396999887 47.30495658084916 0
41.68276957651445 12.58244212573866 0
41.68649442178901 13.38208695974918 0
9.124915266913785 5.940525307393282 0
8.434203403344275 6.343720229418568 0
8.438036353613697 7.143523808117363 0
7.743467277962925 6.746944688243883 0
7.739572471063476 5.947163848902041 0
7.048886670524469 6.350352084776999 0
41.1159113654251 41.73283382002624 0
41.80560695305022 42.12894084121099 0
14.16680788603476 42.22006990702971 0
13.4777907972426 41.82694371503605 0
29.23394874285203 15.037871440428 0
28.54026488928048 14.64199278761826 0
14.76594209909139 25.8898297842108 0
15.4246944005465 19.09689180730193 0
7.052727726049693 7.150184222932483 0
6.358132743760512 6.753597880191027 0
6.354263065396523 5.953782185459591 0
29.23027006766478 13.44181085306949 0
29.19279487431838 7.044528752203073 0
29.1889267772177 6.245023693138068 0
8.54817166364829 28.7235863568939 0
20.30153565780859 26.66147037476319 0
20.30488599789378 27.46038562663781 0
14.07523909936416 26.29421138412231 0
5.869839089548027 39.08836251770251 0
30.69586175375664 46.89483959156269 0
30.69380936379801 47.69704951634547 0
29.31505768976605 47.70315133566332 0
5.8737715201719 39.88382104586486 0
19.60463452702929 25.46740169910075 0
28.54378969089897 15.44060475756577 0
27.85048168796427 15.04520838983473 0
27.85379417817857 15.84343136002667 0
27.16008479761057 15.44729007482611 0
38.93499105936629 18.18486316290284 0
14.07217052873894 25.49408245733979 0
6.361983049632165 7.553429259896731 0
20.31836371603299 33.04608971866716 0
21.0063722752127 32.64448240413842 0
20.31441464629967 32.24942398030417 0
21.00269424563308 31.84772198646029 0
28.49841726318079 6.648031218852986 0
28.49446182494406 5.848643190598429 0
27.80467606464298 6.250368107183847 0
31.37895600098569 47.29720494927498 0
31.38123924666282 48.09211252505003 0
29.32149169829965 45.3375785844111 0
5.785719576619535 29.53455453050425 0
42.36237820709486 9.780395562942596 0
42.35861482088711 8.980634117157182 0
11.2009618609326 5.530722253804599 0
41.11985820133283 42.53052820045013 0
41.80905200913877 42.92651464469774 0
7.176968972488973 31.12488579513964 0
6.487506829432904 31.52753873439454 0
36.94641591233987 36.96295633451126 0
36.25408639007705 36.56738688481361 0
27.16383615840537 16.246067953268 0
38.93124236496543 17.38550722882618 0
38.24087393986965 17.78845723828887 0
27.80013130067607 5.451989129732866 0
27.11037112517963 5.853647951377199 0
42.49133656584967 40.92935227647632 0
5.702666925785495 12.74844572039078 0
5.706505805333107 13.54812251803475 0
5.698835519892231 11.94877097520028 0
5.663505085126213 6.357016815645157 0
5.659630387686765 5.557183380920637 0
13.4813739956082 42.61968213092598 0
12.7927423785368 42.22705532603841 0
14.1710073592572 43.0131819393842 0
42.37723583977427 12.97915096888491 0
42.38096638038027 13.7788191339731 0
21.70125879958696 33.83668861062282 0
21.70530164737509 34.63256411437614 0
20.99444488935859 27.05735364423649 0
13.38137974001941 25.89854183517794 0
13.37844218976308 25.09812725300565 0
35.50782694365678 24.99543773087146 0
29.95889020100774 21.82315909085444 0
32.70663325406824 17.81732885218094 0
27.1589780161858 14.64991503853628 0
26.4700720296991 15.849921032552 0
32.07877990284945 47.69321540106871 0
32.0715743203642 48.48594851847938 0
31.38500861527699 48.88526114040816 0
32.07329676042053 49.27862087627521 0
32.75805622113003 48.87949620577627 0
32.76119640220624 49.67204152240988 0
27.10573553532477 5.055405527322703 0
26.41596684735604 5.457056589338412 0
41.12015795617496 43.32806096842021 0
41.81180492162062 43.7240873097028 0
42.50081273483059 43.32250471932623 0
42.50374933047163 44.12007870580984 0
13.473676765415 41.03346358491258 0
7.180841048597042 31.92332797125506 0
6.491459831462263 32.3258403515939 0
7.870185333508471 31.52081015179975 0
5.798167679309694 31.93019184391408 0
5.802520913710314 32.72783115029902 0
19.61498984521808 27.86262668063047 0
6.420392320812664 17.94155226957475 0
5.729847758980114 18.34467368811797 0
28.48936741330212 5.048922249461896 0
5.182697856121255 39.48963372915246 0
5.17841706724802 38.69368938005789 0
5.18699811658656 40.28516037015232 0
5.877563167403386 40.67901379417908 0
12.79628841236248 43.01958304652329 0
12.10773996459681 42.62702148750303 0
33.44594552409572 49.27287366413589 0
33.44926438422011 50.0653282496678 0
26.41127996849702 4.658880303406308 0
25.72150270149969 5.060522054133099 0
43.05312641685456 9.377259219587366 0
43.04936030169936 8.577470259235758 0
42.35483314055757 8.180846049719621 0
43.0455865268282 7.777669915187838 0
42.35108502833101 7.381101463959824 0
43.04182642524169 6.977857048515878 0
42.34732728882927 6.581282611730633 0
43.03806234645129 6.178017984918652 0
42.34350019158769 5.781362971557442 0
43.03433786143092 5.378137491189141 0
42.33969034606523 4.98148068168422 0
41.64893893161998 5.384717183750941 0
5.012025828701317 13.15160458474059 0
5.015854027792374 13.95130350952754 0
20.99778575423822 27.85615020670205 0
43.07167857901029 13.37575272412361 0
43.07541077412566 14.17547133186267 0
5.10887425869967 32.3326885363975 0
5.113249857918472 33.13038882686823 0
36.23455640123375 32.57659942543555 0
35.54156689058631 32.18075157899828 0
35.54521434805766 32.97865059050751 0
34.85240248579645 32.58293595251023 0
34.85604695431311 33.38070044901018 0
34.16336125265204 32.98500720369099 0
34.15962405228539 32.18726617793354 0
33.47141567138036 32.5880234037332 0
33.46704945286255 31.79141578397403 0
32.77886161158892 32.19212155611041 0
32.77440357379164 31.39571593605702 0
34.16339064537259 33.78128386857027 0
32.0819383995339 31.79643543857787 0
32.08154699518414 31.0004104457004 0
19.58585424847428 21.47457185007469 0
8.515071611766404 21.52890448966549 0
40.42665756792096 42.92017483110317 0
6.389484076907942 11.54561752208164 0
4.96885478472832 5.960427219425039 0
4.965004899518576 5.160530315422491 0
5.69450754169667 11.14994397472173 0
34.13399068209324 49.666403098801 0
34.1374290669461 50.45873767273216 0
31.3825082582083 46.5032013503466 0
22.39272785731657 34.23182289027301 0
22.39682518395971 35.02745975976802 0
5.655762169491036 4.757347801757315 0
6.496042580416287 33.12205252369803 0
41.81476717283799 44.52154267701474 0
42.50675492469101 44.91750060410021 0
15.52566168494743 39.03730265454611 0
21.68730513878107 27.45306761077602 0
21.68361189868185 26.65505706127869 0
21.68975297616447 28.25331185851731 0
12.68856157973989 25.50091774746079 0
12.68494623836814 24.70166708453738 0
36.2528214377716 37.36291577582799 0
35.56197899168138 36.96687706940208 0
32.77056338629317 30.59823606393599 0
32.07776583727197 30.20260797931954 0
26.47388134887911 16.64875381125216 0
38.2371019582213 16.98912333829919 0
37.54677726270096 17.39207422475346 0
25.78055786490843 16.25334206383011 0
27.8100277173413 7.049884971318435 0
43.19300481506537 43.71856229301186 0
43.03057510944295 4.578256071984055 0
31.39260536843977 31.40247127077778 0
30.61037571447617 13.43407484210942 0
41.64509258660817 4.58482614764491 0
40.95432295648118 4.988061146941945 0
38.92745860780512 16.58615944752456 0
42.38468522509669 14.57853613295723 0
43.07912674155006 14.97518763446848 0
25.07370790967857 11.06200278375652 0
25.76404546335184 10.65911321189015 0
32.07979162436931 32.58854380676981 0
12.68855560741649 26.30494112462161 0
12.72880198544749 33.48517765872001 0
4.490977908205874 39.09539975408745 0
4.486647428977379 38.29893326310926 0
31.38819832510063 49.67801806181178 0
5.191464587397196 41.08010674001586 0
5.881472269042646 41.47375318902923 0
4.274197672010589 5.563807663969193 0
4.278052825043901 6.363716356881092 0
4.270351172857942 4.763895214917718 0
34.82218359766857 50.05982067658069 0
34.82576857684025 50.8523210252956 0
25.71683333732327 4.26233052253298 0
25.02632982445343 4.66521279828777 0
23.08769872360194 34.62490381214428 0
23.08875041543591 35.42206861481447 0
23.08228934693291 33.82703782866777 0
41.81778493331547 45.31869394073909 0
42.50971619185016 45.7147669218974 0
20.31065159308049 31.4525463878947 0
22.37994575002799 27.8489367081935 0
22.3823701939916 28.64912975159831 0
25.03271859599251 5.464148927906521 0
24.33600897292404 5.068422444692342 0
24.33180446578398 4.268837623225965 0
23.64115460189421 4.672065775093373 0
23.64499616087946 5.471764412973947 0
22.95046685546908 5.075292665730579 0
22.95664048707758 5.876395222925336 0
22.26027171692408 5.478824652775858 0
22.2560345565038 4.67885543049309 0
21.56533304421758 5.082010331109185 0
21.56926354500821 5.881751867948885 0
20.87474511340086 5.485229015158437 0
20.87853669984854 6.284957687938157 0
20.18415217690562 5.888421739205635 0
20.18025071327872 5.088749505602675 0
19.48964918395677 5.491960781870756 0
19.48574542786966 4.692256033781478 0
18.79510298401537 5.095489932075814 0
18.79121103703261 4.295744008176321 0
18.10056417238166 4.698996867750036 0
11.99496418951242 25.10453577865588 0
11.99113761203535 24.30555070350856 0
32.76683982102712 29.80044701698777 0
32.07399676386851 29.40477900421601 0
27.85739683132596 16.64225654669837 0
13.37484574038069 24.29889868173631 0
5.726011226371774 17.5450539608656 0
5.03542297653069 17.94818206919962 0
5.039273187831288 18.74784725216793 0
19.62241435855764 31.85433707098911 0
38.23329962961933 16.18977055739505 0
43.76615300847294 13.77238117359846 0
43.76241135797981 12.97262226019991 0
20.18778279712045 6.688211236582562 0
12.11169435558533 43.41991390331914 0
11.4229109887323 43.02695479220868 0
11.41891153188061 42.23392336861438 0
10.73399772679194 42.63395366711126 0
10.72998427111839 41.84071584123511 0
10.04501101443896 42.24089343062267 0
18.10445964983563 5.498734869221793 0
17.40992650624911 5.102255828665098 0
17.40600737264254 4.302496698966269 0
16.71535278551336 4.705775466976659 0
4.419441615526827 32.73528888002922 0
4.423540972866014 33.53368250656776 0
4.415370577058682 31.9369069308899 0
40.95048708367891 4.18817222753848 0
40.2596853086866 4.591390843245275 0
4.344803856712472 18.35134219824418 0
4.348669004146386 19.15103507021179 0
4.340955721957267 17.55164297614619 0
4.321353515671389 13.55477681569711 0
43.72900054365778 5.774879093052385 0
43.74389967542349 8.974098922311711 0
10.04919241547717 43.03413316120756 0
9.360198088773757 42.64114119361358 0
35.5103278360568 50.45346253262139 0
35.514020313415 51.2457475595768 0
34.13078238363788 48.87336972694748 0
23.78975093168042 35.01601348153542 0
23.77968346351985 35.81726121306679 0
36.2114335772157 50.84999518549561 0
36.2022892959324 51.63918198827246 0
19.61853760512698 31.05729452921069 0
23.09075642833616 36.21819843461277 0
23.78309583962422 36.61316111213246 0
24.47074376049874 36.21214262584907 0
24.47434420352494 37.00802107321725 0
23.78697521030047 37.40901152638571 0
24.47618510912438 37.80350363057901 0
25.16481253403612 37.40272133498844 0
25.16838019566688 38.19829868472779 0
25.86143379449905 37.79574738556769 0
25.86031398970359 38.59270405371961 0
11.37514222750405 36.67437295404307 0
12.80174811945203 43.81171337874497 0
18.97201491965381 40.21236028997443 0
36.94906418936137 37.75997032789312 0
36.25144283077729 38.15626939547126 0
36.9497527857139 38.55323976713713 0
16.19408344493038 35.45492727326589 0
41.12592239269391 44.92267053260051 0
21.70802931595179 35.42898061824306 0
16.16287597367154 29.07835614749654 0
43.85087999952874 52.82697304902052 0
39.72455096224383 40.14321211095132 0
41.77871325163635 50.0494840788164 0
32.76378206576631 50.46420638939054 0
32.80453612495474 42.5312125868836 0
7.873979613359985 32.31888877849506 0
8.563121427509538 31.91657750119792 0
39.70840265221948 51.24872609588832 0
4.500650952387747 40.68729115375319 0
31.4186331446402 40.94623995314319 0
5.119868326595988 33.92738960676088 0
4.432592783850883 34.33171337376118 0
5.120881596427476 34.72770423912178 0
37.55055602307502 18.19133241608589 0
36.85651443323773 17.79499102340202 0
41.09287041903399 36.94506489095681 0
41.08935564642088 36.1466580343879 0
41.78263538205472 36.54285126403186 0
41.77906498482 35.74426147737006 0
42.47250123825312 36.1405482637894 0
42.46892645889648 35.34179513871668 0
43.16246456270952 35.73815153394074 0
43.15890790679924 34.93934773362562 0
43.16599498337327 36.53699405566688 0
43.85607669092168 36.13451411530215 0
43.85958312397605 36.93350700390398 0
29.32242365069334 38.18095759475449 0
39.60338733576722 12.19236738460485 0
24.3834994521295 11.46495844318881 0
34.88117504748536 45.30494531700932 0
40.2634547149778 5.391232529050423 0
39.56901816671187 4.994744324008445 0
39.56511965254387 4.194787226258398 0
38.87434879358894 4.597995599090003 0
7.056565181874332 7.950004988874539 0
38.20978252002988 10.59865140912927 0
23.63724253934439 3.872358811205149 0
22.30885124816924 11.87443262577182 0
11.90644535862252 8.326093470299437 0
11.95470254940907 17.11568416495848 0
30.72175203950097 40.55428039476213 0
30.73097333436647 41.34721670801895 0
30.04002308834689 40.95548572974039 0
30.04475469723999 41.74780136863206 0
29.35473601774541 41.35328140597794 0
6.455607632967348 25.1364638978561 0
22.35266105631458 21.46015181894647 0
9.166881609897683 13.13173941609085 0
9.163109099102206 12.33219158027985 0
9.857402476863891 12.7286947572463 0
9.853639129574177 11.92912867538129 0
10.5479550695131 12.32562901919715 0
9.159310539759465 11.53262585952493 0
21.5614562912318 4.282298968497041 0
25.82347227818413 25.03610466085738 0
31.38195612258291 29.80569368647744 0
31.38063041122307 29.0089020896257 0
32.07016376143667 28.60684888351746 0
31.37651033604441 28.21114781972131 0
32.06633184763839 27.80891791492153 0
31.37262235822314 27.41317493935248 0
32.06258542568584 27.01091975410564 0
31.36889817206028 26.61510167513832 0
32.05886823624664 26.21279090738977 0
31.36510041458536 25.81694231792014 0
32.05507162304994 25.41454469153265 0
31.36187991917173 25.01872690278508 0
30.67839902345084 27.01574152698959 0
21.62603451206279 13.87532858916668 0
10.50637805397101 5.134126128512543 0
11.1971494210182 4.730925977123582 0
10.50254893839699 4.334309175547891 0
18.85085824842639 12.29023422479753 0
43.73638830692363 7.374569180696065 0
37.57714216622291 23.78558418342828 0
38.87835128921813 5.398030394837805 0
38.18375736095415 5.001381718963963 0
38.17979656548412 4.201391429211546 0
37.48904086563209 4.60459924819197 0
19.55158951037161 14.28462563249081 0
38.95347177156843 22.18075172008632 0
35.44877804088259 12.21108649750971 0
16.81177043314428 19.88942087808432 0
12.66062561146149 19.90913416817239 0
20.9166758089124 10.28228982092652 0
5.004259616955785 11.55236123877896 0
5.000222177421996 10.75299274167104 0
4.309733306031919 11.15576591739215 0
4.305396570845874 10.35686979275553 0
22.34026755382415 19.0655496336818 0
21.64050500498361 17.07098366676886 0
25.77804223480127 15.45535559014123 0
41.01105144321818 18.57663217226373 0
36.94144251439872 44.1052695663204 0
27.89413925418036 23.82786127988453 0
27.10040746156477 4.255887930784676 0
27.9305850414278 31.8034628818188 0
19.56702546859677 17.48022890684307 0
34.0491634620756 9.020176188219358 0
29.94762059538163 19.42786754225162 0
25.11283715445884 20.64920543970114 0
41.79240613668508 38.93780460401096 0
31.97785792741055 10.22919149689256 0
37.59079838901225 26.98096985042361 0
43.74765818494281 9.773918620156271 0
33.48195420720016 39.7442319041449 0
43.19877831257416 45.31362459539521 0
43.20177939450022 46.11100588345995 0
42.51270840395577 46.51208814829317 0
43.20464426401645 46.90831312069734 0
30.01607063367469 35.37989273152286 0
34.15595169600436 31.38953337269403 0
31.40240861550554 36.96703547509247 0
32.09402502034209 37.36187860664653 0
32.09065973000132 36.56543476231747 0
38.2994771312537 30.57144574554302 0
19.65075755864766 38.22261758066922 0
34.19172435993846 44.91029588717534 0
22.41369114345885 40.59368421586598 0
16.13352814894397 22.6885904018651 0
37.63504634890282 44.50991836414696 0
37.629281405852 43.7065441556232 0
42.46859620383906 50.44547090939635 0
4.32521389911542 14.3545164090321 0
42.46529940933551 34.54299710783814 0
43.15532223768493 34.14045696857747 0
42.46166474184596 33.74411642682206 0
43.15165226439789 33.34152705859138 0
42.45801590716227 32.94515515319807 0
43.14809993845881 32.54255099461302 0
42.4543886090099 32.14614458978883 0
43.14444257052975 31.74350379661285 0
42.45074799818484 31.3470811419527 0
43.14078024792006 30.9444135964271 0
42.44710430427055 30.54796847742936 0
43.13741456813528 30.14528799762882 0
42.44382701701819 29.74935084417469 0
43.13365334814766 29.34618562894629 0
42.44029353060898 28.95124231236917 0
43.12999634523305 28.54715534393871 0
42.4363567310652 28.15167663095194 0
43.12664145132615 27.74760863922415 0
42.43264877222366 27.35129209981548 0
43.12305643878321 26.94832867003812 0
42.42900993207367 26.55178805407946 0
43.1194511632892 26.14895571422318 0
42.42538283500567 25.75242177908341 0
43.11585396228676 25.3495769066134 0
41.73496466457991 26.15520942513852 0
41.73132722502343 25.35590776975946 0
43.80998467171319 25.74614878540472 0
43.80638546383605 24.94669363810713 0
43.83428757383588 31.34014692189053 0
43.84523914151589 33.73754981283136 0
43.82337622933824 28.94242548388077 0
41.74303278205346 27.75605745583933 0
43.11221339685635 24.55009801788196 0
43.80276079335603 24.14720266693595 0
43.10855764435564 23.75057424908976 0
43.79914549288769 23.34767074347482 0
43.81661097514431 27.34455909603976 0
40.99366727817245 13.78278289257218 0
40.31590691025816 17.37948873224505 0
9.296506102890438 35.48875234671533 0
41.75399909445019 30.15361578980975 0
16.87308503370748 33.46072991085617 0
25.78405995871555 17.05156911621103 0
26.47764113396323 17.44756010060322 0
25.76779193262881 11.45838157444976 0
26.45811417421479 11.05550061336486 0
26.45437265814436 10.25622466561055 0
27.14845898941842 10.65262030933791 0
39.60718582162475 12.99207438347164 0
38.91215945034003 12.59447557341145 0
18.83232085578599 9.891416145775642 0
41.04093963430304 25.75868167229317 0
25.0919857309167 16.65690878151154 0
10.54417299967915 11.52606707610311 0
11.23849282399912 11.92255036288486 0
11.24227533134753 12.72208940048595 0
11.9327747863685 12.3190297119829 0
11.93651749141026 13.11860164714952 0
12.62703932766206 12.71549453446062 0
12.63076021807739 13.5150317236798 0
13.32127060032447 13.11193764985234 0
13.32502285224755 13.91133892608053 0
14.01541063813552 13.50836694245036 0
14.01919573962405 14.30769792139211 0
14.70952225399662 13.90476796802307 0
14.71333403284983 14.70405488479706 0
15.40362037213945 14.30113722320966 0
15.40741003403835 15.10036736398161 0
16.09765985937013 14.69748360725589 0
16.10145665647665 15.49667335204192 0
4.43430594768764 35.13020305535081 0
26.42566175434612 6.256708356231 0
34.86607346818604 41.32999461168286 0
35.55658913783233 41.72508494622426 0
41.03730716526596 24.95942714822479 0
43.10488851740846 22.95102557006893 0
43.79551790742659 22.54811555748676 0
11.19333033241805 3.931097650784154 0
11.88792515167096 4.327728804673598 0
43.89387456680923 46.50715942748936 0
43.89303491020909 47.29844067616859 0
34.13993927234424 51.25104671048052 0
16.71142809989242 3.90599462426228 0
16.02171797927991 4.307573263947114 0
19.4818458831065 3.892502317384818 0
5.195948845594726 41.87450951003311 0
5.885604055425387 42.26787585385974 0
37.48519516207467 3.804746202802301 0
36.79443867829943 4.207960465994019 0
36.79826071489482 5.007760023924528 0
36.103711731155 4.611171231374009 0
36.10752325914861 5.410945682805848 0
35.41315875061546 5.014363298735753 0
35.40919953762466 4.214591316797606 0
34.71875743514886 4.617978791719094 0
35.41703816399782 5.814265734341816 0
34.71468183682298 3.818043804065555 0
34.02406695276294 4.22144504469969 0
41.641293023137 3.784947126538705 0
16.01698651017622 3.509188840014839 0
15.33027040541428 3.908988037760897 0
3.798624158172904 38.70110111473259 0
3.79434173461421 37.90390528859143 0
3.743934211926116 33.93653132796988 0
34.03247147980645 3.442655866816884 0
33.33143651821492 3.828223936877209 0
11.42697144482617 43.8198939610629 0
3.650288946904052 17.95482628751892 0
3.646449794633658 17.15507460368266 0
17.40209064418249 3.502728166970106 0
41.78862814189033 54.02321347876301 0
41.08330710714194 53.61894915299382 0
44.43845961493916 9.370745008376497 0
44.44218467064647 10.17054594804491 0
44.45691872399854 13.36926312605485 0
44.46065398271649 14.16906041133044 0
3.615459732770877 10.75987311945349 0
3.608430977656629 9.962006843938187 0
3.583381403892457 5.967097734907672 0
3.587244685931453 6.767013973832734 0
44.50058988583022 25.34330553434219 0
3.725733159791148 32.33964833056388 0
3.72179116354853 31.54110278392334 0
34.19458150261313 45.70457301394799 0
27.23832436399565 43.35058750010146 0
10.49874253268805 3.534462281936179 0
9.807949282221431 3.937692141579076 0
24.32787596909489 3.469171942783112 0
6.571015002138026 41.86733361465605 0
6.575095135561911 42.66121102329604 0
25.86562681901186 33.0087913031367 0
11.88411821348529 3.527886689948452 0
10.0408489508843 41.44741406611335 0
10.72613187645969 41.04712871556573 0
40.4018280067291 48.47966303197453 0
39.03231616478843 46.89212495321222 0
35.51752656429328 52.03829460076442 0
36.20552462383785 52.4315922170475 0
36.88980851857922 52.03330856247522 0
36.89348344698577 52.82510197750378 0
5.125322692982296 35.52553573773503 0
5.826220790671013 35.11671809514021 0
45.23153270075522 54.41115227500245 0
23.07209959965173 28.24362367097729 0
23.07680800680891 29.04165346519738 0
23.0689626103771 27.44630310113679 0
30.68631860095092 28.61168867511013 0
27.91224224834771 27.81672152532873 0
15.41125128673711 15.89955751619733 0
16.10523937686807 16.29582816036224 0
23.67791972097074 8.670497327575356 0
18.22796711819333 27.07207553757195 0
21.57591990719343 6.68161136373066 0
14.02311393620995 15.10700172210877 0
33.33366040135378 4.625250314225619 0
32.63905879472942 4.228607182966137 0
30.62818907046451 17.42786593238674 0
11.30117296297875 24.70837099419258 0
11.29728751690276 23.90939174335126 0
11.30504539294758 25.50732488821023 0
11.98731822595933 23.50654878989065 0
11.29341116967499 23.11037214221086 0
12.63461252594204 14.3143954491465 0
8.507694853966068 19.92995772825329 0
27.14409935009495 9.854397359590537 0
27.83811848412271 10.25097360198254 0
41.66036909320263 7.784389223753063 0
36.86027340497523 18.59417243964445 0
36.1663016769743 18.19787329064069 0
32.75933075594055 28.2047089547316 0
32.74840640194849 25.81043746985926 0
32.74463124851486 25.01210816513279 0
33.37385427348208 12.62057439586276 0
42.3884084933247 15.37824836011829 0
43.07991035389378 15.77314947771082 0
41.76073004408182 31.75027549801083 0
26.46184747535861 11.85475177831534 0
25.77157526069489 12.25761230240491 0
5.019701821544522 14.75098706875184 0
24.4780393300772 38.59876331709172 0
11.98350299137627 22.70749869974013 0
11.28956027082032 22.31130224875485 0
16.02875349914144 5.105401371182621 0
36.85270170162426 16.99573730368474 0
25.78781882470422 17.85022774306519 0
26.48140504504552 18.24627396315848 0
14.70581006612177 13.10544415610159 0
12.62334021422586 11.91595516817247 0
16.79166017812434 15.09379943830224 0
18.93007162435165 31.45920622308988 0
18.92624989312334 30.66197178296937 0
16.78788992653829 14.29462280749946 0
38.92368052483367 15.78678853945057 0
38.22949543287228 15.39038298068338 0
6.38289276255797 10.74836055178491 0
11.23470698511764 11.1229988757999 0
10.5403699807358 10.72650178926513 0
8.567010203058503 32.71436269650641 0
9.255987512550918 32.31211754459794 0
9.252156778677458 31.51436842827402 0
9.944964612207205 31.90993270032325 0
9.941155500398759 31.11221567814219 0
10.63412990091043 31.50778214086399 0
10.63019178713446 30.70999425710402 0
4.297068979723777 9.559932949156176 0
43.1011941779243 22.15142010070128 0
43.79186811669714 21.74851108287164 0
44.48619570757664 22.14518843497604 0
44.4825686572011 21.34554632409065 0
43.7882067278952 20.9488655199545 0
44.47891699318233 20.54588766498693 0
43.78454960723455 20.14921358207853 0
44.47512162376155 19.74619877579505 0
43.78085249054236 19.34953596834373 0
44.47143941290154 18.9464976154511 0
24.36836024645932 8.267514639432697 0
3.630640282506205 13.95810327760616 0
44.49337745821053 23.74433361636599 0
17.41385142243381 5.901981529156185 0
43.7799168706633 18.55155957505846 0
44.47028013974035 18.14704232836223 0
35.40535670464814 3.414801282928446 0
32.63519985414503 3.428791215119466 0
31.94408872384994 3.831375362904847 0
23.63334291477347 3.072593623358758 0
44.54977775790281 36.53093223155979 0
44.55325303856117 37.32996752612971 0
9.364394665262127 43.43422201541604 0
44.5806705462259 46.89612919264076 0
44.57438674682733 46.10474373087918 0
44.56720100373966 47.66811264064518 0
38.17595731586329 3.401525416326848 0
40.94667790234605 3.388281953633764 0
26.55495680691735 38.19613636527129 0
26.55027172633416 38.98950534557035 0
25.86316869656069 39.38854881572676 0
26.55356137997777 39.78325575065158 0
35.50724705448616 49.66011348390259 0
32.78227912620509 36.96068696861364 0
11.32318673487699 31.10561925177628 0
11.31923362093475 30.30774974456077 0
20.9989359401905 31.05079819669064 0
21.69104285755297 31.44605301319533 0
30.67071558697445 25.41767701828174 0
30.66883560934502 24.62293443683354 0
31.35820452717072 24.22049171367854 0
35.55262233026684 36.16565632870646 0
36.93881396878311 35.36715659299949 0
37.50528398631948 7.804278690045743 0
31.94027556832826 3.03162861014704 0
31.24947052973238 3.434770657481844 0
6.416574776218074 17.14210649686888 0
35.55363063644202 40.92935927629938 0
36.24403072477396 41.32460831770398 0
32.77883725562493 36.16398002142751 0
40.34696902150213 25.36218942470256 0
40.35059600832423 26.1613857961572 0
27.84243564139237 11.04924398274009 0
28.53217323721776 10.64746450714602 0
40.34332768836239 24.56297035334632 0
42.46446729677857 49.65356928224222 0
43.15666149069337 50.04677694992751 0
15.32389913231077 3.110525139162471 0
12.57870011159806 3.924529539914348 0
9.80412570270623 3.137820290995588 0
9.113305204511546 3.541066980602885 0
2.961555552959076 17.56826704500131 0
2.944473679923401 16.79199952743744 0
2.960559217048905 18.3597429715155 0
12.57491538688961 3.124669846186903 0
38.33645017687117 49.66264924297032 0
29.35849101853133 42.14759094302374 0
30.04850379241969 42.54212394369893 0
33.50533223231283 45.31005647537315 0
37.57752054376304 52.4271627961861 0
37.58142380821995 53.2187098593901 0
41.12919799895728 45.71994041874513 0
25.8690672879984 36.99785850295043 0
27.23932442128199 39.38463389370781 0
27.24370864544399 40.17793089844205 0
25.86943395313376 33.80571665119753 0
38.26581349290407 52.82006874529867 0
38.2693956173694 53.61205095379729 0
38.32384366818825 44.11175699001016 0
38.32235891767852 43.29780522267655 0
28.65731010061047 41.75494655377736 0
27.93021706574206 39.77679049577613 0
42.38974751657172 16.17765194639941 0
16.91240884435119 41.41307699366509 0
16.91643143920291 42.20684677379758 0
19.61479247580088 30.26005117114066 0
18.92237692216057 29.86462019057102 0
39.72941889305827 40.93848085644506 0
39.03205839978965 40.5378055385583 0
30.70017216388867 49.28478053127137 0
30.70362767261421 50.07712925341314 0
30.01582362995919 49.68416020050358 0
30.01944378920822 50.47628168099401 0
29.33222293603978 50.08249229883965 0
30.70701384743504 50.86916487789644 0
16.23090089092199 42.60669919934614 0
16.92012487209655 43.000285142722 0
16.23456630666471 43.39992095050042 0
16.9234290579023 43.79320766119758 0
16.23838647827416 44.19280909531651 0
16.92724464455067 44.58611098596345 0
17.61179811955366 44.18643130720518 0
17.61579785205988 44.97923145535285 0
18.30004244327611 44.5795622848986 0
18.30394188587458 45.37206749514736 0
18.98817147708415 44.97263026741095 0
18.99197747754815 45.76503085002054 0
19.67622296907205 45.3656939031524 0
19.68001975234261 46.157988073684 0
20.36418704503323 45.75873529934007 0
20.36788321687625 46.55089335853272 0
21.05208213964583 46.15172277944932 0
21.05578076113975 46.94378002280772 0
21.73992489458029 46.54464492157064 0
16.24273230824437 44.98565801559801 0
21.74362113154018 47.33660830277237 0
22.42761221355491 46.93771017161255 0
22.43146865400566 47.72950123080764 0
23.11544073660717 47.33045540189131 0
23.11926607219244 48.12235305430274 0
23.80304422030051 47.72343799847048 0
18.30829064467178 46.16462600837165 0
23.80689473290217 48.51506388345193 0
24.49062130963819 48.11631100943442 0
24.48883503788773 47.32441581310734 0
22.42565705762077 46.14557612769374 0
20.36179702391485 44.96641327509893 0
19.68377956196827 46.95014136776314 0
18.29643483590164 43.78689669546353 0
24.49453855752971 48.90777561815548 0
25.17820087820441 48.50908087981898 0
25.18212685874028 49.30047726326422 0
25.86594739412607 48.90144951043705 0
21.05959271199614 47.73584631225189 0
15.55394111798506 44.59268237292682 0
15.55840870620219 45.38519269670172 0
14.87015469104027 44.99236790672209 0
16.24793980399395 45.77881276568044 0
17.60155762746316 41.80671969972092 0
14.12301052936988 35.06733678062586 0
34.80594624856391 22.99959043407026 0
15.41508336428853 16.69868915966885 0
16.10904223785272 17.09491671135293 0
16.79919421397183 16.69206714693592 0
16.80296219056329 17.4911378623025 0
18.21041593444519 23.07795111477829 0
23.76118454097416 27.84083086785279 0
23.75794089097717 27.04393290197467 0
19.64090381008415 35.83640893726349 0
18.1083399145495 6.298440869171905 0
31.28363810800168 9.832799118217739 0
31.28746265291503 10.63219256033621 0
36.22342801217269 30.1822369976847 0
32.03183097557567 21.41576278935089 0
42.41426632682463 23.35388059083487 0
43.86305570452534 37.73251536630009 0
44.55671429541982 38.12898570380532 0
43.86585733094199 38.53086612341627 0
44.55954395097687 38.92759413153708 0
10.56285585685515 15.52356977043288 0
42.37349446171417 12.17946983732163 0
26.44997648098732 9.458176593947607 0
25.12280505988687 23.04484262073714 0
33.3887783525947 15.81678997010827 0
18.88566278132143 19.48020509538073 0
16.89337982910271 37.44072725975109 0
3.619109717389378 11.55900912511561 0
2.924841861872252 11.16306633817158 0
2.928375488474698 11.96228489445047 0
36.87184686021592 20.99186590543118 0
16.14146528881033 24.2859949022041 0
33.40740970106458 19.8107260367765 0
27.18989444766591 21.03786613249928 0
14.83968606019597 39.43789988234296 0
14.83565628417078 38.64341640993609 0
14.14958236923119 39.04414949139062 0
14.1455506626917 38.24943286184953 0
13.45927803379904 38.65023167846244 0
5.781769469080835 28.73569398440592 0
5.091804945569715 29.13855258774625 0
5.087885108546235 28.33952598713649 0
4.397804748900736 28.74246882010118 0
4.393874060084075 27.94330166435112 0
3.703700093360832 28.34630300022933 0
3.699751120565328 27.54702084279685 0
44.45317396669641 12.56945810817325 0
27.92761873160697 43.74439108370971 0
44.54626211222865 35.731876518513 0
10.5994426908921 22.71419634651456 0
10.59558401582997 21.91506775340177 0
18.94298574696319 33.8491823097087 0
3.707743933342839 29.14536260346118 0
3.013516388987344 28.74936450729772 0
3.017577098732025 29.54845236040341 0
10.6112167840259 25.11120433721929 0
10.61510704943957 25.91015611251779 0
32.08715690560103 35.76862420716361 0
4.390028235954958 27.14400182474095 0
3.695834693514062 26.74766152428138 0
10.62651267666286 29.91201636256235 0
11.31554240944011 29.50965292233261 0
12.00855818012664 29.90545688671906 0
12.00487693401416 29.10730549201162 0
11.31171960119059 28.71139747101025 0
43.18994818910181 42.92071373054635 0
43.88267334290914 43.31702727192528 0
43.87938474290215 42.51891835844161 0
44.57212319880013 42.91573528943292 0
44.56909093507988 42.11930405453374 0
8.608753284205042 35.89046797807476 0
4.38620485145556 26.34459498157589 0
3.691918445531549 25.9482137841879 0
4.382356229648095 25.54509535406703 0
3.688003511256232 25.14869707188937 0
44.57554646090646 43.7137166923247 0
4.378493672237402 24.74555799806659 0
3.684101676878991 24.34912922244994 0
4.37462003518541 23.94597341374577 0
3.680194567301277 23.54952250866553 0
4.370777291180779 23.14634050863991 0
3.676324277216501 22.74984377257832 0
2.985696169874097 23.15307234103602 0
2.981803917134954 22.35336506060592 0
3.672460875043181 21.95013117095468 0
2.977929527984577 21.55363478529049 0
14.8316389745689 37.84863711745754 0
32.64263654157606 5.027898174421836 0
33.33781435885385 5.424718588871579 0
41.08255738545716 54.41094544001174 0
10.0367364168614 40.65363295515455 0
10.72233033366784 40.25321439458786 0
9.351270246116973 41.05410791136755 0
5.174487291114382 37.8970701540733 0
41.69659787887766 15.78002427028199 0
25.86668885814524 40.18355792204864 0
4.281926752718931 7.163606424611547 0
3.591115235615753 7.566918791832164 0
6.365837871227585 8.353241972510036 0
7.060409309657206 8.749808237015161 0
27.82905098185327 9.451566827211964 0
10.63786586477821 32.3054515504965 0
8.605191370167116 35.09471930593371 0
17.41777334170155 6.701658179525776 0
18.11222012121785 7.098097054494332 0
37.48136245530662 3.004892803905785 0
40.43758354965975 45.323861248555 0
45.1330290144759 9.767425036616 0
45.12927578826219 8.967544472537934 0
45.12065353048958 10.5511425129275 0
45.16967136374421 20.1428825380069 0
45.15145863899774 13.76592715847626 0
45.15518172823367 14.56576744396341 0
42.51565395623315 47.30922069555589 0
45.24012148777612 36.12834666404738 0
45.2365751427385 35.32911638792365 0
45.25035146539369 38.52542298308559 0
45.25371978043373 39.3244955431224 0
44.56255139273462 39.72600564224754 0
45.25700671162353 40.12343862523585 0
5.200283884848877 42.66831685992857 0
4.510815876652163 42.27528515042966 0
45.26522506548182 43.31231775673763 0
45.26080073615641 44.11040398302266 0
11.88031013957088 2.728010088071438 0
3.105993164870794 38.30620459513175 0
3.110368028157707 39.10373518876224 0
3.101749324653653 37.50869019918338 0
25.86964063090254 49.69310311462323 0
26.55347134663536 49.29408336729723 0
3.031993576470983 31.94398344004837 0
41.63751364961991 2.985046692375231 0
3.033043985005039 27.17917481372043 0
14.87431341571331 45.78459599387612 0
14.18632775155201 45.39174205905664 0
2.997518551539972 25.55185984786069 0
43.16816661276744 55.61021169234996 0
30.02309184097755 51.26808913057671 0
31.262242522697 2.663420315871925 0
30.55763240172999 3.042924628850019 0
30.5591739492681 3.838779417851978 0
29.86465085693317 3.442351409740525 0
26.55713509032741 50.08573312059428 0
2.892559199957836 6.370396528539945 0
2.888696288450037 5.570465469351369 0
35.52100299191416 52.83060795174627 0
37.59245842035305 53.99758427056872 0
23.12315271242989 48.91419026670874 0
45.17694445180233 21.74223002355897 0
38.95351192760212 53.21413176570989 0
38.95739701709832 54.00562484896092 0
37.64679138927981 49.26747623282378 0
9.109491138713349 2.74116088287834 0
8.418662406638475 3.144420561121066 0
33.50833928582443 46.10422000845311 0
34.19740260808054 46.49864015623445 0
28.63586531381969 37.78432569622153 0
8.675547849363976 43.04129821780991 0
8.679723635816952 43.83421122788961 0
9.369706622927403 44.22713657560536 0
27.24522873181584 49.68671526825939 0
27.23805099947987 48.8949312444088 0
27.24950966521093 50.4783306452292 0
45.16357102366196 18.53451655642095 0
45.15285810139312 17.73115938130583 0
25.17552968773375 33.41061944872177 0
7.913483815848456 35.5014526256566 0
4.515379574737441 43.06876081715279 0
3.825932032706031 42.67604320245933 0
33.47056687925407 36.55937336553739 0
33.47397967737422 37.35614026281833 0
25.86621448499429 48.11196330137243 0
20.99743641652261 28.65702631336721 0
32.73609170411452 2.612428852628049 0
12.00122162433946 28.30900366513207 0
5.817681873537682 35.9208777635612 0
7.911292980228112 34.70319525081371 0
30.66498022191337 23.82468518082459 0
21.68695393933879 30.64972276441029 0
22.37941225971119 31.04445130635931 0
9.262804698843134 33.10992443201464 0
29.97627135603749 24.22597855685496 0
14.14144320883012 37.45446473333618 0
11.3080599926631 27.91319531920582 0
31.35439784359804 23.42219896900232 0
37.57496977006821 51.63334329638941 0
23.67411672379885 7.871057062161222 0
34.8590028721367 34.17808366952598 0
36.23804825508042 33.37452065725636 0
32.77545048072554 35.36713116224563 0
32.08364902433168 34.97167237285889 0
36.8108941638561 7.407754700490312 0
36.1204483256939 7.810961877845109 0
37.64128147584901 38.15508453175242 0
37.63663816681617 38.94692439581613 0
37.55428004193226 18.99055618340559 0
9.248427832036453 30.71639435892174 0
10.55904621116824 14.72418695465891 0
31.9816452340928 11.02856247059563 0
29.23718905783374 15.83688452923464 0
36.17005793680417 18.9969801580238 0
35.4761215754548 18.60070330379175 0
35.47235446198157 17.80161832744446 0
37.50150632510439 7.004636649781223 0
12.58250011560343 4.724358999544062 0
43.75136228451507 10.57368758047493 0
7.079108027938336 11.14399619959651 0
31.29129982467847 11.43152839780104 0
8.422478547087685 3.944328001061413 0
7.727825052579805 3.547686698213757 0
7.724002635670756 2.747766966833894 0
7.03315628005239 3.151043136105049 0
5.043305621193998 19.54742764023046 0
7.793578806804506 15.53684422109135 0
7.099219785257479 15.14047107243622 0
22.38210342803147 31.8413178652273 0
23.07136886380461 31.43960567903538 0
25.7916366839452 18.64888382027435 0
25.09808727743245 18.25287260201608 0
26.48517303127015 19.04488724286567 0
27.17488724596119 18.64230810668685 0
41.76813410638859 33.34808011924105 0
5.722218788050604 16.74551437152422 0
4.411438858138042 31.1383227586992 0
41.08563523133331 35.34808254853788 0
33.43791284323181 25.40799818659229 0
33.4417021528921 26.20638875747722 0
33.43385990011489 24.60937558190917 0
4.329052762836371 15.15426256512383 0
11.97965894771875 21.90844287903946 0
12.67358992361831 22.30463826487986 0
14.82788130943961 37.05348790230894 0
34.78224631760418 18.20444957361329 0
17.49307700625096 17.08832924049008 0
17.49681317914373 17.88734959773131 0
26.4655975683428 12.65395414051723 0
25.77537565370206 13.05678756108638 0
39.65303306654032 24.96571213157075 0
43.09017969817763 19.75258261808846 0
11.41181670100111 40.6468406313237 0
11.40808879344927 39.85274046083161 0
24.36458579995679 7.468043960233342 0
25.05885190582679 7.864530327603841 0
28.5365047655653 11.44570720362601 0
10.61835326046291 28.31549218282388 0
37.62698445841468 42.90867574331598 0
34.77843660055182 17.4053932226144 0
3.668588305627926 21.15041281476544 0
2.976425004283013 20.75428691319575 0
4.363100524819805 21.54691882174404 0
17.48185691401633 14.69094344630492 0
38.91959216401776 14.9879298189983 0
38.22551783526328 14.59127908562243 0
37.53527499376086 14.99401498628642 0
37.53115869392263 14.19517742536242 0
39.61406667098507 15.38390509821382 0
17.478097772856 13.89177502792214 0
16.78409969496908 13.49543453594038 0
18.23776132832784 31.06394667715895 0
18.2416000012785 31.86115307942757 0
11.23050102786953 10.32417143292681 0
10.53401983460942 9.928222975657615 0
29.86080265355367 2.642538535302146 0
29.16950297887822 3.044870529513815 0
45.2540054154202 46.46131359793907 0
39.64939776049932 24.16651862586892 0
40.33967663586092 23.76377209908527 0
30.59500172286932 10.23494888242252 0
36.24121905117005 40.53040541070671 0
35.5514528364642 40.13420350678152 0
36.93536691110928 40.92402262976178 0
38.33658415645912 42.49702686663689 0
44.46426859276822 17.34699499687271 0
45.15492125298805 16.94358608494201 0
13.27326800866713 4.321170725034606 0
16.01319614352322 2.709251695092752 0
43.15597771367641 49.26045203304513 0
43.8458591335131 49.64806445832679 0
43.84767965658125 50.44332133480285 0
44.53685366300382 50.0431509979377 0
44.53843085781549 50.8393600140195 0
45.22703874097922 50.43955323143483 0
45.22537802789876 51.23269307671409 0
45.22612529522456 49.6421572326774 0
15.31858021938352 2.312642334958481 0
14.62949265100408 2.715597746989163 0
3.790462950202476 37.10631817981601 0
3.095410223179999 36.71456254941218 0
24.3240569890512 2.669360854169243 0
23.6294615669757 2.27277632111062 0
22.93876909203247 2.676043360935593 0
38.15756401765231 2.627219584408921 0
40.94287582911102 2.58837127055056 0
30.71050970452117 51.66096276937904 0
2.417374135370947 38.70870860631111 0
2.421961483000325 39.50644831290198 0
2.281990885488091 29.15980983780972 0
2.23726348516277 29.96733663589372 0
2.408573121543609 37.11343456061594 0
2.446495652529399 36.31564984007731 0
14.19080444021395 46.18459753732128 0
13.5026385262119 45.79122510076985 0
14.87981347059957 46.57768097870418 0
45.8238848694595 9.36423104112075 0
2.271939322895093 17.9734450181464 0
2.247193505018939 18.7701214010751 0
37.46050396621035 2.234834076300236 0
45.84210513426175 17.3273884738924 0
2.291131848322191 22.75659856500822 0
2.295043987700371 23.5563659821565 0
2.207452576543333 11.56583007252607 0
2.206857239640784 12.36563331840118 0
2.225321305356557 10.76740399796882 0
2.218933116572208 21.18149567015588 0
25.18589270867437 50.0920439794946 0
44.54670139012273 56.40432893768512 0
30.02676563351259 52.05970102287269 0
2.208832734633805 5.973720890899763 0
2.201659723802752 6.765357124867878 0
2.180009593053871 5.17389346726925 0
13.50710578038192 46.58388918967205 0
45.92504949459278 35.7257127450744 0
45.82009392497845 8.564379275644123 0
12.5711358469716 2.324779182449716 0
33.51137360616267 46.89804112856014 0
29.35103778497673 42.94286786583271 0
30.04459184980495 43.3452334428095 0
30.73727867184681 42.93796628846638 0
30.73442503456777 43.74210386818027 0
32.81917707458953 45.70971483836259 0
32.8161575383366 44.91565272787925 0
45.84589517338878 16.54078054590414 0
29.16571768855228 2.245170217940735 0
28.47488904352856 2.648330112927836 0
1.761497225370757 39.00633340783271 0
29.34540947399833 40.5596711266206 0
7.029331372906204 2.351109807168573 0
6.338534913144006 2.754392366380602 0
40.44277387142675 46.11749728369398 0
25.17912900025831 34.20742856543381 0
27.94046674632013 49.29095498101537 0
9.347102827230255 40.26006262385511 0
7.991238853103309 43.44163015995267 0
7.995274560299983 44.23408121743484 0
7.983750115429868 42.64878458302147 0
27.92133512980879 48.49577062044182 0
9.800308953032779 2.337920134175065 0
32.13003163782216 45.31534646228272 0
12.69792368310016 29.50320827741703 0
39.01391013569842 43.69187091507827 0
39.03107634459117 44.51855678442492 0
34.16266518714483 34.57605645836787 0
32.77131685677632 34.57140736887035 0
34.20012228808824 47.29216642927263 0
10.61605587409583 27.51563989107456 0
12.70159963395849 30.30123664505665 0
29.97185984331657 23.42871232162094 0
24.45071216630375 27.43946927396977 0
32.12579624333864 44.52101306416122 0
9.92066015084286 25.51496525482746 0
24.44746162859464 26.64183075265276 0
23.75426557806451 26.24627608163384 0
24.44379587553492 25.8440481531827 0
23.75044744041119 25.44843979098755 0
24.43934155996637 25.04659821882431 0
23.74628158656355 24.65097981022301 0
23.05731875711547 25.0528983703445 0
23.05346285050264 24.25486945791031 0
22.3642483890766 24.65718031318893 0
22.36040443183342 23.85903512081154 0
21.67107988939129 24.26144164808951 0
21.66723825647283 23.46321300903216 0
20.97783288328227 23.86567454100298 0
20.97398961640943 23.06736326381588 0
20.28480687309602 23.46986115331088 0
8.661505217562873 40.66082405659939 0
24.45086428594994 28.23819902221565 0
7.306841399559751 43.84144592467954 0
31.44144400805451 44.91646387742352 0
23.74276003537164 23.85243926870784 0
17.42171804590983 7.50124208667892 0
22.35789559435499 23.05947020794489 0
23.06843379336697 30.64346001480851 0
23.75965135791144 31.03718554499318 0
23.76374053473394 31.83517258682674 0
19.61110265300212 29.4626334874303 0
18.91852334105591 29.06709359973375 0
18.22971405918649 29.46922697397958 0
18.22613465467749 28.67209078914188 0
42.47936540952051 55.21372437977482 0
42.46923690890564 56.01052454098715 0
41.7932272620778 55.61207601639888 0
31.42805259352038 43.33334194378402 0
10.6921683746552 37.86981573743508 0
41.70091060549117 16.58068504194949 0
42.39343984808794 16.97748342489572 0
32.64695487974527 5.827675907327443 0
34.83326042629659 52.43761082764576 0
41.82406269980694 46.91323680669684 0
41.82352703554194 47.70395322722084 0
40.42013885203234 43.71972170529297 0
9.917216718952291 24.71525030015556 0
29.32817976268987 49.29115644882331 0
31.39439823018942 51.26209294836616 0
31.39787513572625 52.05377513710305 0
34.88624330523444 46.89303127358934 0
34.88892001208147 47.68653282986482 0
19.66557905034994 41.40042614325215 0
19.67022574433017 42.19447399678521 0
20.35947364988035 42.58796021514295 0
19.6741576411813 42.98798742054755 0
25.17639656881173 39.78910026178946 0
25.18002879865941 40.58398169424861 0
39.02675344463327 50.85237245854695 0
34.13123643294949 25.80395946489637 0
16.80678841589418 18.29012346979328 0
36.95450558284475 48.07799515075551 0
39.03121889972144 39.74574543945724 0
38.32999977725627 40.13994714281185 0
37.62442912451385 34.16706552779796 0
18.98472087175727 42.59491314553636 0
15.41891835663463 17.49776550561903 0
14.72496304059412 17.10154403798903 0
11.25332442907715 15.12061099405904 0
20.36304625965443 43.38129565241807 0
25.87280675015335 34.6024668877002 0
27.94967751569022 36.58920594044503 0
27.26077191728745 36.18980420716527 0
16.84610101627468 27.07701513102263 0
31.98542971410669 11.82789235655908 0
14.18192184482788 44.59895619729336 0
17.59521113993971 40.21879248611764 0
25.08137647509598 12.66048682930926 0
25.08518870739239 13.45961948922939 0
24.3912435716109 13.06334760100646 0
24.39503548461539 13.86243107990237 0
23.70111726812691 13.46616792162958 0
23.70491590859976 14.26523494039626 0
11.30896844093891 26.30624960271621 0
17.48563065502479 15.49007833399691 0
13.46412761142379 39.44493512246164 0
9.193814149785499 18.72744431904854 0
27.84627750438507 11.84835811967275 0
7.75111651635027 8.346582140690815 0
7.754956815550849 9.146347888652963 0
8.445636118927489 8.743147020692966 0
8.449479847657612 9.542874344622524 0
9.139855429581441 9.139201590634753 0
25.17376588430334 32.61465746781698 0
16.72612429348743 6.303555141225044 0
16.1774527482676 32.26909616167784 0
11.92518860898878 10.72005898438515 0
13.27705713236108 5.12097195010985 0
32.08169664742978 51.65500096022208 0
36.8260344520645 10.60596639431695 0
40.97340821598441 8.987194196025127 0
14.13715210453323 36.65968411875841 0
13.45084321460409 37.06043588326942 0
5.671246405362752 7.956682165798724 0
40.25207215386216 2.991652373054164 0
3.11468489181948 39.9013058643582 0
2.42661163585296 40.30407810269703 0
3.121411044011781 40.6972048629939 0
2.431393726081273 41.10117407032447 0
2.882511752983134 4.770529741803108 0
2.171605190279598 4.373962230284853 0
2.877519835762529 3.970575393308389 0
2.167939700457171 3.574001846428914 0
2.873515020379282 3.170614654265741 0
2.164091503781024 2.774037228740184 0
2.869638830772527 2.370648970352397 0
3.566803542653036 2.767287286143977 0
31.42233688443619 41.74150022822097 0
35.46855528749983 17.00253272872775 0
42.33214750549647 3.381719273753912 0
42.32837042850137 2.581800621711519 0
43.02301815177425 2.97848129973707 0
43.01923900904632 2.178549412986124 0
43.71390062730171 2.575245193107762 0
43.71765579517542 3.375164033517616 0
44.40855869803093 2.971941428541202 0
44.41234071468307 3.771871431496012 0
45.10730761447901 3.361494881954586 0
45.10770726733561 4.167401467150651 0
45.10656109891062 2.584219014319026 0
45.8027749081652 3.756810270988378 0
45.81023303668909 4.563644639804707 0
45.11234951583643 4.968076583569552 0
45.81476357070005 5.364862802717295 0
45.11637384960025 5.768356374636033 0
45.8110693920828 6.165109852404749 0
45.11832899917942 6.568438359503609 0
44.46538730620499 14.96707855912702 0
15.43612454691505 21.49371484423886 0
18.95712151522429 37.03292408836414 0
32.68792403597355 13.82267738688947 0
25.01863426429891 3.065960001244866 0
25.01481242970785 2.266116017327056 0
25.70941659542038 2.662731369252717 0
18.78731730806677 3.495964103392482 0
19.47799071485765 3.092691199048072 0
18.7834064221367 2.696136878025791 0
19.47414755250894 2.292850305421511 0
20.16869440399333 2.689438679711429 0
7.731664704214664 4.347571685382513 0
36.78390559091046 2.613227620036465 0
42.3661223021108 10.58012000799976 0
38.19591851225722 7.401197244109087 0
35.53785819427039 31.38284352972673 0
33.35111656423079 7.824195277157281 0
33.34683710358522 7.024448473021428 0
34.0416838968849 7.421101998092678 0
22.98055088360739 8.274060866604563 0
23.69730721132025 12.66708544518201 0
23.00716043591596 13.06991697453059 0
28.5817483608253 22.63090273352683 0
35.43377883630746 9.013592563940096 0
45.18055453611774 22.54193751269602 0
21.72078314059151 39.40501333842982 0
21.71711522513729 38.61020182372248 0
22.40735149861088 39.00447410865311 0
22.40371855138704 38.20958104732961 0
21.71331696601857 37.81518256879259 0
44.50416784268086 26.14282848833719 0
45.19484889654141 25.73997098993494 0
45.1953220343494 26.53912638142839 0
45.19122386829444 24.94041922237132 0
45.88555285757445 25.3370704398831 0
45.88719000376479 24.51518230880664 0
32.04767797840407 23.81801454858638 0
24.48773477059128 40.1888653415578 0
7.801350055621166 17.13554673811133 0
9.922245556916552 26.31669330404666 0
38.28870487864119 28.17567367034478 0
38.98230569446196 28.57182559468055 0
38.97777606007287 27.77181646356516 0
39.67214207157191 28.16902902220191 0
39.67592653077519 28.96807036993449 0
40.36595594557496 28.56544465807271 0
3.035991048155978 32.7427230134397 0
14.76217855144597 25.09115304413718 0
2.319534128022707 28.36655825662428 0
43.75865662287767 12.17291950280194 0
45.125476821767 8.167806895275874 0
33.45965530073973 30.19617692127567 0
33.45599288033271 29.39826822202897 0
34.14891822707239 29.79399265842019 0
34.14524898462454 28.99597247666324 0
41.78606692461876 37.34134123937277 0
45.79932754209807 6.965124141460564 0
27.17865822849547 19.44087977791959 0
27.86837067006336 19.03834444743211 0
27.86460482063159 18.23976999845803 0
28.5581140779562 18.63581271569836 0
28.55434591692984 17.83718826259416 0
29.24788437263366 18.23326032176708 0
29.24415995140986 17.43458843423024 0
21.67525809867625 25.05955312407791 0
38.99617888497557 31.76576046337267 0
39.68951954701948 32.16178494824703 0
39.6856452171657 31.36350484831279 0
9.905428987288166 22.31798855093071 0
9.901561370525787 21.51880456840931 0
10.59177427808723 21.11587991444926 0
9.897853637391616 20.71983786268154 0
9.909325327808247 23.11710649399924 0
25.86994621656043 40.97799864888258 0
20.3033759344386 29.85816739294532 0
34.78608404958754 19.0034816483563 0
42.48818568359103 40.13157340330586 0
43.18110007570071 40.52752905488713 0
43.17271056883124 38.13454045433178 0
32.81291333348949 44.12139444817399 0
27.23410598087866 48.10382243796855 0
32.04389065674713 23.01965766970685 0
31.34971004584894 22.62234578627875 0
32.73692536383573 23.4155600269529 0
31.95213919808404 5.430930430237924 0
4.337213625638899 16.75221764972171 0
34.03783490319785 6.62162170445621 0
34.73210930911677 7.018268594998107 0
5.076413826101645 25.94180764914174 0
34.83827346051351 29.39180649591754 0
12.66975353507196 21.50559915276738 0
17.50042323751126 18.68630116800185 0
22.97862064093974 7.475847642288819 0
22.27923878498426 7.87782369101327 0
5.068752532296092 24.34290963800053 0
13.36366499176186 21.9018036933707 0
13.36749174627604 22.70082033478834 0
14.05751956023693 22.29799801772852 0
14.06133802022833 23.09694397591221 0
34.09239406664069 18.60803689258177 0
44.54013087776358 53.22288882953887 0
44.57683352858942 44.51165617074491 0
45.2517374752662 44.89933589336951 0
34.77460716064453 16.60630717546221 0
29.86798378432053 4.241233894814042 0
30.56262016233888 4.63789800052681 0
36.24674673123302 42.12042942471587 0
9.925487999399994 27.91926894353043 0
9.929896576047476 28.71796317244513 0
28.47910339517007 3.448145471235449 0
27.78453014107717 3.051598055712073 0
27.7803088963566 2.251742253172809 0
18.18990699368236 18.28423865462464 0
11.97583045497501 21.10937400529476 0
2.960671745851171 19.15901688609359 0
2.2491841572357 19.5775874273968 0
26.48937438612106 19.84341588149249 0
34.13421706767609 26.6021486264375 0
14.82254935990602 36.2586220101748 0
15.51342042713125 36.65282999079434 0
12.09669640962633 40.24704618179479 0
6.369371756429636 9.152490067810906 0
25.10238912248233 19.05148414975623 0
24.40892627557787 18.65550659190327 0
24.40498186305447 17.85752642938885 0
23.71548684033671 18.25963555017192 0
23.71148313978885 17.46108290106599 0
23.02222281753392 17.86378563516451 0
12.77471945775246 39.0516462454321 0
12.76923996467347 38.25646511694912 0
12.08494231949041 38.65840416228444 0
17.5493269845197 31.46596109420106 0
18.17534229954673 15.08822393804342 0
34.08474957054136 17.01007447137519 0
40.36904522332671 29.3643868655825 0
39.679417508827 29.76681970506016 0
40.37159675910181 30.1626547828136 0
36.8413299046277 14.59812095366031 0
36.84498262125469 15.39702811191477 0
36.83761194897373 13.79965018574474 0
37.52796945691272 13.39658582465323 0
36.83371287708657 13.00095022281151 0
37.52467738068655 12.59744923166163 0
36.8299618520895 12.20086138205656 0
17.4743488294757 13.09257238164378 0
43.84866844820208 51.23860768924358 0
9.84306228920873 10.33216102497351 0
18.16777573782849 13.490068848714 0
35.46474178116259 16.20345133818067 0
9.292262165509561 34.69632818205568 0
7.880320229292353 33.11595122456017 0
18.17899476952491 15.88746588465201 0
39.61031900127874 14.58560541358957 0
44.56478370883721 40.52387868937537 0
45.25900087903785 40.92165077632436 0
45.95062470317808 40.52002078724409 0
11.91911777189362 9.922408184987761 0
4.285458050976511 7.96287774498859 0
3.594785614363433 8.366479593568391 0
2.900280856589488 7.970166190488311 0
2.90379219202324 8.769459846287081 0
40.36232506535955 27.76653780349049 0
40.3042622129263 14.98162277399015 0
40.30902339308444 15.78167467016547 0
24.47846303356144 33.01673737541565 0
12.61471717169337 10.31845723389355 0
24.3979376132455 14.66147916608689 0
23.70855749730972 15.06424592023381 0
23.01483589236382 14.66802635640039 0
23.01864867285879 15.46702676989558 0
23.7116120777822 15.86319537925284 0
16.78031751992946 12.69621643319999 0
23.01957181441497 17.06494103290233 0
29.32644132163091 43.74716427761281 0
29.22698823328273 11.042595579712 0
29.23071373662111 11.84187488250934 0
25.77649074790129 13.85736606869439 0
38.95925053790399 24.57224058029427 0
38.95590706055744 23.77321841571501 0
17.5453586542646 30.66869520130589 0
23.75679577287758 30.24126545931148 0
24.44821780800284 30.6352518153544 0
24.44565209543437 29.83975480894894 0
38.96292550240822 25.37180265477002 0
32.07918004811998 34.1761003782577 0
31.39147372317132 34.57624471415701 0
31.38706892765035 33.78064780494481 0
30.69938961943044 34.18077349170564 0
30.69557616500437 33.38411754942226 0
30.00747492150366 33.78536353225914 0
30.00360460850716 32.98846339576312 0
25.05440912656298 7.066213996414906 0
25.74856726755674 7.462925464547645 0
13.96594607588348 4.718030464972506 0
13.97128600756938 5.517614647630475 0
44.46510862206529 16.55246191491507 0
45.91516472623181 50.03623655232589 0
45.91472451365631 49.2406090065046 0
29.21871964662083 10.24325443790842 0
18.11700898503731 7.896140502631226 0
18.80677029615295 7.494277357285512 0
18.81100386723063 8.293253555734198 0
19.50108980902246 7.890784374288057 0
19.50533756988903 8.689682012559919 0
20.19540584639188 8.287207397456431 0
29.3394962814039 51.66711851689253 0
37.65041406649011 50.06063141981262 0
2.310827968004363 32.35549821918821 0
2.311907607508768 33.16297659919643 0
2.332657791535194 31.54967516783814 0
45.84602457519079 14.16261360985978 0
45.84313093572312 13.36129772914894 0
45.83494151028108 14.96066749649378 0
41.77776922162224 49.26428380039192 0
38.33971585719286 40.93106521773358 0
45.8701912150101 22.13895730670925 0
45.88691698672618 21.29328092888817 0
45.88566414965646 22.92701691442245 0
5.20742359027432 43.4565530929253 0
39.72476465809063 47.29057999109789 0
5.137717790249903 36.32345904175905 0
39.75056586088126 45.72314411239486 0
3.093667681867117 35.91267490492993 0
2.407277982592465 35.51695900921387 0
1.579432175518146 28.76860780508495 0
45.92693418670351 36.52498255451644 0
45.92398224851299 34.9263407284768 0
45.23252289231364 34.5298703009683 0
45.9176281200172 34.12696962131546 0
45.22836078114648 33.73046547701715 0
45.91406553593991 33.32754789049979 0
45.22460857847167 32.9309112946168 0
45.91361554084106 32.52806373408111 0
45.22160495619762 32.1316241481344 0
45.90778112207335 31.72862440577891 0
45.21771984518638 31.33217228343346 0
45.90435472485264 30.92913383367773 0
45.21398175415522 30.53247951054253 0
45.90335359956212 30.12956307593791 0
45.21128133869405 29.73290112993957 0
45.898052469601 29.33001751971975 0
45.20717968985591 28.93359849321098 0
45.90475750180355 28.5092203340485 0
45.20506306063613 28.13108080739454 0
45.89749141829399 27.71905216620387 0
32.08248074348073 52.4420998309707 0
32.76851045622945 52.04710795385083 0
32.7723552849698 52.83948487526578 0
25.70559318514452 1.86286773661756 0
2.188183550397714 1.99672793556284 0
40.23620949956033 2.19922711600847 0
5.831433645097404 36.71847070281856 0
6.515209324205843 36.3164039814863 0
12.82304294184212 46.18339198223721 0
12.81562520914826 45.39745323425853 0
12.13609081128625 45.789437266939 0
45.9458963675418 41.31846924180159 0
34.83680621093994 53.22955803027482 0
35.52425335373734 53.6224655084561 0
1.564625239712687 23.16546219976494 0
45.93734269797615 38.92206943684904 0
45.93963193525668 38.12290802784377 0
45.94467736320541 43.69967922730338 0
45.95517756659122 42.90931661982327 0
11.88959378853425 1.950541085363283 0
1.503097597081353 11.13677844221793 0
3.563357678457816 1.96731738202398 0
4.258512424030052 2.363967824168957 0
4.262400555516854 3.164011281431627 0
45.92863046511853 57.19581892417515 0
6.33465048957055 1.954448555113909 0
2.209430508334003 8.37340321305005 0
2.215006929354661 9.171596822438573 0
22.93483470625282 1.87617872369986 0
22.24417272869392 2.279488977960213 0
1.500482650990369 5.600374404649253 0
46.52922480440814 4.145621716640766 0
46.55672865286429 13.74543414702004 0
39.65336943660614 53.60647795845182 0
39.65842657656644 54.39892565012337 0
39.64419849830996 52.82161121211946 0
38.96304704389745 54.79788283641452 0
36.94622752984627 49.66453088788788 0
4.499060326348349 43.87479584857134 0
41.12422267668609 47.30877992787615 0
9.105678545750994 1.941237477799093 0
7.735571344276882 1.974203992455159 0
33.51438540014405 47.69177785185188 0
27.93387743249532 42.95032353512003 0
27.2345597433122 42.55658479109014 0
7.22034200980047 35.10809373788982 0
27.92728433066384 38.98622272037347 0
28.61484107061708 39.37648368525232 0
39.01596413923246 51.64618642538672 0
27.26489531062632 36.98514397591372 0
25.18483269721676 35.00405146062438 0
25.87619186570087 35.40065575056468 0
25.14210523878794 30.23331709746157 0
34.16228112901747 36.95483926286505 0
34.16560214307206 37.75160671554728 0
33.47726058113624 38.15266060608488 0
34.16852412491131 38.54791460171521 0
34.15896111897658 36.1579715915906 0
34.85617370823977 38.14866123459218 0
46.60146270654609 31.28489767835001 0
27.93748322601907 40.57146455941941 0
27.25182488751154 40.97276594702105 0
11.99758546659048 27.51058194493695 0
12.6916953685762 27.9065989824458 0
22.38448681422255 29.44652674050286 0
13.39355903013525 29.89817168711599 0
10.71314213537328 39.46137065955288 0
23.09397681832876 38.60402410376791 0
23.09759938388065 39.39883925109818 0
20.20013179589353 9.085220108546967 0
20.88979291718678 8.683449750492926 0
24.36079238050302 6.668524413062475 0
27.92574400966845 47.70585616400868 0
46.60742499416479 33.68382969903564 0
12.07930800261493 37.86322249300564 0
25.14394606525966 27.83573176133408 0
34.14929216334508 52.83666406977961 0
29.28254876834339 23.83113027812529 0
29.2860485604574 24.62718491767945 0
12.12663907007629 45.00474267577746 0
11.4439722307218 45.40434146467326 0
25.18206203311812 41.37837858269323 0
34.86316368830584 34.97585137133957 0
35.55201267313132 34.57402786982333 0
22.4015811961431 37.41454273495318 0
21.71002909561066 37.02036976585619 0
21.02294467102639 37.42091350975866 0
21.02035303984278 36.62624296583636 0
19.67796016669774 43.78134602178543 0
9.225568897402901 25.12073559223612 0
7.209121504145216 34.31041066417956 0
9.215260880408405 22.7209372305216 0
40.87313535418378 1.821157361295953 0
35.57507375322039 47.2874726459784 0
35.57815636014644 48.0808189798691 0
14.72848259587147 17.90092671247261 0
15.54553012339208 43.00668413892342 0
38.33298813596603 38.55074852569566 0
21.04852185455775 42.98146707229626 0
21.05193996468066 43.77471431092312 0
34.83407168812517 28.59297346863084 0
34.14089364998529 28.19765525202891 0
36.11642231672842 7.011257507734894 0
20.28103893777438 22.67151360274765 0
20.97134949710209 22.26785789039533 0
36.80245780405276 5.807804089967143 0
20.88580416622985 7.884217880580785 0
38.25228339688844 20.18636263731377 0
8.552157016480331 29.52167259998713 0
11.24966238706224 14.32123178327896 0
32.67577295251589 11.42495047145609 0
38.90738479553816 11.79416942243444 0
38.1921342988906 6.601540721493856 0
38.88659113168834 6.998082733273288 0
41.72763334210981 24.55652641419395 0
9.136255341247853 8.3398784630712 0
9.83063435952821 8.73623452365155 0
30.59017550915284 9.435240964299449 0
38.33065541229374 37.75390523140616 0
12.58627232229635 5.524159021336463 0
10.55523833061987 13.92478778448499 0
8.426365837318972 4.744155947490112 0
11.2570153486985 15.91996709591721 0
11.94787175641643 15.5168095622078 0
22.25209254809565 3.879095322173902 0
21.55759653270201 3.482626959615269 0
16.09004742410997 13.09910062704546 0
16.08624275176179 12.29983389825543 0
4.317533779398914 12.75507843220176 0
11.18788403754133 2.335093302962456 0
11.1910615138162 1.446543280133183 0
38.86430199541618 3.002553702916682 0
38.83715860277351 2.125178778299373 0
3.717069881466591 30.74290008018115 0
20.86696330667655 3.885826536415772 0
25.75291835042485 8.261265539684125 0
26.44362348902173 7.858050224159118 0
2.927059539058547 12.76197855851495 0
2.235358506709917 13.16533905354848 0
44.44275768761583 11.76983151385422 0
45.13750249956256 12.13284317531635 0
34.73596108566787 7.817700070083772 0
6.342436266173966 3.554326051670657 0
33.44471405034305 27.00466437498008 0
31.2952567940239 12.2308183581362 0
31.98936686252541 12.62714223839012 0
31.9563085818018 6.230919297195031 0
5.64792738407392 3.157626383147815 0
5.777899401213777 27.93672510092643 0
7.103117145812128 15.93993255394327 0
6.408692218526244 15.54356970296136 0
6.404818242098084 14.74405600044952 0
44.53155281373833 32.53461546998216 0
29.87282519495991 5.04157986620377 0
3.821367461264005 41.88272559304671 0
3.136259429883234 42.28366286502986 0
5.023722411657443 15.55053081278022 0
44.52067631710084 30.13648346703569 0
30.70779982073305 35.77503969687427 0
34.84171675949798 30.1898291948096 0
14.75112374127279 22.6945534104047 0
14.75495337205445 23.49343968140661 0
8.660874642206311 41.4546367518396 0
7.959295336684666 41.06288273827913 0
34.17272370063559 40.13950336097239 0
43.17783821852386 39.72995193639779 0
5.096188414721831 29.93741810495495 0
12.10031144969258 41.04071276234193 0
43.18668795921369 42.12311064965579 0
7.920798749728709 36.29246593832281 0
40.37831199720004 31.75896425691383 0
40.38199167535087 32.55768980233302 0
20.28884228298966 24.26804960860101 0
19.59620275229133 23.87178203259556 0
37.52078133908223 11.79834216968188 0
17.55440187729844 32.2632769840484 0
18.24644325266362 32.65830800813347 0
46.61346572461864 36.08265713881659 0
36.15136902621196 15.00238640178286 0
10.58794495983949 20.31665244834988 0
9.893317013067172 19.92164068963215 0
34.8237142646683 26.19945642669605 0
29.31599540367305 33.39032326532667 0
29.31216306997203 32.59330867089514 0
30.0009612208019 32.19177334905493 0
29.30868298775281 31.79620530529608 0
29.99776461450271 31.39435354845121 0
29.30439616713076 30.99804034393749 0
29.99271161122289 30.59752196398531 0
29.30093805997141 30.20114348521972 0
20.33321701656362 37.02710794011382 0
38.91481739753906 13.39377795422094 0
41.05810728249534 28.96134821761274 0
28.61325687938183 30.60404223980376 0
4.359245920531435 20.74723087983849 0
5.053376701685012 21.14452369953707 0
5.057334367412539 21.94391449081413 0
37.64244416975857 42.11473643742511 0
36.9307150073023 40.13007515283094 0
44.53846232135304 52.4282788429417 0
45.22967089729421 52.81908131403419 0
34.86152693920339 38.94342063704025 0
41.70359101193539 17.37976927878795 0
42.39952666079491 17.77717620206961 0
32.77324331330485 33.77990260858058 0
36.2540673219048 38.9488610783181 0
27.08971112539198 2.655132331770214 0
29.99118271521016 29.80260309571955 0
29.29793457797405 29.40449679476932 0
7.760546664099391 9.945639175732056 0
8.456400785657776 10.34162641994759 0
17.53682808556294 29.07377941811822 0
17.53615438507061 28.27489759328003 0
43.15682330288271 56.38607839669828 0
43.08655530405932 17.3679996762565 0
14.61321089244328 1.946815165085161 0
15.26728197975633 1.438467573523962 0
43.85122255897577 48.86363754362957 0
13.95708322608197 3.917021591406038 0
46.63298868710216 38.48066605620627 0
30.6010359346129 11.83451414289504 0
14.65738639899102 5.113711271712931 0
14.66338880289884 5.914285569577673 0
46.6403561195489 40.87871447983301 0
13.26575977546615 2.72145277871695 0
13.27522348268101 1.955457159140065 0
39.66506512458901 55.16713707580735 0
46.64631120699715 43.27419656615291 0
3.084024432501438 35.12585184257119 0
2.399831230824114 34.72775454376037 0
42.49678747412131 48.09260503177033 0
45.23206055879022 48.84315713883593 0
45.91406013891578 48.44281032710681 0
42.47902819357977 56.78889714183011 0
43.65117535772231 1.715688076870777 0
42.9698794388817 1.362712712896846 0
18.76084075403474 1.928941380007793 0
18.08566769896616 2.305037142949351 0
18.05409965585325 1.534642091864442 0
17.38848758703476 1.90979075506578 0
20.14970698592006 1.916176901149256 0
20.8568240593857 2.29064866555389 0
26.57038372533749 50.86138766850611 0
27.26130493613494 51.24834944585269 0
27.941130897276 50.86903496954496 0
27.10215305528649 1.882429102631789 0
3.15580169617435 43.05111935738779 0
2.493894602845196 42.68029053478796 0
11.46427398066979 46.27616877507521 0
36.7704553370648 1.837534613504073 0
36.09205725284557 2.211628248890878 0
37.53205535246401 1.421849595452367 0
34.14539663701544 53.59172825821231 0
29.8563983319848 1.841734337657142 0
27.97477276140423 51.61255515248392 0
1.722098693438522 35.93476570429397 0
10.76788476444754 45.79478772321448 0
10.75663976554715 45.0122702091578 0
10.08462727752222 45.39044322837601 0
1.846705149340435 38.18944258615593 0
7.34067528219555 44.62805288831093 0
6.646636730719072 44.19677566288938 0
17.31653517396557 1.140117891744356 0
23.6051105947843 1.508379911189314 0
29.25966572617062 52.40392334212414 0
1.769772988545969 40.60320817527537 0
1.757997138309064 41.52689464157107 0
29.17028471410705 1.517927876246522 0
12.73176291296439 46.91934675099837 0
1.647900059142798 31.95080786242881 0
1.643816305777344 31.15156710077493 0
31.3708414281482 52.87384576606865 0
1.578883571175979 23.96446539207735 0
2.275509813386002 24.39055628286072 0
1.589409814131849 24.78214517673792 0
22.88395205440592 1.121166676355307 0
1.554537917928228 27.86800454054604 0
46.50997907310379 3.327683068438014 0
46.53304622070353 5.726944333134467 0
1.55689764873856 22.36802905377481 0
1.561799713773231 18.36843170620948 0
1.557097063899388 17.56945873276155 0
46.51780004523555 8.948533813890137 0
46.57871426740918 9.719273871452422 0
27.28054632532852 52.06294935733837 0
24.93121618648637 1.379239410524777 0
25.66102011242284 1.189681641056268 0
38.92348105789277 55.54339028975131 0
27.86406794091761 1.402709994739419 0
8.012195584834103 45.04302123466034 0
46.53697145087109 12.9348052671169 0
20.8353117437321 1.420068718282887 0
46.54114250492503 16.92464938778539 0
46.57142778277328 17.69816170018951 0
0.8705114373754383 31.5699962498755 0
1.557864432544717 32.80774487419411 0
1.657838881724674 33.61999009756467 0
1.490719198765271 12.773770882537 0
1.52065305827895 13.57695820470673 0
2.239191821324535 13.96661755643108 0
1.504674513132449 14.37698233593878 0
2.239755952225104 14.7667994588462 0
1.519539073887118 15.17414309512234 0
2.23086467031925 15.58714410047333 0
2.943698687179777 15.16178194300426 0
1.542938637858347 15.97591127606957 0
1.509165095711191 10.3590453911035 0
46.5765636488627 21.69979750137015 0
0.7861256730122738 33.33627734452549 0
46.5919989535422 24.88694726621812 0
46.60996986996737 25.67106581167264 0
1.450037425768227 3.982226475799769 0
1.504827453945141 8.781054792979297 0
1.481661231320083 7.971896437453901 0
0.8112402700024801 23.57910026281477 0
1.487710535883231 2.377303047758296 0
1.510973515652801 1.467285756398191 0
16.65743008374313 1.536864857095277 0
46.60339533537883 28.88241028011109 0
40.36670750489647 53.21566047164476 0
0.8184679879076685 17.97811080926349 0
1.482192677599384 19.19559035182742 0
1.513894063073936 20.00401609370718 0
4.255041637346896 1.563997291458781 0
4.949761423953078 1.960650010846373 0
3.575910012182556 1.185918280489775 0
0.7809237509716842 15.58451219745535 0
40.36211981930368 52.42754177773516 0
9.796538131004359 1.537973285016931 0
36.93511322487474 50.4560916123086 0
34.8919313528418 48.48057333508829 0
32.13311423556665 46.10934764062186 0
38.33102996538804 51.24918371176921 0
32.79066147008534 47.29551407965876 0
2.587927877641852 43.47258454099664 0
40.37379718170986 54.79601125670107 0
40.38275126438973 55.59678872496549 0
39.73486763875707 44.91950547512628 0
39.05228472404131 45.32848262815569 0
38.34608770091761 44.95336001759944 0
0.7603672587012404 25.23384875953727 0
1.577260602098954 25.74692795252217 0
1.327638724714384 26.54257294502874 0
1.933302766522492 26.43185550473575 0
1.8433278963941 27.11411655970474 0
2.31972750935831 25.18795303836061 0
27.95118054378734 42.1579541390591 0
28.6306131118441 43.34517067693637 0
28.62406051937943 44.1394946293175 0
46.62859439503127 37.69262934228139 0
46.48513130340599 8.123323300052935 0
47.26786381092825 3.669381838013298 0
46.48203831656863 2.501790745927859 0
29.9395428821104 52.82234689194408 0
47.19253957875445 7.655507541156929 0
0.7929759293924094 1.980651760188916 0
13.42452317980111 47.33997927086715 0
46.63469203889796 40.07973114601241 0
28.64165319367708 51.25754213451748 0
26.57359808423506 36.59020219193057 0
6.520542531397393 34.71202532902461 0
47.2087278304773 2.050554053041389 0
46.43232492051504 1.738473649198234 0
9.137989945498427 1.164910305424477 0
28.64398843409707 49.69053588297982 0
46.63905823058261 42.47521595098422 0
28.63107062586217 48.89529736504705 0
25.18615770097846 35.80188565326641 0
24.486757372483 34.61043290330451 0
7.26034744231649 42.26086508800111 0
7.260458369681427 41.4651439235063 0
41.12933696497369 48.10496041416545 0
25.1354241461691 29.43675894752166 0
38.34195698268675 45.71690107853402 0
46.60831514300134 49.62805303999034 0
47.25859132367396 9.295463373564548 0
1.474237902495262 16.7961495277922 0
2.239590157360621 16.38882212297916 0
8.654946813900811 39.86662457579695 0
9.333165644830432 39.46783136894663 0
46.51403791504283 16.10992029553534 0
47.21631377382695 15.65215231614348 0
39.7097693008064 44.10428460905165 0
39.72622838620318 43.29760208387558 0
39.75001479180798 42.49998086857928 0
0.7534129650977495 13.18550116558554 0
1.48807996202217 11.94234125254623 0
0.7842176579014248 9.195365110649391 0
6.514032407097503 37.1131477424211 0
0.7689072725918351 11.56046783788312 0
28.61559331436798 48.09890019474078 0
30.6905913633524 30.99876932182945 0
24.48145263787334 32.21865741456111 0
37.63184880216683 40.53018329845314 0
21.58156353058554 8.280644449695441 0
21.58391084783391 9.080136457138602 0
6.52689849281554 35.5104827014237 0
5.816970010592279 34.32055275441512 0
22.27751653559619 7.07920351625766 0
23.65097909830448 6.271924275045288 0
25.14450173451457 31.03052074761615 0
13.38729263842892 29.10101274134335 0
20.30145433240714 29.06046522761923 0
25.83029386990321 29.83106756829679 0
0.751204859028098 7.584350897221077 0
1.49169565254653 7.177560659222515 0
38.23243003397829 55.14278390060705 0
37.48568717127439 55.39444457480914 0
18.91902481926764 28.26841100962285 0
11.38950623383799 38.26435330882025 0
20.99424999540773 29.45811741348952 0
10.06648128108702 44.61704713461263 0
35.55474452775519 38.54846727154858 0
26.57340146095792 37.38899478391303 0
27.24988743717836 37.80873783238773 0
28.62286226600653 38.58390554544672 0
29.30712723744394 38.98539395211114 0
28.59311768268369 24.2338049180944 0
12.6889668676747 27.10750204490389 0
13.38256077036419 27.50288826993685 0
1.420516586434416 3.179970078334724 0
34.85202977916437 36.55522936323356 0
29.27711351826224 23.0304070401528 0
47.2694602901577 17.28084118107517 0
47.27994908523387 13.27120700898591 0
46.51679471056039 12.09635184903919 0
47.26687090503936 11.60505743243864 0
46.57384037533322 11.22400037228992 0
45.828281545987 11.66802601299107 0
29.96588432178248 22.62702355910257 0
9.923959895604177 27.11780379195635 0
9.233434620502715 27.5220244431822 0
13.44452032561059 36.26525339733995 0
23.78736627131928 38.99891564514901 0
23.79206307135109 39.79364203999712 0
32.03964333065975 22.22051127895185 0
41.00067337635646 15.38176386309254 0
41.00637479364416 16.1832534755534 0
33.46394192233574 34.97042042378472 0
13.39874835879491 30.69527234060971 0
12.70548859264619 31.09918765224518 0
13.39822110190666 31.49478290062149 0
12.70880810759593 31.89587885216377 0
13.40184465372696 32.29225230671628 0
14.09052633099426 31.89038013056958 0
25.13411888197982 25.44044412375204 0
33.46438509706238 53.22830554989245 0
33.50602926759256 53.93328533443123 0
22.4009806233226 36.61961293363751 0
33.45725654859316 52.44075700978013 0
24.44935889924252 29.03928524314812 0
31.38355553230504 32.9864001839 0
32.1206361504427 43.7265694216721 0
46.61483680414023 55.2028021663278 0
14.08806127464904 29.49195154867097 0
28.64708499870755 42.54980895229155 0
9.219139465032455 23.52014131272703 0
29.98733555444457 29.00247364381659 0
29.29437420757293 28.6066426111372 0
29.98358297626078 28.20462119588918 0
29.29073619594773 27.80890992552921 0
25.12752376609976 24.64266043450004 0
25.81508420376482 24.23613232736621 0
25.1209848620913 23.84524144199141 0
2.910572826133939 9.568077592087885 0
9.207067219649328 21.12356175372587 0
39.03980381345471 42.88993918358464 0
39.06135192018103 42.09428043942026 0
29.98035270435004 27.40729669742752 0
29.28695597810673 27.01068045920262 0
29.97682179000049 26.60939011256667 0
29.28313122458871 26.21471690694287 0
28.59407353367687 26.61737645011 0
38.32845273253129 39.34517216243319 0
0.7474127775971957 19.60048753569812 0
1.453688664381933 20.81017123065615 0
35.55091909513057 35.36997400085494 0
29.30928119716376 44.53015620029554 0
30.04006111239061 44.14509561908704 0
30.74567438054046 44.53144654147446 0
30.04465510768144 44.94240125724592 0
36.24445937632361 34.96967669228057 0
29.97535853664862 25.81336920930518 0
45.7934174295568 2.947073422278847 0
9.384261629892467 45.02033098650915 0
9.453862034305143 45.7777903007658 0
8.73543369547812 45.44433672520092 0
7.280732077732478 45.5460856976145 0
27.94219655533405 37.40137542491745 0
25.14413793177658 28.63556842097154 0
30.00937225484106 38.60209939122255 0
30.00069329976739 39.38168131090693 0
27.87240180244216 19.83689705592708 0
33.45336456972343 51.64918225515144 0
41.78746320442753 54.81576630004859 0
41.07300204614442 55.20822466149228 0
41.04941064174827 56.03749108302502 0
41.78708296142811 56.43814290192288 0
40.29631443013056 56.53282811396096 0
46.63449072561727 57.567155383961 0
46.0609869034115 57.98093344132483 0
45.23907266551303 56.79671256010411 0
44.53311980326484 57.28016766910262 0
43.84362888484981 56.76240021418985 0
14.03461821044478 17.50453289606057 0
14.03094729422602 16.70532804172227 0
29.25161303208418 19.03191874642196 0
25.87419485210401 36.20186357190411 0
7.212107235505105 35.91379025867811 0
43.85264368125048 55.99724893486403 0
13.34084051178657 17.10817585081472 0
13.33700405657457 16.30901153489835 0
12.64589586458946 16.7123213838425 0
41.13168025405064 46.51666411420447 0
40.42844630103536 46.90401987392222 0
12.7581241499831 36.66806744456174 0
10.05464471774712 43.82749086141551 0
0.6699115775306741 41.20047484621302 0
30.70368460447323 39.75954951884431 0
29.93789440837821 17.83064988916733 0
29.93405277159118 17.03189632635451 0
30.62444783723852 16.628944210207 0
8.69609928820817 44.63385299455003 0
29.31838589495513 48.4965332543041 0
30.6317570141924 18.22697704423184 0
32.07834211663194 50.86330346205314 0
16.81038583741939 19.08919876094108 0
17.50400215999311 19.48545776761491 0
16.11591910652924 18.69338089943644 0
21.73762314930223 43.37510817585175 0
21.74080535025072 44.16834617265174 0
21.05575345518892 44.56809332185146 0
21.74436236569496 44.96139922791897 0
22.42987368385697 44.56187788656916 0
37.49738080951857 6.204740689443054 0
34.14331841694333 52.04356243969637 0
12.06376615450807 36.2749876998143 0
26.56987146030931 35.79405926259277 0
22.32463499706785 15.07070378551386 0
22.3275440248542 15.86980763048403 0
22.3207212270754 14.27167338983387 0
31.43183480611281 44.12707188792729 0
32.11588514804866 42.93102844547823 0
36.26409968514122 47.68212073834761 0
36.26693637562695 48.47592562467972 0
38.33865935452861 50.45658983703473 0
43.7745142019243 16.95886131054815 0
35.57259959283858 46.49368938426248 0
12.80913893009007 44.60510841463947 0
0.7165148758678512 3.593389184996187 0
1.464802650410181 4.799137545819784 0
0.7593949785269337 5.206575290981766 0
6.564681049119013 40.27786798925273 0
7.256596433312425 39.8760564938152 0
7.263345391667572 40.67050763459838 0
33.34230346850345 6.224568239439834 0
34.03296880091157 5.821625542432373 0
42.47714343521143 54.4189663243827 0
30.56776035407272 5.438215638696509 0
13.43560506109096 35.46899386612172 0
32.65178833753562 6.627931062360163 0
36.95457450970154 48.87170823203304 0
36.26093832565985 49.26900573631178 0
23.10322194079328 40.19340992953536 0
0.6440611104570628 42.77967966663013 0
1.307773414907123 42.34673771626231 0
26.43549589400786 7.058329114758433 0
14.03837660031419 18.30370086428262 0
3.007589115463601 30.34978992751376 0
38.27476392117084 54.37984717117314 0
27.09481396444132 3.455483559376932 0
5.896859052636828 43.05983862886747 0
5.931811346263029 43.82215017041041 0
12.01644660307836 31.5011239630238 0
12.01922460420346 32.29780584250143 0
25.04291375891039 6.265117975775546 0
47.30716033943117 51.60072762639192 0
46.61327068788623 52.00276236888546 0
46.61498738665774 52.80030694555271 0
45.91992433747354 52.41221039054802 0
47.30670801095926 53.19918264825287 0
46.61502864198016 53.59933018219073 0
47.30700615852075 53.99928417886552 0
46.61465090930935 54.40144380405244 0
45.92256490433504 53.99963068296844 0
46.6085381845135 51.21365840483746 0
12.64246569138031 15.91291087745823 0
41.12108948296616 44.12368564868063 0
0.6779150139139096 37.19915063369251 0
1.37775306918234 36.79129045110096 0
3.844478359170973 43.44126966348099 0
3.839269923873089 44.26301213788427 0
38.88268297299241 6.198325848719056 0
39.57726497867017 6.594975311261522 0
39.58105423192263 7.394681744981398 0
40.27171212019368 6.99157035462293 0
40.27539107300852 7.79124840389103 0
44.51342947758123 28.53668269306607 0
23.00316213186109 12.27076359643442 0
40.2678532098265 6.191663114359839 0
40.96230239847225 6.588225666283314 0
41.07777861365721 52.8264076357433 0
40.36969419872966 54.00782832165443 0
21.68751989935922 29.05812539666437 0
47.30497282722196 48.40671296892066 0
46.61072563727033 48.01515897040031 0
46.62233736539247 47.20283608687645 0
45.94192945774705 47.6230496609886 0
47.30855629572075 46.80055636625176 0
46.62450788638916 46.40081713270403 0
46.62139448381971 45.60923217224676 0
45.9416656543422 46.03828750494737 0
47.30982902972421 45.20307256363135 0
46.62044713506798 44.82793580240619 0
32.80817542692584 43.3263421644746 0
12.11900342669243 44.2129779202391 0
13.49200907982192 44.20202383978222 0
7.955456172210559 41.85576963643882 0
0.6020576381085478 35.60755491768693 0
47.30751558906726 55.60104268550226 0
34.82897226168878 51.64476386057656 0
24.48237607178488 39.3938559931781 0
30.01166553386422 34.58267752501035 0
10.68722124910214 37.07440052169444 0
0.6928203230300221 39.59999999998405 0
0.6691902196668015 38.80018926579996 0
18.28194636463625 39.8183495393297 0
18.28520190558937 40.61270440821183 0
18.97538248821788 41.00655274179854 0
18.28912644530646 41.40689839118977 0
39.02564046666335 38.94735854829864 0
39.02547476304173 50.0577288516951 0
34.80693225618248 54.09209265821448 0
35.61433670510122 54.44514544946834 0
36.23720782770073 54.00269145922958 0
36.90227304207433 53.61290227220508 0
36.94612307858209 54.34325569957416 0
25.88206262237708 50.46961596619236 0
25.24095091469791 50.89801019992399 0
24.4089488427327 50.59758135522733 0
20.37156979838927 47.3429541382306 0
19.68761040427691 47.74201081200471 0
19.00002087022487 47.34935848596822 0
19.00384966577245 48.14100516455451 0
18.31642287039494 47.74852965894625 0
19.70323159404943 48.51322767667097 0
19.10955047735603 48.94351704034739 0
20.37739348017037 48.13132935201557 0
21.06334179551824 48.52685049823235 0
20.3931753021439 48.90175853292266 0
21.03793932978894 49.3402609726538 0
21.75004183041512 48.92018508739579 0
20.38309835334201 49.71762692876553 0
18.3125040831951 46.95699408116455 0
17.62894607833939 47.35617077060621 0
17.5687302904318 48.24561656521951 0
16.94551050622659 47.75526385205888 0
16.94152854990783 46.9638508468948 0
16.24793687275598 47.3456335623432 0
16.25144971981182 46.56830007735358 0
16.93630162451819 46.17116029554641 0
15.56736895801753 46.9670492369624 0
15.56220386983188 47.7350223102765 0
14.86381164916698 47.39304539296883 0
14.88976810679532 48.2216957560336 0
15.56321567905639 46.17693862487975 0
14.15844346861346 47.00254528229898 0
16.93172031638374 45.37874764315987 0
37.64375488010259 48.47309525292857 0
39.0230846664102 38.14979276513974 0
30.6722324440271 52.4856273429611 0
31.40226190877483 53.71486616022734 0
40.43235146866787 41.33695850833794 0
16.88516905660895 35.84915607592372 0
38.21614553891278 12.19653387670133 0
20.30628807104119 28.26267911476713 0
14.06505697300134 23.89595917568922 0
14.8097904347748 34.66522448634119 0
14.81635835282174 35.46266732975744 0
15.50276580306073 35.06049610057163 0
41.82085841365604 46.11589839176268 0
18.36149495875648 48.58767182741934 0
17.04668533037931 48.95668611013173 0
27.95388782144087 50.07929416998439 0
26.55761941855048 40.57807134308226 0
26.55621050324579 41.37362833420551 0
14.8560468561638 42.61329078282484 0
14.86087355367712 43.40707622851171 0
32.80428455282568 46.50273867712555 0
18.93379067543653 32.25637640935518 0
7.184570510494128 32.71983606927238 0
23.81077992621171 49.30687790763626 0
23.12691441363461 49.70570655572685 0
22.43960382064439 49.31222819576789 0
22.4347892874266 50.10139608090369 0
23.11457819317832 50.47680379498108 0
22.43511598632724 48.52114866137544 0
25.18164557534047 44.55046443494911 0
24.49641808873004 44.95032015541251 0
25.1851241552105 45.34372596652288 0
24.49978968883217 45.7429428876985 0
25.18826153871091 46.13625785783267 0
23.81143993811104 45.35008753047316 0
23.81334242231541 46.1426068980721 0
23.12675476999057 45.74972818424536 0
23.12217240860708 44.95620708268518 0
25.87412414974746 45.73715862820337 0
25.87708207068812 46.52973264000738 0
25.19211600553453 46.92958076562009 0
18.97993594482676 41.8010856833883 0
18.29399369867613 42.20097920380042 0
17.60699153510595 42.60061617028484 0
23.11337087922876 43.36926337310707 0
23.80322572485872 43.76315518563573 0
23.1170340858848 44.16275585031751 0
38.21930348009199 12.99559952070072 0
8.582615394458841 33.51123380691982 0
24.48289451876002 49.71731391126292 0
23.81508021867137 50.09912734379962 0
21.01730110888841 35.03375970141694 0
24.49367598199663 40.98451634761514 0
19.49717536006677 7.091355465233116 0
22.31310879364707 12.67371121551206 0
14.7584898491177 24.29239878950472 0
37.62077030240477 33.36878182393239 0
36.93120797062231 33.77074016123811 0
36.93471567970279 34.56866919285801 0
18.98913790068569 43.3880468972174 0
43.19358941823925 47.69392754158202 0
13.97486663081222 6.31733641339993 0
14.66924268869154 6.713948321341116 0
15.35555235803522 6.310018889922894 0
9.949293732680054 32.70755814283417 0
10.64405901035801 33.10308954879451 0
11.33082686287083 32.70075354522572 0
11.34175660634221 33.4969149286036 0
12.03006340815722 33.09283495674187 0
9.963434577008906 33.50437833520053 0
11.32694676178638 31.90308938231462 0
32.10985041421265 41.34101707229549 0
40.30135909293342 14.18333939971953 0
7.862686193729548 29.9237631287967 0
7.866378187622614 30.72236566744217 0
20.32875452455367 35.43527769443756 0
30.69677389444519 48.49164964910419 0
43.16944729336663 37.33596121026102 0
42.47942501819409 37.73859643556436 0
29.33442277746629 50.87148546097211 0
31.43110439829161 45.69756580228082 0
30.71192488418836 46.10607346027499 0
24.4829876543962 35.41029788960776 0
23.78452596082725 34.21777057692344 0
23.76636901013768 33.41768541335031 0
23.08126620795639 33.030701255812 0
24.4784623441669 33.81344571385824 0
17.59870298312469 41.01290314581925 0
31.34316879326288 21.82216775108778 0
19.6618993932395 40.60620324337296 0
32.78565705917074 37.7572217868553 0
43.15850866666811 50.84190449168247 0
32.7884414954576 38.55334737094296 0
15.54935733987226 43.79990714847025 0
4.446939944587445 35.92823601460279 0
3.802866134787587 39.49821283380881 0
26.56246181693917 46.13081193682093 0
26.55923625690281 46.92458295381238 0
26.56132987031692 34.20078064035952 0
44.42394605564983 6.171635502176742 0
36.21966254440804 29.38408610302151 0
16.88953756764255 36.64527908798165 0
16.15929934184354 28.27897781280085 0
16.15620441285549 27.4795912424465 0
14.84402634800503 40.23226809365202 0
14.15402957455768 39.83875914221659 0
23.09508401298289 37.01423052434232 0
41.69389515547454 14.98158279635458 0
31.33725411937896 21.02009553863028 0
18.91955048979338 27.4687233272089 0
31.25772312399189 5.034454386364928 0
15.54143173341591 42.21326316531301 0
21.58033112938456 7.481403534915673 0
44.53523036650974 33.33367273078485 0
40.42489520281927 44.5189548698845 0
17.53602880019133 26.67500271432664 0
17.53641418203348 27.47475857703692 0
0.7096179128749378 29.19861494225664 0
1.480828927044397 29.5818899774977 0
0.8201051028981314 28.38598871491411 0
11.24591024687779 13.52174559695484 0
19.62616279460573 32.65112562474266 0
47.31201576755368 27.60537259433524 0
46.61416535226194 27.25623160103089 0
28.59401640950922 25.02895642975983 0
30.67254892062001 26.21470364336694 0
30.67985917163161 27.81300713462642 0
22.99899067733771 11.47145957127727 0
8.530927133068333 24.72550058567608 0
29.24050197590559 16.63584316420816 0
16.1661054778963 29.87675699107571 0
11.38633373854497 37.46877889154522 0
17.48925768955066 16.28943086748812 0
18.1826329944918 16.68655168471602 0
9.826985036657151 7.936658800002271 0
10.52118025421628 8.332773257769931 0
16.89756970063711 38.23564444669084 0
16.20731995947963 37.84197848296674 0
43.87124495622159 40.12669110478014 0
43.87330990618634 40.92434139273535 0
8.613180897463979 36.68676819284231 0
22.27983978253153 8.677081664245485 0
12.01227215981842 30.70340483908732 0
33.46896714295924 33.38232592604559 0
36.92759743667065 32.97256964136818 0
8.534199597511243 25.52546575706652 0
9.228242749596266 25.9210019581762 0
28.6392270503417 36.98509779149973 0
47.30849257646506 35.63429395201476 0
18.20669630104702 22.27926910043135 0
18.89988630830408 22.6762254591194 0
18.89623194684096 21.87732117502959 0
39.65668076344331 25.76519772224938 0
38.96659565183342 26.17094679577775 0
39.66108797942526 26.56583914551488 0
38.97259551243196 26.97243112491887 0
40.35459318018064 26.96119896545886 0
18.21407870788523 23.87691316671813 0
18.21789337763775 24.67563619922125 0
10.61805051823038 26.71027245644948 0
35.50353214793785 24.19502523420372 0
34.81405458799956 24.59820074698723 0
34.80993217608371 23.79870435065812 0
27.16746078574634 17.04492216599679 0
26.56482547070664 34.99758792432539 0
41.76457029868574 32.5497525590051 0
27.15592765888644 12.25113724212203 0
27.15962104949551 13.05029844235034 0
8.52273286085272 23.12775800909871 0
25.79601819065068 19.44744284906604 0
47.3071796769789 33.20000000005825 0
30.60719799141727 12.63495689335418 0
27.18275923202552 20.23939921496743 0
26.49368417342063 20.64198960665929 0
22.26401552436398 6.278734286511368 0
41.75717221773843 30.95114846844027 0
21.74719701830043 48.12835668213924 0
43.88525184657892 44.11495811118255 0
8.511510030707406 20.72930737549968 0
32.72631863946178 21.81301772331901 0
34.02842365528822 5.02142735346877 0
18.95365739984979 36.23722760739736 0
27.93211463508998 44.53830598782999 0
47.30717967697492 30.80000000007283 0
44.52433536402269 30.93532013373856 0
41.77162951191264 34.1467278046801 0
41.07837261276044 33.75139699220882 0
41.08187046952824 34.54960284334107 0
15.42194830517746 18.2973956872065 0
16.17357084879579 31.47178599213344 0
4.366898094393816 22.34672776316312 0
5.061176028499746 22.74346858803884 0
5.751115122725989 22.34133476373096 0
29.92740956479965 15.43404551309617 0
8.518950946849897 22.32825853138995 0
12.67738436368846 23.10368373098918 0
41.73875604738809 26.95486173694649 0
16.79541632872014 15.89298581107535 0
25.08619262122318 14.25966176750207 0
10.739611432947 43.42782461524742 0
34.08857387207735 17.80935171686069 0
10.55166263009265 13.12521426037769 0
28.53927343329903 12.24475364691794 0
27.84873669749254 12.6475932970798 0
27.84955085776597 13.44815593392328 0
11.95143376020246 16.3161790501217 0
39.7203825969765 39.34467554387645 0
20.27547190617743 21.0718074202232 0
35.49966421302631 23.39578821407016 0
34.11636375985923 23.40464359642165 0
34.11258457975641 22.60533290167228 0
20.96559689530481 20.66853285118066 0
20.96860783046124 21.46814837742217 0
25.87069411023645 44.94397186867787 0
37.53912391917928 15.79337698553838 0
36.84881611261373 16.19637153311085 0
26.4675446067942 13.45405189200546 0
47.3127768882983 23.61461582514945 0
46.60592877197818 24.05273091527173 0
12.61938085084178 11.11671067562219 0
13.30961652284755 10.71419931959155 0
13.31377058470957 11.51307942475261 0
14.00389532133141 11.11072269820692 0
14.00801054579448 11.9095593919294 0
14.69838799360291 11.50674704089171 0
13.99856324622806 10.31303836346417 0
14.7023193472988 12.30585788709067 0
13.31751429127515 12.31251203317442 0
18.79896494388133 5.89522985626398 0
5.072499790971964 25.14251379192487 0
35.47993030089823 19.39972114842256 0
36.17380814912228 19.79602767546519 0
34.78979201202281 19.80247594725899 0
45.26251650379703 41.72086137078045 0
37.62805452004724 34.96507226326241 0
24.34473482791898 5.868317074909353 0
21.61881444721875 12.27749980654062 0
11.94027366348052 13.91812567898429 0
23.02078895031943 16.26607835097928 0
5.080120389907508 26.74125742386012 0
11.89173265132288 5.12753456929891 0
43.09386046428021 20.55220112434215 0
42.40010337591532 20.15652769838543 0
42.40386809541668 20.95626655460936 0
42.3961389425004 19.35951930707721 0
41.70570309730856 19.76576802333939 0
43.09764214430895 21.35199791076555 0
42.40702532358299 21.75494751922777 0
41.71390062004609 21.36210378529204 0
41.71648961390204 22.15802856720201 0
42.41053829901594 22.5543082970669 0
41.72001080961019 22.95718747033368 0
41.02577680217533 22.56048079695505 0
41.72356238394111 23.75661385868659 0
43.0887095579738 18.95722348896985 0
24.39929020013142 15.46114924264017 0
36.11134695095626 6.210690592996336 0
38.98592232737347 29.37054947294282 0
25.10737571148727 19.85035214212853 0
2.937302529908496 14.36214265501489 0
8.503415222887369 19.1306947901205 0
9.198583592524217 19.52616963358371 0
14.71722787263188 15.50328090294262 0
21.6935107375045 32.24296701042415 0
38.93876112711788 18.98421961499459 0
19.49341324766745 6.291682974923781 0
13.3289323851137 14.71065647241059 0
5.064844115912119 23.54342894572822 0
20.29775269923207 25.86335375331572 0
9.145262058168003 9.938438007314804 0
37.49319436582923 5.404712129357006 0
41.04469284467417 26.55803949548363 0
21.04513255371798 42.18785103858251 0
13.37120007523398 23.49985170246524 0
20.89350668582546 9.483184703977587 0
20.21301469282789 9.885748286094358 0
30.59844293531657 11.03524942480859 0
36.15493007385747 15.80063116501262 0
25.13983918067182 27.03749268352457 0
25.83614736487554 27.43075866496822 0
28.50261948323524 7.447389152202678 0
27.81333920673731 7.850709007054476 0
28.50704982623758 8.246004084094857 0
27.81989869234672 8.650474851224931 0
29.19684413516154 7.843832201902952 0
29.20126286399671 8.642251975489474 0
29.89576382422724 9.038553896153475 0
29.20958370667437 9.441782895221815 0
18.17141381010521 14.28948159247219 0
36.22721338219572 30.98044352623742 0
37.54297009732647 16.59274232379694 0
16.72937568541469 7.10472632478236 0
16.73858308774486 7.907081621658439 0
23.68937605314202 11.06857218062587 0
11.99678349810151 25.90620313682638 0
9.117136293758053 4.340936777439639 0
25.07756502305577 11.86128699505451 0
29.17383044703196 3.844836325850869 0
28.48449042262258 4.248600705554168 0
25.13828230462191 26.23850206240217 0
7.065051682626947 9.548628923837866 0
27.15215205893502 11.4518880032057 0
31.9480629647497 4.631216855632136 0
7.747286603806089 7.546774528378852 0
32.67957823578725 12.22422710255765 0
0.7037697295305024 21.20314867001873 0
38.24466594162531 18.58775291264876 0
38.24842787662833 19.3870316826468 0
37.5580184814195 19.7897643565932 0
5.789987330024524 30.33328132007554 0
10.56661348596791 16.32294445668705 0
44.42055656846649 5.371613359447311 0
43.72540927151856 4.974894492841374 0
16.72140102498089 5.502963449741848 0
36.86401481678848 19.39331643795914 0
28.56212768315828 19.43439695455663 0
32.68339571385876 13.02346965529469 0
31.9934961942247 13.42642065273496 0
39.58473733632992 8.194343653966598 0
44.42742606861698 6.971597597896221 0
39.59937682066693 11.39252939922046 0
38.90391401213847 10.99521596469156 0
31.25352324232182 4.234749113460423 0
18.18625249750769 17.48558585110491 0
30.58548572648966 8.636768812056751 0
25.0624988312248 8.664036864328153 0
3.664641350324427 20.35166696372912 0
44.54259901224499 34.93262519680894 0
25.8618953031118 32.21360995909514 0
7.083728558476624 11.94242942929427 0
7.774067706294691 11.54075121615795 0
32.67203505800664 10.62559428929496 0
33.36619855305645 11.02200343330916 0
30.73497983085904 42.1421654557689 0
14.08210671583606 27.89251208290613 0
14.07814437492176 27.09399491810409 0
13.38195236186424 26.70178981985299 0
34.18866194293973 44.11583393957157 0
41.68880234606087 14.18084998827693 0
23.7136812300555 16.66244255868441 0
28.58785431266332 23.43307682049406 0
3.570417536753405 3.56726312903663 0
4.266214923826865 3.964009189431137 0
42.4180101307937 24.15342622333976 0
28.66069150452122 40.95919162529724 0
22.36837950516536 25.45519640274453 0
15.35906284711116 7.111076143142885 0
36.86785253727672 20.19249871082262 0
36.17776459360908 20.5953754819947 0
4.972729233482844 6.760292396110904 0
16.07477540155369 10.7048696810854 0
9.811755311085079 4.737543085139848 0
10.5177548191274 7.533406780921716 0
11.21211574884557 7.92988006961938 0
11.21615673055632 8.728443018648948 0
31.38374306576426 30.60192133888118 0
30.6914487892702 31.79455814847252 0
40.25589155049991 3.791539718773902 0
18.15707324267373 11.89390395231404 0
47.30588324179058 20.40378116518544 0
46.60127167201549 20.8365917229702 0
46.61247350671105 20.0067322548981 0
47.30665216408861 19.60175223671077 0
46.62025417611179 19.21230271608099 0
45.92161724597328 19.60001928354458 0
45.89866280276449 18.85111432217038 0
7.037068058360394 3.950957966882172 0
7.040961433811921 4.750831004731302 0
30.68423601869434 29.40548941998865 0
13.28064473120769 5.920760258454735 0
21.22773337746086 0.672439767294932 0
21.64335882912334 17.8702976801677 0
19.67584519576111 0.6869223669552241 0
30.8061643783554 0.6880171586928974 0
31.60103015104848 0.6920166615846115 0
31.9739671377484 1.482377811346981 0
32.79998078677465 1.385629553214337 0
31.11935856668116 1.41130286064239 0
33.19998380655842 0.692819166250279 0
33.60064408545583 1.38523538103862 0
34.00008765759907 0.6927586195401083 0
34.40006827365019 1.385563822266499 0
33.9445735285088 2.030849594338787 0
34.7478400125567 2.164833103570936 0
35.17255864724547 1.381939264143562 0
35.59843962035005 0.6903200282738149 0
36.03423899658853 1.408184965871309 0
15.63239077770204 0.6810097173457168 0
14.83432882772512 0.6974237271384682 0
13.10950448219177 0.7179405157881398 0
39.60000075851238 0.6870092915839409 0
39.20619582518385 1.366873556421282 0
38.4093650820774 1.375787603517582 0
37.99023749787343 0.6937881891087425 0
40.10222020516343 1.40480271699323 0
11.58257238930577 0.682949421316918 0
10.79094538014473 0.6896759903708287 0
41.2057302135597 0.6458739631150588 0
47.25986995781325 6.061616055614875 0
46.55174445519663 4.929038511291982 0
7.538552506139962 0.7135440061498135 0
5.996514596920735 0.6730596163015434 0
5.199550095203419 0.6820747059108628 0
5.627538939314726 1.454058584645023 0
43.60005010849091 0.8144926660125655 0
45.20300350286368 0.6825662373814476 0
44.82255864151803 1.357011613583631 0
45.67772580975488 1.375623415785803 0
1.975586598256861 0.6991334049035632 0
22.31693116985559 13.47270463613916 0
5.733720316698867 19.14430953941771 0
5.738254487653556 19.94361280264214 0
45.15553871819046 15.35966517767713 0
9.17066939615766 13.93126515718086 0
3.57442454432884 4.367243013929659 0
12.60200215647786 8.72207760276533 0
16.7690284951874 11.1012270376215 0
11.92898647738371 11.51953283444092 0
8.441801233440914 7.943351922013539 0
41.02949347102823 23.35992984748616 0
40.33567675945157 22.96394827224611 0
13.97873828917768 7.117066622039042 0
9.884132886040032 18.32429087207072 0
21.65900333280314 21.0645486118367 0
21.66194318946343 21.86404090693023 0
22.35532600138045 22.25981636468688 0
23.04584990007076 21.85617537096418 0
23.04859094427604 22.6556470593256 0
23.74338342882371 23.04997864397806 0
24.43088580083906 22.64875048113259 0
32.07597222566855 50.07107861061753 0
36.13459634917282 11.00847234034459 0
5.676099981947727 8.756387816223086 0
5.681596780318185 9.555136070821217 0
4.980515239522223 8.359941371951708 0
2.882005212036105 1.597001443425678 0
19.54462854033662 12.68650869119423 0
41.66415228318463 8.584098667702657 0
5.667381311598293 7.15685533257087 0
39.64630690181645 23.36884455426964 0
2.896418470230727 7.16891340752828 0
3.579099969002023 5.167176647032505 0
20.98219579934506 24.66380354262431 0
44.42924358193387 2.061133094961759 0
3.641569303234033 16.36149994891759 0
42.33358378295974 1.809930325471197 0
46.50386471810489 6.561902380912024 0
4.961070041242752 4.360744140957655 0
44.43466023032639 8.570960710445116 0
37.51612143040957 10.20237762185507 0
16.11259643544192 17.89412002261844 0
43.77004735699879 14.57183397442111 0
21.6366014346741 16.27243745478271 0
18.91125077897953 25.07165214565083 0
3.808705872180637 40.29414326974719 0
13.26731830834875 3.521403601324648 0
36.24730064195221 35.76754980878118 0
11.89546098118752 5.927331328715746 0
38.94256792014083 19.78351700369525 0
40.28277830481514 9.390414412895684 0
7.089414451603427 1.465614818960869 0
23.06139347391901 25.85076369563485 0
9.132501968618843 7.540135014619306 0
36.79013737677154 3.408959326649318 0
41.62357985656217 2.196406265979296 0
18.80281398058931 6.694847262895437 0
8.41740631109835 2.34889383034912 0
38.26218537304123 22.58309906424405 0
16.11801740960601 19.49327887227853 0
45.84135037011253 12.54697696061285 0
11.18988360623205 3.131863326787825 0
31.27991035245154 9.033128816672807 0
42.33592817268654 4.181600830509852 0
41.67539239193803 10.98321473568591 0
12.64938373265043 17.51165489003587 0
32.71023396551048 18.61609538203129 0
25.0662070428352 9.463399712842333 0
43.05687582226466 10.1770226924524 0
36.80666806170275 6.607814038402159 0
20.19148804029901 7.487832810266917 0
36.20863317080672 53.22362243955514 0
12.64433913210556 1.458243149251983 0
37.56199992544953 20.58903620575598 0
11.28185293497109 20.71309747370442 0
38.87013858746305 3.798867843786134 0
38.98939960911832 30.16915157277213 0
43.73277495775686 6.574759401209324 0
32.69877812891862 16.2196456928496 0
43.77329688959551 15.3677308172769 0
16.14528883777585 25.08461361014481 0
4.402138243433401 29.54132686100565 0
9.849628520449425 11.13040664780561 0
41.00865514229395 16.98136900859284 0
23.01094698365624 13.86895403648831 0
34.07897066404303 15.41388311102819 0
5.031673879259611 17.14871360225729 0
21.63030527680558 14.67431598414576 0
25.7601827736873 9.860038733000442 0
22.94659435924743 4.275605488175909 0
9.815651524656321 5.537322682598719 0
2.196857740470597 7.571216172101822 0
20.87084992755636 4.685532721594091 0
41.67910301278287 11.78286908747021 0
33.39966496884112 3.095317106001417 0
43.02677046536944 3.778375681453316 0
16.13750360337363 23.48732082663875 0
16.12979399963156 21.88980119774583 0
9.864852241398831 14.32778759722352 0
45.86265291089423 10.11302635016801 0
17.50590704795835 20.28552483005484 0
42.42173681534595 24.95299285181199 0
39.62163099006313 16.98264910669091 0
30.6343459362555 2.138428584260096 0
46.54394417246189 14.54795746798809 0
19.38401607792409 1.436995088112217 0
19.57121412160267 18.27899423318932 0
43.74010433416104 8.174338924273247 0
18.09666004185185 3.899232925890501 0
41.03363684345796 24.16021019623502 0
25.02236170591716 3.865724988390133 0
45.14769694334171 12.9661231369783 0
8.487885137964076 15.93319349255356 0
36.09981358477541 3.811503357179761 0
35.54858489011137 33.77634703175551 0
26.44493912821273 8.658872088766261 0
7.778148325449026 12.33905440092684 0
11.28571015040039 21.51219404577408 0
33.37002121390908 11.8212920750888 0
14.74241224684291 21.09755772062024 0
26.46786711258444 15.05307477119599 0
20.99067262504287 26.25935892472155 0
25.71246944968137 3.462836920637602 0
29.27091173460332 22.22803224032911 0
30.65297122034087 22.22148988193259 0
22.23014474878704 1.497429445471181 0
28.50773694059222 1.887825036408153 0
6.451865335964237 24.33716003700108 0
38.19965416271393 8.200811049945351 0
36.16251720101995 17.3987379581304 0
13.46907071273217 40.23942242109271 0
6.428217535349344 19.54060480076881 0
36.18181962053532 21.39486978644445 0
10.57821171694743 18.72063234207847 0
34.73204556092929 3.034020974820447 0
16.70757602338991 3.106112357365243 0
11.96672365550179 19.51288265876568 0
24.32021622454885 1.869538243888643 0
27.93418807663647 32.60046409551142 0
23.72047458800303 19.05850314172273 0
32.09681232841683 38.15826890561775 0
6.459606137804686 25.93571591566847 0
19.54821215563189 13.48558838197374 0
5.794169406025042 31.13182745727859 0
34.74334994952062 9.416611410222334 0
13.38764908451489 28.30076176504698 0
13.35466697761396 20.30524417058183 0
9.354921809042233 41.84776404968721 0
2.232423594590129 21.9721632850335 0
7.09535701373834 14.3409431585463 0
36.12426022218079 8.610525854282452 0
23.66941193578706 7.071962735777781 0
14.7211096689204 16.30244292857219 0
19.55550159272789 15.08360948290694 0
43.0679378414941 12.57605840822567 0
8.436294239677748 1.577138767454274 0
39.64320202818519 21.77723656653142 0
10.60335847606257 23.51323521999385 0
35.44434862491879 11.41170837001298 0
5.008220273686101 12.35193426493777 0
31.95716829339557 2.277948898913809 0
35.45214655686252 13.0103308688066 0
16.09385229954756 13.89828700580344 0
3.625923537618539 13.15838881198761 0
25.82852369005085 25.83424405633778 0
25.0949705849956 17.4552101279801 0
33.35494989369096 8.623697542684688 0
27.17112862561516 17.84365327635311 0
11.26077420215399 16.71927362798344 0
4.976542832276925 7.560042572672057 0
8.491746787634213 16.73256133980176 0
14.06853063874128 24.69510323356881 0
20.22390184964149 10.68682801286018 0
12.68113870927766 23.90270011552122 0
19.56343606852869 16.68140910870559 0
27.25742779705715 35.39265465634954 0
41.77540434430436 34.94557782008065 0
40.39245069221509 34.9524728261552 0
18.13693487895884 9.493194065721799 0
22.3779784557708 30.24848421374332 0
25.17144580876749 38.99354518770556 0
35.57048569106801 45.6995467045361 0
34.85631800362384 37.35548614452863 0
3.654188285946582 18.75452141005361 0
37.58754960949 26.18217820008822 0
37.57233095615584 22.98647092940585 0
37.580734615692 24.58449722047902 0
31.99773806038292 14.22558179090407 0
9.211176899484576 21.9220994149441 0
32.70254046333837 17.01852965050376 0
22.98477490989394 9.073461386958588 0
32.75198566216694 26.60865714713925 0
44.49696273644248 24.54382134821724 0
33.37806104264898 13.41985647755005 0
30.65996724946671 23.02440928312696 0
39.61796690972324 16.18346765224251 0
32.71372760278604 19.41487833542017 0
7.110896701948194 17.53857773767573 0
21.60697096281323 9.879403219917469 0
45.18658840101038 20.91163833901178 0
43.06053226588271 10.97672682306483 0
2.985696356375738 23.95849245519675 0
21.64727021067878 18.66920847357758 0
8.468982013807839 11.93649729461357 0
34.04543936194214 8.220681597677505 0
10.62273361875506 29.11380439537919 0
19.57517750005478 19.07768280352046 0
23.06526789409679 26.64854420143542 0
10.60726862236218 24.31226011774701 0
26.50026852341127 21.44041460445726 0
14.0117225814917 12.70894634343313 0
5.710328616599918 14.34772193555438 0
27.89146313822582 23.03164388163407 0
43.7214568997542 4.175060014728258 0
27.89850061097864 24.62741225263768 0
21.66462369253053 22.66362694046756 0
44.48983474787182 22.94480402255914 0
10.49534151206388 2.735309047601998 0
29.94163655732315 18.62929667999368 0
38.2959861125353 29.77292365717715 0
38.89033230569716 7.797748908343419 0
39.56083287082562 3.395745573290512 0
45.90222517601664 26.11487139051594 0
9.861090685779429 13.52824221447191 0
24.60143010423878 51.44280978866923 0
25.35322727957204 51.69648838619359 0
15.45564575533198 25.48722129362564 0
32.07920274610032 46.89990524256586 0
32.05141682483949 24.61630180113575 0
43.81351245633562 26.54551672363247 0
32.73153831872462 22.61522442504135 0
21.73455304456542 42.58160865425938 0
29.25812073921458 19.83049918451001 0
9.12103566629834 5.14073772909722 0
2.991759569799207 24.76444798643634 0
18.99609873165846 46.55735647782868 0
31.42521588472105 42.5370370498529 0
32.11310678416021 42.13629449806326 0
6.432630047063385 20.34005503544525 0
22.37628826345767 27.05085590934544 0
3.021304587350941 27.96926864953905 0
36.09545950129255 3.012531295288259 0
23.05108288086041 23.4552399597797 0
20.17634939918929 4.289020342990961 0
42.36979910367284 11.37980594126073 0
18.09221741446114 3.100346365425843 0
24.38743910810686 12.2642800372178 0
33.46326319668069 30.993878832826 0
27.87925751523168 20.63550083968841 0
27.91554863919808 28.61419105924677 0
22.94272100249956 3.475844360869251 0
22.41111340732005 39.7991530567869 0
44.50665126998702 26.941362480844 0
35.52263396113054 28.18897978085806 0
2.93257936952104 13.56209498551719 0
45.18416841734799 23.33959859953062 0
37.59509188124662 27.77960769055347 0
41.70583001842044 18.17738187276108 0
19.61189717699868 28.66398485330062 0
34.84870262205004 31.78515867372139 0
23.80714271202473 44.55656879821121 0
5.714305455379506 15.14720554214754 0
8.430275617362861 5.543943191150686 0
15.39982147935384 13.50191511086912 0
41.65285287934644 6.184741627777862 0
7.735635399922467 5.147384559407101 0
5.083946535792501 27.54046526196572 0
32.76309547671958 29.00258591349462 0
10.48145201636316 1.941648267842141 0
39.69267370231248 32.96017083835953 0
3.040525732284078 26.36021378303738 0
21.0184720654757 35.83069799602974 0
36.15871035962963 16.5995770044745 0
42.4760116498145 36.93914148229823 0
44.41663670626572 4.571486224872193 0
4.313663001012338 11.95542528162905 0
12.6385359891096 15.11368337255748 0
11.944046791848 14.71747614003901 0
6.400991525178527 13.94448228795008 0
12.58996174429256 6.323900511985066 0
35.48384736953258 20.19894472226281 0
17.56434926181884 33.85588349617889 0
8.555857329560144 30.3197586845989 0
9.245119854382228 29.91800267076011 0
40.39619011636732 35.75069769540239 0
35.42672674890059 2.634589840909707 0
3.039965059271169 33.54146481718241 0
40.95831069301243 5.788040276276077 0
41.09615888000675 37.74330431414009 0
27.1614004465635 13.85007924471666 0
38.30297509989101 31.3697793368262 0
43.85252073245739 35.33555461884308 0
43.0642154227188 11.77637826656598 0
45.24673521585656 37.7264419989892 0
12.69425455542384 28.70503666865611 0
17.39816237156288 2.702978975326826 0
4.495482806711609 39.8916401851169 0
39.58842033878895 8.993908128861754 0
34.82954407517728 27.7936685074779 0
39.55842918689288 2.60655251164796 0
22.42718562818253 43.76883921530987 0
16.18122951440737 33.06596711922278 0
18.25561296938095 34.25067741719671 0
34.10099159981316 20.20676557128532 0
21.69658831062863 33.04036856719949 0
45.93837701826002 39.71479298412809 0
20.17245341698316 3.489259125364971 0
22.24820424476779 3.07940705542023 0
21.02689882298679 38.21597432588494 0
3.634140087323939 14.75788634156088 0
25.16989464506846 36.60490573121989 0
36.62481597799946 55.49186535230339 0
23.69329577231624 11.86785321232102 0
45.24229659342403 36.92744053559345 0
7.044938443847696 5.550605004017038 0
11.09150635090463 46.97548094715019 0
36.93895594454619 43.31041654365072 0
39.57320406452978 5.794976516903854 0
40.31325968984451 16.58198377424836 0
21.72409491192121 40.19949759837156 0
15.39240085876495 11.90323650852617 0
3.621944177158735 12.35869418398324 0
15.39610698790185 12.70256469798141 0
36.24118423794904 34.17209895440968 0
41.79548735865781 39.73561436732759 0
6.471603795078522 28.33295739505635 0
3.731434344589541 33.1382231459588 0
25.75612043456203 9.060964922094819 0
14.02709277563197 15.90620127772665 0
34.09641370613807 19.4067805645015 0
16.9089689589244 40.61912637106744 0
20.30687620021508 30.65557927016298 0
34.82001474341439 25.40074217205791 0
8.55935448148578 31.11837913203908 0
33.46694046795141 35.76314629717164 0
27.86093547914706 17.44107933752655 0
41.0491189550805 27.35844266858693 0
18.23387167600432 30.26665170264076 0
9.913313797809121 23.91615416808749 0
18.9607016503437 37.82824654074408 0
16.2116416568016 38.63665285584954 0
22.40021516232189 35.82325071200505 0
39.66854297499894 27.37043059336823 0
42.482471399245 38.53635387274627 0
41.06733082617671 31.35428444381866 0
30.62108309100905 15.83018129962534 0
12.1039657704856 41.83402268015147 0
34.73963149417344 8.617175232649057 0
20.862731710213 3.08680474812772 0
4.953353681044087 2.76073398160381 0
23.10611855731982 40.98763521928915 0
7.797474549121787 16.33622767581289 0
41.05504625153151 28.16198467226385 0
34.12699443345308 25.00486692582137 0
34.12105819512723 24.20362445937293 0
30.63704339869555 19.02540905254114 0
20.8833104566793 7.084705752335791 0
32.7402491499831 24.21382325249136 0
35.55913518641092 42.52046495455817 0
14.15864339959354 40.63279436097186 0
19.63025208392641 33.44759789838865 0
28.62273489351209 44.93323870681095 0
26.54994906973997 42.95799281275673 0
26.5514921860124 48.50435854115737 0
38.18801736109742 5.801607180521197 0
16.70359237100224 2.306531842524655 0
39.70970848861797 48.07792654636197 0
13.45519981291604 37.85546328796903 0
37.63846863114291 37.35829548429409 0
30.71100652904064 36.57207052438706 0
38.32776925411286 36.95664213875433 0
31.39125873627329 50.47013120235969 0
41.78934751531868 38.13979145648234 0
41.08692465296558 49.65996549741045 0
34.88374795788668 46.09907097492994 0
32.75558678596765 27.40676359725696 0
42.49768013591815 42.52486114858841 0
6.56975587484201 41.07227002420363 0
17.43271244797628 8.300791591346862 0
13.33285747233668 15.50991087619335 0
9.222780863722212 24.31994237184379 0
36.25159554852567 43.71051075621306 0
43.19578884687985 44.51620767204149 0
32.76631487164939 51.25601134257167 0
30.01124989701157 48.89114810560975 0
6.350332398005522 5.154033324945513 0
33.45230497773503 28.60039321200864 0
33.50233425178147 44.51582701968582 0
34.17563080646873 40.93500248615029 0
40.27908543210326 8.590877021501651 0
34.15242129165973 30.59177221524362 0
15.99334680008878 1.923243617030191 0
28.55074266468791 17.0384020620906 0
7.107069495849585 16.73921816120118 0
8.665124779504451 42.24823240540177 0
45.18743894912764 24.14097341118084 0
44.43086530131509 7.771241314610585 0
36.26108048164048 46.88823976250005 0
5.104849608813027 31.53443199377623 0
17.54140243727192 29.87127004820446 0
15.45191567968099 24.68856692208557 0
6.346423501117887 4.3542050132934 0
43.88935240119179 45.70967409978499 0
5.916600014867917 45.27046308836839 0
29.23163738702048 12.64148016422376 0
43.75388226577763 11.37327765299071 0
4.482472730278868 37.50219344262753 0
13.49794355694201 44.9977514743 0
14.6718517450417 7.514066609325651 0
30.00736696922548 48.09799946325438 0
43.84892085796898 34.53663860170662 0
5.651816686080515 3.957571854390659 0
10.02927107529985 39.86205377644643 0
40.96973546911065 8.187687847198761 0
20.34074923165268 38.61673410634605 0
5.641961138516727 2.340318313622922 0
45.1195976783074 7.368158222950204 0
35.43006914231769 8.214150724970283 0
44.43515637438379 10.96756480027182 0
25.81649410130448 23.439233487519 0
39.70314401308301 35.35485501074956 0
43.16119772964178 52.43135335591631 0
45.7957097077545 7.758550727308878 0
28.54723573313845 16.23957040330403 0
21.55323591485848 2.6836396409535 0
1.787577958819059 35.08047705197252 0
38.28361441691898 27.37647780690148 0
23.80069983573809 40.5876378366435 0
17.61007748059181 43.39375048885342 0
9.984489465854381 35.08941297609061 0
20.99526830794635 30.25473978382498 0
22.37248581277984 26.25305827622368 0
40.96604132109079 7.387990425469644 0
9.937630806556864 30.31415459809856 0
4.957130545297499 3.56078280516045 0
6.46767538790326 27.53398620453787 0
11.41518693343967 41.44055733320538 0
42.47032314170508 51.24056231740657 0
17.62464610759461 46.56405239056696 0
1.776248240498662 39.77001963848355 0
10.70390960973434 38.66763353672984 0
18.93854501269734 33.05300976886843 0
34.84516499608145 30.98741524423349 0
44.54147105994005 54.0176729880212 0
18.90340627039028 23.47522453069987 0
2.475231508583287 37.89023087287781 0
41.65669962408171 6.984719413919257 0
6.412706974384577 16.34278483648114 0
5.864718235790265 38.29714846323603 0
39.02040725256961 37.35251196436661 0
38.99242488083099 30.9675400896719 0
20.27816981614835 21.87210892913216 0
35.42626978458043 7.414615533146844 0
21.55328147091505 1.898824465223719 0
0.7295333759056568 30.79272953605642 0
21.62283788355651 13.07646478312935 0
18.98518611365871 44.18033476262488 0
45.92925220975262 37.31942390322338 0
44.5352658960235 49.25206722507813 0
23.09150312347576 37.80914687529769 0
9.313338081696783 38.67164215926656 0
31.39928499642759 36.17041127182181 0
45.92348260979121 54.80506996494714 0
31.39566429680979 35.37336344404103 0
44.53909335975261 34.13377310521987 0
19.67336360238281 44.57347417166024 0
31.30384073518618 13.82944953307185 0
32.76974020337781 48.08750970914973 0
32.7910325691476 39.34938711076173 0
4.506234077681488 41.48134570733469 0
7.917451169467995 37.09117007476491 0
33.45219337411539 50.85726703476201 0
17.62011640518379 45.77164754802417 0
5.773891055140288 27.13776089701235 0
44.09150635093282 57.97548094715508 0
23.78317978307634 38.20378488400061 0
12.76488212894444 37.46243235195262 0
33.44813560195165 27.80255303434696 0
20.36631008029275 44.17389549697916 0
31.29992238197561 13.03047708629946 0
21.67952468459962 25.85737183400045 0
23.07919839219016 32.23529926879683 0
5.718384928267713 15.94649504877523 0
29.93078071639628 16.2329658404543 0
33.47977246477383 38.94855724345789 0
34.86321825299007 40.53461781680164 0
6.444748139269177 22.73820035248914 0
39.68203080925611 30.56518762682653 0
33.49886877314776 43.72107953847647 0
30.70367727128058 34.97799860055186 0
35.48805023706441 20.99857693732129 0
15.52156088852423 38.24262830287036 0
14.73124412070374 18.70070880006764 0
5.100718913923458 30.73602649252472 0
42.49417355942487 41.72727590583528 0
39.69961998715362 34.55675301710124 0
8.629614976625062 39.0728598649518 0
35.42206395119088 6.614910336735591 0
34.17056182094854 39.34382991867358 0
43.84145465168933 32.93849179330056 0
21.04931028007363 45.3598609355461 0
15.44815732570632 23.88985005396117 0
34.72786971090378 6.218595246846458 0
20.33692804353414 37.82196789134085 0
3.7098650504832 29.94468912971996 0
33.49531494157701 42.92606483552409 0
5.027993565225467 16.34954449835691 0
35.53428547448884 30.58515745851133 0
34.72310405658831 5.417900712002202 0
36.24903961578111 42.91555009940269 0
43.88769338387385 44.9125821088361 0
29.3243578468763 34.98442293247221 0
21.7415065185194 45.75279885654243 0
18.19593003896486 19.88309443256209 0
5.769996988101235 26.33849784774072 0
45.17813278570598 19.31486760539738 0
15.44433941481124 23.09105146594354 0
43.18374408034417 41.32539266910268 0
33.44948139262048 48.48088959383421 0
43.83791283248643 32.13941750466302 0
20.98660278441703 25.46179403536622 0
18.19309778372245 19.08350333686039 0
4.333080671831596 15.95409444574739 0
7.963668547702195 40.26833915104085 0
8.540385086976622 27.12531325027875 0
15.44052975923966 22.2924446743791 0
29.320196432061 34.18748452663817 0
44.52861101998901 31.7359532418729 0
15.51744677117705 37.44778229646612 0
3.63866498125993 15.55741132885009 0
22.43770237350091 45.35358914707583 0
9.230902551528324 26.7213809745969 0
5.766119608858034 25.53919614805454 0
4.406236560361087 30.34011390451427 0
31.96173101362518 7.031298792970594 0
35.53051046948205 29.78727707887631 0
14.86587728867718 44.20078948962939 0
3.024011446637536 31.14629461977062 0
14.74688320339014 21.89632458332315 0
27.90701857352467 27.01924950797197 0
20.29340416183757 25.06598422276856 0
42.48530026546605 39.33390954624552 0
31.26730246288846 6.634888422592427 0
27.94912218250017 41.36464920914803 0
28.62879026733267 33.79245433831231 0
43.87592204924474 41.72207024965773 0
40.38885409231814 34.15435569702025 0
19.64694208247354 37.42750124891322 0
14.05303948087011 21.50007610989906 0
31.26232399628684 5.834627888234685 0
35.56095675391474 39.33976095094967 0
33.40301390366457 19.0118457718135 0
12.78899673994125 41.43387316170585 0
5.754899442891618 23.14093241769753 0
43.83034855340998 30.54122087801972 0
5.762273517752078 24.73986090994325 0
27.92579622812585 31.00625131847657 0
35.52683574157599 28.98835852163532 0
13.35912669523062 21.10399254910192 0
9.934016164037901 29.51617433245874 0
12.6652182216141 20.70778344716923 0
37.64398713306207 41.31819248934739 0
19.60021796377625 24.67022408805427 0
34.20222899743271 48.0845256284514 0
40.3854039439061 33.35603416132241 0
11.30608202616719 27.11357802127178 0
43.82679110243868 29.74206984470328 0
18.29993947227004 42.99475053251513 0
5.758436021696184 23.94034479438747 0
11.99577847233016 26.71140066322913 0
29.87830742139326 5.84191370900092 0
44.56756759680739 45.30706115903957 0
18.25133907017819 33.45463325110348 0
18.88241508259748 18.68126101907929 0
43.17541279609355 38.93215909368474 0
9.888603379672032 19.12299295931705 0
33.39901261579129 18.21318020512712 0
11.97132290883897 20.31152204418418 0
44.51795019123617 29.33779540775895 0
16.20345721085564 37.04655098010394 0
29.18382932926806 5.445090457816438 0
34.86340671735942 39.73922269853651 0
30.69172542034602 32.58957896305174 0
2.939810246546168 15.97477649527698 0
29.17872109858419 4.645043916616864 0
19.59245199764037 23.07336657080166 0
43.15957476099783 51.63684071561048 0
11.27723948362927 19.9150912990173 0
43.8687414409154 39.32887800534392 0
33.39541647443478 17.41407765887925 0
18.90712828514108 24.27382564997449 0
41.07489818334486 32.95309173098348 0
9.202671057884301 20.32507917389604 0
10.58293215581623 19.51898827109348 0
43.81929146734123 28.1437191797982 0
27.79503496730258 4.652038600871571 0
24.48230934139944 41.77688184133257 0
6.441082686457243 21.9388262655601 0
3.658799104111325 19.5536197898179 0
19.64307621762065 36.63219776772685 0
27.78973005869641 3.851959053922478 0
41.07130550414001 32.15400971517749 0
16.19963871060063 36.25070876266373 0
33.39171728267704 16.61541858098894 0
5.747236486669728 21.54187314799939 0
25.17232075430265 42.17079492498071 0
9.241137334179367 29.11991166155885 0
17.55967082150294 33.05980990124479 0
2.271589489908856 30.76036115444151 0
2.967212021653031 19.95903033095931 0
25.80648863167881 21.04557686285523 0
36.93949938611644 42.51497302873196 0
5.743069104993114 20.74276235223549 0
28.62454024392554 32.99571708144715 0
14.17670419047846 43.80639159542015 0
26.40624429061736 3.859638823367017 0
34.81806699815341 49.26835792006786 0
19.58906229532728 22.2745868973944 0
34.08178841475834 16.21199609924436 0
12.78508554719102 40.64036717360686 0
3.816667110291674 41.08939902410393 0
25.80145835683898 20.24609837572929 0
25.86742528167356 41.7721623367912 0
23.11274213769567 46.5399123185569 0
5.048717346153111 20.34607753910892 0
28.62098788616681 32.19865339256884 0
9.236992458306919 28.32143493723629 0
15.50813601640846 35.85670857787131 0
34.77195278529251 15.80919526434312 0
18.87943131520123 17.88294199090022 0
1.44800059104035 30.38630710790214 0
4.35389639107678 19.94950964715611 0
28.61728419833097 31.40110924698359 0
20.33079611235677 36.23132221690129 0
34.13693631633448 27.40001542240124 0
18.87565349627609 17.08410393816719 0
23.801223624503 46.93276728806456 0
6.610131721690887 43.43865091988056 0
8.544039717900819 27.92485465648544 0
36.94201250934222 41.71949372128101 0
16.8683698938169 32.66491244809509 0
24.41974010822867 20.25347476108918 0
7.292371031503999 43.04925590009151 0
40.37415816940243 30.96104650615142 0
27.92212972346471 30.2089783282916 0
44.51025989556147 27.73901072745929 0
24.50206902649261 46.53374609895775 0
28.60971367494138 29.80706409870459 0
24.41441017133519 19.4543673070667 0
18.87179022764169 16.2851269636099 0
28.60602994113792 29.00965355793843 0
35.57486170194603 48.87249202701424 0
35.46154552701577 15.40628559262971 0
23.03308556735255 19.46168982223146 0
13.99303562322358 9.514817531923995 0
45.9172002193953 20.41697160129411 0
45.19995577480675 27.33605229894422 0
43.84904996361252 52.032751298607 0
34.82640047190438 26.99672099671764 0
28.60261253504916 28.21205990715237 0
26.40164693568827 3.059220939329143 0
25.1758544538863 47.71889587830048 0
18.8679799734146 15.48604305550057 0
35.4583973547671 14.60754002785073 0
28.59893984410881 27.41416629588248 0
35.51600162402428 26.59378541933138 0
26.40031423212301 2.263667717463889 0
13.48517968817119 43.41131086572045 0
36.14784840852177 14.20393545962075 0
23.02792345024595 18.66296623869512 0
24.43430495159001 24.24827682455985 0
11.9129864542413 9.124819274327637 0
12.78078265113736 39.84606798223849 0
26.43200281860003 1.382428713866382 0
18.86430105855336 14.68721302638984 0
36.14391863774092 13.40597075090671 0
35.51221407955201 25.7950036929839 0
21.70967988375423 36.22485916526799 0
37.64275616079279 45.31399793127834 0
22.33551924611615 18.26715063886405 0
27.90238576670032 26.22241665921961 0
25.83784829593754 28.22949103390419 0
25.87862023536038 47.31995100586006 0
18.86042861874019 13.88805885286712 0
36.14072911018851 12.60622979381041 0
16.86429167283557 31.8679178697927 0
10.5236083219839 9.130178434914026 0
37.51852325354501 10.99998672262958 0
3.129082585508249 41.49114564571434 0
9.836073715513283 9.534072759524374 0
14.1298659555554 35.86375958379635 0
36.13678103003085 11.80752433855519 0
41.06461097670467 30.55736886833385 0
38.21275524320775 11.39714992754468 0
12.09160529206802 39.45349313347634 0
22.33103446724142 17.46761103147805 0
9.154483523464972 10.73579166535149 0
18.85662765796983 13.08926174865327 0
13.30385341074595 9.916748306570952 0
8.46442206631648 11.13876338239729 0
41.06147133082305 29.75915758744271 0
36.82772732740273 11.40338013075966 0
44.53726298136009 51.63351688144442 0
11.43719620699519 44.6131245798982 0
18.16284896429003 12.69279767805628 0
0.7762495311363536 22.78478680595282 0
41.75066892736476 29.35563469780391 0
36.21156940688783 50.05764181989259 0
41.74725091751987 28.55632399780682 0
17.46874399663432 12.29626055244173 0
33.42856338701989 23.8100126599866 0
38.22216842295503 13.79394421352648 0
6.37528733399259 9.95072488471126 0
38.91609445670227 14.19046941532227 0
16.77469204564004 11.90020520331849 0
11.39853239732555 39.05966587694923 0
5.809104296899421 33.52411447182772 0
44.56743733036383 41.32201775556783 0
16.86055985909973 31.07064228153883 0
40.29976159971771 13.3859377409706 0
27.94030224799362 46.91543988209234 0
33.42387153158549 23.01090977634196 0
24.4325206897671 23.44825488018448 0
10.74778904511991 44.22101218544563 0
40.99710991032067 14.58199028566765 0
16.84756010838779 27.8758457130956 0
4.28755496212282 8.759849048983355 0
39.60825622829932 13.78853405121576 0
22.32713751118381 16.66977064409313 0
3.599332598619587 9.163958831301727 0
2.488816487298716 41.89562288049881 0
18.22754094150599 27.87182613897709 0
28.62573598697889 47.30856600524265 0
28.61896665212793 40.16797172565385 0
2.917894386150961 10.36531599419483 0
16.08091170082652 11.5035004286922 0
45.2617966276282 42.51596703129833 0
22.38784660307168 33.4373193220997 0
12.07125940034992 37.06864363915376 0
15.38679460864042 11.10735249012654 0
1.276377779132754 37.68239274023898 0
16.85643335571496 30.27314418206802 0
24.40297828370186 17.06042651697183 0
41.01066558651414 17.77894031155757 0
14.69270608005274 10.71051167606713 0
33.19875475114954 1.984690727280418 0
14.68768007368537 9.911663935890651 0
30.64712970909711 21.4219480441981 0
0.7419834314200864 14.78982200651438 0
24.40131059059757 16.25978831522257 0
45.9444479454847 42.10934278284974 0
12.6083780702094 9.520480857552027 0
25.08977448526207 15.85738451916105 0
38.27902064391525 26.57711284754145 0
21.68121783808741 29.85605366525114 0
25.08764103989903 15.05868731629759 0
11.22364690982972 9.527312646699066 0
0.7418420691513944 17.19103675901282 0
38.27496670359053 25.77769179258294 0
25.7768694116086 14.65680012091215 0
38.27130915368301 24.97858985664974 0
47.30117653291124 22.0219548961487 0
45.23025797741198 53.61447953626215 0
21.7054653679583 49.74425430551128 0
45.92207235752544 53.2075065085927 0
38.26770483876327 24.17951037768137 0
26.4681917236063 14.25354785601015 0
22.38675227989714 32.63799554825991 0
38.26409544098892 23.38127853362153 0
16.85289444441629 29.4757618014723 0
27.8491714294036 14.2493117797165 0
14.09130318165936 30.28994810876479 0
38.95431367055002 22.97679087331519 0
36.90380850375306 51.2438818635558 0
28.64121767666618 50.4750641528064 0
14.10699923234093 32.68183400731446 0
13.41472686165698 33.08306112097743 0
28.53925498616984 13.84627983841202 0
23.7882158778276 32.62613416760384 0
16.84934692520201 28.67681369142862 0
12.71724493679801 32.69116845630346 0
7.7679899739688 10.74312107384834 0
7.071812740864005 10.34674513491849 0
29.91946236464715 13.03988876129535 0
28.53852470444646 13.04452342374243 0
5.688191734454542 10.35463186912315 0
12.04435539002098 33.88707419615355 0
9.975591702346485 34.29825218284128 0
11.35745930893023 34.28924941226486 0
4.99371718678751 9.957517819248036 0
4.988323355544489 9.158893535380328 0
23.07008256123068 29.84504629015819 0
39.64410686531031 22.57337001263359 0
40.33475621087938 22.16950592344711 0
23.7601839583257 29.44014834225437 0
41.02207048731882 20.96922391956407 0
41.02540598376304 21.76668486362039 0
23.76174988182549 28.64062343527427 0
41.71046027982466 20.5634207333723 0
37.64359095712673 50.84972977209834 0
41.01322054776256 19.37288936896238 0
24.4555231011499 31.42885739785045 0
2.217550033690866 9.966635644781707 0
46.60999632283939 48.82222405214924 0
45.22715130803486 52.02393507735168 0
8.595503872793751 34.30500930277249 0
25.167349742826 31.82164405752468 0
25.84299141621112 30.62437550500923 0
29.90299258547908 9.837331016749284 0
46.59881662047152 22.47551551863991 0
29.91729636527064 12.23862629951913 0
47.30915984510808 50.00730660408148 0
7.188900796696575 33.514352747364 0
29.91389832341786 11.43890404361014 0
28.52355366622738 9.845853997711934 0
29.90934057449773 10.63871389753516 0
28.51506662288934 9.046322438492496 0
27.1365081314103 9.056352682168516 0
29.98007773478056 25.02000038176968 0
45.91479221459605 50.82659288904017 0
28.59086085070934 25.82207686981696 0
38.26602713969073 52.03343217350756 0
41.60981391681116 1.351111618837862 0
27.11830991432989 6.65215095112686 0
25.73929268100083 6.660603108713966 0
25.72967605651759 5.860692835349757 0
30.68740348280449 30.20199980448026 0
27.13064110347051 8.254927202107471 0
27.12523955415143 7.454008578420797 0
22.96974737553869 6.680084266171354 0
31.38351905108502 32.19275887805047 0
38.95434847398599 52.42935784242887 0
32.08150809958661 33.3825066416514 0
32.77563124386488 32.98557065714849 0
26.55071680706813 42.16741975364223 0
33.46725417798226 34.17689944236989 0
6.506780286691194 33.91725141508483 0
29.28394060834162 25.42185047105421 0
34.15975906704881 35.36800439539457 0
34.85624251314883 35.76544784185328 0
1.487264582271292 9.578949626987695 0
19.52659056805355 10.28802964475453 0
19.51498938145473 9.484409260591828 0
6.557339878935305 37.89942578491179 0
18.82002630539675 9.086678275130486 0
18.12600595879827 8.69169211430013 0
16.75010781195314 8.709766149371024 0
45.87654301336884 23.73027052865136 0
16.0561661255417 8.31246452279348 0
40.40500774464946 51.63603201358346 0
16.04867819319567 7.509325915919548 0
27.24893577790419 41.765500362361 0
27.58206774798502 0.6702423998426008 0
43.7772369610377 17.75600365731702 0
16.04219850338406 6.706252296039702 0
43.08255218202639 16.56936706873954 0
26.55116290996017 47.71990138546017 0
16.03664217843281 5.906757828593479 0
35.55108344633479 37.75623388369603 0
41.70278790184852 18.96970759009347 0
15.34582339156784 5.512355823448765 0
42.39681328976814 18.56742875296256 0
15.33855885818254 4.710675981854303 0
32.79281777760099 53.60431978508485 0
43.0881264407162 18.16289855877233 0
14.64740147470076 4.316026123073488 0
14.63952201999763 3.514643232075105 0
43.77492432680157 16.1632748784163 0
13.94898523047394 3.119700754058578 0
44.46510238639624 15.76082926155091 0
47.31180222235443 25.21533679136443 0
13.94567690849241 2.333366742656154 0
45.1561682143662 16.15391268073438 0
45.82805324759352 15.7473321641206 0
10.01596931764931 39.06718029147604 0
37.62743745324646 39.737891298063 0
41.86505750182808 57.24374428717256 0
36.24734859782763 39.73642961186849 0
27.23880977137453 38.59549843668607 0
47.31497860970313 26.02717470575426 0
27.24332944481012 47.31570974066376 0
10.65897771743838 33.89691405967937 0
2.229889504533303 20.38109794434517 0
29.30698840966645 39.77273035233762 0
23.61341364591458 0.6850759509846458 0
9.278702068493445 33.90418770696741 0
27.9361509457295 38.19334427600549 0
38.36435925468611 41.72164390846359 0
7.894625796269141 33.91002549943495 0
45.89319154364271 26.92042549625882 0
46.60692779973144 28.06558047886296 0
1.850886678452775 43.10528353770936 0
40.43891192241286 42.12918293602631 0
7.201783682652363 36.70698569727573 0
47.29923580213705 29.23839433579078 0
45.91817579340049 51.61864203456281 0
30.03127889231577 40.17132619090938 0
0.8150072267920538 6.016610731841406 0
46.61026954114608 50.4193847887496 0
37.2000000000446 0.6722711093535683 0
46.57509837737304 29.72675983696406 0
36.94099322213521 39.34223688400562 0
39.04180766349992 46.11249737490051 0
46.58857354261596 30.50185978779701 0
39.73677908662039 46.50664393153694 0
5.850626357252331 37.51598786275022 0
40.41971784935547 47.69432163089969 0
5.15819269259284 37.11935430856582 0
13.95015983160532 1.600225501959122 0
47.29939435222793 31.63503675501056 0
29.17954088930334 0.7657590465306306 0
30.02754066603694 45.71808800469888 0
4.46631998340246 36.72460948282068 0
41.0875924530061 48.87737129274547 0
3.776065234453176 36.32305337343026 0
42.47961394303405 48.87189241058758 0
46.58054405286812 32.12532285143536 0
3.76941125019524 35.53291489554781 0
3.762955473408045 34.73418428889873 0
45.29101262665989 57.61084973848662 0
44.51947416663358 48.47223597906144 0
3.066073628514605 34.33056584762543 0
46.59853488318197 32.89098505462508 0
28.63854017355317 51.99346436446851 0
1.106316223163441 34.13170373875799 0
45.77338932860121 2.179015738387529 0
1.449199524198764 21.59747535833722 0
47.30130253171922 34.0345824049995 0
32.08659661464227 53.23719293005377 0
2.370992570324316 33.94409921580701 0
46.58603084219273 34.52366473075814 0
46.61070009389351 35.28211154919734 0
38.33669763696936 46.50017531010627 0
5.22588299758045 44.22438541673485 0
18.0183380685163 0.736403756581501 0
47.30528776659142 36.44657527145684 0
46.62033027481976 36.88443796467189 0
47.32814704993623 38.02543511622499 0
30.73372390746555 45.31867315723309 0
47.31343605254273 38.84408872128765 0
45.12326279723922 11.32619411239901 0
46.62990681592437 39.28012952224351 0
41.79910451538322 48.48584436281359 0
45.23732537677735 48.05188752517213 0
47.32490950322762 40.43297906913152 0
43.17576996157386 48.47456365509979 0
47.32707479875569 42.83109885408525 0
43.87742866139639 48.06486736998419 0
15.62411541341491 48.49707966148632 0
47.31544079873274 41.2441834398028 0
47.32807719469771 43.61988101166248 0
42.78321409505715 0.6563141397480661 0
35.05680266891113 54.97881302147202 0
46.75968441199301 0.5956897391936392 0
39.7379399853566 41.71678489890736 0
46.63505604245723 41.67718441712427 0
39.04414071837741 41.32334347658802 0
0.6701146060388267 1.215061462398531 0
45.94206897393389 44.47394297865845 0
39.67075460375439 52.04756036369176 0
45.25703185284348 45.67737318446905 0
45.93894545235482 46.83137723130841 0
30.38638736552222 1.339345269550326 0
12.15963803217071 46.54686472586248 0
45.25334620871082 47.25531164144901 0
9.577476439767784 46.5175271960179 0
4.497022505505119 44.68444359779228 0
21.01122952508967 50.17920357150431 0
18.57286052032337 49.53141843881384 0
45.9390575958789 45.25435125601622 0
8.832328295345052 46.24041492291077 0
46.63290987484267 44.0507558198109 0
42.57217050388724 57.53348848827419 0
1.492465670190765 6.387830354609233 0
2.257092426734445 17.19285523485696 0
47.32149730398514 18.05189858698468 0
46.58890287465132 18.44789195812134 0
1.767456715531219 34.36742383680644 0
46.59781818679065 23.26669161703206 0
46.60840285525885 26.46678970867757 0
0.7850956275490615 10.75724836904217 0
45.86958795325098 18.09837206535007 0
38.89383336607679 56.28162992117119 0
47.27452694139328 4.461332386658808 0
46.5000921800604 7.320217576086538 0
0.6525641107722775 43.51825494804936 0
46.51131161011753 15.32705209867886 0
47.31395524514333 10.03649795155479 0
47.27169628767346 14.07201570342944 0
2.3606814126365 27.60921703889188 0
25.95952289123507 51.24336733285831 0
22.39054806997166 50.82502291356475 0
37.59398307326505 54.71392381994121 0
25.11711663538058 0.6449675901147607 0
0.6548450477058257 26.83299224871446 0
2.06101585843039 44.06695242468354 0
45.87551696634631 10.88178639010563 0
32.89927661495089 54.31883964193404 0
5.97310953352201 44.55092652482998 0
45.5506395446692 58.55366606690826 0
29.19498527022014 53.1041951919885 0
16.25118544817417 48.06457673186992 0
6.374514501621379 1.252926970214535 0
36.37373743291478 54.75572509045541 0
43.2060166585913 57.10921548234771 0
26.63292485494207 51.59439817143539 0
12.63543107145548 47.60896682125119 0
46.58444916779473 10.46175106999564 0
27.70760686547117 52.62924532197771 0
10.41757795072043 1.25705055716321 0
10.18054210902081 46.10764790217731 0
19.79084675947388 49.30513391711435 0
4.873767170465764 1.287038672201378 0
34.09043683393738 2.748723855496176 0
16.00790890744312 1.247962445859917 0
39.5999999989195 1.924957526318558 0
11.94628616625021 1.258614786873129 0
2.254351984633262 1.310392027523597 0
21.59557480882681 1.230489814264835 0
39.6927855932852 55.87774251863875 0
23.08514048239797 51.10763527785355 0
38.07932940423552 1.956973927595696 0
3.597059456053318 0.521257121474566 0
44.1536822537522 1.296912155494513 0
32.53888497921497 1.982922073391997 0
35.48760146113136 1.969724139959279 0
3.258898536278725 43.83236480803542 0
26.15781005929629 0.6017086428423268 0
7.842448187162183 1.291599162765471 0
1.214633981954519 27.19153725878692 0
20.07591096646788 1.244210589855997 0
2.4493193574536 26.76641637937675 0
27.16476621431253 1.204453042104794 0
14.52820236055264 1.293899607569103 0
9.189262474230647 0.512201605617117 0
33.63262975774929 54.5885805078216 0
45.14826839630134 1.926914182815408 0
26.64897627928942 52.27723177622907 0
37.00486934680715 54.93984290741667 0
17.2374186970472 0.5123448030263702 0
31.38941649135553 1.99469569420704 0
6.669716374980444 44.91270215463732 0
36.81264096483274 1.174670232044041 0
46.69571341081546 58.22217320745104 0
42.36477806682051 1.163899468658466 0
29.7944776064695 53.42393491085787 0
13.39105143996336 1.303686479255622 0
40.83817993787156 1.176179859367587 0
47.42086694241486 0.5402161635627433 0
0.585640646057386 0.5856406460563719 0
2.434647311741727 25.95678648168661 0
22.82117645532693 0.4874233466290455 0
10.86411996554696 46.4076401032273 0
13.27166890613049 47.93499328144883 0
18.62226661954785 1.265847721980527 0
43.84634142479999 57.40307564527795 0
1.984271441165281 42.2905695255652 0
0.4823471923087961 34.01865860275888 0
24.20178152342899 1.270444431202514 0
29.73744116986955 1.243434670148619 0
19.8430805412368 50.00110271075744 0
1.106272605585298 41.57492479979923 0
1.165983111060876 43.11061481389461 0
1.189523925954495 40.88425041047184 0
16.83072358521992 48.34952484128492 0
1.175764284307525 40.03890544696655 0
28.59798888294327 1.257126839318684 0
1.137277187496054 39.20004983220879 0
1.299591505001671 34.72501251710456 0
1.179943510576346 38.44073642648881 0
37.26341638795698 55.95975083600324 0
1.892488274522431 37.39724153766164 0
1.96948176224326 36.71047641874996 0
1.100493763415646 35.99821647469158 0
23.6864667253624 50.66563163285399 0
46.40396158547048 1.114082561753515 0
34.111334135622 54.20029079004471 0
3.328092070168235 44.52938470900808 0
28.08532696211469 52.20437388857876 0
1.19955261330921 35.35567360211766 0
33.47390435731027 2.494402027148969 0
$EndNodes
$Elements
9 9346 1 9346
0 1 15 1
1 1 
0 2 15 1
2 2 
0 3 15 1
3 3 
0 4 15 1
4 4 
1 1 1 55
5 1 5 
6 5 6 
7 6 7 
8 7 8 
9 8 9 
10 9 10 
11 10 11 
12 11 12 
13 12 13 
14 13 14 
15 14 15 
16 15 16 
17 16 17 
18 17 18 
19 18 19 
20 19 20 
21 20 21 
22 21 22 
23 22 23 
24 23 24 
25 24 25 
26 25 26 
27 26 27 
28 27 28 
29 28 29 
30 29 30 
31 30 31 
32 31 32 
33 32 33 
34 33 34 
35 34 35 
36 35 36 
37 36 37 
38 37 38 
39 38 39 
40 39 40 
41 40 41 
42 41 42 
43 42 43 
44 43 44 
45 44 45 
46 45 46 
47 46 47 
48 47 48 
49 48 49 
50 49 50 
51 50 51 
52 51 52 
53 52 53 
54 53 54 
55 54 55 
56 55 56 
57 56 57 
58 57 58 
59 58 2 
1 2 1 64
60 2 59 
61 59 60 
62 60 61 
63 61 62 
64 62 63 
65 63 64 
66 64 65 
67 65 66 
68 66 67 
69 67 68 
70 68 69 
71 69 70 
72 70 71 
73 71 72 
74 72 73 
75 73 74 
76 74 75 
77 75 76 
78 76 77 
79 77 78 
80 78 79 
81 79 80 
82 80 81 
83 81 82 
84 82 83 
85 83 84 
86 84 85 
87 85 86 
88 86 87 
89 87 88 
90 88 89 
91 89 90 
92 90 91 
93 91 92 
94 92 93 
95 93 94 
96 94 95 
97 95 96 
98 96 97 
99 97 98 
100 98 99 
101 99 100 
102 100 101 
103 101 102 
104 102 103 
105 103 104 
106 104 105 
107 105 106 
108 106 107 
109 107 108 
110 108 109 
111 109 110 
112 110 111 
113 111 112 
114 112 113 
115 113 114 
116 114 115 
117 115 116 
118 116 117 
119 117 118 
120 118 119 
121 119 120 
122 120 121 
123 121 3 
1 3 1 75
124 3 122 
125 122 123 
126 123 124 
127 124 125 
128 125 126 
129 126 127 
130 127 128 
131 128 129 
132 129 130 
133 130 131 
134 131 132 
135 132 133 
136 133 134 
137 134 135 
138 135 136 
139 136 137 
140 137 138 
141 138 139 
142 139 140 
143 140 141 
144 141 142 
145 142 143 
146 143 144 
147 144 145 
148 145 146 
149 146 147 
150 147 148 
151 148 149 
152 149 150 
153 150 151 
154 151 152 
155 152 153 
156 153 154 
157 154 155 
158 155 156 
159 156 157 
160 157 158 
161 158 159 
162 159 160 
163 160 161 
164 161 162 
165 162 163 
166 163 164 
167 164 165 
168 165 166 
169 166 167 
170 167 168 
171 168 169 
172 169 170 
173 170 171 
174 171 172 
175 172 173 
176 173 174 
177 174 175 
178 175 176 
179 176 177 
180 177 178 
181 178 179 
182 179 180 
183 180 181 
184 181 182 
185 182 183 
186 183 184 
187 184 185 
188 185 186 
189 186 187 
190 187 188 
191 188 189 
192 189 190 
193 190 191 
194 191 192 
195 192 193 
196 193 194 
197 194 195 
198 195 4 
1 4 1 60
199 4 196 
200 196 197 
201 197 198 
202 198 199 
203 199 200 
204 200 201 
205 201 202 
206 202 203 
207 203 204 
208 204 205 
209 205 206 
210 206 207 
211 207 208 
212 208 209 
213 209 210 
214 210 211 
215 211 212 
216 212 213 
217 213 214 
218 214 215 
219 215 216 
220 216 217 
221 217 218 
222 218 219 
223 219 220 
224 220 221 
225 221 222 
226 222 223 
227 223 224 
228 224 225 
229 225 226 
230 226 227 
231 227 228 
232 228 229 
233 229 230 
234 230 231 
235 231 232 
236 232 233 
237 233 234 
238 234 235 
239 235 236 
240 236 237 
241 237 238 
242 238 239 
243 239 240 
244 240 241 
245 241 242 
246 242 243 
247 243 244 
248 244 245 
249 245 246 
250 246 247 
251 247 248 
252 248 249 
253 249 250 
254 250 251 
255 251 252 
256 252 253 
257 253 254 
258 254 1 
2 1 2 9088
259 271 2786 3185 
260 43 44 2809 
261 267 2763 3907 
262 4200 2074 4222 
263 3170 343 3196 
264 343 3170 3197 
265 2074 3301 4222 
266 2763 267 4555 
267 2074 2073 3301 
268 4355 3165 4559 
269 297 45 2823 
270 2750 2749 3587 
271 348 3017 4066 
272 312 3178 3181 
273 2788 2860 3826 
274 2784 297 2810 
275 3740 2090 4518 
276 2940 2942 2943 
277 3587 2749 4615 
278 3691 4588 4599 
279 3154 310 3816 
280 2787 257 2789 
281 2777 306 2832 
282 45 46 2823 
283 33 34 2829 
284 3695 3560 4554 
285 2529 2794 4297 
286 35 36 2855 
287 297 2784 2809 
288 2794 303 4297 
289 3017 348 4511 
290 44 297 2809 
291 352 2831 3591 
292 306 2777 4631 
293 3560 3695 4632 
294 318 2792 2866 
295 4588 2942 4599 
296 192 318 2866 
297 186 187 2869 
298 4525 2553 4558 
299 17 18 4572 
300 4511 348 4591 
301 2073 2494 3301 
302 2090 2990 4518 
303 3583 287 3643 
304 2494 3300 3301 
305 39 40 3302 
306 2990 2090 4474 
307 3572 334 3664 
308 2940 2941 2942 
309 3147 278 4544 
310 336 3629 4576 
311 3015 4511 4591 
312 111 112 3013 
313 2868 271 3185 
314 2876 353 2877 
315 2478 2477 2810 
316 26 27 2835 
317 283 2797 2890 
318 80 81 3197 
319 185 283 2890 
320 3300 2494 3302 
321 19 335 2904 
322 2789 2856 2860 
323 223 4585 4619 
324 3196 343 4560 
325 260 4355 4559 
326 3555 263 3697 
327 311 2779 4515 
328 3167 85 4559 
329 11 12 4489 
330 4585 2801 4619 
331 85 3167 4652 
332 2869 336 4576 
333 276 2805 2939 
334 2786 271 3186 
335 2877 353 4667 
336 23 24 2841 
337 180 276 2939 
338 2789 2855 2856 
339 331 2837 2989 
340 2817 2815 4340 
341 67 68 3002 
342 2520 2607 3577 
343 2779 311 4592 
344 2540 3586 4007 
345 2943 2655 3652 
346 257 2787 2829 
347 2792 318 2867 
348 34 257 2829 
349 2815 272 4340 
350 2813 272 2815 
351 2791 296 3302 
352 3572 3664 4638 
353 2843 279 2878 
354 193 194 2876 
355 2802 4574 4611 
356 3697 263 4646 
357 181 182 2941 
358 2871 312 3181 
359 3148 3147 4544 
360 4483 351 4587 
361 176 177 2896 
362 2795 264 2836 
363 3161 3196 4560 
364 3178 312 3179 
365 3013 2851 4611 
366 2837 2990 4474 
367 2088 2087 2901 
368 2860 1912 3826 
369 4574 346 4611 
370 2810 297 2823 
371 2788 2789 2860 
372 3153 3154 3816 
373 2477 2784 2810 
374 43 2809 4046 
375 269 2807 2938 
376 2818 2892 4175 
377 329 3696 4578 
378 4525 288 4590 
379 2809 2785 4046 
380 4046 2785 4222 
381 2790 301 3717 
382 175 269 2938 
383 2940 2943 3652 
384 123 350 355 
385 3791 2486 4247 
386 3583 3643 4620 
387 267 2783 4555 
388 2785 4200 4222 
389 191 192 2866 
390 2837 331 2990 
391 2849 4483 4587 
392 2486 3543 4247 
393 281 2821 4432 
394 2486 2822 3543 
395 2645 3578 3579 
396 2789 257 2855 
397 2822 259 3543 
398 264 2795 2835 
399 2838 308 2840 
400 2546 3582 4575 
401 3586 2839 4007 
402 3726 3566 4605 
403 2896 329 4578 
404 27 264 2835 
405 36 325 2855 
406 257 35 2855 
407 3011 292 3012 
408 3591 2831 4609 
409 187 336 2869 
410 2783 267 4598 
411 293 2793 3581 
412 2731 3570 3571 
413 2385 2082 2836 
414 2860 2856 4642 
415 2856 2858 4642 
416 2305 2824 3401 
417 3581 2793 3629 
418 18 2904 4572 
419 288 4525 4558 
420 336 3581 3629 
421 3577 2607 4639 
422 2824 300 3401 
423 2805 276 2940 
424 2891 2796 4566 
425 3002 2775 4633 
426 20 21 2900 
427 15 16 2902 
428 307 2820 2841 
429 2512 2833 4482 
430 2868 2779 4592 
431 354 120 355 
432 338 2827 2828 
433 3011 2851 3013 
434 292 3011 3013 
435 24 307 2841 
436 3106 63 4558 
437 2478 2810 2811 
438 288 3995 4590 
439 2804 277 3001 
440 2868 4592 4637 
441 2797 283 2865 
442 2793 293 3582 
443 3066 11 4489 
444 40 3300 3302 
445 296 39 3302 
446 2547 3696 4580 
447 2796 2891 4349 
448 2820 307 2891 
449 2647 3574 3575 
450 277 2804 3002 
451 184 185 2890 
452 346 111 3013 
453 112 292 3013 
454 2803 328 4444 
455 33 2829 4297 
456 2829 2529 4297 
457 296 2791 4621 
458 2766 3575 3576 
459 81 343 3197 
460 256 80 3197 
461 335 2901 2904 
462 301 2790 4643 
463 283 186 2869 
464 121 122 355 
465 2833 326 4482 
466 2878 279 4626 
467 272 2813 2900 
468 18 19 2904 
469 2892 2891 4566 
470 2794 3740 4518 
471 284 2802 2921 
472 258 2800 4585 
473 2871 2783 4598 
474 2082 2795 2836 
475 63 3106 4669 
476 177 329 2896 
477 2831 352 4549 
478 310 3154 4666 
479 4489 289 4565 
480 13 14 2919 
481 68 277 3002 
482 347 67 3002 
483 182 332 2941 
484 3165 3167 4559 
485 2871 4598 4645 
486 194 353 2876 
487 122 123 355 
488 2812 335 2900 
489 179 180 2939 
490 330 2806 3553 
491 289 2920 4565 
492 2892 1700 4175 
493 2837 2836 2989 
494 2804 2775 3002 
495 120 121 355 
496 2835 2796 4349 
497 303 2794 4518 
498 318 193 2876 
499 2840 340 3618 
500 6 7 2870 
501 26 2835 4349 
502 2920 2828 3683 
503 276 181 2941 
504 2799 94 4600 
505 2087 2535 2901 
506 2812 2088 2901 
507 3566 3726 3877 
508 335 2812 2901 
509 314 2826 3064 
510 346 3013 4611 
511 2096 2242 3065 
512 2807 269 2895 
513 2487 4439 4570 
514 2800 258 4650 
515 2841 2817 4340 
516 94 2799 4629 
517 23 2841 4340 
518 2902 281 4432 
519 2385 2836 2837 
520 269 176 2896 
521 314 10 3066 
522 3 122 121 
523 2992 1057 2995 
524 174 175 2938 
525 99 100 3186 
526 260 3209 4355 
527 2802 284 4574 
528 347 3002 4633 
529 328 2803 4658 
530 2244 2246 2935 
531 12 289 4489 
532 3566 3565 4605 
533 4589 102 4627 
534 338 2828 2919 
535 377 2842 3116 
536 3548 1940 4107 
537 2818 2820 2892 
538 2842 2834 3116 
539 2834 1544 3116 
540 3547 3548 4107 
541 1866 2850 3010 
542 4590 3995 4633 
543 2850 2851 3010 
544 3814 4481 4571 
545 2844 2552 4299 
546 1887 3547 4107 
547 2095 2920 3683 
548 3547 1887 4247 
549 21 272 2900 
550 335 20 2900 
551 1887 3791 4247 
552 16 281 2902 
553 338 15 2902 
554 1286 2844 4299 
555 4353 2822 4401 
556 2827 338 2902 
557 77 78 3179 
558 327 4353 4401 
559 2731 3571 4625 
560 10 11 3066 
561 3080 2781 4653 
562 2840 308 4614 
563 341 2830 2870 
564 2781 3080 4648 
565 1094 2848 3819 
566 2848 3203 3819 
567 1007 1036 3264 
568 259 2822 4353 
569 2826 314 3065 
570 7 341 2870 
571 4512 2746 4535 
572 2748 2167 3012 
573 2168 3011 3012 
574 91 92 3817 
575 2765 2764 3569 
576 3582 293 4575 
577 3696 329 4580 
578 4486 2833 4492 
579 3995 347 4633 
580 299 4486 4492 
581 2830 341 2935 
582 2824 2825 4462 
583 2548 2549 3117 
584 3209 260 4583 
585 4462 2825 4471 
586 4501 2574 4508 
587 2886 2554 4498 
588 2048 2981 2982 
589 261 4501 4508 
590 281 17 4572 
591 312 77 3179 
592 4503 3264 4530 
593 2305 3401 4439 
594 70 4557 4562 
595 4519 2588 4522 
596 2993 2992 2995 
597 298 4519 4522 
598 14 338 2919 
599 289 13 2919 
600 2443 2102 2862 
601 2443 2862 2863 
602 2553 3106 4558 
603 1716 1429 2854 
604 300 2824 4462 
605 397 2888 4270 
606 1718 2861 2970 
607 1717 2126 2981 
608 2798 3691 4599 
609 4527 2692 4528 
610 268 4527 4528 
611 2168 3010 3011 
612 2105 2103 2993 
613 2514 2512 4482 
614 2655 2943 4532 
615 2861 2558 2970 
616 4531 2734 4533 
617 295 4531 4533 
618 4568 2808 4573 
619 3548 4568 4573 
620 2962 4589 4627 
621 2852 2127 2853 
622 4546 1725 4548 
623 1544 2834 3117 
624 2127 2852 2897 
625 3626 3589 4615 
626 4441 1316 4551 
627 299 4492 4495 
628 4541 2738 4547 
629 4153 2712 4479 
630 2167 2168 3012 
631 2897 2852 3297 
632 3366 299 4495 
633 274 4541 4547 
634 2545 2096 3065 
635 2242 2826 3065 
636 355 350 4635 
637 2850 1866 3117 
638 2048 2982 4479 
639 3306 2514 4482 
640 3010 2851 3011 
641 2995 4503 4530 
642 3578 2645 4608 
643 271 99 3186 
644 100 342 3186 
645 4062 2684 4485 
646 2888 2854 4270 
647 28 29 2989 
648 2514 3306 4481 
649 4623 3862 4642 
650 4135 2576 4443 
651 2826 2244 2935 
652 2246 2830 2935 
653 2919 2828 2920 
654 261 4508 4514 
655 2494 2791 3302 
656 2259 2262 2998 
657 3353 261 4514 
658 2878 337 3747 
659 2750 3587 4543 
660 2858 4623 4642 
661 326 2833 4486 
662 2647 3575 4613 
663 3586 2540 4594 
664 1567 2886 4498 
665 2177 2897 3297 
666 2263 2265 3582 
667 2177 1161 2898 
668 2897 2177 2898 
669 2867 318 2876 
670 2766 3576 4491 
671 3104 2770 4665 
672 4439 3401 4570 
673 2770 3104 4664 
674 298 4522 4523 
675 3065 314 3066 
676 2844 4365 4391 
677 3331 298 4523 
678 426 429 3005 
679 3119 3120 4395 
680 4365 1962 4391 
681 2747 3120 3122 
682 2922 3903 4662 
683 2552 3077 4299 
684 2195 2988 4467 
685 3086 3087 4229 
686 2866 2546 4575 
687 425 3005 3006 
688 425 3006 3033 
689 2845 4208 4243 
690 2127 1716 2854 
691 3087 2776 4229 
692 4208 1670 4243 
693 2645 3579 4601 
694 1950 3686 4672 
695 92 266 3817 
696 3816 91 3817 
697 2563 2847 4413 
698 2574 3366 4495 
699 4337 1950 4672 
700 1283 2845 4155 
701 1168 2846 3263 
702 3575 2766 4613 
703 3366 2574 4501 
704 1943 2560 3023 
705 1036 1168 3264 
706 2563 4413 4423 
707 2826 2935 3064 
708 2557 2848 4059 
709 2846 1168 3819 
710 4110 1283 4155 
711 3203 2846 3819 
712 2748 3012 4468 
713 2848 1094 4059 
714 2105 2993 2994 
715 2557 4059 4110 
716 3120 2747 4395 
717 2557 4110 4155 
718 2870 2831 4549 
719 2845 1283 4208 
720 1962 2847 4391 
721 2203 3003 3330 
722 2549 2850 3117 
723 2834 2548 3117 
724 2844 1286 4365 
725 4481 3306 4571 
726 2862 2102 2970 
727 1670 3077 4243 
728 2940 276 2941 
729 3077 1670 4299 
730 2484 2195 2908 
731 2847 1962 4413 
732 2443 2863 2992 
733 354 355 4635 
734 2864 2734 4529 
735 2842 377 4441 
736 2853 2127 2854 
737 1007 3264 4503 
738 4529 2734 4531 
739 3012 292 4468 
740 2874 1710 2928 
741 1710 1297 2928 
742 2873 2475 3262 
743 4073 3268 4370 
744 2048 1717 2981 
745 421 422 3033 
746 3153 3816 3817 
747 2811 2810 2823 
748 2885 2678 3069 
749 2126 2898 2981 
750 2768 3695 4554 
751 2792 2867 2998 
752 1568 4494 4524 
753 4265 302 4619 
754 2861 1718 4135 
755 2558 2862 2970 
756 344 3148 4544 
757 2677 3132 3986 
758 2117 2879 2881 
759 2103 2443 2993 
760 2836 264 2989 
761 2122 2117 2881 
762 1038 2905 3038 
763 1663 4512 4535 
764 2588 3353 4514 
765 3068 3069 4115 
766 1284 1285 3265 
767 3353 2588 4519 
768 8 9 3064 
769 1574 1952 2911 
770 2883 1284 3265 
771 2891 307 4349 
772 2875 1574 2911 
773 3069 2678 4115 
774 4455 2517 4520 
775 1303 1181 4450 
776 2908 2195 4467 
777 2872 2738 4536 
778 1952 2522 2911 
779 3752 3558 4632 
780 2854 1429 4270 
781 2813 2812 2900 
782 4536 2738 4541 
783 1574 2875 2912 
784 1335 1933 2930 
785 1335 2930 2931 
786 1679 2991 4431 
787 2567 2915 4399 
788 2806 330 4622 
789 29 331 2989 
790 264 28 2989 
791 2821 281 4572 
792 2990 331 3488 
793 2865 283 2869 
794 1284 2883 3266 
795 1297 1666 2928 
796 2261 2259 2998 
797 2262 2792 2998 
798 1937 1939 3198 
799 2434 3267 3269 
800 3903 2922 4630 
801 2484 2908 4153 
802 1291 2882 3265 
803 2861 4135 4443 
804 2720 1303 2927 
805 2882 1291 3902 
806 2805 2940 3652 
807 2122 2881 2905 
808 1285 1291 3265 
809 2265 2793 3582 
810 2546 2263 3582 
811 2855 325 2856 
812 2905 2881 3038 
813 2712 2048 4479 
814 452 454 2918 
815 2995 1057 4503 
816 2684 3023 4485 
817 2890 2798 4579 
818 429 1335 3005 
819 425 426 3005 
820 1182 2936 3774 
821 3198 2759 4366 
822 454 794 2918 
823 1182 1679 2936 
824 794 2887 2918 
825 2692 3331 4523 
826 2128 1156 4427 
827 2564 2929 3003 
828 2564 2928 2929 
829 4655 2780 4657 
830 3331 2692 4527 
831 2880 2742 4538 
832 4657 4031 4659 
833 4653 2781 4655 
834 4538 2742 4542 
835 324 4542 4563 
836 1710 2874 3022 
837 2924 4032 4307 
838 4153 2047 4231 
839 2884 2121 3132 
840 2915 467 4399 
841 1201 1157 4422 
842 4505 2483 4534 
843 4659 2111 4661 
844 4031 2111 4659 
845 2684 1943 3023 
846 2930 1933 4478 
847 2780 4031 4657 
848 3527 2575 4135 
849 2781 2780 4655 
850 2560 2911 3023 
851 2842 4441 4551 
852 4475 2112 4488 
853 3022 2882 3902 
854 2111 2774 4661 
855 309 3161 4560 
856 2203 2564 3003 
857 3003 1933 3330 
858 2941 332 2942 
859 4557 3000 4562 
860 2898 1161 2899 
861 2879 2117 3198 
862 3210 3209 4583 
863 3268 3267 4370 
864 2678 2885 3132 
865 1562 3086 4229 
866 2927 1303 4450 
867 2791 2859 4621 
868 2575 2576 4135 
869 2484 4153 4479 
870 1218 1216 3266 
871 2909 2363 3295 
872 2363 2913 3295 
873 2289 3324 3782 
874 3527 2112 4325 
875 2913 1585 3295 
876 779 4052 4466 
877 1933 3003 4478 
878 4494 2888 4524 
879 2884 1562 4234 
880 1866 1544 3117 
881 2936 1679 4431 
882 1349 421 3033 
883 3538 1364 4418 
884 1562 4229 4234 
885 422 425 3033 
886 2554 3029 4498 
887 4494 1568 4496 
888 2720 2927 4142 
889 2887 794 3004 
890 1223 1178 3118 
891 286 3119 4395 
892 3132 2121 3986 
893 4312 982 4472 
894 2575 3527 4325 
895 2982 4546 4548 
896 624 954 2959 
897 3104 4663 4664 
898 268 2864 4529 
899 2372 4552 4561 
900 2749 3626 4615 
901 2121 2884 4234 
902 1216 1284 3266 
903 954 2956 2959 
904 2580 2954 4363 
905 2677 2678 3132 
906 1319 1321 2912 
907 9 314 3064 
908 341 8 3064 
909 286 2889 4403 
910 3104 4332 4663 
911 1568 2489 4496 
912 2864 268 4528 
913 2420 4404 4480 
914 3122 4553 4556 
915 3771 2579 4346 
916 913 2893 4088 
917 4142 2716 4173 
918 626 624 2959 
919 1321 1574 2912 
920 618 633 2969 
921 2924 2170 4032 
922 2170 2924 3314 
923 3138 2170 3314 
924 3099 1575 4054 
925 633 2916 2969 
926 2906 1192 3538 
927 1192 2906 3539 
928 3098 3099 4054 
929 1710 3022 3902 
930 954 2954 2956 
931 913 3068 4115 
932 2759 2873 4366 
933 2953 2128 4427 
934 3006 4475 4488 
935 1202 3477 4161 
936 1230 3357 4421 
937 1939 2759 3198 
938 885 4062 4485 
939 2972 2722 3551 
940 1579 2972 3551 
941 2901 2535 2904 
942 2117 1937 3198 
943 2590 3004 4273 
944 2893 913 4115 
945 4393 2907 4398 
946 2915 4393 4398 
947 2972 1579 2974 
948 4312 2587 4324 
949 2153 2965 3004 
950 2566 3022 3052 
951 2877 3590 4517 
952 2966 1201 4422 
953 2859 2791 4581 
954 340 2840 4614 
955 2933 1202 4161 
956 3292 1584 4323 
957 620 618 2969 
958 2587 2905 4324 
959 2893 2894 4088 
960 2894 4052 4088 
961 3092 3100 4487 
962 2983 1376 2985 
963 2895 269 2896 
964 321 4403 4490 
965 2945 2131 3342 
966 2309 2945 3342 
967 3267 3266 3269 
968 3078 3942 4019 
969 2968 313 3098 
970 6 2870 4549 
971 2949 2307 3136 
972 3569 2764 4634 
973 1949 2917 2925 
974 2948 2949 3136 
975 1034 1087 3519 
976 2116 1942 3269 
977 1612 2948 3136 
978 2873 3262 4366 
979 2867 2876 2877 
980 2889 286 4395 
981 3001 277 4562 
982 3523 2292 3804 
983 2954 954 4363 
984 2937 2292 3523 
985 2292 2937 3715 
986 2939 2547 4580 
987 2974 1579 3309 
988 1218 3266 3267 
989 3094 2715 4356 
990 2937 2944 3715 
991 2161 4073 4370 
992 1112 2923 3850 
993 2968 3098 4054 
994 2905 1038 4324 
995 2911 2522 3023 
996 2923 1112 3292 
997 2944 1090 3715 
998 3267 2434 4370 
999 2820 2891 2892 
1000 1612 1294 4067 
1001 1957 3231 4477 
1002 2906 3538 4418 
1003 2985 1376 3308 
1004 3047 4104 4122 
1005 2712 4153 4231 
1006 640 643 3051 
1007 1376 2983 3309 
1008 4032 2581 4307 
1009 4500 270 4638 
1010 2352 3716 3786 
1011 2948 1612 4067 
1012 2481 3652 3703 
1013 2579 3118 4346 
1014 2934 3517 3518 
1015 4325 2112 4475 
1016 2910 718 3324 
1017 2910 3457 3790 
1018 1393 3457 3458 
1019 718 2910 3790 
1020 1800 2978 4011 
1021 3457 1393 3790 
1022 3324 718 3782 
1023 2867 2877 4517 
1024 3090 1224 3418 
1025 2988 1971 4467 
1026 1676 2997 3308 
1027 1393 3458 3764 
1028 2363 2909 3324 
1029 2914 2586 3418 
1030 2586 3090 3418 
1031 537 533 3291 
1032 2586 2914 3743 
1033 2289 2363 3324 
1034 1762 3223 4238 
1035 2938 2808 4567 
1036 2928 1666 2929 
1037 2945 2309 4123 
1038 1585 2913 3357 
1039 3148 344 4595 
1040 1800 3612 4314 
1041 2908 2047 4153 
1042 3248 3252 4473 
1043 2853 2854 2888 
1044 2965 2887 3004 
1045 2918 2567 4399 
1046 2579 1223 3118 
1047 4368 2958 4372 
1048 4253 1948 4274 
1049 1178 1949 3118 
1050 2917 1949 3190 
1051 3337 3338 3934 
1052 3338 2312 3934 
1053 1763 3219 4122 
1054 4567 2808 4568 
1055 1871 2951 2952 
1056 2916 633 3737 
1057 2951 2433 2952 
1058 1201 4424 4425 
1059 2998 2867 4517 
1060 1203 4368 4372 
1061 2963 2599 3289 
1062 4424 2719 4425 
1063 1289 2963 3289 
1064 2804 3001 3037 
1065 295 2872 4536 
1066 1299 3314 4330 
1067 2923 3292 4323 
1068 3382 3031 4315 
1069 4228 1762 4238 
1070 845 3235 4019 
1071 342 4455 4520 
1072 3190 1112 3850 
1073 2983 2974 3309 
1074 2872 295 4533 
1075 3218 3219 4215 
1076 2934 3518 3519 
1077 3186 342 4520 
1078 2385 2837 4474 
1079 2997 2985 3308 
1080 4104 1763 4122 
1081 2786 3186 4520 
1082 3881 3399 4358 
1083 3218 4215 4228 
1084 284 2921 2922 
1085 466 470 2977 
1086 1335 2931 3005 
1087 3517 2934 3737 
1088 1202 2933 3519 
1089 2046 4142 4173 
1090 460 469 3462 
1091 3251 3250 4378 
1092 1482 3189 3230 
1093 3189 2412 3230 
1094 469 3461 3462 
1095 3223 4253 4274 
1096 2999 1936 3037 
1097 1936 2926 3031 
1098 2907 2161 4370 
1099 3618 340 4609 
1100 2077 2097 3181 
1101 3716 3271 4339 
1102 3223 1762 4253 
1103 4378 3250 4380 
1104 290 3580 4414 
1105 1577 4386 4389 
1106 3218 4228 4238 
1107 4386 2965 4389 
1108 2926 1936 2999 
1109 3416 2424 4309 
1110 4197 919 4214 
1111 1299 3138 3314 
1112 2978 2977 4011 
1113 4469 2713 4493 
1114 2596 3235 4188 
1115 885 2903 4435 
1116 3001 2999 3037 
1117 3051 1299 4330 
1118 3849 2717 4335 
1119 3226 4020 4159 
1120 4052 2894 4466 
1121 2161 2907 4393 
1122 2715 4354 4356 
1123 1777 3074 4282 
1124 3022 2874 3052 
1125 3219 1763 4215 
1126 2596 4188 4197 
1127 2994 2155 3056 
1128 4206 1081 4259 
1129 3290 3521 4316 
1130 1181 1182 4450 
1131 3942 845 4019 
1132 2135 2967 3056 
1133 2978 1800 4314 
1134 2566 2882 3022 
1135 3004 794 4273 
1136 2207 3131 3999 
1137 2967 2169 3056 
1138 3307 2932 3806 
1139 2136 2604 3329 
1140 289 2919 2920 
1141 2856 325 2857 
1142 3558 3560 4632 
1143 495 3307 3806 
1144 2307 2949 4019 
1145 1140 1033 3190 
1146 1319 2912 4308 
1147 2604 3328 3329 
1148 3393 840 4313 
1149 1403 2932 3523 
1150 2883 2116 3269 
1151 3518 1034 3519 
1152 2596 4197 4214 
1153 2932 1403 3806 
1154 2517 2961 2964 
1155 643 1299 3051 
1156 1087 1202 3519 
1157 458 460 3462 
1158 1942 2434 3269 
1159 3179 78 4540 
1160 2105 2994 3056 
1161 3611 3610 3834 
1162 2927 2716 4142 
1163 2156 3611 3834 
1164 1403 3523 3804 
1165 3251 1203 4372 
1166 2961 2591 2964 
1167 633 3517 3737 
1168 2309 3329 4123 
1169 3477 2215 4161 
1170 467 2915 4398 
1171 3235 845 4188 
1172 641 2947 3074 
1173 2215 3342 4157 
1174 3610 2158 3834 
1175 2587 4312 4472 
1176 1090 2944 3716 
1177 1764 3046 4070 
1178 3144 1776 3225 
1179 3608 2158 3610 
1180 1363 2960 3756 
1181 2949 3078 4019 
1182 2960 1363 2976 
1183 2215 4157 4161 
1184 3617 4318 4382 
1185 2947 641 3030 
1186 4433 3458 4434 
1187 2626 3504 4285 
1188 452 2918 4399 
1189 2917 3190 3850 
1190 2158 3608 3807 
1191 3608 3607 3807 
1192 641 640 3051 
1193 2898 2899 2981 
1194 3716 2944 3786 
1195 2959 2958 4367 
1196 2991 2597 4431 
1197 1449 1464 4300 
1198 3047 3046 4092 
1199 1483 4433 4434 
1200 3652 2655 3703 
1201 3048 3220 3229 
1202 2169 2967 3057 
1203 3093 3094 4356 
1204 2994 2993 2995 
1205 2352 3271 3716 
1206 4416 1504 4417 
1207 2481 2805 3652 
1208 533 531 3291 
1209 3271 3291 4339 
1210 2597 2128 4430 
1211 3737 2578 3886 
1212 313 2968 3134 
1213 3090 4416 4417 
1214 3266 2883 3269 
1215 2545 3065 3066 
1216 1791 537 3291 
1217 3063 1300 3130 
1218 3357 2913 4421 
1219 3933 1307 4269 
1220 3395 3390 4043 
1221 2597 4430 4431 
1222 2950 1791 3271 
1223 1791 2950 3362 
1224 4367 2958 4368 
1225 3194 3193 4219 
1226 3607 2619 3807 
1227 3047 4092 4104 
1228 3675 2952 3910 
1229 3176 2079 3178 
1230 3395 2619 3607 
1231 2964 2591 3050 
1232 840 3362 3822 
1233 134 286 4403 
1234 1294 1293 4067 
1235 2951 1871 3290 
1236 3421 2442 3522 
1237 2701 2699 3539 
1238 2442 2396 3522 
1239 4406 3470 4408 
1240 3362 2950 3822 
1241 1471 3675 3910 
1242 2906 2701 3539 
1243 2594 3063 3130 
1244 2963 1289 3933 
1245 3461 469 3482 
1246 1156 3326 4427 
1247 1877 4406 4408 
1248 2952 2433 3910 
1249 3342 2131 4157 
1250 2155 2135 3056 
1251 4354 3099 4356 
1252 1363 466 2977 
1253 658 1089 4268 
1254 1293 3289 4051 
1255 2619 3395 4043 
1256 2489 3029 4496 
1257 1482 2626 3189 
1258 1157 1192 4422 
1259 1367 1369 3309 
1260 2312 3338 4018 
1261 2960 3482 3756 
1262 2875 2605 4428 
1263 2412 2410 3230 
1264 4057 1764 4070 
1265 2195 2194 2988 
1266 3339 3337 3934 
1267 3046 1764 4092 
1268 3339 2431 3928 
1269 1293 4051 4067 
1270 2097 2871 3181 
1271 2715 3094 4396 
1272 3225 1776 3226 
1273 1464 3928 3944 
1274 2079 3176 3180 
1275 3863 3258 4225 
1276 2590 2153 3004 
1277 2603 3242 4048 
1278 2079 2077 3181 
1279 2603 4057 4070 
1280 1203 3251 4378 
1281 2431 3339 3934 
1282 3076 1928 3183 
1283 3031 2926 4315 
1284 3928 2431 3944 
1285 2552 3076 3077 
1286 2969 2580 4363 
1287 1949 2925 3118 
1288 2991 1679 3639 
1289 1577 2579 4383 
1290 3421 3054 4320 
1291 313 3097 3098 
1292 1313 3057 3129 
1293 2879 3198 4366 
1294 3131 3063 3999 
1295 2996 2991 3639 
1296 3289 2599 4051 
1297 2603 4048 4057 
1298 2885 2884 3132 
1299 2977 470 4011 
1300 1371 1373 3308 
1301 2102 1704 2970 
1302 4317 3285 4371 
1303 1577 4383 4386 
1304 1704 1718 2970 
1305 3483 4304 4374 
1306 2935 341 3064 
1307 3050 2174 3135 
1308 2168 3009 3010 
1309 1057 2992 3953 
1310 2992 2863 3953 
1311 1680 2996 3639 
1312 3425 3428 4390 
1313 2728 3018 3024 
1314 2309 2136 3329 
1315 1775 3174 3175 
1316 3996 3385 4376 
1317 365 1913 3024 
1318 1514 3008 3050 
1319 1949 1140 3190 
1320 3057 2967 3129 
1321 2886 1567 4505 
1322 950 3311 3972 
1323 2604 3311 3328 
1324 2004 3945 3946 
1325 1033 1112 3190 
1326 3598 4263 4343 
1327 2612 3145 3184 
1328 3174 1775 3180 
1329 1895 1796 4180 
1330 1596 3361 4184 
1331 4020 1766 4159 
1332 3242 1766 4048 
1333 3945 3344 3946 
1334 1089 3344 3924 
1335 3014 2539 3015 
1336 3537 4278 4348 
1337 1584 3299 4323 
1338 3229 3227 3892 
1339 3482 469 3756 
1340 3048 3229 3892 
1341 3311 2604 3972 
1342 357 2539 3014 
1343 3924 3344 3945 
1344 4073 1992 4359 
1345 3193 2388 4219 
1346 2168 2166 3009 
1347 3225 3226 4159 
1348 356 319 357 
1349 3070 2173 3075 
1350 2287 3070 3075 
1351 3074 2947 4282 
1352 1775 3175 3182 
1353 3145 903 3184 
1354 1364 3551 4418 
1355 1846 3416 4309 
1356 4404 2605 4480 
1357 860 913 4088 
1358 2744 4513 4521 
1359 1092 3881 4358 
1360 3351 2606 3377 
1361 3016 2092 3017 
1362 3278 3637 3888 
1363 2139 2137 3482 
1364 3041 1391 3042 
1365 950 2971 3351 
1366 2971 950 3972 
1367 3042 1391 3692 
1368 1608 3936 4193 
1369 2988 2194 3145 
1370 356 357 3014 
1371 1218 3267 3268 
1372 3029 2489 4498 
1373 2996 1680 3241 
1374 1159 3334 4209 
1375 2916 3737 3886 
1376 1391 3041 3651 
1377 2185 2184 3224 
1378 2423 1895 3321 
1379 2971 2606 3351 
1380 3041 3043 3651 
1381 361 2092 3016 
1382 3371 2610 4084 
1383 1144 1319 4308 
1384 2552 1928 3076 
1385 1160 3377 3780 
1386 1865 2173 3070 
1387 3043 1024 3651 
1388 3131 4206 4259 
1389 1160 2980 3361 
1390 1637 4318 4321 
1391 2193 395 3058 
1392 1024 3043 3371 
1393 1401 3849 4335 
1394 2951 3290 4316 
1395 881 2287 3075 
1396 2423 3321 3322 
1397 1865 3070 3071 
1398 1550 1637 4321 
1399 313 128 3097 
1400 1913 2728 3024 
1401 2885 3069 3969 
1402 840 3822 4313 
1403 395 396 3989 
1404 3377 2606 3780 
1405 2934 2578 3737 
1406 125 319 356 
1407 4410 2593 4429 
1408 1737 1735 3276 
1409 2980 1160 3780 
1410 2591 2174 3050 
1411 2038 4278 4281 
1412 3069 3067 3969 
1413 3189 2626 4285 
1414 1766 3242 4159 
1415 1579 1367 3309 
1416 2184 3143 3224 
1417 3452 2725 4288 
1418 1709 2115 3028 
1419 2416 2038 4281 
1420 3176 3174 3180 
1421 3166 3208 3211 
1422 2193 3058 3059 
1423 1369 1376 3309 
1424 1718 3527 4135 
1425 1773 1910 3180 
1426 4288 2725 4291 
1427 3221 3222 3279 
1428 1470 962 4311 
1429 3008 1514 4063 
1430 774 572 3082 
1431 3150 3149 3151 
1432 1810 3355 3356 
1433 3019 774 3082 
1434 683 3845 4149 
1435 3007 3355 3840 
1436 2963 3933 4269 
1437 3223 3216 4238 
1438 2612 2988 3145 
1439 320 3079 3080 
1440 1722 1734 3226 
1441 3390 1159 4043 
1442 572 563 3082 
1443 1810 3356 3801 
1444 3144 3142 3270 
1445 3220 3048 4122 
1446 358 319 3134 
1447 1776 3144 3270 
1448 2984 2987 4256 
1449 2933 2934 3519 
1450 3008 2964 3050 
1451 3637 1317 3888 
1452 1376 1371 3308 
1453 2240 2781 4322 
1454 3058 395 3989 
1455 888 3221 3279 
1456 363 365 3024 
1457 3178 2079 3181 
1458 350 356 3014 
1459 1738 1752 3182 
1460 774 3019 3025 
1461 1373 1676 3308 
1462 1776 1722 3226 
1463 3355 1810 3840 
1464 3009 2166 3072 
1465 3097 3096 3098 
1466 1865 3071 3363 
1467 2968 358 3134 
1468 3028 2115 3029 
1469 2193 3076 3183 
1470 129 3095 3097 
1471 774 3025 3657 
1472 1348 3027 3388 
1473 3143 2184 3272 
1474 903 869 3184 
1475 320 57 3079 
1476 3025 3027 3657 
1477 1024 3371 4084 
1478 2554 3028 3029 
1479 2976 1363 2977 
1480 3053 719 3054 
1481 3224 3144 3225 
1482 127 313 3134 
1483 2611 3201 3202 
1484 3034 1589 3035 
1485 1883 1306 3297 
1486 3007 827 3498 
1487 294 55 3032 
1488 3166 3211 3359 
1489 3027 1348 3657 
1490 2602 3863 4225 
1491 359 361 3016 
1492 2856 2857 2858 
1493 982 3279 3280 
1494 827 3007 3840 
1495 626 2959 4367 
1496 519 517 3635 
1497 3048 3047 4122 
1498 1514 3050 3135 
1499 550 552 3036 
1500 2197 2185 3224 
1501 2239 2240 4280 
1502 3279 3222 3280 
1503 3017 2092 3018 
1504 3206 3207 3233 
1505 3044 823 3823 
1506 1464 3944 4300 
1507 3228 3229 3852 
1508 3235 2307 4019 
1509 274 2880 4538 
1510 3095 3096 3097 
1511 570 561 4047 
1512 3612 3611 4314 
1513 371 1543 3072 
1514 2847 2190 3060 
1515 3101 2638 3388 
1516 357 359 2539 
1517 2539 359 3016 
1518 546 548 3039 
1519 3462 2590 4273 
1520 3027 3101 3388 
1521 357 358 359 
1522 1575 3099 4354 
1523 3021 3498 3824 
1524 123 124 350 
1525 1589 3034 3039 
1526 2457 3137 4081 
1527 350 124 356 
1528 3498 827 3824 
1529 2616 2615 3890 
1530 1910 2079 3180 
1531 3229 3220 3852 
1532 2620 3439 3661 
1533 2393 3731 4240 
1534 3149 3150 3663 
1535 2615 3845 3890 
1536 1635 1878 3253 
1537 1038 3038 4001 
1538 1385 3453 3956 
1539 1377 3055 3592 
1540 1772 1737 3276 
1541 1313 415 3829 
1542 3439 2617 3661 
1543 540 521 3679 
1544 2137 3461 3482 
1545 3040 1312 3613 
1546 2620 3049 3453 
1547 138 280 3123 
1548 1935 2120 3037 
1549 3249 3089 3253 
1550 3352 3441 4213 
1551 129 130 3095 
1552 3068 3067 3069 
1553 3005 2931 3006 
1554 1089 3924 4268 
1555 3361 2980 4184 
1556 1530 1587 3363 
1557 3211 1755 3359 
1558 3089 3249 3251 
1559 3057 1313 3829 
1560 3049 2620 3661 
1561 3937 3376 4075 
1562 3098 3096 3099 
1563 2845 2183 4155 
1564 1709 3028 3195 
1565 2960 2139 3482 
1566 3227 823 3892 
1567 2873 2769 4515 
1568 3321 1895 4180 
1569 357 319 358 
1570 3221 888 3396 
1571 2981 2899 2982 
1572 3021 1408 3810 
1573 1660 1936 3031 
1574 1340 1384 3909 
1575 1775 1773 3180 
1576 2996 3241 3915 
1577 3207 3210 3233 
1578 1752 1775 3182 
1579 3123 280 3124 
1580 3241 3240 3915 
1581 979 3067 3068 
1582 3162 3160 3164 
1583 3142 2208 3270 
1584 593 674 3724 
1585 3039 3810 3947 
1586 57 58 3079 
1587 2120 2804 3037 
1588 1408 3021 3824 
1589 2921 2551 3084 
1590 128 129 3097 
1591 368 371 3072 
1592 1807 3530 3531 
1593 2443 2992 2993 
1594 140 324 3127 
1595 291 3091 3092 
1596 3121 3123 3124 
1597 3201 2611 3294 
1598 2175 1417 3195 
1599 3035 1589 3036 
1600 823 755 3823 
1601 3453 3049 3956 
1602 1279 1660 3031 
1603 548 1589 3039 
1604 441 3347 3767 
1605 3531 3872 4082 
1606 2852 1883 3297 
1607 1735 2611 3276 
1608 1539 3382 4315 
1609 1897 2488 3086 
1610 2380 3085 4192 
1611 3952 3304 4033 
1612 869 866 4041 
1613 1589 550 3036 
1614 3150 1572 3663 
1615 3086 2488 3087 
1616 1427 3078 3843 
1617 1384 3107 3909 
1618 4036 3340 4182 
1619 2638 3101 3868 
1620 1514 1167 4063 
1621 3062 399 3773 
1622 2442 3421 4320 
1623 3516 2104 3828 
1624 1300 3063 3131 
1625 3137 1419 4081 
1626 3810 1408 3947 
1627 359 360 361 
1628 1740 1738 3182 
1629 3127 324 3128 
1630 2511 3112 4170 
1631 2044 4400 4407 
1632 647 584 3419 
1633 361 363 2092 
1634 54 294 3139 
1635 2611 3202 3276 
1636 1189 4415 4420 
1637 2193 3059 3076 
1638 1652 4445 4456 
1639 1102 2177 3102 
1640 291 131 3091 
1641 56 320 3032 
1642 759 4246 4338 
1643 323 3103 3104 
1644 719 3053 3679 
1645 3046 2614 4070 
1646 4116 948 4230 
1647 3480 3481 4176 
1648 285 52 3140 
1649 3125 3127 3128 
1650 1936 1935 3037 
1651 3415 955 3872 
1652 2551 1927 3084 
1653 1543 3009 3072 
1654 3054 719 3635 
1655 3130 1539 4295 
1656 1809 3895 3921 
1657 706 730 3138 
1658 1759 3168 3827 
1659 56 57 320 
1660 636 638 3074 
1661 1039 1119 3067 
1662 3060 2190 3146 
1663 730 2170 3138 
1664 2218 3444 4167 
1665 1305 670 3194 
1666 3156 3160 3162 
1667 1945 2761 3105 
1668 3936 2685 4193 
1669 2728 2167 2748 
1670 1913 2166 2167 
1671 4105 1802 4113 
1672 1878 3249 3253 
1673 323 50 3103 
1674 3293 3073 4141 
1675 1008 1038 4001 
1676 365 367 1913 
1677 3895 3415 3921 
1678 2174 1569 3135 
1679 3184 869 4041 
1680 517 1399 3635 
1681 1612 3136 3772 
1682 1301 3142 3143 
1683 3241 1680 3417 
1684 3073 976 4141 
1685 3093 3092 3094 
1686 1913 367 2166 
1687 2702 2708 4224 
1688 3083 2648 4096 
1689 413 1313 4097 
1690 3375 3374 4145 
1691 2605 4404 4428 
1692 2566 3052 3347 
1693 1965 3240 3327 
1694 638 641 3074 
1695 2505 3367 4119 
1696 2965 2153 4389 
1697 670 631 3194 
1698 359 358 360 
1699 286 135 3119 
1700 1301 3143 3272 
1701 3845 2615 4149 
1702 3036 552 3937 
1703 2325 3261 3865 
1704 1313 3129 4097 
1705 3131 2207 4206 
1706 719 519 3635 
1707 3055 1377 3679 
1708 49 323 3133 
1709 2682 2016 4028 
1710 1813 2217 3288 
1711 3028 2175 3195 
1712 396 399 3989 
1713 3193 1777 4282 
1714 745 2208 3141 
1715 846 3228 3852 
1716 1831 3083 4096 
1717 1289 1217 3933 
1718 1605 3499 3785 
1719 1306 3102 3297 
1720 361 362 363 
1721 1519 1897 3086 
1722 1744 1759 3827 
1723 3530 1807 3665 
1724 955 3415 3895 
1725 387 1703 3146 
1726 291 3092 3093 
1727 2208 921 3922 
1728 2043 3602 3603 
1729 3232 3206 3233 
1730 1569 1282 3135 
1731 1672 1635 3253 
1732 2169 3057 3828 
1733 1672 3088 3325 
1734 3030 641 3051 
1735 374 377 3116 
1736 2237 2238 2239 
1737 3975 3008 4063 
1738 2727 3299 4317 
1739 1587 1865 3363 
1740 3436 3602 3701 
1741 1777 636 3074 
1742 3481 1115 4176 
1743 888 862 3396 
1744 3091 321 3100 
1745 2499 3296 4056 
1746 3238 3191 3763 
1747 1231 1234 3357 
1748 3155 3156 3162 
1749 1417 1220 3195 
1750 521 719 3679 
1751 1168 3263 3264 
1752 1492 1490 3420 
1753 1585 1236 3948 
1754 1771 3155 3162 
1755 1039 1118 1119 
1756 3261 3260 3865 
1757 3275 3273 3732 
1758 137 138 3123 
1759 1103 1102 3102 
1760 1527 1530 3363 
1761 2093 2868 3185 
1762 1301 3141 3142 
1763 125 126 319 
1764 2167 2166 2168 
1765 3088 1672 3253 
1766 2488 1944 2553 
1767 2317 3238 3763 
1768 1733 989 3294 
1769 2043 3603 3622 
1770 1543 1544 1866 
1771 3085 1404 4192 
1772 423 3275 3732 
1773 1312 1099 3613 
1774 1377 540 3679 
1775 3278 2237 3637 
1776 3270 2208 3922 
1777 3141 2208 3142 
1778 1771 1750 3155 
1779 1296 1612 3772 
1780 750 747 3272 
1781 1410 3935 3964 
1782 3935 3261 3964 
1783 3436 2629 3526 
1784 1119 1207 1208 
1785 2091 1769 3232 
1786 3419 570 4047 
1787 2757 1919 3152 
1788 3112 1463 4170 
1789 1928 389 3183 
1790 3073 2668 4162 
1791 3067 1119 3969 
1792 2610 3082 4084 
1793 846 811 3228 
1794 3154 2091 3232 
1795 415 3254 3829 
1796 3075 2661 4126 
1797 3874 1973 3875 
1798 694 716 3665 
1799 3071 4094 4100 
1800 1872 2343 3199 
1801 127 128 313 
1802 2104 2169 3828 
1803 586 593 3724 
1804 3602 2043 3701 
1805 1828 3952 4033 
1806 363 364 365 
1807 823 3044 3892 
1808 3288 3722 3951 
1809 2576 3199 3200 
1810 371 373 1543 
1811 441 3281 3347 
1812 384 387 3146 
1813 3219 3220 4122 
1814 733 712 3188 
1815 1807 3531 3724 
1816 3722 1106 3951 
1817 1346 3113 3310 
1818 1543 373 1544 
1819 1339 3114 3879 
1820 1064 1109 3257 
1821 139 140 3127 
1822 1119 1118 1207 
1823 2955 2132 3325 
1824 1897 1944 2488 
1825 3009 1866 3010 
1826 1519 1518 1897 
1827 1913 2167 2728 
1828 2070 2093 3185 
1829 2848 2101 3203 
1830 1279 3031 3382 
1831 54 55 294 
1832 1208 1207 1518 
1833 979 1039 3067 
1834 3192 1777 3193 
1835 3078 2583 3843 
1836 740 745 3141 
1837 1208 1518 1519 
1838 2622 3490 3491 
1839 2420 1314 3205 
1840 2624 2200 3869 
1841 1312 3975 4063 
1842 1757 1755 3211 
1843 1017 1004 3187 
1844 634 1777 3192 
1845 912 979 3068 
1846 976 4134 4141 
1847 3092 3091 3100 
1848 578 569 3393 
1849 3240 1965 3915 
1850 2184 750 3272 
1851 3874 3257 3925 
1852 3113 1346 3237 
1853 3159 3170 3196 
1854 674 1807 3724 
1855 1115 4172 4176 
1856 3529 3245 4000 
1857 2527 2767 3147 
1858 3119 322 3120 
1859 367 368 3072 
1860 1562 1519 3086 
1861 2611 1733 3294 
1862 894 828 3604 
1863 2553 3105 3106 
1864 3439 1528 4089 
1865 3452 2416 4281 
1866 1539 1259 3382 
1867 3539 2699 4174 
1868 1258 1539 3130 
1869 821 860 4088 
1870 3191 1249 3763 
1871 4162 2668 4172 
1872 860 912 913 
1873 584 570 3419 
1874 904 903 3389 
1875 1605 3487 3499 
1876 4126 2661 4134 
1877 4043 1159 4209 
1878 2272 3499 3500 
1879 3202 1081 4206 
1880 3102 2177 3297 
1881 124 125 356 
1882 1346 647 3419 
1883 2741 2551 2802 
1884 53 3139 3140 
1885 365 366 367 
1886 1669 1872 3199 
1887 3613 1206 3963 
1888 3199 2343 3200 
1889 132 321 3091 
1890 2176 2554 2886 
1891 785 1145 3327 
1892 2914 1230 4421 
1893 3201 1081 3202 
1894 3206 1924 3207 
1895 1305 3194 4219 
1896 3036 3937 4075 
1897 1404 4187 4192 
1898 3076 3059 3077 
1899 3367 1461 4119 
1900 2424 2423 4309 
1901 3345 1778 3392 
1902 3872 955 4082 
1903 2946 2945 4123 
1904 3347 3052 3767 
1905 1890 2175 2176 
1906 2475 1914 3262 
1907 2092 363 3024 
1908 3212 846 3213 
1909 2176 2175 2554 
1910 2858 2857 2859 
1911 2101 1931 3203 
1912 546 3039 3947 
1913 1249 3191 3456 
1914 3244 894 3604 
1915 2272 3500 3779 
1916 2196 3241 3417 
1917 1384 1385 3956 
1918 361 360 362 
1919 1727 1096 3259 
1920 3476 3310 3904 
1921 877 1786 3258 
1922 51 285 3103 
1923 2638 3868 3869 
1924 1890 1417 2175 
1925 3234 895 3258 
1926 3295 1585 3948 
1927 2120 2775 2804 
1928 1314 1107 3205 
1929 3124 280 3125 
1930 3773 1338 3966 
1931 3247 1957 3252 
1932 1204 1534 3278 
1933 1339 1340 3909 
1934 1709 1883 2115 
1935 1694 1431 3274 
1936 1584 3298 3299 
1937 678 706 3138 
1938 2961 2517 4455 
1939 1703 3060 3146 
1940 2761 2762 2849 
1941 1001 1064 3257 
1942 1316 2190 2563 
1943 2659 3354 4071 
1944 2115 1883 2491 
1945 1709 1306 1883 
1946 1019 1081 3201 
1947 580 590 3710 
1948 2746 2747 4535 
1949 706 729 730 
1950 3143 3142 3144 
1951 1778 3345 3391 
1952 1631 1957 3247 
1953 2549 1927 2551 
1954 1803 735 3284 
1955 399 400 3773 
1956 1219 1306 1709 
1957 1903 2237 3278 
1958 3124 3125 3126 
1959 3256 1001 3257 
1960 3409 3406 3802 
1961 3296 1462 4056 
1962 319 126 3134 
1963 130 131 291 
1964 3088 2955 3325 
1965 1914 1730 3262 
1966 1760 1924 3206 
1967 1897 1898 1944 
1968 3120 3121 3122 
1969 730 778 779 
1970 733 3188 3284 
1971 389 390 3183 
1972 3154 3232 3233 
1973 1923 3150 3151 
1974 53 54 3139 
1975 2001 3370 3769 
1976 825 846 3212 
1977 1973 3874 3925 
1978 4403 2889 4490 
1979 1219 1173 1306 
1980 2563 2190 2847 
1981 1561 1519 1562 
1982 757 823 3227 
1983 1096 1056 3259 
1984 2055 1694 3274 
1985 1660 1935 1936 
1986 1253 3204 3304 
1987 3499 2272 3785 
1988 735 733 3284 
1989 2197 3224 3225 
1990 55 56 3032 
1991 136 322 3119 
1992 561 1377 4047 
1993 3490 2622 3641 
1994 1102 1161 2177 
1995 1253 1622 3204 
1996 2635 2624 3303 
1997 913 912 3068 
1998 130 291 3095 
1999 643 678 1299 
2000 3095 3093 3096 
2001 569 840 3393 
2002 730 729 778 
2003 3042 4105 4113 
2004 3398 3460 3864 
2005 957 1001 3256 
2006 1543 1866 3009 
2007 1145 1965 3327 
2008 51 52 285 
2009 1234 1585 3357 
2010 1595 1492 3420 
2011 1903 2072 2237 
2012 2476 2552 2844 
2013 275 48 3133 
2014 1703 1928 2476 
2015 132 133 321 
2016 2802 2551 2921 
2017 1771 3163 3359 
2018 3040 3613 3963 
2019 1102 1062 1161 
2020 3671 4459 4461 
2021 859 898 3536 
2022 2120 2154 2775 
2023 4452 1615 4454 
2024 620 2969 4363 
2025 1708 1572 3150 
2026 1619 3409 3802 
2027 991 3201 3294 
2028 2415 2055 3274 
2029 1792 3433 3434 
2030 368 370 371 
2031 1316 383 2190 
2032 1792 3434 3436 
2033 3039 3034 3810 
2034 1230 1231 3357 
2035 1927 1715 3084 
2036 1300 1258 3130 
2037 621 695 3313 
2038 2528 2527 3147 
2039 3163 3166 3359 
2040 1570 1569 1922 
2041 903 3145 3389 
2042 995 895 3234 
2043 1869 2677 3739 
2044 3236 1257 3448 
2045 3428 905 4390 
2046 1715 1708 1923 
2047 1922 2174 2527 
2048 1771 3162 3163 
2049 381 383 1316 
2050 2976 2977 2978 
2051 2249 3516 3828 
2052 2522 2521 2903 
2053 3367 2672 4146 
2054 371 372 373 
2055 638 640 641 
2056 630 634 3192 
2057 1120 1258 1300 
2058 3469 2632 3507 
2059 2635 3303 3384 
2060 1847 2684 3323 
2061 2205 610 3286 
2062 2416 3452 4288 
2063 3370 2001 3768 
2064 4446 2226 4449 
2065 712 691 3188 
2066 1490 3303 3420 
2067 2549 2551 2741 
2068 134 135 286 
2069 2527 2591 2767 
2070 441 442 3281 
2071 989 988 3294 
2072 2767 2961 2962 
2073 1418 1417 1890 
2074 1534 1903 3278 
2075 1257 3236 3662 
2076 1574 1573 1952 
2077 49 50 323 
2078 755 753 3823 
2079 1933 431 3330 
2080 2057 2055 2415 
2081 2166 367 3072 
2082 788 786 3239 
2083 2239 2238 2240 
2084 625 2227 3372 
2085 1807 694 3665 
2086 1976 1041 4015 
2087 3455 2613 3823 
2088 3226 1734 4020 
2089 3163 3162 3164 
2090 1935 2119 2120 
2091 1750 1748 3155 
2092 41 262 3300 
2093 631 3192 3194 
2094 1660 1934 1935 
2095 2476 1928 2552 
2096 619 621 3313 
2097 3300 262 3301 
2098 2773 2999 3000 
2099 1287 1282 1569 
2100 747 744 3272 
2101 3637 2239 4212 
2102 3114 1339 3909 
2103 387 389 1703 
2104 1952 2490 2521 
2105 623 622 624 
2106 625 624 626 
2107 3349 3350 3386 
2108 1019 1079 1081 
2109 1003 1310 1725 
2110 621 620 622 
2111 1334 1332 3260 
2112 1738 1737 1752 
2113 1299 678 3138 
2114 3288 2217 3722 
2115 1736 1735 1737 
2116 627 626 628 
2117 3255 1470 4311 
2118 629 628 630 
2119 2622 3491 3665 
2120 987 968 988 
2121 3212 3214 3396 
2122 619 618 620 
2123 3214 3213 3215 
2124 1703 389 1928 
2125 3120 322 3121 
2126 363 362 364 
2127 1279 1280 1660 
2128 3460 2418 3864 
2129 1769 1767 3232 
2130 383 384 3146 
2131 3319 1803 3320 
2132 1923 1708 3150 
2133 2070 1914 2093 
2134 1734 1733 1735 
2135 1321 1503 1573 
2136 1952 2521 2522 
2137 3107 1384 3956 
2138 1097 1096 1206 
2139 740 739 745 
2140 1919 1905 3152 
2141 895 877 3258 
2142 3143 3144 3224 
2143 736 735 737 
2144 738 737 739 
2145 4457 1533 4458 
2146 734 2271 3364 
2147 3155 1765 3156 
2148 3160 3158 3161 
2149 811 781 3228 
2150 3214 3221 3396 
2151 991 1019 3201 
2152 1732 1730 1914 
2153 431 432 3330 
2154 1726 2195 2484 
2155 1318 2249 3254 
2156 3165 3164 3167 
2157 2629 3436 3701 
2158 136 137 322 
2159 1740 3182 4064 
2160 1195 1339 3879 
2161 1792 3436 3526 
2162 1003 958 1310 
2163 2097 2523 2783 
2164 3456 3378 3765 
2165 734 733 735 
2166 751 750 798 
2167 2579 3771 4383 
2168 621 622 623 
2169 623 624 625 
2170 1715 1923 3084 
2171 4089 1528 4094 
2172 3317 3318 3535 
2173 3152 2091 3153 
2174 619 620 621 
2175 1282 1213 3135 
2176 987 988 989 
2177 1671 1422 3273 
2178 1173 1103 3102 
2179 3212 3213 3214 
2180 2077 2078 2097 
2181 1319 1320 1321 
2182 415 416 3254 
2183 2956 2957 2958 
2184 2097 2783 2871 
2185 2103 2102 2443 
2186 2201 2187 2603 
2187 1213 1167 1514 
2188 1258 1259 1539 
2189 732 734 3364 
2190 3228 3227 3229 
2191 2528 3147 3148 
2192 625 626 627 
2193 3239 786 3327 
2194 1312 3040 3975 
2195 1048 1050 3304 
2196 2186 2185 2187 
2197 634 636 1777 
2198 1347 3536 3537 
2199 3260 1332 3865 
2200 1705 1704 2102 
2201 3207 3208 3209 
2202 2491 2852 2853 
2203 47 48 275 
2204 1910 2077 2079 
2205 3062 3773 3966 
2206 1174 1173 1219 
2207 3177 3178 3179 
2208 1922 2527 2528 
2209 627 628 629 
2210 1123 1099 1312 
2211 3442 1649 3846 
2212 999 3317 3535 
2213 923 968 987 
2214 1249 3456 3765 
2215 734 735 736 
2216 1778 578 3393 
2217 1725 1310 1726 
2218 2219 3349 3386 
2219 1736 1737 1738 
2220 623 625 3372 
2221 828 812 3604 
2222 1734 1735 1736 
2223 894 3244 3552 
2224 629 630 631 
2225 2093 2475 2779 
2226 1206 1727 1728 
2227 3310 3113 3904 
2228 1722 989 1733 
2229 1932 1931 2101 
2230 2130 2101 2557 
2231 2515 2181 2786 
2232 1744 1742 1759 
2233 3240 3239 3327 
2234 1728 1729 1730 
2235 1321 1573 1574 
2236 1748 1746 1765 
2237 393 395 2193 
2238 1760 1757 1924 
2239 1753 1750 1771 
2240 736 737 738 
2241 1767 1760 3206 
2242 1722 1733 1734 
2243 1752 1773 1775 
2244 3163 3164 3165 
2245 891 889 982 
2246 1063 1062 1102 
2247 1095 1056 1096 
2248 1905 1769 2091 
2249 1556 1706 1931 
2250 1355 3607 3608 
2251 1939 1919 2757 
2252 3552 2634 3871 
2253 3042 3692 4105 
2254 1584 826 3298 
2255 2769 2758 2799 
2256 1318 1349 1350 
2257 749 747 750 
2258 374 376 377 
2259 738 739 740 
2260 2343 2189 2596 
2261 825 811 846 
2262 887 862 888 
2263 1669 1668 1872 
2264 1008 964 1038 
2265 959 958 1003 
2266 2613 3044 3823 
2267 1350 1351 1352 
2268 617 618 619 
2269 1018 1017 1062 
2270 3222 3216 3223 
2271 745 921 2208 
2272 757 755 823 
2273 1630 2420 3231 
2274 836 825 3212 
2275 1922 1569 2174 
2276 152 298 3331 
2277 1191 1135 3495 
2278 1910 1911 2077 
2279 1287 1569 1570 
2280 3215 3217 3218 
2281 716 2622 3665 
2282 1352 1353 1704 
2283 3293 2354 3485 
2284 590 3515 3710 
2285 3156 3157 3158 
2286 781 757 3227 
2287 732 733 734 
2288 3045 2614 3046 
2289 744 742 1301 
2290 1120 1121 1258 
2291 851 1584 3292 
2292 1773 1774 1910 
2293 691 670 1305 
2294 1109 1107 1314 
2295 3441 1409 4213 
2296 1752 1772 1773 
2297 1878 3247 3248 
2298 2186 2187 2201 
2299 3114 3115 3879 
2300 3420 2624 3869 
2301 631 630 3192 
2302 1748 1765 3155 
2303 131 132 3091 
2304 3156 3158 3160 
2305 3337 3336 3338 
2306 691 1305 3188 
2307 3442 2819 3901 
2308 979 1035 1039 
2309 2954 2955 2956 
2310 749 750 751 
2311 3707 2650 3919 
2312 138 139 280 
2313 442 445 3281 
2314 3447 3490 3641 
2315 684 683 3283 
2316 732 712 733 
2317 3502 3282 3669 
2318 3207 3209 3210 
2319 1781 2010 3315 
2320 1463 4158 4170 
2321 1315 1314 1630 
2322 4060 1414 4076 
2323 798 2185 2186 
2324 2706 3230 4303 
2325 1631 1630 1957 
2326 3214 3215 3216 
2327 2132 1839 3325 
2328 2979 1550 4321 
2329 1732 1914 2070 
2330 2202 2116 2565 
2331 2527 2174 2591 
2332 3276 3202 4128 
2333 2186 2613 3455 
2334 1755 1753 3359 
2335 1767 3206 3232 
2336 1792 1508 3433 
2337 1050 1253 3304 
2338 2093 2779 2868 
2339 3045 3046 3047 
2340 1905 2091 3152 
2341 2036 2690 2691 
2342 798 2184 2185 
2343 1491 1493 3410 
2344 1872 2188 2189 
2345 798 2186 3455 
2346 2566 2565 2882 
2347 1939 2757 2758 
2348 52 53 3140 
2349 1338 1426 1556 
2350 3398 1616 3473 
2351 381 382 383 
2352 605 805 3341 
2353 1728 1730 1732 
2354 44 45 297 
2355 991 992 1019 
2356 3305 255 3306 
2357 155 261 3353 
2358 2575 1712 2576 
2359 1296 1294 1612 
2360 887 888 889 
2361 3173 3176 3177 
2362 1056 1037 3259 
2363 3249 3248 3250 
2364 2106 2124 2846 
2365 781 3227 3228 
2366 1705 2102 2103 
2367 1285 1217 1289 
2368 809 3529 4000 
2369 2525 2595 2763 
2370 1064 1065 1107 
2371 1213 1514 3135 
2372 1730 1731 3262 
2373 2181 2070 3185 
2374 1079 1080 1120 
2375 1416 1220 1417 
2376 2949 2583 3078 
2377 2767 2591 2961 
2378 1095 1096 1097 
2379 988 990 991 
2380 365 364 366 
2381 1019 1020 1079 
2382 1066 1067 1181 
2383 1922 2528 3663 
2384 3293 3485 3505 
2385 403 405 1338 
2386 1292 1290 1293 
2387 1667 1298 1668 
2388 140 141 324 
2389 3388 2637 3760 
2390 1811 1813 3288 
2391 826 607 3298 
2392 2956 2955 2957 
2393 969 971 1066 
2394 3386 3350 3387 
2395 1352 1704 1705 
2396 1285 1289 1290 
2397 378 380 381 
2398 2609 2183 2845 
2399 2564 2874 2928 
2400 399 3062 3989 
2401 3444 1596 4184 
2402 1620 1491 3410 
2403 3207 1924 3208 
2404 958 904 3389 
2405 923 967 968 
2406 2106 2846 3203 
2407 744 1301 3272 
2408 3299 2727 4323 
2409 2623 3874 3875 
2410 162 255 3305 
2411 3312 1976 4015 
2412 3397 3398 3473 
2413 737 1803 3319 
2414 2580 2132 2954 
2415 1318 1350 2249 
2416 2954 2132 2955 
2417 786 785 3327 
2418 3089 3088 3253 
2419 2227 627 3893 
2420 870 869 903 
2421 1556 1931 1932 
2422 3018 2092 3024 
2423 3159 3169 3170 
2424 3941 2538 4026 
2425 3175 4030 4064 
2426 863 871 969 
2427 2203 2204 2564 
2428 416 419 3254 
2429 745 920 921 
2430 1352 1705 3516 
2431 1872 2189 2343 
2432 1292 1293 1294 
2433 1931 2106 3203 
2434 3317 999 3645 
2435 1170 1085 1307 
2436 3976 3259 4001 
2437 3158 3159 3196 
2438 1703 2476 3060 
2439 1108 1111 1172 
2440 3038 3976 4001 
2441 1843 1190 3360 
2442 413 415 1313 
2443 2249 1350 3516 
2444 862 836 3396 
2445 2421 3315 3316 
2446 1159 501 3334 
2447 1304 1303 2720 
2448 50 51 3103 
2449 3335 3336 3337 
2450 1261 1263 1279 
2451 3115 3856 3879 
2452 936 3351 3377 
2453 617 1308 3285 
2454 1108 1172 3205 
2455 2202 2565 2566 
2456 1105 1103 1173 
2457 3343 654 3391 
2458 730 779 2170 
2459 1680 871 3417 
2460 921 922 923 
2461 806 2196 3417 
2462 3521 1470 4316 
2463 1347 859 3536 
2464 2570 3273 3275 
2465 3345 3343 3391 
2466 1705 2104 3516 
2467 1932 2101 2130 
2468 951 952 956 
2469 3444 2695 4167 
2470 1667 1668 1669 
2471 3248 3247 3252 
2472 1945 2670 2761 
2473 1107 1108 3205 
2474 1638 3430 3433 
2475 1307 3234 3863 
2476 3257 1109 3925 
2477 419 421 1318 
2478 1465 3526 3693 
2479 158 299 3366 
2480 135 136 3119 
2481 419 1318 3254 
2482 871 832 3417 
2483 2716 2571 4090 
2484 1039 1116 1118 
2485 2711 3374 3375 
2486 1382 3502 3669 
2487 2189 2307 3235 
2488 3491 3530 3665 
2489 1208 1519 1561 
2490 1064 1107 1109 
2491 2390 2016 2682 
2492 889 888 3279 
2493 669 631 670 
2494 590 646 3515 
2495 1635 1633 1878 
2496 2237 2072 2238 
2497 48 49 3133 
2498 2190 383 3146 
2499 2258 3805 3866 
2500 486 488 3606 
2501 948 949 951 
2502 143 144 274 
2503 2569 1947 2570 
2504 610 612 3286 
2505 1633 1631 3247 
2506 2557 2101 2848 
2507 552 554 3937 
2508 1327 1329 3768 
2509 1957 1630 3231 
2510 1712 1669 3199 
2511 742 740 3141 
2512 41 42 262 
2513 915 904 958 
2514 2528 3149 3663 
2515 384 386 387 
2516 1638 3429 3430 
2517 1806 2652 3913 
2518 1302 1181 1303 
2519 1259 1261 3382 
2520 646 721 3515 
2521 126 127 3134 
2522 3328 953 3329 
2523 4171 3284 4194 
2524 390 393 3183 
2525 1348 3388 3760 
2526 3000 2999 3001 
2527 1630 1314 2420 
2528 1206 1096 1727 
2529 3349 2219 3484 
2530 2786 2181 3185 
2531 1795 1793 2348 
2532 4094 1528 4100 
2533 1878 1633 3247 
2534 988 991 3294 
2535 753 751 3455 
2536 1605 580 3710 
2537 2200 2638 3869 
2538 3145 2194 3389 
2539 3404 1620 3410 
2540 1028 3996 4376 
2541 1277 3282 3494 
2542 1871 1606 3290 
2543 999 1000 3645 
2544 806 792 2196 
2545 1721 989 1722 
2546 1109 1314 1315 
2547 863 832 871 
2548 643 676 678 
2549 2093 1914 2475 
2550 3668 3440 3811 
2551 706 728 729 
2552 1355 3606 3607 
2553 1947 1671 3273 
2554 1713 2116 2202 
2555 3449 3868 3971 
2556 617 616 618 
2557 3236 3448 3648 
2558 969 871 971 
2559 804 768 3504 
2560 3354 1193 4071 
2561 1852 1843 3360 
2562 3287 1811 3288 
2563 429 431 1335 
2564 3487 1605 3710 
2565 322 137 3123 
2566 3192 3193 3194 
2567 1321 1320 1503 
2568 1350 1349 1351 
2569 1001 1002 1064 
2570 768 1344 3504 
2571 3335 2453 3336 
2572 2956 2958 2959 
2573 1006 1004 1017 
2574 3402 1620 3404 
2575 898 3535 3536 
2576 1728 1727 1729 
2577 2775 2154 2776 
2578 1622 2036 3204 
2579 1144 1269 1319 
2580 387 388 389 
2581 3153 2091 3154 
2582 2124 2155 3263 
2583 3329 953 4123 
2584 630 632 634 
2585 2014 2453 3335 
2586 1488 1360 3384 
2587 1730 1729 1731 
2588 690 670 691 
2589 1055 1094 3819 
2590 944 953 3328 
2591 912 970 979 
2592 1066 971 1067 
2593 3315 2010 3316 
2594 3282 1277 3669 
2595 860 884 912 
2596 1704 1353 1718 
2597 146 147 295 
2598 1132 3856 4038 
2599 982 889 3279 
2600 1998 1437 3348 
2601 640 642 643 
2602 503 3332 3334 
2603 3215 3213 3217 
2604 2187 2197 3242 
2605 1352 1351 1353 
2606 1931 1706 2106 
2607 1181 1067 1182 
2608 821 834 860 
2609 3053 3055 3679 
2610 435 437 2203 
2611 1261 1279 3382 
2612 1107 1065 1108 
2613 30 31 3488 
2614 1031 956 2623 
2615 833 832 863 
2616 711 691 712 
2617 2846 2124 3263 
2618 956 957 3256 
2619 1315 1630 1631 
2620 1781 3315 3380 
2621 778 800 821 
2622 2386 1996 3352 
2623 1149 1150 1156 
2624 2036 2401 2690 
2625 731 712 732 
2626 2125 1839 2132 
2627 1869 2152 2677 
2628 432 435 3330 
2629 1713 1942 2116 
2630 1185 1476 3346 
2631 1424 3668 3811 
2632 807 806 832 
2633 1739 1738 1740 
2634 1726 2194 2195 
2635 1890 2745 3243 
2636 367 366 368 
2637 1608 1441 3358 
2638 2196 3240 3241 
2639 3082 563 4084 
2640 280 139 3127 
2641 1606 1197 3290 
2642 2706 4303 4305 
2643 603 605 3341 
2644 2565 2883 3265 
2645 1004 1003 3187 
2646 1561 1562 2884 
2647 2576 1712 3199 
2648 957 978 1001 
2649 2097 2078 2523 
2650 741 740 742 
2651 1964 1156 2128 
2652 3161 3158 3196 
2653 793 792 806 
2654 3218 3217 3219 
2655 1556 1426 1706 
2656 3156 1765 3157 
2657 1872 1668 2188 
2658 1952 1573 2490 
2659 3303 2624 3420 
2660 3912 3409 3914 
2661 1897 1518 1898 
2662 1290 1289 3289 
2663 3436 3434 3602 
2664 1085 995 3234 
2665 2371 1852 3360 
2666 3376 1976 4075 
2667 1306 1173 3102 
2668 1032 925 1033 
2669 2570 1947 3273 
2670 678 705 706 
2671 638 639 640 
2672 1878 3248 3249 
2673 636 637 638 
2674 3368 1998 3369 
2675 3078 1427 3942 
2676 2596 2189 3235 
2677 390 392 393 
2678 634 635 636 
2679 149 150 268 
2680 1508 1638 3433 
2681 1603 1372 3783 
2682 2642 3912 3914 
2683 393 394 395 
2684 1741 1740 1742 
2685 743 742 744 
2686 1147 1148 1149 
2687 1550 2979 4326 
2688 1318 421 1349 
2689 2348 3260 3261 
2690 3177 3176 3178 
2691 785 789 1145 
2692 3371 3043 3633 
2693 666 1346 3310 
2694 1220 1219 3195 
2695 2554 2175 3028 
2696 1890 2176 2745 
2697 1086 1033 1140 
2698 3158 3157 3159 
2699 3273 1422 3732 
2700 1145 1146 1147 
2701 746 744 747 
2702 2569 2570 2571 
2703 924 851 925 
2704 3298 2205 3299 
2705 2711 3373 3374 
2706 1743 1742 1744 
2707 946 947 948 
2708 2077 1911 2078 
2709 439 4103 4118 
2710 1900 1852 2371 
2711 1061 965 3640 
2712 1338 405 1426 
2713 3433 3432 3434 
2714 1308 619 3313 
2715 1176 1140 1178 
2716 3237 1346 3419 
2717 752 751 753 
2718 1793 1334 3260 
2719 1051 1049 3446 
2720 393 2193 3183 
2721 3249 3250 3251 
2722 2189 2188 2307 
2723 1752 1737 1772 
2724 798 750 2184 
2725 2603 2187 3242 
2726 1745 1744 1746 
2727 2564 2204 2874 
2728 3448 3411 3648 
2729 975 3468 3469 
2730 1813 1815 2217 
2731 1595 3420 3869 
2732 3430 3432 3433 
2733 748 747 749 
2734 789 760 3472 
2735 1135 1277 3495 
2736 438 441 3767 
2737 2187 2185 2197 
2738 3340 603 3341 
2739 3378 1593 3765 
2740 396 398 399 
2741 2613 2201 2614 
2742 615 617 3285 
2743 152 153 298 
2744 3170 3169 3171 
2745 617 619 1308 
2746 932 1160 3361 
2747 1156 1150 3326 
2748 3878 1536 3918 
2749 713 1790 3472 
2750 1178 1140 1949 
2751 975 3467 3468 
2752 1747 1746 1748 
2753 1749 1748 1750 
2754 894 3552 3871 
2755 2285 789 3472 
2756 3268 4073 4359 
2757 882 3507 3654 
2758 1735 1733 2611 
2759 1638 1639 3429 
2760 371 370 372 
2761 3332 3333 3334 
2762 2001 1327 3768 
2763 1033 925 1112 
2764 1610 1477 3479 
2765 969 3960 3962 
2766 3526 2629 3693 
2767 1427 3843 3911 
2768 1751 1750 1753 
2769 975 3469 3507 
2770 1319 1269 1320 
2771 785 760 789 
2772 1301 742 3141 
2773 2909 2910 3324 
2774 2882 2565 3265 
2775 951 956 1031 
2776 1254 3397 3473 
2777 1219 1709 3195 
2778 1284 1217 1285 
2779 1910 1774 1911 
2780 3044 2614 3045 
2781 3443 1596 3444 
2782 3447 3489 3490 
2783 1355 486 3606 
2784 1154 1157 1201 
2785 501 503 3334 
2786 713 698 1790 
2787 3368 3369 3370 
2788 1169 1085 1170 
2789 754 753 755 
2790 1754 1753 1755 
2791 3296 2667 4091 
2792 1216 1170 1217 
2793 2763 2595 2771 
2794 1464 1451 3379 
2795 839 3610 3611 
2796 2623 956 3256 
2797 2553 1944 3105 
2798 2507 2672 3367 
2799 2957 3088 3089 
2800 1773 1772 1774 
2801 2219 1690 3484 
2802 1435 1998 3368 
2803 699 698 713 
2804 792 788 3239 
2805 3303 1488 3384 
2806 503 505 3332 
2807 756 755 757 
2808 155 156 261 
2809 761 760 785 
2810 2565 2116 2883 
2811 1064 1002 1065 
2812 1293 1290 3289 
2813 850 826 851 
2814 805 607 826 
2815 714 713 760 
2816 2457 2459 3137 
2817 1150 1152 3326 
2818 1003 1725 3187 
2819 1066 1181 1302 
2820 675 666 3310 
2821 3535 3318 3536 
2822 1572 1570 3663 
2823 3485 1656 3505 
2824 1786 875 3364 
2825 1756 1755 1757 
2826 1335 431 1933 
2827 3221 3216 3222 
2828 2120 2119 2154 
2829 1145 789 1146 
2830 2759 2758 2769 
2831 1758 1757 1760 
2832 1858 1857 3373 
2833 1291 1290 1292 
2834 2216 1621 3380 
2835 1761 1760 1767 
2836 675 3310 3476 
2837 3392 1778 3393 
2838 4318 1637 4382 
2839 942 944 3328 
2840 1577 1223 2579 
2841 2198 3371 3633 
2842 1236 1257 3948 
2843 1202 1179 3477 
2844 1204 3278 3888 
2845 1295 1294 1296 
2846 3271 1791 3291 
2847 2491 1883 2852 
2848 587 1778 3391 
2849 3373 1857 3374 
2850 867 1325 3876 
2851 1768 1767 1769 
2852 780 757 781 
2853 488 3394 3606 
2854 2948 2583 2949 
2855 40 41 3300 
2856 2212 2436 3381 
2857 300 3400 3401 
2858 1770 1769 1905 
2859 3007 2327 3355 
2860 967 1811 3287 
2861 810 781 811 
2862 601 603 3340 
2863 435 2203 3330 
2864 1099 1097 3613 
2865 824 811 825 
2866 963 893 964 
2867 835 825 836 
2868 892 891 893 
2869 1179 1244 3477 
2870 3258 1786 4225 
2871 956 952 957 
2872 1007 964 1008 
2873 1036 1008 1037 
2874 890 889 891 
2875 1906 1905 1919 
2876 1896 1895 2423 
2877 2814 3442 3846 
2878 1464 3379 3928 
2879 326 161 3305 
2880 868 866 869 
2881 1147 1146 1148 
2882 1937 1919 1939 
2883 1149 1148 1150 
2884 2203 437 2204 
2885 1996 1994 3352 
2886 877 875 1786 
2887 4146 2672 4158 
2888 1149 1156 1964 
2889 2376 1506 3950 
2890 445 1563 1713 
2891 737 735 1803 
2892 373 374 3116 
2893 3422 1835 3858 
2894 2180 2070 2181 
2895 861 836 862 
2896 951 949 952 
2897 745 739 920 
2898 886 862 887 
2899 1713 1563 1942 
2900 151 152 3331 
2901 1258 1121 1259 
2902 1850 2358 3412 
2903 2196 3239 3240 
2904 2188 1668 3772 
2905 3544 3546 3547 
2906 1649 3755 3846 
2907 2104 2103 2105 
2908 1620 3402 3600 
2909 2850 2741 2851 
2910 1639 1642 3429 
2911 664 662 796 
2912 1297 1296 1298 
2913 608 2205 3298 
2914 158 159 299 
2915 1688 2014 3335 
2916 4030 1759 4064 
2917 38 39 296 
2918 665 664 683 
2919 3304 3204 4033 
2920 1753 1771 3359 
2921 1935 1934 2119 
2922 2209 1610 3479 
2923 3406 3410 3802 
2924 1689 3339 3454 
2925 1833 2309 3342 
2926 3345 3392 3946 
2927 2499 2501 3296 
2928 988 968 990 
2929 2501 2667 3296 
2930 1439 1608 3348 
2931 3413 2345 3415 
2932 1794 1793 1795 
2933 1192 1158 3538 
2934 2169 2105 3056 
2935 2013 2446 3399 
2936 3290 1197 3521 
2937 2021 2378 3797 
2938 154 155 3353 
2939 663 662 664 
2940 1068 1185 3346 
2941 1944 1945 3105 
2942 1660 1280 1934 
2943 948 947 949 
2944 1964 2128 2597 
2945 1055 1037 1056 
2946 333 3568 3569 
2947 924 925 1032 
2948 1622 2035 2036 
2949 2125 2132 2580 
2950 1616 3398 3864 
2951 1302 1303 1304 
2952 3731 489 4240 
2953 2023 2403 3383 
2954 1544 373 3116 
2955 1711 1669 1712 
2956 2348 1793 3260 
2957 1799 3707 3919 
2958 959 1003 1004 
2959 805 826 850 
2960 2230 2181 2515 
2961 3447 1045 3489 
2962 1094 1056 1095 
2963 2218 802 3443 
2964 791 788 792 
2965 300 166 3400 
2966 3544 3545 3546 
2967 2516 2515 2517 
2968 1861 1858 3373 
2969 160 161 326 
2970 840 545 3362 
2971 1621 1502 3380 
2972 498 1159 3390 
2973 1443 1473 3358 
2974 3507 2632 3654 
2975 3379 1457 3454 
2976 1222 1178 1223 
2977 658 656 1089 
2978 1666 1298 1667 
2979 1873 2427 3761 
2980 1831 2074 3083 
2981 950 940 3311 
2982 1675 1051 3446 
2983 1646 1652 3437 
2984 1484 1689 3454 
2985 2328 3007 3498 
2986 1978 2345 3413 
2987 3355 2386 3356 
2988 2036 2691 3204 
2989 1437 1439 3348 
2990 1298 1296 3772 
2991 615 616 617 
2992 870 903 904 
2993 625 627 2227 
2994 4412 2986 4429 
2995 698 684 3283 
2996 3368 3370 3768 
2997 3385 2219 3386 
2998 2237 2239 3637 
2999 1418 1890 3243 
3000 3454 3339 3928 
3001 1719 1712 2575 
3002 1310 958 3389 
3003 839 3609 3610 
3004 3424 2015 3425 
3005 1217 1170 3933 
3006 1360 1358 3384 
3007 3434 3432 3435 
3008 3397 2408 3398 
3009 2501 2503 2667 
3010 1032 1033 1086 
3011 3157 1765 3827 
3012 1084 995 1085 
3013 1746 1744 3827 
3014 802 838 3443 
3015 1613 1593 3378 
3016 2582 2297 2583 
3017 621 623 695 
3018 3423 1061 3640 
3019 1086 1140 1176 
3020 934 936 3377 
3021 1944 1898 1945 
3022 2215 1833 3342 
3023 2593 2932 3307 
3024 1372 1370 3783 
3025 1257 1237 3448 
3026 3191 2368 3456 
3027 400 403 3773 
3028 851 826 1584 
3029 2316 3878 3918 
3030 1145 1147 1965 
3031 2327 2386 3355 
3032 1924 1757 3211 
3033 697 684 698 
3034 1307 1085 3234 
3035 1441 1443 3358 
3036 608 610 2205 
3037 1098 1097 1099 
3038 157 158 3366 
3039 482 484 3609 
3040 1689 3335 3337 
3041 607 608 3298 
3042 915 958 959 
3043 3384 1358 3815 
3044 1021 1976 3376 
3045 1618 1994 1996 
3046 1416 1417 1418 
3047 686 675 3476 
3048 1122 1099 1123 
3049 373 372 374 
3050 1483 4434 4436 
3051 162 163 255 
3052 944 945 946 
3053 3501 3109 3812 
3054 2311 717 3440 
3055 1894 1796 1895 
3056 1783 601 3340 
3057 3755 2652 3846 
3058 1581 1500 3445 
3059 31 303 3488 
3060 1592 1833 2215 
3061 331 30 3488 
3062 661 660 662 
3063 773 815 3641 
3064 2327 1996 2386 
3065 3503 804 3504 
3066 2735 1984 3459 
3067 3770 4436 4437 
3068 1239 3411 3448 
3069 2358 1848 3422 
3070 1063 1102 1103 
3071 1649 3442 3901 
3072 1689 1688 3335 
3073 1013 3486 3601 
3074 1018 1062 1063 
3075 210 211 3568 
3076 410 412 413 
3077 1001 978 1002 
3078 1618 1617 1994 
3079 1958 2592 2593 
3080 2437 2440 3438 
3081 850 851 924 
3082 832 806 3417 
3083 3374 1857 3450 
3084 865 867 3876 
3085 2020 2219 3385 
3086 2505 2507 3367 
3087 488 491 3394 
3088 3136 2188 3772 
3089 944 946 953 
3090 1586 1496 3449 
3091 2368 2366 3456 
3092 2593 2592 2932 
3093 3311 942 3328 
3094 1994 2392 3352 
3095 403 404 405 
3096 991 990 992 
3097 1576 1223 1577 
3098 1379 1061 3423 
3099 629 631 669 
3100 3467 3465 3468 
3101 839 482 3609 
3102 975 973 3467 
3103 400 402 403 
3104 2681 1817 3673 
3105 1174 1219 1220 
3106 1182 3774 4450 
3107 1224 1225 3418 
3108 836 3212 3396 
3109 381 380 382 
3110 1707 1572 1708 
3111 3315 2216 3380 
3112 3469 3468 3470 
3113 1644 2015 3424 
3114 2030 2408 3397 
3115 2439 3054 3421 
3116 2507 2509 2672 
3117 2932 2592 3523 
3118 721 3514 3515 
3119 1984 1789 3459 
3120 599 601 1783 
3121 1571 1570 1572 
3122 1279 1263 1280 
3123 1476 1617 1618 
3124 1433 1435 3368 
3125 930 932 3361 
3126 3341 805 3636 
3127 1484 1688 1689 
3128 965 897 3640 
3129 2408 2693 3460 
3130 605 607 805 
3131 1476 1475 1617 
3132 2012 2013 3399 
3133 1281 1213 1282 
3134 1191 3495 3805 
3135 1248 1068 3346 
3136 1848 1835 3422 
3137 2405 2314 3440 
3138 2210 2212 3381 
3139 3491 1972 3497 
3140 2014 2447 2453 
3141 416 418 419 
3142 1248 3346 3927 
3143 1239 1241 3411 
3144 659 658 660 
3145 2862 1824 2863 
3146 3346 1476 3759 
3147 1500 1498 3445 
3148 605 606 607 
3149 1168 1055 3819 
3150 1267 1615 3496 
3151 1089 3343 3344 
3152 1120 1080 1121 
3153 2314 2311 3440 
3154 1977 1978 3413 
3155 769 3501 3812 
3156 2218 3443 3444 
3157 657 656 658 
3158 1435 1437 1998 
3159 1439 1441 1608 
3160 1185 1475 1476 
3161 1453 1457 3379 
3162 1286 1282 1287 
3163 2511 2513 3112 
3164 807 832 833 
3165 1977 1601 1978 
3166 987 989 1721 
3167 1043 1068 1248 
3168 1019 992 1020 
3169 770 708 3493 
3170 921 920 922 
3171 3938 2682 4028 
3172 1322 1972 3489 
3173 1451 1453 3379 
3174 924 1032 3451 
3175 1149 1964 3706 
3176 1600 1601 1977 
3177 2688 4036 4182 
3178 940 942 3311 
3179 422 424 425 
3180 2345 2009 2369 
3181 906 1045 3447 
3182 3461 2590 3462 
3183 3875 1973 4025 
3184 603 604 605 
3185 1978 2009 2345 
3186 1496 1494 3449 
3187 655 654 656 
3188 2387 2003 2658 
3189 3463 3465 3467 
3190 1006 1017 1018 
3191 1956 1675 1992 
3192 942 943 944 
3193 1600 1323 1601 
3194 1502 1582 3380 
3195 3805 3495 3866 
3196 3394 3390 3395 
3197 1211 3525 3597 
3198 1992 1675 3446 
3199 1714 1708 1715 
3200 1070 1322 3489 
3201 3463 1189 3464 
3202 1079 1020 1080 
3203 2334 2147 3625 
3204 3843 2295 3911 
3205 751 798 3455 
3206 850 1040 3636 
3207 383 382 384 
3208 1522 2620 3453 
3209 1853 1850 3412 
3210 938 940 950 
3211 1796 1795 4180 
3212 601 602 603 
3213 1322 1323 1600 
3214 3316 2010 3506 
3215 793 806 807 
3216 377 376 378 
3217 1000 1013 3645 
3218 1212 1167 1213 
3219 3424 3425 3426 
3220 2622 773 3641 
3221 1659 1334 1793 
3222 426 428 429 
3223 1926 1715 1927 
3224 1150 1151 1152 
3225 1176 1178 1222 
3226 1166 1123 1167 
3227 2816 2819 3442 
3228 2364 1853 3412 
3229 1477 1199 3479 
3230 905 4387 4390 
3231 599 600 601 
3232 923 922 967 
3233 2626 1336 3503 
3234 3430 3426 3431 
3235 2134 1784 2153 
3236 3402 2228 3600 
3237 3430 3431 3432 
3238 2404 2314 2405 
3239 1443 1445 1473 
3240 1997 1996 2327 
3241 2374 1918 3480 
3242 2623 3256 3874 
3243 727 710 3632 
3244 2455 2457 4081 
3245 2367 2366 2368 
3246 1160 934 3377 
3247 1237 1239 3448 
3248 618 616 633 
3249 708 682 3493 
3250 2548 1927 2549 
3251 2675 2368 2676 
3252 1322 1187 1323 
3253 2436 2437 3438 
3254 654 594 3391 
3255 491 494 3394 
3256 734 736 2271 
3257 3182 3175 4064 
3258 664 796 3845 
3259 1336 926 3503 
3260 669 670 690 
3261 624 622 954 
3262 932 934 1160 
3263 432 434 435 
3264 1632 1631 1633 
3265 1105 1173 1174 
3266 3592 3055 3676 
3267 1688 1692 2014 
3268 2012 1610 2013 
3269 1484 1507 1688 
3270 2206 1984 2659 
3271 656 654 3343 
3272 2182 2130 2183 
3273 612 614 615 
3274 1457 1458 1484 
3275 868 869 870 
3276 1524 1528 3439 
3277 1511 1379 3423 
3278 2436 2214 2437 
3279 2437 2439 2440 
3280 940 941 942 
3281 2014 2042 2447 
3282 1994 1995 2392 
3283 1021 1041 1976 
3284 2171 1871 2952 
3285 1975 1789 1984 
3286 928 930 1596 
3287 2724 2221 3483 
3288 3425 3427 3428 
3289 938 939 940 
3290 2010 1782 2011 
3291 494 498 3390 
3292 695 623 3372 
3293 2375 3293 3505 
3294 760 713 3472 
3295 1975 2625 3514 
3296 2635 3384 3815 
3297 2402 2216 2421 
3298 498 501 1159 
3299 2583 2297 3843 
3300 1726 1310 2194 
3301 936 937 938 
3302 3868 1595 3869 
3303 1411 1975 3514 
3304 831 1021 3376 
3305 1070 1187 1322 
3306 833 863 864 
3307 1052 1189 3463 
3308 1449 1451 1464 
3309 333 210 3568 
3310 1609 1610 2012 
3311 1881 2157 2469 
3312 2863 1824 3365 
3313 1800 477 3612 
3314 1501 1500 1502 
3315 161 162 3305 
3316 2448 2042 3622 
3317 1965 1147 3706 
3318 1365 1579 3551 
3319 36 37 325 
3320 1596 930 3361 
3321 2408 2407 2693 
3322 1609 1477 1610 
3323 3547 3546 3548 
3324 2365 2366 2367 
3325 2160 1993 2161 
3326 1720 1606 1871 
3327 1185 1188 1475 
3328 1781 1780 1782 
3329 2445 2020 3385 
3330 1068 1093 1185 
3331 2446 2210 3381 
3332 630 628 632 
3333 2365 2007 2366 
3334 494 3390 3394 
3335 3465 3464 3466 
3336 3350 2012 3399 
3337 2440 2439 3421 
3338 1917 2375 3505 
3339 2020 1690 2219 
3340 2367 2368 2675 
3341 1043 1044 1068 
3342 3463 3464 3465 
3343 2328 2327 3007 
3344 2206 2659 2660 
3345 791 792 793 
3346 273 3563 3564 
3347 2676 3191 3238 
3348 761 785 786 
3349 1337 3476 3904 
3350 1021 1022 1041 
3351 3332 1783 3333 
3352 1787 1880 1881 
3353 1041 1042 1043 
3354 2086 2788 3793 
3355 2710 2026 2711 
3356 2212 2214 2436 
3357 1499 1498 1500 
3358 2013 2210 2446 
3359 594 587 3391 
3360 3457 2584 3458 
3361 1720 1871 2171 
3362 2223 2725 3452 
3363 699 713 714 
3364 445 1713 3281 
3365 2206 2660 3487 
3366 2134 2153 2590 
3367 2011 2192 2361 
3368 2030 2407 2408 
3369 1502 1581 1582 
3370 2134 2590 3461 
3371 1234 1236 1585 
3372 2221 1876 3483 
3373 2361 3041 3042 
3374 165 166 300 
3375 1467 1508 1792 
3376 1199 777 1337 
3377 613 1034 3518 
3378 714 760 761 
3379 2659 2735 3354 
3380 2706 1482 3230 
3381 1975 1984 2206 
3382 2027 1621 2216 
3383 2427 3617 3761 
3384 1481 1482 2706 
3385 1736 1738 1739 
3386 1453 1455 1457 
3387 1497 1496 1498 
3388 710 2231 3632 
3389 3352 2392 3441 
3390 387 386 388 
3391 1364 1365 3551 
3392 838 928 3443 
3393 1881 1880 2157 
3394 3490 1972 3491 
3395 612 615 3286 
3396 697 698 699 
3397 539 537 1791 
3398 1582 1779 1780 
3399 2709 2026 2710 
3400 1978 1979 2009 
3401 2638 2637 3388 
3402 1411 1788 1789 
3403 3168 3157 3827 
3404 921 923 3922 
3405 1481 1336 1482 
3406 738 740 741 
3407 1411 1789 1975 
3408 1244 1592 3477 
3409 1228 1230 2914 
3410 961 1336 1481 
3411 1626 2030 3397 
3412 2011 2361 2382 
3413 1582 1781 3380 
3414 1152 1153 1154 
3415 1495 1494 1496 
3416 2217 1815 2398 
3417 1461 4111 4119 
3418 690 691 711 
3419 934 935 936 
3420 1781 1782 2010 
3421 1387 1522 3453 
3422 1958 2133 2592 
3423 2383 3666 3709 
3424 1493 1492 1494 
3425 3530 3414 3531 
3426 1642 1644 3424 
3427 3489 1972 3490 
3428 1964 2598 3706 
3429 1644 1646 2015 
3430 1491 1490 1492 
3431 925 851 3292 
3432 2375 2374 2668 
3433 3513 3512 3708 
3434 2196 792 3239 
3435 875 732 3364 
3436 700 831 3376 
3437 665 683 684 
3438 1381 597 3541 
3439 3398 2408 3460 
3440 3407 3406 3409 
3441 1154 1155 1157 
3442 2417 2033 3471 
3443 1045 1069 1070 
3444 2474 2473 2584 
3445 946 945 947 
3446 607 606 608 
3447 961 926 1336 
3448 663 664 665 
3449 1264 1651 1787 
3450 1254 1626 3397 
3451 3868 3101 3971 
3452 2573 2571 2716 
3453 1489 1488 1490 
3454 167 327 3400 
3455 1865 1864 2173 
3456 2470 2469 2471 
3457 1501 1502 1621 
3458 2472 2471 2473 
3459 505 507 599 
3460 2737 3244 3245 
3461 2375 2668 3073 
3462 805 850 3636 
3463 3480 2379 3481 
3464 3405 3404 3406 
3465 273 3564 3567 
3466 1787 1651 1880 
3467 3543 3542 3544 
3468 1070 1186 1187 
3469 389 388 390 
3470 936 938 3351 
3471 711 712 731 
3472 1582 1780 1781 
3473 587 578 1778 
3474 438 440 441 
3475 1498 1586 3445 
3476 2291 3592 3676 
3477 1029 3463 3467 
3478 448 467 3511 
3479 3544 3542 3545 
3480 653 594 654 
3481 505 599 3332 
3482 831 902 1021 
3483 2200 1797 2637 
3484 2027 2216 2402 
3485 1158 1184 3538 
3486 2567 2451 2915 
3487 1494 1595 3449 
3488 1499 1500 1501 
3489 3403 3402 3404 
3490 2013 2209 2210 
3491 1917 2374 2375 
3492 973 1029 3467 
3493 4280 2240 4322 
3494 2024 1861 2026 
3495 2198 2610 3371 
3496 1157 1158 1192 
3497 2816 2818 2819 
3498 3499 2660 3500 
3499 3425 2015 3427 
3500 2173 2661 3075 
3501 1497 1498 1499 
3502 2814 2816 3442 
3503 615 614 616 
3504 731 732 875 
3505 2049 2465 3061 
3506 1648 725 3508 
3507 569 545 840 
3508 1587 1864 1865 
3509 2210 2211 2212 
3510 1690 1480 3484 
3511 1850 1848 2358 
3512 2620 1524 3439 
3513 906 972 1045 
3514 2568 1947 2569 
3515 2437 2438 2439 
3516 1721 1722 1776 
3517 259 3542 3543 
3518 2040 2379 3480 
3519 1855 1853 2364 
3520 1559 1698 3478 
3521 1457 1484 3454 
3522 1611 2671 3853 
3523 615 3285 3286 
3524 1918 2040 3480 
3525 1128 1599 3620 
3526 3349 2012 3350 
3527 3429 3426 3430 
3528 1200 1199 1477 
3529 2439 3053 3054 
3530 1487 1360 1488 
3531 3545 305 3546 
3532 1355 3608 3609 
3533 985 909 3512 
3534 852 906 3447 
3535 1495 1496 1497 
3536 2626 3503 3504 
3537 2030 2031 2407 
3538 2200 2637 2638 
3539 1465 1467 3526 
3540 1478 1477 1609 
3541 2330 2328 3498 
3542 4295 1539 4315 
3543 775 856 1411 
3544 3609 3608 3610 
3545 2585 2584 3457 
3546 2421 2216 3315 
3547 1010 1470 3521 
3548 1677 1954 1958 
3549 2737 2464 3244 
3550 2909 2585 2910 
3551 1373 1375 1676 
3552 2194 1310 3389 
3553 395 394 396 
3554 2435 2228 3402 
3555 1493 1494 1495 
3556 605 604 606 
3557 2173 2354 2661 
3558 393 392 394 
3559 2212 2213 2214 
3560 2910 2585 3457 
3561 932 933 934 
3562 2300 3821 3844 
3563 1350 1352 3516 
3564 1491 1492 1493 
3565 2444 2020 2445 
3566 1502 1500 1581 
3567 3564 3562 3565 
3568 2007 1613 3378 
3569 2736 2464 2737 
3570 2023 2373 2403 
3571 661 662 663 
3572 1369 1371 1376 
3573 822 777 1199 
3574 927 926 961 
3575 1013 1014 3486 
3576 2138 2140 3644 
3577 1489 1490 1491 
3578 2984 2986 2987 
3579 1917 1918 2374 
3580 1797 770 3493 
3581 1524 1525 1528 
3582 2224 2223 3452 
3583 1592 2215 3477 
3584 944 943 945 
3585 777 686 3476 
3586 2186 2201 2613 
3587 1587 1588 1864 
3588 1691 1690 2020 
3589 3405 3406 3407 
3590 1365 1367 1579 
3591 2145 2334 3528 
3592 1222 1223 1576 
3593 3244 2464 3552 
3594 2366 3378 3456 
3595 1089 656 3343 
3596 1013 3601 3645 
3597 1184 1247 1364 
3598 930 931 932 
3599 749 751 752 
3600 2677 2152 2678 
3601 2222 2221 2223 
3602 1522 1523 1524 
3603 2019 1648 3508 
3604 1343 2220 3486 
3605 816 668 3599 
3606 3525 3524 3597 
3607 2172 2171 2717 
3608 1713 2202 3281 
3609 2404 2405 2406 
3610 2106 2107 2124 
3611 1487 1488 1489 
3612 1498 1496 1586 
3613 2036 2035 2401 
3614 1228 1229 1230 
3615 3403 3404 3405 
3616 2676 2368 3191 
3617 3557 3556 3560 
3618 3564 3566 3567 
3619 3558 3557 3560 
3620 1789 2044 3459 
3621 2011 1782 2192 
3622 1029 1052 3463 
3623 2220 1876 2221 
3624 910 973 975 
3625 1689 3337 3339 
3626 1522 1524 2620 
3627 918 844 926 
3628 2223 2724 2725 
3629 1162 985 3512 
3630 1494 1492 1595 
3631 3487 2660 3499 
3632 603 602 604 
3633 1052 1054 1189 
3634 1040 924 3451 
3635 1582 1581 1779 
3636 2229 2634 3552 
3637 928 1596 3443 
3638 1241 1264 3411 
3639 601 600 602 
3640 2229 1981 2634 
3641 1199 1337 3479 
3642 3666 2340 3709 
3643 1642 3424 3429 
3644 1072 1101 1504 
3645 928 929 930 
3646 2360 2007 2365 
3647 3406 3404 3410 
3648 1780 1779 2198 
3649 2463 2229 2464 
3650 1731 2179 2879 
3651 1225 1228 3418 
3652 1236 1237 1257 
3653 2361 2192 3041 
3654 2435 3402 3403 
3655 1490 1488 3303 
3656 1045 1070 3489 
3657 1234 1235 1236 
3658 2021 2377 2378 
3659 1277 3494 3495 
3660 2659 1984 2735 
3661 2051 1981 2229 
3662 1626 2029 2030 
3663 1125 1215 1224 
3664 1198 1197 1606 
3665 882 910 3507 
3666 273 212 3563 
3667 3554 513 3794 
3668 1340 1342 1384 
3669 1701 2384 3775 
3670 1634 1633 1635 
3671 1197 1083 3521 
3672 1195 1272 1339 
3673 1385 1387 3453 
3674 778 821 4052 
3675 2380 2721 3085 
3676 3479 1337 3838 
3677 2157 3474 3475 
3678 2040 2110 2379 
3679 3606 3395 3607 
3680 565 579 3619 
3681 1656 1683 3505 
3682 1329 1433 3768 
3683 1225 1227 1228 
3684 3573 3574 3577 
3685 1387 1521 1522 
3686 1683 1916 1917 
3687 1847 1943 2684 
3688 1530 1538 1587 
3689 1607 1606 1720 
3690 874 813 3598 
3691 986 1114 3593 
3692 2957 2955 3088 
3693 2124 2135 2155 
3694 666 647 1346 
3695 3283 683 4149 
3696 3514 2625 3515 
3697 166 167 3400 
3698 1688 1507 1692 
3699 3564 3565 3566 
3700 2014 1692 2042 
3701 1484 1458 1507 
3702 1285 1290 1291 
3703 741 742 743 
3704 1994 1617 1995 
3705 2366 2007 3378 
3706 1137 1195 3879 
3707 2222 2223 2224 
3708 3344 3343 3345 
3709 2650 2019 3508 
3710 702 686 777 
3711 1343 1876 2220 
3712 1876 2391 3483 
3713 721 775 3514 
3714 1343 1875 1876 
3715 3163 3165 3166 
3716 1010 962 1470 
3717 1982 1413 3660 
3718 2024 2026 2709 
3719 1598 1480 1690 
3720 599 507 600 
3721 3281 2202 3347 
3722 1588 1656 3485 
3723 2462 2019 2650 
3724 1881 2469 2470 
3725 2447 2042 2448 
3726 3702 1214 3714 
3727 1559 3478 3534 
3728 167 168 327 
3729 304 3557 3558 
3730 3563 3562 3564 
3731 2220 2221 2222 
3732 2026 1861 3373 
3733 2637 3493 3760 
3734 1457 1455 1458 
3735 211 273 3568 
3736 1618 1996 1997 
3737 2455 2456 2457 
3738 3597 2241 3624 
3739 2006 1613 2007 
3740 213 3561 3563 
3741 1264 1265 1651 
3742 1487 1489 3600 
3743 1790 698 3283 
3744 1378 1380 3534 
3745 1014 1025 3486 
3746 659 660 661 
3747 1186 1254 3473 
3748 1696 1511 1981 
3749 1489 1620 3600 
3750 1833 2136 2309 
3751 3602 3435 3603 
3752 3440 717 3811 
3753 2332 2330 3021 
3754 657 658 659 
3755 2717 2171 3675 
3756 1231 1233 1234 
3757 3413 3415 3872 
3758 304 3558 3559 
3759 1789 1788 2044 
3760 1411 856 1788 
3761 655 656 657 
3762 3536 3318 3537 
3763 1025 1047 1343 
3764 681 707 3605 
3765 1985 2281 2636 
3766 2637 1797 3493 
3767 743 744 746 
3768 484 1355 3609 
3769 1339 1272 1340 
3770 2474 2584 2585 
3771 1739 1740 1741 
3772 2737 3245 3246 
3773 1292 1294 1295 
3774 942 941 943 
3775 2470 2471 2472 
3776 2472 2473 2474 
3777 3542 171 3545 
3778 2009 2023 3383 
3779 820 818 3596 
3780 2702 2704 2708 
3781 1108 1110 1111 
3782 1264 1787 3411 
3783 940 939 941 
3784 3574 282 3575 
3785 2013 1610 2209 
3786 1025 1343 3486 
3787 3504 1344 4285 
3788 1097 1206 3613 
3789 3561 3562 3563 
3790 3045 3047 3048 
3791 1377 3592 4047 
3792 3491 3497 3530 
3793 2223 2221 2724 
3794 1075 3803 3870 
3795 2024 2709 3509 
3796 525 2292 3715 
3797 2268 2266 3282 
3798 1384 1342 1385 
3799 1978 1601 1979 
3800 938 937 939 
3801 971 871 1680 
3802 2202 2566 3347 
3803 1323 1187 1616 
3804 1084 1085 1169 
3805 1058 2681 3492 
3806 213 214 3561 
3807 1021 902 1022 
3808 1977 3413 3414 
3809 477 480 3612 
3810 1683 1917 3505 
3811 1892 2497 3510 
3812 1524 1523 1525 
3813 599 1783 3332 
3814 1780 2198 3633 
3815 2268 3282 3502 
3816 3021 2330 3498 
3817 2086 2787 2788 
3818 653 654 655 
3819 1698 1985 3478 
3820 1855 2364 3450 
3821 2281 3549 3550 
3822 2173 1864 2354 
3823 1267 1516 1615 
3824 1624 1621 2027 
3825 768 766 1344 
3826 539 1791 3362 
3827 2281 1986 3549 
3828 1185 1093 1188 
3829 1068 1044 1093 
3830 1241 1243 1264 
3831 1609 3349 3484 
3832 1041 1022 1042 
3833 2398 2400 4286 
3834 1522 1521 1523 
3835 2369 2009 3383 
3836 1337 777 3476 
3837 1322 1600 1972 
3838 926 844 3503 
3839 1211 3597 3624 
3840 1399 515 3554 
3841 910 975 3507 
3842 1983 1162 3512 
3843 1045 972 1069 
3844 2192 1782 3633 
3845 1043 1042 1044 
3846 2625 2206 3487 
3847 172 305 3545 
3848 1946 1671 1947 
3849 936 935 937 
3850 1114 1252 3593 
3851 938 950 3351 
3852 1983 3512 3513 
3853 2010 2011 3506 
3854 1611 2005 2671 
3855 1184 1364 3538 
3856 918 926 927 
3857 1142 1083 1197 
3858 3739 2677 3986 
3859 1380 1559 3534 
3860 171 172 3545 
3861 1228 2914 3418 
3862 1741 1742 1743 
3863 2457 2458 2459 
3864 207 208 3576 
3865 2042 2043 3622 
3866 1216 1217 1284 
3867 3821 1469 3844 
3868 2269 1548 3634 
3869 553 551 3670 
3870 2463 2464 2736 
3871 1627 1162 1983 
3872 1985 2636 3478 
3873 1475 1188 1485 
3874 1974 1797 2200 
3875 1876 1875 2391 
3876 1942 2225 2434 
3877 1873 1874 2427 
3878 559 1801 3677 
3879 1967 2454 2455 
3880 775 1411 3514 
3881 3497 3414 3530 
3882 515 513 3554 
3883 575 1605 3785 
3884 2459 2460 2697 
3885 838 900 928 
3886 216 3556 3557 
3887 1070 1069 1186 
3888 2210 2209 2211 
3889 746 747 748 
3890 212 213 3563 
3891 2003 1603 3783 
3892 2357 2288 2656 
3893 2051 2229 2463 
3894 1981 1511 3423 
3895 844 804 3503 
3896 2266 2264 3494 
3897 1609 2012 3349 
3898 2437 2214 2438 
3899 1587 1538 1588 
3900 3593 1989 3594 
3901 3261 2325 3964 
3902 3573 282 3574 
3903 3111 3109 3501 
3904 1696 1981 2051 
3905 2440 3421 3522 
3906 707 795 3605 
3907 1252 1274 1989 
3908 857 882 3654 
3909 1889 2269 3595 
3910 2286 3758 3796 
3911 2392 1995 2393 
3912 795 802 2218 
3913 1224 1215 1225 
3914 2009 1979 2023 
3915 1077 1163 3532 
3916 1917 1916 1918 
3917 2814 2815 2816 
3918 2598 2597 2991 
3919 1857 1855 3450 
3920 2816 2817 2818 
3921 2245 2243 3524 
3922 1592 1832 1833 
3923 1357 1356 1358 
3924 1701 2082 2384 
3925 2030 2029 2031 
3926 1169 1170 1216 
3927 2379 2110 2380 
3928 766 727 3632 
3929 1482 1336 2626 
3930 2212 2211 2213 
3931 1087 1179 1202 
3932 597 645 3541 
3933 2015 1646 3437 
3934 815 852 3641 
3935 339 3573 3577 
3936 1359 1358 1360 
3937 839 3611 3612 
3938 2407 2031 2409 
3939 3561 3559 3562 
3940 2267 2266 2268 
3941 1343 1047 1875 
3942 1486 1360 1487 
3943 1137 1194 1195 
3944 2265 2264 2266 
3945 2538 3524 3525 
3946 1467 1792 3526 
3947 1743 1744 1745 
3948 2608 2183 2609 
3949 1210 1552 1873 
3950 1546 1413 1982 
3951 1139 1432 1611 
3952 2430 2542 2979 
3953 704 797 3533 
3954 3043 2192 3633 
3955 2375 3073 3293 
3956 1889 1548 2269 
3957 1200 1477 1478 
3958 2426 2228 2435 
3959 1478 1609 3484 
3960 2630 2224 2631 
3961 3214 3216 3221 
3962 817 770 1797 
3963 822 1199 1200 
3964 1128 1130 1599 
3965 854 820 3596 
3966 2665 2666 3853 
3967 1977 3414 3497 
3968 1972 1600 3497 
3969 927 961 962 
3970 3525 1211 3630 
3971 3524 2243 3597 
3972 1665 2236 3540 
3973 1997 2327 2328 
3974 1521 1520 3646 
3975 3593 3594 3723 
3976 2711 2026 3373 
3977 799 1969 3742 
3978 217 265 3556 
3979 3424 3426 3429 
3980 1195 1271 1272 
3981 413 414 415 
3982 3410 1493 3802 
3983 216 217 3556 
3984 1806 2088 2652 
3985 2414 2033 2417 
3986 2140 2143 3644 
3987 2143 2145 3528 
3988 1146 2285 3851 
3989 784 2296 3900 
3990 1880 1651 2226 
3991 966 999 3535 
3992 1456 1465 3693 
3993 1896 2423 2424 
3994 3317 2631 3318 
3995 960 854 1356 
3996 3282 2266 3494 
3997 2537 2248 2538 
3998 2157 1880 3474 
3999 589 597 1381 
4000 1210 1873 3532 
4001 2427 1874 2428 
4002 3568 3567 3569 
4003 1873 1552 1874 
4004 1881 2470 3648 
4005 1691 2020 2444 
4006 1228 1227 1229 
4007 1265 1267 3496 
4008 1985 1986 2281 
4009 1163 1210 3532 
4010 2145 2147 2334 
4011 2653 2813 2814 
4012 2273 3702 3714 
4013 2037 1628 2228 
4014 3588 3589 3590 
4015 2462 2650 2651 
4016 2294 3808 3847 
4017 1230 1229 1231 
4018 2263 2260 2264 
4019 1600 1977 3497 
4020 2497 2498 2499 
4021 2538 2248 3524 
4022 1838 1673 1839 
4023 668 680 3599 
4024 3434 3435 3602 
4025 702 777 822 
4026 1134 1136 1137 
4027 2439 2438 3053 
4028 1986 1988 3549 
4029 1720 2171 2172 
4030 3411 1787 3648 
4031 2006 2007 2360 
4032 579 589 3619 
4033 2248 2245 3524 
4034 1939 2758 2759 
4035 1252 1989 3593 
4036 3584 3585 3586 
4037 813 829 3598 
4038 1894 1895 1896 
4039 1598 1690 1691 
4040 3246 3245 3529 
4041 1146 789 2285 
4042 419 420 421 
4043 306 235 3570 
4044 1880 2226 3474 
4045 235 236 3570 
4046 1278 1545 3631 
4047 545 539 3362 
4048 3486 2220 3601 
4049 1745 1746 1747 
4050 2325 1324 3880 
4051 2739 1702 3638 
4052 2147 2149 3625 
4053 2652 3755 3913 
4054 2198 2199 2610 
4055 429 430 431 
4056 2560 2875 2911 
4057 2592 2133 2937 
4058 1698 1930 1985 
4059 1794 1795 1796 
4060 237 270 3571 
4061 934 933 935 
4062 1340 1341 1342 
4063 795 2218 3605 
4064 304 215 3557 
4065 334 240 3578 
4066 240 241 3578 
4067 215 216 3557 
4068 1234 1233 1235 
4069 3588 315 3589 
4070 3575 282 3576 
4071 3706 2598 3915 
4072 1956 1992 1993 
4073 1236 1235 1237 
4074 1900 2371 2372 
4075 2613 2614 3044 
4076 3570 236 3571 
4077 1975 2206 2625 
4078 2610 3019 3082 
4079 752 753 754 
4080 2464 2229 3552 
4081 242 279 3579 
4082 1988 2114 2657 
4083 1676 1375 1677 
4084 2503 2504 2505 
4085 1150 1148 1151 
4086 1958 1954 2133 
4087 2172 2717 2718 
4088 645 668 816 
4089 1570 1922 3663 
4090 1817 1819 3673 
4091 287 247 3584 
4092 247 248 3584 
4093 1025 1026 1047 
4094 3578 241 3579 
4095 1083 1010 3521 
4096 688 673 3614 
4097 494 497 498 
4098 2634 1981 3423 
4099 829 859 1347 
4100 2630 3317 3645 
4101 957 977 978 
4102 249 308 3585 
4103 2141 2139 2960 
4104 1356 854 3596 
4105 680 704 3533 
4106 1988 2657 3549 
4107 259 170 3542 
4108 349 3588 3590 
4109 1785 1784 2134 
4110 435 436 437 
4111 932 931 933 
4112 850 924 1040 
4113 803 843 3642 
4114 2499 2500 2501 
4115 1747 1748 1749 
4116 2255 2253 2256 
4117 2788 2787 2789 
4118 169 170 259 
4119 3584 248 3585 
4120 645 816 3541 
4121 2011 2382 3506 
4122 3159 3168 3169 
4123 1264 1243 1265 
4124 898 966 3535 
4125 1667 1669 1711 
4126 887 889 890 
4127 966 998 999 
4128 916 918 3656 
4129 315 200 3587 
4130 200 201 3587 
4131 704 724 797 
4132 3058 2609 3059 
4133 2344 1723 3923 
4134 2263 2264 2265 
4135 2228 1628 3600 
4136 783 813 874 
4137 301 228 3553 
4138 3758 1407 3796 
4139 2501 2502 2503 
4140 224 225 258 
4141 1673 1672 3325 
4142 2257 2256 2258 
4143 1307 3863 4269 
4144 172 173 305 
4145 2247 2245 2248 
4146 3245 3244 3604 
4147 3394 3395 3606 
4148 1385 1386 1387 
4149 2265 2266 2267 
4150 170 171 3542 
4151 304 3559 3561 
4152 2509 2510 2511 
4153 1000 1012 1013 
4154 3614 673 3750 
4155 2505 2506 2507 
4156 34 35 257 
4157 1142 1197 1198 
4158 1198 1606 1607 
4159 930 929 931 
4160 221 222 302 
4161 227 228 301 
4162 1014 1016 1025 
4163 2231 688 3614 
4164 1749 1750 1751 
4165 2507 2508 2509 
4166 2137 2134 3461 
4167 2267 2268 2326 
4168 229 330 3553 
4169 330 230 3555 
4170 2536 2248 2537 
4171 799 1968 1969 
4172 282 207 3576 
4173 236 237 3571 
4174 2582 2583 2948 
4175 31 32 303 
4176 1541 1275 2355 
4177 241 242 3579 
4178 219 220 328 
4179 228 229 3553 
4180 229 230 330 
4181 248 249 3585 
4182 1182 1067 1679 
4183 29 30 331 
4184 231 263 3555 
4185 230 231 3555 
4186 214 304 3561 
4187 2049 2050 2465 
4188 217 218 265 
4189 2838 2537 2839 
4190 175 176 269 
4191 177 178 329 
4192 214 215 304 
4193 231 232 263 
4194 27 28 264 
4195 234 235 306 
4196 24 25 307 
4197 180 181 276 
4198 182 183 332 
4199 211 212 273 
4200 270 238 3572 
4201 209 210 333 
4202 237 238 270 
4203 239 334 3572 
4204 21 22 272 
4205 339 205 3573 
4206 239 240 334 
4207 19 20 335 
4208 238 239 3572 
4209 206 282 3573 
4210 206 207 282 
4211 204 339 3580 
4212 185 186 283 
4213 336 188 3581 
4214 204 205 339 
4215 187 188 336 
4216 205 206 3573 
4217 290 203 3580 
4218 203 204 3580 
4219 189 293 3581 
4220 188 189 3581 
4221 242 243 279 
4222 16 17 281 
4223 337 245 3583 
4224 202 203 290 
4225 244 245 337 
4226 14 15 338 
4227 189 190 293 
4228 246 287 3583 
4229 245 246 3583 
4230 246 247 287 
4231 12 13 289 
4232 199 200 315 
4233 349 198 3588 
4234 199 315 3588 
4235 198 199 3588 
4236 249 250 308 
4237 192 193 318 
4238 253 352 3591 
4239 9 10 314 
4240 251 252 340 
4241 340 252 3591 
4242 194 195 353 
4243 7 8 341 
4244 253 254 352 
4245 252 253 3591 
4246 197 198 349 
4247 1646 1647 1652 
4248 680 3533 3599 
4249 1684 1113 3789 
4250 2511 2512 2513 
4251 1665 2069 2236 
4252 1387 1520 1521 
4253 2917 2344 2925 
4254 446 448 3511 
4255 1829 1830 1831 
4256 517 515 1399 
4257 3601 2630 3645 
4258 829 1347 3598 
4259 2096 1921 2241 
4260 475 477 1800 
4261 2470 3236 3648 
4262 1892 2496 2497 
4263 1839 1673 3325 
4264 3108 2628 3109 
4265 1705 2103 2104 
4266 575 580 1605 
4267 1885 2099 2320 
4268 1545 1885 3631 
4269 1137 1136 1194 
4270 2222 2224 2630 
4271 2242 2241 2243 
4272 445 446 1563 
4273 2657 2114 2662 
4274 608 609 610 
4275 1659 1793 1794 
4276 1489 1491 1620 
4277 491 493 494 
4278 1326 2325 3865 
4279 1256 1823 2319 
4280 1862 1861 2024 
4281 1920 2095 3623 
4282 1250 1113 1684 
4283 2592 2937 3523 
4284 291 3093 3095 
4285 2162 1723 2344 
4286 1732 2070 2180 
4287 2391 3615 3616 
4288 1495 1497 1619 
4289 1501 1621 1624 
4290 1564 1511 1696 
4291 1644 1645 1646 
4292 2258 2256 3805 
4293 1525 1526 1527 
4294 3171 3172 3173 
4295 3110 3109 3111 
4296 2027 2402 3471 
4297 1642 1643 1644 
4298 3808 1650 3847 
4299 3403 3405 3408 
4300 1985 1930 1986 
4301 2243 2241 3597 
4302 2259 2258 2260 
4303 1195 1194 1271 
4304 399 398 400 
4305 928 900 929 
4306 1653 1941 2049 
4307 2247 2248 2536 
4308 754 755 756 
4309 1751 1753 1754 
4310 2244 2243 2245 
4311 1510 1379 1511 
4312 1210 1551 1552 
4313 589 1381 3619 
4314 2241 1921 3624 
4315 2355 1275 3678 
4316 3803 2666 3870 
4317 4116 2946 4123 
4318 2255 2256 2257 
4319 2536 2537 2838 
4320 753 3455 3823 
4321 2666 3803 3853 
4322 1527 1529 1530 
4323 1244 1590 1592 
4324 2282 2764 2765 
4325 484 486 1355 
4326 1686 1506 2376 
4327 1825 1892 3510 
4328 1578 1576 1784 
4329 817 1797 1974 
4330 917 994 2232 
4331 2630 2631 3317 
4332 2246 2245 2247 
4333 2621 2585 2909 
4334 2384 2082 2385 
4335 1974 2200 2624 
4336 881 3075 4126 
4337 1077 3532 3621 
4338 1357 1358 1359 
4339 1359 1360 1486 
4340 1060 1127 1128 
4341 960 1356 1357 
4342 1208 1561 3969 
4343 498 500 501 
4344 1541 2355 3627 
4345 1864 1588 3485 
4346 2438 2214 3676 
4347 2257 2258 2259 
4348 504 502 3692 
4349 765 727 766 
4350 1340 1272 1341 
4351 1295 1296 1297 
4352 2096 2241 2242 
4353 2830 2831 2870 
4354 1486 1487 1628 
4355 1256 2319 3746 
4356 775 776 856 
4357 3513 3708 3795 
4358 1639 1641 1642 
4359 1152 1151 1153 
4360 1611 1432 2005 
4361 1508 1509 1638 
4362 882 883 910 
4363 1364 1247 1365 
4364 2652 2088 2653 
4365 1588 1655 1656 
4366 1475 1485 3757 
4367 2246 2247 2519 
4368 721 722 775 
4369 887 890 3365 
4370 2242 2243 2244 
4371 843 917 3642 
4372 2033 2027 3471 
4373 1882 2083 2282 
4374 910 911 973 
4375 2262 2260 2263 
4376 973 974 1029 
4377 1029 1030 1052 
4378 2830 2519 2831 
4379 2037 2228 2426 
4380 2246 2519 2830 
4381 1530 1537 1538 
4382 1323 1616 3721 
4383 971 1680 3639 
4384 2149 2151 2687 
4385 2100 1702 2739 
4386 1163 1209 1210 
4387 2244 2245 2246 
4388 1636 1635 1672 
4389 2025 2024 3509 
4390 2291 3237 3592 
4391 1052 1053 1054 
4392 2428 2429 2430 
4393 1860 1858 1861 
4394 3478 2636 3825 
4395 2536 2838 2840 
4396 1624 2027 2033 
4397 710 688 2231 
4398 1656 1682 1683 
4399 1054 1071 1072 
4400 3984 3312 4015 
4401 2814 2813 2815 
4402 2816 2815 2817 
4403 1918 2039 2040 
4404 2332 3021 3810 
4405 2818 2817 2820 
4406 273 3567 3568 
4407 1467 1468 1508 
4408 1072 1100 1101 
4409 548 550 1589 
4410 2254 2253 2255 
4411 559 557 1801 
4412 2262 2546 2792 
4413 857 880 882 
4414 480 482 839 
4415 2341 2340 2694 
4416 1754 1755 1756 
4417 1819 1821 1829 
4418 1550 1397 1637 
4419 1520 1882 3646 
4420 2755 2280 2756 
4421 2792 2546 2866 
4422 815 848 852 
4423 999 998 1000 
4424 2752 2753 2754 
4425 756 757 780 
4426 2259 2260 2262 
4427 1025 1016 1026 
4428 2143 3528 3644 
4429 1683 1915 1916 
4430 1986 1987 1988 
4431 916 844 918 
4432 1344 766 3632 
4433 2247 2536 3618 
4434 2380 2381 2721 
4435 557 553 3670 
4436 1988 2113 2114 
4437 1013 1012 1014 
4438 2252 2251 2253 
4439 1782 1780 3633 
4440 2519 2247 3618 
4441 2482 1889 3595 
4442 2236 2069 2520 
4443 1920 2094 2095 
4444 1591 1594 3749 
4445 646 692 721 
4446 1358 1356 3815 
4447 1979 1601 3721 
4448 2257 2259 2261 
4449 3168 1759 4030 
4450 614 613 3518 
4451 1186 1196 1254 
4452 2040 2109 2110 
4453 2262 2263 2546 
4454 1480 1478 3484 
4455 538 537 539 
4456 1101 1124 1125 
4457 1465 1466 1467 
4458 2256 2253 3687 
4459 2656 2288 3796 
4460 767 766 768 
4461 1628 1487 3600 
4462 1995 1617 3757 
4463 3399 2446 4358 
4464 3173 3174 3176 
4465 1552 1551 1920 
4466 2220 2222 3601 
4467 2242 2244 2826 
4468 1225 1226 1227 
4469 1164 1078 1171 
4470 2612 1971 2988 
4471 1385 1342 1386 
4472 1060 1128 3620 
4473 1125 1214 1215 
4474 2279 2277 2280 
4475 2428 1874 2429 
4476 2650 3508 3919 
4477 2719 3326 4425 
4478 510 508 1391 
4479 1157 1155 1158 
4480 1756 1757 1758 
4481 1187 1186 3473 
4482 2094 1921 2096 
4483 2536 2840 3618 
4484 1758 1760 1761 
4485 2391 1875 3615 
4486 1875 1047 2235 
4487 1009 962 1010 
4488 1254 1625 1626 
4489 2094 2096 2545 
4490 501 502 503 
4491 1076 985 1162 
4492 2430 2541 2542 
4493 716 773 2622 
4494 906 907 972 
4495 831 901 902 
4496 852 853 906 
4497 480 839 3612 
4498 1453 1454 1455 
4499 1626 2028 2029 
4500 2222 2630 3601 
4501 1392 581 3728 
4502 700 830 831 
4503 2198 1779 2199 
4504 1128 1129 1130 
4505 1618 1997 3759 
4506 852 3447 3641 
4507 1908 1531 2251 
4508 2887 2567 2918 
4509 1651 1265 3496 
4510 1112 925 3292 
4511 1901 2534 2644 
4512 1761 1767 1768 
4513 525 523 2292 
4514 2339 1827 2340 
4515 2265 2267 2793 
4516 2254 2255 2749 
4517 2754 2777 2832 
4518 1210 1209 1551 
4519 2342 2606 2971 
4520 1165 1162 1627 
4521 1059 993 2283 
4522 1362 2649 3684 
4523 535 533 537 
4524 1154 1153 1155 
4525 715 693 3650 
4526 2359 2323 2674 
4527 1920 1551 1921 
4528 1698 1929 1930 
4529 685 675 686 
4530 671 666 675 
4531 2252 2253 2254 
4532 1856 1855 1857 
4533 1451 1452 1453 
4534 780 781 810 
4535 543 512 1024 
4536 2292 523 3804 
4537 648 647 666 
4538 3532 1873 3761 
4539 1209 1164 1211 
4540 2274 2273 2275 
4541 2254 2749 2750 
4542 892 893 963 
4543 1885 2320 3631 
4544 1695 2061 2062 
4545 763 708 770 
4546 1037 1008 4001 
4547 650 592 1348 
4548 1456 1460 1465 
4549 1525 1523 1526 
4550 2114 2113 2540 
4551 810 811 824 
4552 824 825 835 
4553 1134 1135 1136 
4554 1988 1987 2113 
4555 2067 2543 2544 
4556 503 504 505 
4557 2213 2290 2291 
4558 963 964 1007 
4559 1007 1008 1036 
4560 3655 1191 3687 
4561 566 559 3677 
4562 1132 1133 1134 
4563 2319 1823 2654 
4564 1058 1817 2681 
4565 3055 2438 3676 
4566 1135 1133 1277 
4567 3108 3109 3110 
4568 1516 1532 1533 
4569 508 504 3692 
4570 1271 1665 3540 
4571 1265 1266 1267 
4572 2051 2463 2733 
4573 1768 1769 1770 
4574 1047 1026 3621 
4575 1969 1968 2617 
4576 1920 1921 2094 
4577 1272 1271 3540 
4578 2149 2687 3625 
4579 1986 1930 1987 
4580 2291 3113 3237 
4581 2068 1664 2646 
4582 2523 2524 2525 
4583 582 572 774 
4584 1510 1511 1564 
4585 1545 1413 1546 
4586 2113 1987 2556 
4587 1614 1613 2006 
4588 2409 2410 2411 
4589 554 556 700 
4590 1970 1304 1971 
4591 1267 1515 1516 
4592 1479 1478 1480 
4593 1787 1881 3648 
4594 1297 1298 1666 
4595 521 519 719 
4596 1237 1238 1239 
4597 1136 1135 1191 
4598 1581 3445 3744 
4599 3041 2192 3043 
4600 674 694 1807 
4601 1163 1164 1209 
4602 3495 3494 3866 
4603 2461 2019 2462 
4604 3494 2264 3866 
4605 2278 2751 2752 
4606 2065 1560 2273 
4607 1449 1450 1451 
4608 1396 1549 1804 
4609 2252 2254 3628 
4610 1380 1558 1559 
4611 505 506 507 
4612 1130 1131 1132 
4613 561 540 1377 
4614 701 686 702 
4615 1139 1611 3803 
4616 1231 1232 1233 
4617 993 916 3656 
4618 1874 1552 3623 
4619 573 566 873 
4620 1271 1531 1665 
4621 1559 1697 1698 
4622 1278 1126 1413 
4623 595 584 647 
4624 1015 3854 3857 
4625 1770 1905 1906 
4626 1134 1133 1135 
4627 1387 1386 1520 
4628 1389 715 3650 
4629 2289 2362 2363 
4630 1239 1240 1241 
4631 1564 1696 1702 
4632 1552 1920 3623 
4633 3988 2320 4008 
4634 1128 1127 1129 
4635 1804 1805 1806 
4636 1026 1027 1077 
4637 2610 2199 3019 
4638 1908 2251 2252 
4639 2255 2257 3626 
4640 3690 2635 3815 
4641 2759 2769 2873 
4642 2232 994 3620 
4643 1657 2066 2067 
4644 610 611 612 
4645 803 768 804 
4646 2018 1648 2019 
4647 842 820 854 
4648 890 891 892 
4649 1241 1242 1243 
4650 406 409 3520 
4651 1906 1919 1937 
4652 1854 1853 1855 
4653 3409 1619 3914 
4654 509 511 2270 
4655 1583 1963 2289 
4656 1447 1448 1449 
4657 835 836 861 
4658 1362 2640 2649 
4659 1077 1078 1163 
4660 2749 2255 3626 
4661 1665 1908 2069 
4662 2191 2003 2387 
4663 1445 1446 1447 
4664 1026 1016 1027 
4665 1597 1480 1598 
4666 3508 725 3659 
4667 1826 2338 2342 
4668 612 613 614 
4669 2411 2412 2413 
4670 1338 1556 3966 
4671 2267 2326 3629 
4672 1077 1027 1078 
4673 1163 1078 1164 
4674 1014 1015 1016 
4675 3427 2015 3437 
4676 1209 1211 3624 
4677 2827 2541 2828 
4678 2432 2032 2433 
4679 843 804 844 
4680 2257 2261 3626 
4681 1884 1546 1886 
4682 2354 1864 3485 
4683 1132 1131 1133 
4684 1329 1331 1433 
4685 2345 2369 3921 
4686 1082 1010 1083 
4687 2023 2250 2373 
4688 2430 2429 2541 
4689 529 527 1090 
4690 886 887 3365 
4691 2282 2083 2764 
4692 608 606 609 
4693 1000 1011 1012 
4694 1250 1684 1999 
4695 765 766 767 
4696 1929 1697 2123 
4697 2100 2739 2740 
4698 1443 1444 1445 
4699 1588 1538 1655 
4700 3245 3604 4000 
4701 1551 1209 3624 
4702 2356 2288 2357 
4703 544 539 545 
4704 881 879 2286 
4705 1271 1194 1531 
4706 1164 1171 3630 
4707 1086 1176 1177 
4708 1441 1442 1443 
4709 2287 2286 2288 
4710 1194 1136 3655 
4711 1930 1929 3649 
4712 2797 2080 2798 
4713 1882 2282 3646 
4714 1060 1126 1127 
4715 2526 2424 3416 
4716 2520 2069 2607 
4717 527 525 3715 
4718 2542 2541 2827 
4719 2644 2534 2645 
4720 1014 1012 1015 
4721 1026 1077 3621 
4722 2634 3423 3640 
4723 1921 1551 3624 
4724 1698 1697 1929 
4725 861 862 886 
4726 1147 1149 3706 
4727 1527 1526 1529 
4728 1665 1531 1908 
4729 2555 2123 2843 
4730 1439 1440 1441 
4731 2251 3655 3687 
4732 3596 3690 3815 
4733 1629 1628 2037 
4734 1130 1129 1131 
4735 2254 2750 3628 
4736 2301 2302 3814 
4737 994 1059 1060 
4738 1211 1164 3630 
4739 2470 2472 3236 
4740 2044 1788 2632 
4741 2797 2798 2890 
4742 1437 1438 1439 
4743 2171 2952 3675 
4744 2474 2585 2621 
4745 1885 2080 2099 
4746 917 2232 3642 
4747 1929 2123 2555 
4748 591 649 651 
4749 2555 2843 2878 
4750 2405 3440 3668 
4751 898 965 966 
4752 966 997 998 
4753 3856 3115 4038 
4754 859 897 898 
4755 1547 1255 1548 
4756 1075 1138 1139 
4757 2235 1047 3621 
4758 1918 1916 2039 
4759 855 854 960 
4760 2049 1941 2050 
4761 2099 2797 2865 
4762 984 1074 1075 
4763 772 715 1389 
4764 1806 2087 2088 
4765 1433 1434 1435 
4766 1435 1436 1437 
4767 829 858 859 
4768 3451 1032 3713 
4769 819 841 1990 
4770 1000 998 1011 
4771 2429 1874 3623 
4772 1530 1529 1537 
4773 994 1060 3620 
4774 2250 1979 3721 
4775 571 581 1392 
4776 997 965 1061 
4777 2535 2089 2821 
4778 1875 2235 3615 
4779 1652 1647 1653 
4780 1594 1593 1613 
4781 1278 1413 1545 
4782 2380 2110 2381 
4783 917 993 994 
4784 2754 2753 2777 
4785 1629 2038 2416 
4786 3125 280 3127 
4787 1142 1198 3634 
4788 1131 1129 1382 
4789 1545 1884 1885 
4790 2653 2812 2813 
4791 1646 1645 1647 
4792 1987 1930 3649 
4793 1141 1083 1142 
4794 2764 2083 2766 
4795 1225 1215 1226 
4796 1386 1342 3667 
4797 1559 1558 1697 
4798 2793 2267 3629 
4799 771 770 817 
4800 1573 1503 3277 
4801 927 962 1009 
4802 1862 2024 2025 
4803 1341 1272 3540 
4804 856 776 857 
4805 2752 2751 2753 
4806 1095 1097 1098 
4807 2480 1889 2482 
4808 1111 1143 1144 
4809 1711 1712 1719 
4810 1139 1276 1432 
4811 775 722 776 
4812 1563 446 3511 
4813 3107 2628 3108 
4814 2068 2646 2647 
4815 1531 1194 3655 
4816 3673 4096 4125 
4817 1656 1655 1682 
4818 542 562 564 
4819 1380 1379 1510 
4820 2062 2061 2730 
4821 843 916 917 
4822 1011 3682 3825 
4823 696 684 697 
4824 2002 1603 2003 
4825 1990 1991 2664 
4826 2627 2284 2628 
4827 2141 2960 2976 
4828 882 880 883 
4829 1378 1061 1379 
4830 721 692 722 
4831 910 883 911 
4832 2481 2547 2805 
4833 1888 1548 1889 
4834 1591 1245 1593 
4835 858 828 894 
4836 1980 1681 2284 
4837 1265 1243 1266 
4838 973 911 974 
4839 2226 1651 3496 
4840 1029 974 1030 
4841 3114 3110 3115 
4842 2283 993 3656 
4843 3387 3350 3881 
4844 2087 1805 2089 
4845 1929 2555 3649 
4846 600 507 1428 
4847 767 768 803 
4848 3596 818 3690 
4849 1564 1702 1901 
4850 1997 2329 3759 
4851 2556 1987 3649 
4852 1533 1532 1695 
4853 2279 2280 2755 
4854 1901 1702 2100 
4855 1052 1030 1053 
4856 1036 1037 1055 
4857 1804 1549 1805 
4858 568 545 569 
4859 1380 1510 1558 
4860 1136 1191 3655 
4861 1683 1682 1915 
4862 494 493 497 
4863 1942 1563 2225 
4864 1980 2627 3049 
4865 1702 1696 3638 
4866 759 782 783 
4867 813 828 829 
4868 547 536 3658 
4869 1357 1359 1361 
4870 1549 1397 1550 
4871 783 812 813 
4872 2395 2396 2397 
4873 2916 2580 2969 
4874 1127 1126 1278 
4875 1592 1590 1832 
4876 1342 1341 3667 
4877 1545 1546 1884 
4878 2755 2756 2806 
4879 2315 2314 2404 
4880 1180 1088 1249 
4881 3615 2235 3617 
4882 1060 1059 1126 
4883 1486 1628 1629 
4884 2099 2080 2797 
4885 1054 1053 1071 
4886 1840 1839 2125 
4887 2251 1531 3655 
4888 1696 2051 3638 
4889 803 804 843 
4890 1072 1071 1100 
4891 2756 2280 3940 
4892 3108 3110 3114 
4893 2409 2031 2410 
4894 2213 2291 3676 
4895 843 844 916 
4896 604 602 1808 
4897 1186 1069 1196 
4898 2694 2340 3666 
4899 2394 1995 3757 
4900 2006 2360 2383 
4901 726 764 799 
4902 2214 2213 3676 
4903 2087 2089 2535 
4904 2040 2039 2109 
4905 2621 2909 3295 
4906 994 993 1059 
4907 1516 1515 1532 
4908 847 814 849 
4909 2393 2394 2395 
4910 1059 2283 3660 
4911 1378 1379 1380 
4912 2446 3381 4351 
4913 3720 769 3812 
4914 2462 2651 3081 
4915 2540 2113 3643 
4916 3854 2636 3857 
4917 1860 1861 1862 
4918 1901 2100 2534 
4919 1520 1664 1882 
4920 1644 1643 1645 
4921 966 965 997 
4922 898 897 965 
4923 1231 1229 1232 
4924 2113 2556 3643 
4925 859 858 897 
4926 724 758 759 
4927 1785 2134 2137 
4928 1267 1266 1515 
4929 1237 1235 1238 
4930 1101 1100 1124 
4931 799 1681 1968 
4932 2805 2547 2939 
4933 1700 1541 3627 
4934 2925 2344 4022 
4935 1206 1728 3963 
4936 1009 1010 1082 
4937 3960 2633 3962 
4938 1885 1884 2080 
4939 1114 1251 1252 
4940 1520 1386 1664 
4941 1901 2644 3653 
4942 2104 2105 2169 
4943 1046 1023 2317 
4944 1851 1850 1853 
4945 1888 2480 2481 
4946 510 1391 3651 
4947 1200 1478 1479 
4948 2721 2381 2760 
4949 1982 3660 3792 
4950 1315 1631 1632 
4951 1819 1829 3673 
4952 1882 2068 2083 
4953 2662 3941 4026 
4954 498 497 500 
4955 702 822 3659 
4956 1594 1826 3749 
4957 1833 1832 2136 
4958 577 569 578 
4959 579 588 589 
4960 1642 1641 1643 
4961 2213 2211 2290 
4962 704 723 724 
4963 522 541 1388 
4964 1801 557 3670 
4965 1629 2037 2038 
4966 997 1061 1378 
4967 1125 1124 1214 
4968 2820 2817 2841 
4969 1256 1547 1823 
4970 782 758 809 
4971 672 598 673 
4972 668 679 680 
4973 2653 2088 2812 
4974 1616 1187 3473 
4975 403 402 404 
4976 2341 2694 2695 
4977 1252 1273 1274 
4978 1882 1664 2068 
4979 1695 1532 2052 
4980 3512 909 3708 
4981 2730 2061 2731 
4982 1806 1805 2087 
4983 2754 2832 3957 
4984 3531 3414 3872 
4985 1193 4058 4071 
4986 680 703 704 
4987 2329 2328 2330 
4988 2313 2311 2314 
4989 1701 2081 2082 
4990 707 762 795 
4991 917 916 993 
4992 1540 1699 1701 
4993 1396 1395 1397 
4994 2452 2451 2567 
4995 1076 1162 1165 
4996 1932 2130 2182 
4997 2352 2950 3271 
4998 2481 2480 2547 
4999 1831 2073 2074 
5000 1638 1509 1639 
5001 1044 1042 1092 
5002 1413 1126 3660 
5003 2252 3628 3647 
5004 2034 2033 2414 
5005 1239 1238 1240 
5006 1626 1625 2028 
5007 2069 1908 3647 
5008 1396 1397 1549 
5009 795 801 802 
5010 1254 1196 1625 
5011 586 578 587 
5012 2627 2628 3107 
5013 2282 2765 3833 
5014 1227 1226 1345 
5015 829 828 858 
5016 765 767 769 
5017 2654 1823 2655 
5018 2274 2275 2518 
5019 1241 1240 1242 
5020 984 909 985 
5021 1908 2252 3647 
5022 1507 1458 2629 
5023 2042 1692 2043 
5024 972 907 1471 
5025 1668 1298 3772 
5026 1188 1093 1400 
5027 831 830 901 
5028 645 667 668 
5029 902 901 1028 
5030 593 587 594 
5031 1974 2624 2635 
5032 567 574 575 
5033 597 644 645 
5034 1691 2444 2468 
5035 1521 3646 3705 
5036 2065 2273 2274 
5037 685 686 701 
5038 700 556 830 
5039 671 675 685 
5040 842 854 855 
5041 1141 1255 1256 
5042 2717 3675 4335 
5043 648 666 671 
5044 764 727 765 
5045 2067 2066 2543 
5046 652 594 653 
5047 1233 1232 1362 
5048 2634 3640 3871 
5049 2607 2069 3647 
5050 906 853 907 
5051 2051 2733 3638 
5052 3053 2438 3055 
5053 1695 2052 2061 
5054 2284 3720 3812 
5055 1961 2352 3786 
5056 852 848 853 
5057 1515 1266 1542 
5058 1024 512 3651 
5059 1009 1082 1798 
5060 1529 1526 1654 
5061 703 679 720 
5062 2287 2288 2356 
5063 3109 2628 3812 
5064 802 837 838 
5065 1601 1323 3721 
5066 595 647 648 
5067 881 2286 2287 
5068 1583 2289 3782 
5069 518 520 872 
5070 687 709 2293 
5071 2287 2356 3070 
5072 1664 1386 3667 
5073 2301 2300 2302 
5074 403 1338 3773 
5075 589 596 597 
5076 838 899 900 
5077 1980 2284 2627 
5078 1276 1138 2643 
5079 1523 1521 3705 
5080 2601 2602 2705 
5081 581 591 3728 
5082 1677 1678 1954 
5083 2253 2251 3687 
5084 2485 2294 2487 
5085 762 708 763 
5086 707 682 708 
5087 681 650 682 
5088 649 592 650 
5089 2339 2340 2341 
5090 1075 1074 1138 
5091 1082 1083 1141 
5092 591 582 592 
5093 634 632 635 
5094 943 941 1354 
5095 1655 1538 3686 
5096 581 572 582 
5097 1277 1133 3669 
5098 2067 2544 3899 
5099 2807 2084 2808 
5100 571 563 572 
5101 2800 2518 2801 
5102 2018 2019 2461 
5103 1553 1459 2300 
5104 763 770 771 
5105 813 812 828 
5106 1968 1681 1980 
5107 701 702 725 
5108 2795 2081 2796 
5109 464 466 1363 
5110 726 710 727 
5111 653 655 1383 
5112 562 543 563 
5113 2331 2330 2332 
5114 783 782 812 
5115 1394 1395 1396 
5116 2291 2290 3113 
5117 1961 2351 2352 
5118 1699 1541 1700 
5119 2411 2410 2412 
5120 3025 3026 3027 
5121 3019 3020 3025 
5122 3254 2249 3829 
5123 1538 1537 3686 
5124 1547 1548 1888 
5125 2598 2996 3915 
5126 1479 1480 1597 
5127 1508 1468 1509 
5128 2433 2032 3787 
5129 759 758 782 
5130 454 456 794 
5131 2289 1963 2362 
5132 2034 2441 2641 
5133 575 576 580 
5134 3656 918 3685 
5135 1243 1242 3700 
5136 501 500 502 
5137 2413 2412 2689 
5138 542 512 543 
5139 1242 1240 1517 
5140 1139 1138 1276 
5141 2665 1991 2666 
5142 1134 1137 3856 
5143 2363 2362 2913 
5144 4134 2661 4141 
5145 1141 1142 1255 
5146 2933 2578 2934 
5147 799 764 1681 
5148 460 462 469 
5149 687 673 688 
5150 1856 1857 1858 
5151 841 820 842 
5152 2687 2151 2688 
5153 1055 1056 1094 
5154 771 817 818 
5155 787 786 788 
5156 555 553 557 
5157 1373 1374 1375 
5158 866 864 4041 
5159 1578 1784 1785 
5160 2528 3148 3149 
5161 2513 2512 2514 
5162 1378 3534 3682 
5163 1682 1655 1950 
5164 503 502 504 
5165 3623 2095 3683 
5166 739 737 3319 
5167 1526 1523 3705 
5168 1597 1598 1877 
5169 873 566 3677 
5170 1348 592 3657 
5171 2432 2433 2951 
5172 2172 2718 2729 
5173 580 583 590 
5174 2039 1916 3695 
5175 496 492 513 
5176 984 985 1074 
5177 1614 2006 3709 
5178 1510 1564 3653 
5179 1129 1127 3699 
5180 1499 1501 3754 
5181 1916 1915 3695 
5182 511 510 512 
5183 2333 2332 3034 
5184 842 855 908 
5185 590 598 646 
5186 2509 2508 2510 
5187 908 855 909 
5188 709 688 710 
5189 1432 1276 1649 
5190 1394 1165 1395 
5191 1594 1613 1614 
5192 2023 1979 2250 
5193 1540 1275 1541 
5194 646 672 692 
5195 771 818 819 
5196 507 506 3689 
5197 1548 1255 3634 
5198 583 576 1390 
5199 1273 1251 1275 
5200 582 774 3657 
5201 908 909 984 
5202 1888 1889 2480 
5203 448 450 467 
5204 1362 1232 2639 
5205 2511 2510 2512 
5206 2824 2304 2825 
5207 856 857 3654 
5208 1391 508 3692 
5209 974 911 976 
5210 726 727 764 
5211 2278 2277 2279 
5212 2651 2650 3707 
5213 1925 1640 2294 
5214 2269 3634 3671 
5215 2180 2181 2230 
5216 929 900 3723 
5217 1493 1495 3802 
5218 724 723 758 
5219 986 899 1113 
5220 2276 1517 2277 
5221 1198 1607 3671 
5222 505 504 506 
5223 2646 1664 3667 
5224 1257 3662 3948 
5225 1371 1372 1373 
5226 1133 1131 3669 
5227 1256 1255 1547 
5228 490 487 1398 
5229 1433 3368 3768 
5230 2807 2808 2938 
5231 2278 2279 2751 
5232 2109 2039 2768 
5233 933 931 983 
5234 1788 856 3654 
5235 2795 2796 2835 
5236 1074 985 1076 
5237 2342 2338 2606 
5238 2281 3550 3857 
5239 704 703 723 
5240 1467 1466 1468 
5241 3070 2356 3071 
5242 1114 1113 1250 
5243 1990 841 1991 
5244 680 679 703 
5245 857 879 880 
5246 514 516 1406 
5247 667 644 1483 
5248 1617 1475 3757 
5249 646 598 672 
5250 1215 1214 3702 
5251 509 2270 3689 
5252 558 560 2272 
5253 1071 1053 1115 
5254 2276 2277 2278 
5255 2653 2814 3846 
5256 2760 2381 2803 
5257 2340 1827 3709 
5258 1226 1215 3702 
5259 2664 1991 2665 
5260 1242 1517 2276 
5261 590 583 598 
5262 2505 2504 2506 
5263 1011 998 3682 
5264 1558 1510 3653 
5265 857 776 879 
5266 2050 2084 2108 
5267 2543 2066 2778 
5268 2274 2518 2800 
5269 2577 1951 2578 
5270 1476 1618 3759 
5271 509 508 510 
5272 2381 2110 3718 
5273 1624 2033 2034 
5274 1345 1226 1560 
5275 2689 2412 3189 
5276 514 513 515 
5277 668 667 679 
5278 1127 1278 3699 
5279 1849 1848 1850 
5280 1278 3631 3699 
5281 2507 2506 2508 
5282 2828 2541 3683 
5283 3019 2199 3020 
5284 819 818 820 
5285 947 945 981 
5286 2108 2807 2895 
5287 1359 1486 3674 
5288 1124 1100 1404 
5289 819 820 841 
5290 2270 511 3711 
5291 2109 2768 2782 
5292 2110 2109 3718 
5293 472 474 475 
5294 610 609 611 
5295 1499 3754 3855 
5296 880 879 881 
5297 2697 2460 2698 
5298 2756 3940 4016 
5299 709 710 726 
5300 1465 1460 1466 
5301 687 688 709 
5302 2199 1779 3744 
5303 1255 1142 3634 
5304 580 576 583 
5305 2286 879 3758 
5306 837 801 2308 
5307 1455 1454 1456 
5308 535 537 538 
5309 1076 1165 1394 
5310 2617 1968 3661 
5311 672 673 687 
5312 2503 2502 2504 
5313 1248 3927 3984 
5314 2543 2778 2790 
5315 2685 2336 2686 
5316 1854 1855 1856 
5317 722 692 1407 
5318 2275 2273 3714 
5319 701 725 1583 
5320 725 702 3659 
5321 1126 1059 3660 
5322 1362 2639 2640 
5323 1779 1581 3744 
5324 2472 2474 3662 
5325 2658 2003 3783 
5326 2455 2454 2456 
5327 516 515 517 
5328 3770 1483 4436 
5329 1479 1597 1799 
5330 2798 2080 3691 
5331 2018 2461 2586 
5332 2618 2150 2619 
5333 506 504 508 
5334 1653 1940 1941 
5335 496 514 3698 
5336 1222 1576 1578 
5337 998 997 3682 
5338 795 762 801 
5339 485 483 489 
5340 645 644 667 
5341 3682 3534 3825 
5342 1345 1560 1657 
5343 939 937 980 
5344 1657 1560 2065 
5345 2525 2594 2595 
5346 1859 2085 2086 
5347 2100 2740 3664 
5348 2569 2571 2573 
5349 575 574 576 
5350 2771 2772 2773 
5351 592 582 3657 
5352 2457 2456 2458 
5353 512 510 3651 
5354 2050 1941 2084 
5355 1252 1251 1273 
5356 986 3593 3723 
5357 3649 2555 3747 
5358 597 596 644 
5359 2556 3649 3747 
5360 3027 3026 3101 
5361 2544 2543 3717 
5362 518 517 519 
5363 2273 1560 3702 
5364 2299 2600 2601 
5365 1561 2885 3969 
5366 1657 2065 2066 
5367 2373 2250 2418 
5368 1266 1243 3700 
5369 1453 1452 1454 
5370 1131 1382 3669 
5371 1701 1699 2081 
5372 2422 2432 3255 
5373 2459 2458 2460 
5374 2028 1625 2032 
5375 1884 1886 3691 
5376 1090 527 3715 
5377 2641 2441 2642 
5378 2082 2081 2795 
5379 1564 1901 3653 
5380 1964 2597 2598 
5381 2984 2985 2986 
5382 2384 2385 4201 
5383 520 519 521 
5384 3025 3020 3026 
5385 1382 1129 3699 
5386 550 551 552 
5387 2534 2100 3664 
5388 552 553 554 
5389 554 555 556 
5390 2499 2498 2500 
5391 548 549 550 
5392 522 521 540 
5393 552 551 553 
5394 550 549 551 
5395 554 553 555 
5396 541 540 561 
5397 591 651 3728 
5398 612 611 613 
5399 565 561 570 
5400 2586 2461 3090 
5401 579 570 584 
5402 588 584 595 
5403 549 547 1091 
5404 1540 1541 1699 
5405 579 584 588 
5406 2752 2754 3887 
5407 565 570 579 
5408 2034 2414 2441 
5409 802 801 837 
5410 541 561 565 
5411 671 685 718 
5412 1451 1450 1452 
5413 918 927 3685 
5414 707 708 762 
5415 1825 3510 3883 
5416 681 682 707 
5417 649 650 681 
5418 522 540 541 
5419 591 592 649 
5420 581 582 591 
5421 571 572 581 
5422 562 563 571 
5423 2006 2383 3709 
5424 763 771 3704 
5425 2235 3621 3761 
5426 838 837 899 
5427 900 899 986 
5428 589 588 596 
5429 538 539 544 
5430 520 521 522 
5431 2028 2032 2422 
5432 542 543 562 
5433 548 547 549 
5434 2541 2429 3683 
5435 657 659 689 
5436 2429 3623 3683 
5437 2086 2529 2787 
5438 1591 1593 1594 
5439 1428 507 3689 
5440 661 663 1412 
5441 511 512 542 
5442 1583 725 1648 
5443 2632 1788 3654 
5444 518 519 520 
5445 1583 1648 1963 
5446 2501 2500 2502 
5447 815 847 848 
5448 1963 1648 2018 
5449 442 444 445 
5450 3493 682 3760 
5451 650 1348 3760 
5452 509 510 511 
5453 2393 1995 2394 
5454 2422 2032 2432 
5455 901 830 1193 
5456 506 508 509 
5457 1273 1275 1540 
5458 516 517 518 
5459 1629 2416 3674 
5460 3656 3685 3836 
5461 2497 2496 2498 
5462 2260 2258 3866 
5463 2516 2517 2964 
5464 682 650 3760 
5465 1114 1250 1251 
5466 542 564 3711 
5467 574 573 585 
5468 1980 3049 3661 
5469 1950 1655 3686 
5470 1826 2342 3749 
5471 651 649 3725 
5472 2148 2146 2158 
5473 1325 1327 2001 
5474 817 1974 3690 
5475 2060 2467 2746 
5476 571 1392 3738 
5477 558 557 559 
5478 1594 1614 1826 
5479 1229 1227 3681 
5480 855 960 3708 
5481 546 547 548 
5482 2108 2084 2807 
5483 1968 1980 3661 
5484 514 515 516 
5485 2304 2301 3814 
5486 406 408 409 
5487 1653 1647 1940 
5488 773 814 815 
5489 2529 2085 2794 
5490 3540 2236 3813 
5491 595 648 1393 
5492 1654 1526 3705 
5493 1862 2025 2090 
5494 986 1113 1114 
5495 3634 1198 3671 
5496 2230 2515 2516 
5497 3687 1191 3805 
5498 1235 1233 3684 
5499 1449 1448 1450 
5500 1369 1370 1371 
5501 1836 1835 1848 
5502 3705 3646 3833 
5503 1361 1359 3674 
5504 997 1378 3682 
5505 1233 1362 3684 
5506 1997 2328 2329 
5507 1486 1629 3674 
5508 1227 1345 3681 
5509 2397 2396 2442 
5510 772 1389 3748 
5511 819 1990 3704 
5512 972 1471 3694 
5513 822 1200 3680 
5514 907 853 1401 
5515 778 729 800 
5516 478 473 523 
5517 1447 1446 1448 
5518 564 562 3738 
5519 2555 2878 3747 
5520 560 559 566 
5521 3236 2472 3662 
5522 1851 1853 1854 
5523 749 752 3911 
5524 3838 1337 3904 
5525 567 573 574 
5526 2474 2621 3662 
5527 1250 1999 3678 
5528 567 566 573 
5529 1367 1368 1369 
5530 1826 1614 1827 
5531 1718 1353 3527 
5532 3445 1586 3920 
5533 496 513 514 
5534 2975 2983 2984 
5535 1242 2276 3700 
5536 1639 1640 1641 
5537 2480 2482 3696 
5538 1087 1088 1179 
5539 2768 2039 3695 
5540 1365 1366 1367 
5541 1034 1046 1087 
5542 544 545 568 
5543 3621 3532 3761 
5544 643 642 676 
5545 2333 3035 3312 
5546 2339 2341 2980 
5547 491 492 493 
5548 2803 2381 3718 
5549 555 557 558 
5550 464 465 466 
5551 3723 3594 3830 
5552 3660 2283 3792 
5553 864 863 3962 
5554 3617 2235 3761 
5555 554 700 3937 
5556 2338 1827 2339 
5557 1859 1858 1860 
5558 2080 1884 3691 
5559 1445 1444 1446 
5560 534 536 546 
5561 1144 1268 1269 
5562 1607 4447 4459 
5563 2324 2615 2616 
5564 3681 1345 3842 
5565 1829 1821 1830 
5566 3517 614 3518 
5567 568 569 577 
5568 1353 1351 2112 
5569 486 487 488 
5570 2209 3479 3838 
5571 1823 1547 3703 
5572 818 817 3690 
5573 2625 3487 3710 
5574 488 490 491 
5575 577 578 586 
5576 652 653 3777 
5577 1325 2001 3876 
5578 2284 1681 3720 
5579 586 587 593 
5580 2655 1823 3703 
5581 558 559 560 
5582 593 594 652 
5583 3650 693 3777 
5584 466 468 470 
5585 716 772 773 
5586 2937 2133 2944 
5587 960 1357 3795 
5588 481 479 1409 
5589 927 1009 3685 
5590 560 566 567 
5591 1560 1226 3702 
5592 1179 1180 1244 
5593 3238 2317 3992 
5594 500 497 1802 
5595 665 684 696 
5596 435 434 436 
5597 1330 1328 1332 
5598 1674 1051 1675 
5599 1542 1266 3700 
5600 1069 972 3694 
5601 2395 2394 2396 
5602 471 468 1403 
5603 900 986 3723 
5604 1804 1806 3913 
5605 470 471 472 
5606 2393 2395 3731 
5607 765 769 3720 
5608 484 485 486 
5609 2973 2974 2975 
5610 849 814 3748 
5611 1822 1820 1835 
5612 2086 2085 2529 
5613 475 476 477 
5614 1244 1245 1590 
5615 1443 1442 1444 
5616 472 473 474 
5617 681 3605 3725 
5618 909 855 3708 
5619 3793 2788 3826 
5620 790 788 791 
5621 441 440 442 
5622 1677 1375 1678 
5623 1842 1844 2683 
5624 1654 3705 3833 
5625 1619 1497 3855 
5626 1925 2485 2486 
5627 1357 1361 3795 
5628 1856 1858 1859 
5629 482 483 484 
5630 2329 2330 2331 
5631 1087 1046 1088 
5632 462 463 464 
5633 3825 2636 3854 
5634 613 1023 1034 
5635 987 1721 3922 
5636 1826 1827 2338 
5637 606 604 3672 
5638 2331 2332 2333 
5639 565 3619 3734 
5640 493 492 496 
5641 460 461 462 
5642 1238 1235 3684 
5643 2123 1697 3809 
5644 2140 2142 2143 
5645 1034 1023 1046 
5646 3020 2199 3744 
5647 1179 1088 1180 
5648 474 473 478 
5649 1888 2481 3703 
5650 1639 1509 1640 
5651 602 600 3688 
5652 2144 2142 2156 
5653 1012 1011 3854 
5654 480 481 482 
5655 1632 1633 1634 
5656 2547 2480 3696 
5657 636 635 637 
5658 530 532 1408 
5659 472 471 473 
5660 2017 2016 2390 
5661 968 967 3287 
5662 2787 2529 2829 
5663 429 428 430 
5664 514 1406 3698 
5665 848 847 905 
5666 491 490 492 
5667 1590 1245 1591 
5668 1091 547 3658 
5669 488 487 490 
5670 1645 1643 1887 
5671 456 457 458 
5672 1232 1229 3681 
5673 458 459 460 
5674 609 606 3672 
5675 454 455 456 
5676 764 765 3720 
5677 2278 2752 3837 
5678 2279 2755 3697 
5679 450 451 452 
5680 1946 1947 2568 
5681 452 453 454 
5682 477 479 480 
5683 1593 1245 3765 
5684 425 424 426 
5685 1326 1324 2325 
5686 1925 2294 2485 
5687 2296 2299 3900 
5688 2452 2567 2887 
5689 1108 1065 1110 
5690 1441 1440 1442 
5691 1244 1180 1245 
5692 815 814 847 
5693 470 468 471 
5694 2723 2972 2973 
5695 720 3770 4437 
5696 1184 1246 1247 
5697 3234 3258 3863 
5698 593 652 674 
5699 1974 2635 3690 
5700 1292 1295 3902 
5701 486 485 487 
5702 957 952 977 
5703 2140 2139 2141 
5704 1249 1088 3763 
5705 1765 1746 3827 
5706 506 509 3689 
5707 773 772 814 
5708 2333 3034 3035 
5709 613 611 1023 
5710 914 904 915 
5711 1158 1183 1184 
5712 1200 1479 3680 
5713 2002 2003 2191 
5714 616 614 3517 
5715 3708 960 3795 
5716 2138 2137 2139 
5717 1009 1798 3685 
5718 2656 3796 3939 
5719 1180 1249 3765 
5720 448 449 450 
5721 600 1428 3688 
5722 1455 1456 3693 
5723 1458 1455 3693 
5724 1553 2300 2301 
5725 2317 1023 3818 
5726 2191 2387 2696 
5727 3659 822 3680 
5728 1657 2067 3842 
5729 2751 2279 3697 
5730 466 465 468 
5731 1827 1614 3709 
5732 2450 2160 2451 
5733 2874 2204 3052 
5734 694 715 716 
5735 2704 2722 2723 
5736 2434 2225 2907 
5737 1692 1507 3701 
5738 969 1066 3960 
5739 2052 1532 3727 
5740 546 536 547 
5741 413 412 414 
5742 1093 1044 3712 
5743 465 463 495 
5744 2256 3687 3805 
5745 1196 1069 3694 
5746 1439 1438 1440 
5747 2136 2178 2604 
5748 1955 1675 1956 
5749 3360 1190 3974 
5750 1046 2317 3763 
5751 726 799 3742 
5752 604 1808 3672 
5753 2352 2351 2950 
5754 653 1383 3777 
5755 3792 2283 3836 
5756 3946 3392 4302 
5757 2109 2782 3718 
5758 1495 1619 3802 
5759 484 483 485 
5760 1859 1860 2085 
5761 1501 1624 3754 
5762 1681 764 3720 
5763 2543 2790 3717 
5764 1547 1888 3703 
5765 3515 2625 3710 
5766 638 637 639 
5767 1537 1529 3726 
5768 1532 1515 3727 
5769 419 418 420 
5770 1954 1678 1961 
5771 674 693 694 
5772 2773 2926 2999 
5773 1515 1542 3727 
5774 475 474 476 
5775 534 535 536 
5776 1275 1251 3678 
5777 2303 2304 2305 
5778 1468 1466 1650 
5779 1808 602 3688 
5780 2313 2314 2315 
5781 1251 1250 3678 
5782 3256 3257 3874 
5783 640 639 642 
5784 568 577 955 
5785 482 481 483 
5786 771 819 3704 
5787 1456 1459 1460 
5788 1098 1099 1122 
5789 3957 2832 3983 
5790 1553 2301 2303 
5791 534 533 535 
5792 1388 541 3734 
5793 2149 2150 2151 
5794 3685 1798 3836 
5795 2315 2404 2707 
5796 1529 1654 3726 
5797 2123 3809 3860 
5798 526 528 827 
5799 716 715 772 
5800 480 479 481 
5801 449 447 1405 
5802 2143 2144 2145 
5803 2300 1459 3821 
5804 3754 2641 3855 
5805 2001 3769 3876 
5806 1437 1436 1438 
5807 1558 3653 3809 
5808 2288 2286 3796 
5809 3208 1924 3211 
5810 1849 1850 1851 
5811 2159 1993 2160 
5812 865 864 866 
5813 3275 4060 4076 
5814 1641 1640 1925 
5815 694 693 715 
5816 464 463 465 
5817 2147 2148 2149 
5818 1141 1256 3746 
5819 477 476 479 
5820 1731 1729 2179 
5821 2294 1640 3808 
5822 683 664 3845 
5823 2702 2703 2704 
5824 455 453 499 
5825 2136 1832 2178 
5826 1086 1177 3713 
5827 842 908 3741 
5828 1798 1082 3746 
5829 532 533 534 
5830 1456 1454 1459 
5831 522 1388 3745 
5832 3653 2644 3809 
5833 699 714 1424 
5834 2573 2716 2927 
5835 2293 709 3742 
5836 2307 2188 3136 
5837 1373 1372 1374 
5838 1276 2643 3755 
5839 2145 2146 2147 
5840 526 525 527 
5841 1586 3449 3971 
5842 674 652 693 
5843 1540 1701 3775 
5844 1044 1092 3712 
5845 524 523 525 
5846 1396 1804 3867 
5847 2211 2209 3838 
5848 3667 1341 3813 
5849 2486 2485 2822 
5850 1785 2137 2138 
5851 511 542 3711 
5852 841 842 3741 
5853 673 598 3750 
5854 1435 1434 1436 
5855 528 527 529 
5856 1915 1682 3752 
5857 2065 2274 3729 
5858 1452 1450 1469 
5859 2643 1138 3751 
5860 530 529 531 
5861 2162 2344 2917 
5862 532 531 533 
5863 1400 1093 3712 
5864 2639 1232 3681 
5865 692 672 3736 
5866 459 457 1580 
5867 538 544 1809 
5868 2106 1706 2107 
5869 876 875 877 
5870 687 2293 3736 
5871 1274 1273 3775 
5872 526 527 528 
5873 528 529 530 
5874 530 531 532 
5875 967 1175 1811 
5876 2778 2066 3729 
5877 872 520 3745 
5878 941 939 3719 
5879 720 679 3770 
5880 696 697 717 
5881 1433 1331 1434 
5882 2066 2065 3729 
5883 709 726 3742 
5884 1860 1862 3740 
5885 524 525 526 
5886 1682 1950 3752 
5887 1011 3825 3854 
5888 1082 1141 3746 
5889 776 722 3758 
5890 945 943 3733 
5891 1961 1678 2306 
5892 2151 2150 2618 
5893 3845 796 3890 
5894 672 687 3736 
5895 2388 2008 2389 
5896 562 571 3738 
5897 534 546 3947 
5898 761 786 787 
5899 478 523 524 
5900 1460 1459 1553 
5901 2305 2304 2824 
5902 2639 3681 3842 
5903 1005 1004 1006 
5904 2666 1991 3741 
5905 1138 1074 3751 
5906 598 583 3750 
5907 541 565 3734 
5908 2303 2301 2304 
5909 2629 1458 3693 
5910 2034 2641 3754 
5911 1075 1139 3803 
5912 1554 1907 2316 
5913 649 681 3725 
5914 2149 2148 2150 
5915 2043 1692 3701 
5916 1507 2629 3701 
5917 762 763 3762 
5918 2018 2586 3743 
5919 1649 1276 3755 
5920 1333 1332 1334 
5921 1074 1076 3751 
5922 3213 846 3852 
5923 2274 2800 3729 
5924 2362 1963 3743 
5925 1407 692 3736 
5926 496 3698 3798 
5927 518 872 3766 
5928 1328 1326 3865 
5929 2986 2985 2997 
5930 1479 1799 3680 
5931 931 929 3830 
5932 1076 1394 3751 
5933 2271 736 3931 
5934 462 461 463 
5935 1697 1558 3809 
5936 1371 1370 1372 
5937 1963 2018 3743 
5938 2598 2991 2996 
5939 763 3704 3762 
5940 583 1390 3750 
5941 2700 2701 2702 
5942 520 522 3745 
5943 1555 1270 2000 
5944 2342 2971 3930 
5945 2512 2510 2833 
5946 1991 841 3741 
5947 1448 1446 1463 
5948 1643 1641 3791 
5949 460 459 461 
5950 1002 978 3492 
5951 1868 1566 2016 
5952 2140 2141 2142 
5953 1375 1374 3820 
5954 1849 1851 1912 
5955 445 444 446 
5956 576 574 3753 
5957 1365 1247 1366 
5958 2138 2139 2140 
5959 667 1483 3770 
5960 2157 3475 3970 
5961 879 776 3758 
5962 3219 3217 3220 
5963 567 575 3785 
5964 1841 1960 2021 
5965 458 457 459 
5966 4091 2667 4111 
5967 2143 2142 2144 
5968 1374 1372 1603 
5969 1406 516 3766 
5970 1390 576 3753 
5971 2351 2306 2353 
5972 679 667 3770 
5973 929 3723 3830 
5974 693 652 3777 
5975 1624 2034 3754 
5976 943 1354 3733 
5977 1341 3540 3813 
5978 1836 1848 1849 
5979 984 1075 3870 
5980 456 455 457 
5981 1854 1856 3793 
5982 1517 3835 3898 
5983 1383 655 3778 
5984 1831 1830 2073 
5985 478 524 1810 
5986 1990 2664 3943 
5987 1832 1590 3800 
5988 722 1407 3758 
5989 2628 2284 3812 
5990 497 493 3798 
5991 1811 1812 1813 
5992 2313 2315 2431 
5993 1032 1086 3713 
5994 2280 2277 3898 
5995 2147 2146 2148 
5996 3670 551 3781 
5997 2984 2983 2985 
5998 3534 3478 3825 
5999 1354 941 3719 
6000 574 585 3753 
6001 454 453 455 
6002 655 657 3778 
6003 1113 899 3789 
6004 1527 3363 4100 
6005 1356 3596 3815 
6006 1961 2306 2351 
6007 738 741 3931 
6008 983 931 3830 
6009 588 595 3764 
6010 1517 1240 3835 
6011 978 977 1058 
6012 464 1363 3756 
6013 1727 3259 3976 
6014 3501 769 3889 
6015 2236 2520 3891 
6016 2308 801 3762 
6017 2646 3667 3813 
6018 516 518 3766 
6019 452 451 453 
6020 2577 2578 2933 
6021 513 492 3794 
6022 3684 2649 3835 
6023 685 701 3782 
6024 1818 1816 2663 
6025 2145 2144 2146 
6026 2272 560 3785 
6027 633 616 3517 
6028 3121 322 3123 
6029 1122 1123 1166 
6030 490 1398 3794 
6031 462 464 3756 
6032 678 676 705 
6033 450 449 451 
6034 867 866 868 
6035 596 588 3764 
6036 2643 3751 3867 
6037 1287 1570 1571 
6038 1625 1196 3787 
6039 556 555 3779 
6040 1088 1046 3763 
6041 837 2308 3789 
6042 1838 1839 1840 
6043 2398 2399 2400 
6044 814 772 3748 
6045 444 443 3730 
6046 2839 2537 3941 
6047 1273 1540 3775 
6048 1409 4202 4213 
6049 1016 1015 3906 
6050 3700 2276 3837 
6051 701 1583 3782 
6052 493 496 3798 
6053 996 995 1084 
6054 551 549 3781 
6055 648 671 3790 
6056 1369 1368 1370 
6057 2021 2131 2377 
6058 558 2272 3779 
6059 2250 3721 3864 
6060 801 762 3762 
6061 3751 1394 3867 
6062 1245 1180 3765 
6063 2312 2311 2313 
6064 981 945 3733 
6065 1893 1796 1894 
6066 3741 908 3870 
6067 469 462 3756 
6068 897 858 3871 
6069 2133 1954 3786 
6070 396 397 398 
6071 2975 2974 2983 
6072 1367 1366 1368 
6073 2032 1625 3787 
6074 2825 2304 3814 
6075 1542 3700 3837 
6076 1158 1155 1183 
6077 1604 1603 2002 
6078 3034 2332 3810 
6079 2126 1716 2127 
6080 2085 1860 3740 
6081 3809 2644 3860 
6082 878 877 895 
6083 1368 1366 1602 
6084 718 685 3782 
6085 696 717 2310 
6086 595 1393 3764 
6087 2452 2887 2965 
6088 1859 2086 3793 
6089 1658 1334 1659 
6090 2339 2980 3780 
6091 2310 2311 2312 
6092 1374 1603 1604 
6093 659 661 3776 
6094 1862 2090 3740 
6095 1590 1591 3800 
6096 1822 1835 1836 
6097 555 558 3779 
6098 2377 2945 2946 
6099 899 837 3789 
6100 939 980 3719 
6101 1311 2483 3965 
6102 2338 2339 3780 
6103 2447 2448 4357 
6104 2418 2250 3864 
6105 896 895 995 
6106 2794 2085 3740 
6107 1177 1176 3831 
6108 1604 2002 2004 
6109 2606 2338 3780 
6110 1591 3749 3800 
6111 2703 2701 2906 
6112 3658 536 3788 
6113 2973 2972 2974 
6114 2310 717 2311 
6115 2316 2477 2478 
6116 671 718 3790 
6117 560 567 3785 
6118 446 447 448 
6119 3640 897 3871 
6120 1578 1785 3799 
6121 791 793 808 
6122 2098 1891 2495 
6123 2666 3741 3870 
6124 2450 2451 2452 
6125 1259 1260 1261 
6126 448 447 449 
6127 3803 1611 3853 
6128 3159 3157 3168 
6129 2698 2699 2700 
6130 1954 1961 3786 
6131 1240 1238 3835 
6132 657 689 3778 
6133 1246 1183 2321 
6134 1238 3684 3835 
6135 549 1091 3781 
6136 2723 2722 2972 
6137 1822 1836 1909 
6138 1393 648 3790 
6139 2619 2150 3807 
6140 1497 1499 3855 
6141 405 404 406 
6142 2843 2123 3860 
6143 1641 1925 3791 
6144 1466 1460 3784 
6145 787 788 790 
6146 3319 3320 3932 
6147 1015 1012 3854 
6148 1802 497 3798 
6149 1813 1814 1815 
6150 2636 2281 3857 
6151 2400 2924 4307 
6152 492 490 3794 
6153 1442 1440 1461 
6154 978 1058 3492 
6155 2182 2183 2608 
6156 1248 3984 4015 
6157 1196 3694 3787 
6158 2704 2703 2722 
6159 2234 2947 3030 
6160 1184 1183 1246 
6161 2124 2107 2135 
6162 2290 2211 3838 
6163 3108 3114 3909 
6164 86 87 260 
6165 2652 2653 3846 
6166 2148 2158 3807 
6167 3044 3045 3892 
6168 1925 2486 3791 
6169 1212 1213 1281 
6170 2322 2321 2323 
6171 661 1412 3776 
6172 803 3642 3889 
6173 3721 1616 3864 
6174 2324 2323 2359 
6175 446 444 447 
6176 689 659 3776 
6177 1678 1375 3820 
6178 2718 2717 3849 
6179 3171 3169 3172 
6180 1153 1151 1420 
6181 3813 2236 3891 
6182 2449 3929 3991 
6183 3835 2649 3898 
6184 3646 2282 3833 
6185 1302 1304 1970 
6186 2225 1563 3511 
6187 2276 2278 3837 
6188 535 538 3788 
6189 1166 1167 1212 
6190 2493 2492 2743 
6191 1148 1146 3851 
6192 2178 1832 3800 
6193 1432 1649 3901 
6194 1281 1282 1286 
6195 1819 1820 1821 
6196 390 391 392 
6197 2879 2179 2881 
6198 769 767 3889 
6199 536 535 3788 
6200 1856 1859 3793 
6201 1956 1993 2159 
6202 1790 3283 4127 
6203 1887 1643 3791 
6204 1167 1123 4063 
6205 2702 2701 2703 
6206 1892 2098 2496 
6207 706 705 728 
6208 1067 971 3639 
6209 1345 1657 3842 
6210 2302 2300 3844 
6211 1634 1635 1636 
6212 2264 2260 3866 
6213 1509 1468 3808 
6214 1132 1134 3856 
6215 2283 3656 3836 
6216 784 748 2295 
6217 1247 1246 3859 
6218 2487 2294 3847 
6219 1460 1553 3784 
6220 2076 2064 2492 
6221 3321 2347 3322 
6222 1329 1330 1331 
6223 89 90 310 
6224 2944 2133 3786 
6225 3449 1595 3868 
6226 1253 1288 1622 
6227 2159 2160 2450 
6228 442 443 444 
6229 1050 1221 1253 
6230 1821 1820 1822 
6231 1553 2303 3784 
6232 3792 3836 3884 
6233 2549 2741 2850 
6234 2138 3644 3799 
6235 2158 2146 3834 
6236 473 471 3804 
6237 2506 2504 2574 
6238 1426 405 3520 
6239 384 385 386 
6240 833 864 865 
6241 2324 2359 2615 
6242 2400 2589 2924 
6243 1959 2233 2234 
6244 2337 2336 2685 
6245 1721 3270 3922 
6246 2644 2645 3860 
6247 1967 2129 2454 
6248 728 1847 3323 
6249 1246 2321 2322 
6250 2322 2323 2324 
6251 1111 1110 1143 
6252 523 473 3804 
6253 2686 2336 3861 
6254 3350 3399 3881 
6255 1374 1604 3820 
6256 790 791 3861 
6257 1650 1466 3784 
6258 2296 2295 2297 
6259 1412 663 3848 
6260 1845 1843 1852 
6261 1640 1509 3808 
6262 1330 1332 1333 
6263 1960 1951 2577 
6264 611 609 3818 
6265 2298 2297 2582 
6266 2425 2424 2526 
6267 2698 2460 2699 
6268 2646 3813 3891 
6269 92 93 266 
6270 1817 1818 1819 
6271 1436 1434 1462 
6272 468 465 3806 
6273 471 1403 3804 
6274 2335 2336 2337 
6275 1825 1891 1892 
6276 3856 1137 3879 
6277 1622 1623 2035 
6278 663 665 3848 
6279 787 790 2335 
6280 3857 3550 3906 
6281 447 444 3730 
6282 3414 3413 3872 
6283 90 91 3816 
6284 1819 1818 1820 
6285 2144 2156 3834 
6286 2568 2569 3774 
6287 438 439 440 
6288 1468 1650 3808 
6289 3833 2765 3877 
6290 1785 2138 3799 
6291 858 894 3871 
6292 3446 1049 3896 
6293 4053 1834 4055 
6294 1403 468 3806 
6295 2150 2148 3807 
6296 717 697 3811 
6297 2700 2699 2701 
6298 1965 3706 3915 
6299 2614 2201 4070 
6300 489 4233 4240 
6301 474 478 3801 
6302 3889 3642 3981 
6303 2335 790 2336 
6304 697 699 3811 
6305 3115 4024 4038 
6306 465 495 3806 
6307 538 1809 3788 
6308 1834 1966 1967 
6309 1454 1452 3821 
6310 609 3672 3818 
6311 2165 2163 2923 
6312 1674 1675 1955 
6313 1911 1774 2207 
6314 1955 1956 3771 
6315 3920 1586 3971 
6316 1841 2021 3797 
6317 1724 1723 2162 
6318 2494 2318 2791 
6319 1419 433 2673 
6320 1394 1396 3867 
6321 1176 1222 3831 
6322 1023 611 3818 
6323 1851 1854 3826 
6324 2377 2131 2945 
6325 2608 2609 3058 
6326 1970 1971 2612 
6327 1104 1103 1105 
6328 1608 3358 3936 
6329 2021 1960 2131 
6330 1222 1578 3831 
6331 3746 2319 3884 
6332 1353 2112 3527 
6333 83 84 309 
6334 1841 1840 1951 
6335 731 875 876 
6336 2129 1966 2953 
6337 2073 1830 2318 
6338 476 474 3801 
6339 867 868 1324 
6340 2125 2580 2916 
6341 432 433 434 
6342 437 436 438 
6343 2306 1678 3820 
6344 2523 2078 2524 
6345 1015 3857 3906 
6346 1327 1328 1329 
6347 752 1427 3911 
6348 1333 1658 1825 
6349 424 423 3732 
6350 1841 1951 1960 
6351 1555 2000 2648 
6352 1423 1687 1834 
6353 1295 1710 3902 
6354 908 984 3870 
6355 1332 1328 3865 
6356 1207 1118 1317 
6357 2500 2498 2588 
6358 2458 2456 2966 
6359 3379 3454 3928 
6360 665 696 3848 
6361 431 430 432 
6362 3837 2752 3887 
6363 95 96 311 
6364 1041 1043 4015 
6365 426 427 428 
6366 1835 1820 3858 
6367 896 995 996 
6368 1636 1672 1673 
6369 1513 1418 3243 
6370 1459 1454 3821 
6371 528 530 3824 
6372 1452 1469 3821 
6373 530 1408 3824 
6374 2538 3525 4026 
6375 1415 1220 1416 
6376 870 904 914 
6377 2936 2568 3774 
6378 2016 1566 4028 
6379 1171 1078 3977 
6380 2950 2351 3822 
6381 2531 2734 2864 
6382 1623 1288 1723 
6383 1058 1816 1817 
6384 699 1424 3811 
6385 2351 2353 3822 
6386 1169 1216 1218 
6387 1679 1067 3639 
6388 1571 1572 1707 
6389 669 690 1474 
6390 1261 1262 1263 
6391 1854 3793 3826 
6392 3549 2657 3993 
6393 1742 1740 4064 
6394 2627 3107 3956 
6395 568 955 3895 
6396 865 866 867 
6397 2674 2323 3982 
6398 3620 1599 4005 
6399 1329 1328 1330 
6400 3173 3172 3174 
6401 867 1324 1325 
6402 1366 1247 3859 
6403 2453 2447 4352 
6404 1912 1851 3826 
6405 1899 1852 1900 
6406 415 414 416 
6407 3333 1783 4036 
6408 1892 1891 2098 
6409 378 379 380 
6410 421 420 422 
6411 1724 2163 2164 
6412 3336 2453 4350 
6413 1904 1535 2063 
6414 827 528 3824 
6415 1794 1796 1893 
6416 2146 2144 3834 
6417 455 499 3841 
6418 821 800 834 
6419 4344 1400 4347 
6420 1320 1269 1536 
6421 1155 1153 3839 
6422 959 1004 1005 
6423 627 629 3893 
6424 1002 3492 3735 
6425 422 423 424 
6426 3502 3988 4008 
6427 1144 1143 1268 
6428 3020 3744 3920 
6429 767 803 3889 
6430 2658 3783 3967 
6431 1333 1334 1658 
6432 1405 447 3730 
6433 1809 544 3895 
6434 2297 2295 3843 
6435 2561 1719 2562 
6436 1065 1002 3735 
6437 1423 1422 1671 
6438 1580 457 3841 
6439 878 895 896 
6440 2572 2568 2936 
6441 2657 2662 4003 
6442 1050 1049 1051 
6443 920 739 3319 
6444 2578 1951 3886 
6445 524 526 3840 
6446 2164 2165 2726 
6447 3744 3445 3920 
6448 81 82 343 
6449 544 568 3895 
6450 2005 1432 3901 
6451 368 369 370 
6452 690 711 3873 
6453 1048 3304 3952 
6454 914 915 1410 
6455 1687 1671 1946 
6456 876 877 878 
6457 98 99 271 
6458 2601 2600 2602 
6459 1557 886 1824 
6460 1707 1708 1714 
6461 2316 1907 2477 
6462 2647 2646 3891 
6463 1893 2530 2531 
6464 3943 2664 3985 
6465 1058 977 1816 
6466 2490 1573 3277 
6467 1542 3837 3887 
6468 1956 2159 3771 
6469 1817 1816 1818 
6470 1311 1693 2483 
6471 2326 2268 4008 
6472 1896 2424 2425 
6473 1246 2322 3859 
6474 478 1810 3801 
6475 3415 2345 3921 
6476 1151 1148 3851 
6477 526 827 3840 
6478 1938 1937 2117 
6479 2930 2562 2931 
6480 2784 2479 2785 
6481 714 761 3882 
6482 3407 3409 3912 
6483 2571 2570 4076 
6484 741 1425 3931 
6485 416 417 418 
6486 1825 1658 1891 
6487 2648 3083 4129 
6488 2178 3800 3930 
6489 1221 1051 1674 
6490 4357 2448 4360 
6491 3867 1804 3913 
6492 3993 2657 4003 
6493 1838 1840 1841 
6494 2336 790 3861 
6495 400 401 402 
6496 1840 2125 3886 
6497 2558 1824 2862 
6498 3287 3288 3951 
6499 1869 2118 2152 
6500 374 375 376 
6501 1830 1821 3832 
6502 1619 3855 3914 
6503 1818 2663 3858 
6504 2073 2318 2494 
6505 3662 2621 3948 
6506 457 455 3841 
6507 1325 1326 1327 
6508 791 808 3861 
6509 1027 1016 3906 
6510 2662 2114 4007 
6511 1421 427 1422 
6512 923 987 3922 
6513 1291 1292 3902 
6514 2098 2495 2692 
6515 3631 2320 3988 
6516 1824 886 3365 
6517 2454 2129 2719 
6518 1578 3799 3831 
6519 1798 3746 3884 
6520 2640 2639 3899 
6521 2656 3939 4009 
6522 860 834 884 
6523 3107 3108 3909 
6524 434 433 1419 
6525 437 438 3767 
6526 2290 3838 3904 
6527 532 534 3947 
6528 4334 1485 4341 
6529 1170 1307 3933 
6530 1253 1221 1288 
6531 2433 3787 3910 
6532 3727 1542 3887 
6533 2277 1517 3898 
6534 1837 1673 1838 
6535 1967 1966 2129 
6536 3800 3749 3930 
6537 2731 2061 3983 
6538 1565 1867 1869 
6539 912 884 970 
6540 3921 2369 4143 
6541 1837 1838 3797 
6542 442 440 443 
6543 696 2310 3848 
6544 1327 1326 1328 
6545 979 970 1035 
6546 1732 2180 3963 
6547 1893 1894 2530 
6548 2401 2035 2449 
6549 3113 2290 3904 
6550 1602 1366 3859 
6551 1512 1418 1513 
6552 1424 714 3882 
6553 2204 437 3767 
6554 100 101 342 
6555 2756 4016 4045 
6556 2771 2595 2772 
6557 3842 2067 3899 
6558 2299 2601 3900 
6559 79 80 256 
6560 748 749 3911 
6561 3726 1654 3877 
6562 2477 1907 2479 
6563 3346 3759 3927 
6564 3887 2754 3957 
6565 405 406 3520 
6566 475 1800 4011 
6567 1171 3977 3993 
6568 1325 1324 1326 
6569 1810 524 3840 
6570 1946 2568 2572 
6571 2587 2122 2905 
6572 700 3376 3937 
6573 2313 2431 3934 
6574 3694 1471 3910 
6575 410 411 412 
6576 1849 1912 3862 
6577 1822 1909 3832 
6578 3501 3889 3981 
6579 1721 1776 3270 
6580 967 922 1175 
6581 2240 2780 2781 
6582 1821 1822 3832 
6583 1838 1841 3797 
6584 3836 1798 3884 
6585 736 738 3931 
6586 2425 2738 2872 
6587 470 472 4011 
6588 976 3073 4162 
6589 3839 1420 3982 
6590 2726 2165 2727 
6591 2348 3261 3935 
6592 761 787 3882 
6593 1654 3833 3877 
6594 1632 1634 1973 
6595 1724 2162 2163 
6596 2398 1815 2399 
6597 1048 996 1049 
6598 990 968 3287 
6599 1050 1051 1221 
6600 2303 2305 3987 
6601 1836 1849 3862 
6602 1886 1546 4010 
6603 746 748 784 
6604 1183 1155 3839 
6605 2004 2002 3945 
6606 191 2866 4575 
6607 2162 2917 3850 
6608 1834 1687 1966 
6609 428 427 1421 
6610 2639 3842 3899 
6611 2316 2478 3878 
6612 2641 2642 3914 
6613 409 408 410 
6614 1423 1671 1687 
6615 1109 1315 3925 
6616 1909 1836 3862 
6617 2497 2499 4056 
6618 2315 2707 3944 
6619 1623 1723 1724 
6620 741 743 1425 
6621 1295 1297 1710 
6622 2321 3839 3982 
6623 1622 1288 1623 
6624 3787 3694 3910 
6625 1714 1715 1926 
6626 3929 2164 3991 
6627 2164 2163 2165 
6628 4103 3137 4118 
6629 896 996 1048 
6630 1734 1736 4020 
6631 1259 1121 1260 
6632 4305 2422 4319 
6633 3828 3057 3829 
6634 876 878 1828 
6635 1205 1117 1870 
6636 1269 1268 3918 
6637 2191 2696 3924 
6638 1820 1818 3858 
6639 2321 1183 3839 
6640 3604 812 4000 
6641 2569 2573 3774 
6642 1554 1270 1555 
6643 427 424 3732 
6644 1554 1555 1907 
6645 1048 1049 1050 
6646 1926 1927 2548 
6647 2537 2538 3941 
6648 3759 2329 3927 
6649 2643 3867 3913 
6650 1739 1741 1766 
6651 660 658 4268 
6652 1421 1422 1423 
6653 812 782 4000 
6654 2525 2524 2594 
6655 2387 4226 4250 
6656 2477 2479 2784 
6657 3026 3020 3920 
6658 3348 1608 4193 
6659 2035 1623 3929 
6660 103 104 278 
6661 2099 2865 4014 
6662 1879 1472 2419 
6663 952 949 3917 
6664 1685 2045 2046 
6665 3906 3550 3977 
6666 2324 2616 3978 
6667 3045 3048 3892 
6668 3762 3704 3943 
6669 3755 2643 3913 
6670 2839 3941 4007 
6671 1711 1719 2561 
6672 2022 2048 2712 
6673 42 43 4046 
6674 756 780 845 
6675 1420 1151 3851 
6676 2649 2640 3940 
6677 1119 1208 3969 
6678 2333 3312 3984 
6679 1811 1175 1812 
6680 1565 1869 3739 
6681 1153 1420 3839 
6682 438 436 439 
6683 3344 3345 3946 
6684 3820 1604 3949 
6685 2280 3898 3940 
6686 2318 1830 3832 
6687 1745 1747 1764 
6688 3855 2641 3914 
6689 3217 3213 3852 
6690 2531 2530 2734 
6691 1414 417 2679 
6692 2312 2313 3934 
6693 824 835 919 
6694 1813 1812 1814 
6695 76 77 312 
6696 1932 2182 3966 
6697 396 394 397 
6698 2002 2191 3945 
6699 752 754 1427 
6700 3970 3475 4438 
6701 1324 868 3880 
6702 1035 970 4040 
6703 1554 2316 3918 
6704 3997 2654 4010 
6705 1020 992 1106 
6706 728 1472 1847 
6707 996 1084 3896 
6708 2329 2331 3927 
6709 2431 2315 3944 
6710 2308 3762 3943 
6711 2784 2785 2809 
6712 1268 1143 1270 
6713 1005 1006 1073 
6714 784 2295 2296 
6715 3508 3659 3919 
6716 2633 3184 4041 
6717 863 969 3962 
6718 2295 748 3911 
6719 1268 1270 1554 
6720 1868 2016 2017 
6721 4078 3375 4145 
6722 2000 1270 3990 
6723 2306 3820 3949 
6724 2234 2233 2947 
6725 1751 1754 1763 
6726 729 728 3323 
6727 2446 4351 4358 
6728 2296 2297 2298 
6729 2621 3295 3948 
6730 1561 2884 2885 
6731 868 870 3880 
6732 426 424 427 
6733 1408 532 3947 
6734 3338 3336 4345 
6735 1557 2558 2559 
6736 3724 3531 4082 
6737 3502 1382 3988 
6738 1505 411 1506 
6739 1110 1065 3735 
6740 1847 1879 1943 
6741 1414 2679 4090 
6742 1659 1794 3885 
6743 1430 1717 2022 
6744 2495 1891 3905 
6745 458 3462 4273 
6746 1758 1761 1762 
6747 2296 2298 2299 
6748 861 886 1557 
6749 1331 1330 3883 
6750 2761 2670 2762 
6751 2054 1694 2055 
6752 432 430 433 
6753 1027 3906 3977 
6754 3659 3680 3919 
6755 3111 3501 3981 
6756 2353 2306 3949 
6757 1768 1770 1948 
6758 2317 3818 3992 
6759 3052 2204 3767 
6760 2493 2743 2744 
6761 2346 2347 2680 
6762 1970 2612 2633 
6763 1684 3789 3985 
6764 3792 3884 3997 
6765 1906 1937 1938 
6766 892 963 1057 
6767 1636 1673 1837 
6768 3742 1969 4009 
6769 1658 1659 3905 
6770 3704 1990 3943 
6771 1951 1840 3886 
6772 2658 3967 4069 
6773 3115 3110 4024 
6774 2863 3365 3953 
6775 3962 2633 4041 
6776 787 2335 3882 
6777 2400 2399 2589 
6778 2125 2916 3886 
6779 3796 1407 3939 
6780 2633 2612 3184 
6781 1556 1932 3966 
6782 418 417 1414 
6783 1066 1302 3960 
6784 2533 2742 2880 
6785 412 411 1505 
6786 1728 1732 3963 
6787 1063 1103 1104 
6788 1943 1953 2560 
6789 3049 2627 3956 
6790 1419 3137 4103 
6791 2560 2605 2875 
6792 1938 2122 2350 
6793 2299 2599 2600 
6794 3853 2671 4074 
6795 3472 1790 4099 
6796 2561 2562 2930 
6797 1130 1132 4038 
6798 2680 2347 3321 
6799 1370 1368 3967 
6800 390 388 391 
6801 4172 2668 4176 
6802 2663 1816 3917 
6803 105 106 344 
6804 3383 2403 4181 
6805 2469 2157 3970 
6806 1005 1073 2346 
6807 3680 1799 3919 
6808 3749 2342 3930 
6809 2135 2349 2967 
6810 1036 1055 1168 
6811 1402 1430 3908 
6812 2425 2526 2738 
6813 2163 2162 3850 
6814 430 428 3961 
6815 2923 2163 3850 
6816 2746 2467 2747 
6817 1967 2455 4055 
6818 2319 2654 3997 
6819 106 107 3903 
6820 3644 3528 4023 
6821 3783 1370 3967 
6822 2182 2608 3062 
6823 400 398 401 
6824 2924 2589 3314 
6825 3026 3920 3971 
6826 73 74 267 
6827 2773 2772 2926 
6828 1661 1513 1663 
6829 1398 4245 4261 
6830 1422 427 3732 
6831 1894 1896 3897 
6832 1604 2004 3949 
6833 1447 1449 4300 
6834 1407 3736 3939 
6835 2191 3924 3945 
6836 1685 1506 1686 
6837 1280 1263 3739 
6838 2180 2230 3040 
6839 1844 1845 1846 
6840 3220 3217 3852 
6841 3930 2971 3972 
6842 1049 996 3896 
6843 1557 1824 2558 
6844 414 412 3980 
6845 3736 2293 3939 
6846 310 90 3816 
6847 2076 2492 2493 
6848 3898 2649 3940 
6849 422 420 423 
6850 1534 1902 1903 
6851 3111 3981 4005 
6852 1382 3699 3988 
6853 2126 2127 2897 
6854 4513 3878 4521 
6855 1039 1035 1116 
6856 2052 3727 3957 
6857 1845 1852 1899 
6858 1815 1814 3959 
6859 1462 4002 4056 
6860 977 952 3917 
6861 2299 2298 2599 
6862 1814 1812 1863 
6863 1903 2071 2072 
6864 2346 1073 2347 
6865 1174 1220 1415 
6866 2056 2055 2057 
6867 2600 2599 2963 
6868 2881 2179 3038 
6869 870 914 3880 
6870 2233 2008 2388 
6871 3387 3881 4362 
6872 2179 1729 3976 
6873 2052 3957 3983 
6874 1938 2117 2122 
6875 1474 690 3873 
6876 1333 1825 3883 
6877 1330 1333 3883 
6878 3884 2319 3997 
6879 1842 2683 3968 
6880 2530 1894 3897 
6881 1623 1724 3929 
6882 3941 2662 4007 
6883 2045 1686 2047 
6884 3727 3887 3957 
6885 1959 1863 2008 
6886 2107 1706 3979 
6887 1729 1727 3976 
6888 711 731 3894 
6889 1416 1418 1512 
6890 1899 2532 2533 
6891 72 73 3907 
6892 416 414 417 
6893 2713 2047 2908 
6894 1847 1472 1879 
6895 2369 3383 4168 
6896 1898 1518 4061 
6897 2180 3040 3963 
6898 4042 2337 4079 
6899 2135 2107 2349 
6900 3101 3026 3971 
6901 1122 1166 1283 
6902 1078 1027 3977 
6903 2946 4116 4230 
6904 1959 2008 2233 
6905 2516 2964 3008 
6906 2308 3943 3985 
6907 1261 1260 1262 
6908 2559 2558 2861 
6909 1505 1506 1685 
6910 1368 1602 3967 
6911 1659 3885 3905 
6912 629 669 3893 
6913 384 382 385 
6914 3174 3172 3175 
6915 2604 2178 3972 
6916 947 981 4027 
6917 4350 2453 4352 
6918 2660 2659 4071 
6919 1794 1893 3885 
6920 3883 3510 4002 
6921 3859 2322 3978 
6922 1315 1632 3925 
6923 1814 1863 1959 
6924 1536 1269 3918 
6925 1706 1426 3979 
6926 2560 1953 2605 
6927 3818 3672 3992 
6928 1723 1288 3923 
6929 4003 2662 4026 
6930 1891 1658 3905 
6931 4127 3283 4149 
6932 1943 1879 1953 
6933 2161 1993 4073 
6934 1410 915 3916 
6935 4016 2544 4045 
6936 2953 1966 3926 
6937 4009 1969 4044 
6938 4145 3450 4160 
6939 2406 2405 4079 
6940 1982 3997 4010 
6941 2449 2035 3929 
6942 1430 2022 3908 
6943 1302 1970 3960 
6944 1893 2531 3885 
6945 1104 1105 1190 
6946 3779 3500 4058 
6947 3927 2331 3984 
6948 2673 4053 4055 
6949 3370 3369 4138 
6950 2061 2052 3983 
6951 3939 2293 4009 
6952 1263 1262 1565 
6953 2350 2122 2587 
6954 731 876 3894 
6955 1946 2572 3926 
6956 4263 2426 4343 
6957 3392 3393 4313 
6958 4058 3500 4071 
6959 1899 1900 2532 
6960 2119 1934 2121 
6961 1842 1843 1844 
6962 71 72 345 
6963 1687 1946 3926 
6964 1602 3859 3978 
6965 3550 3549 3993 
6966 2182 3062 3966 
6967 1212 1281 1670 
6968 3642 2232 3981 
6969 108 109 284 
6970 1724 2164 3929 
6971 2409 2411 4267 
6972 392 391 1568 
6973 1268 1554 3918 
6974 1869 1867 2118 
6975 2445 3385 3996 
6976 3169 3168 4030 
6977 1221 1674 3923 
6978 1844 1843 1845 
6979 2344 3923 4022 
6980 3672 1808 3992 
6981 2967 2349 3129 
6982 3977 3550 3993 
6983 2152 2118 2893 
6984 3917 949 4027 
6985 1104 1190 1842 
6986 2060 2746 4050 
6987 1904 2063 2064 
6988 676 642 677 
6989 1684 3985 4039 
6990 2310 2312 4018 
6991 1685 1686 2045 
6992 1816 977 3917 
6993 3981 2232 4005 
6994 1959 2234 3959 
6995 637 635 1203 
6996 2893 2118 2894 
6997 2331 2333 3984 
6998 2045 2047 2713 
6999 1896 2425 3897 
7000 2372 2371 4163 
7001 1094 1095 4059 
7002 410 408 411 
7003 1565 1262 1566 
7004 3259 1037 4001 
7005 406 404 407 
7006 2234 3030 4068 
7007 433 430 3961 
7008 2411 2413 4276 
7009 4023 3528 4072 
7010 2617 3439 4089 
7011 1868 2017 2581 
7012 2325 3880 3964 
7013 406 407 408 
7014 2425 2872 3897 
7015 3940 2640 4016 
7016 1462 1434 4002 
7017 1117 1035 4040 
7018 1171 3993 4003 
7019 3873 711 3894 
7020 4024 1599 4038 
7021 669 1474 3893 
7022 1288 1221 3923 
7023 428 1421 3961 
7024 1867 1566 1868 
7025 915 959 3916 
7026 2673 433 3961 
7027 2078 1911 3999 
7028 4080 409 4097 
7029 386 385 1567 
7030 3699 3631 3988 
7031 922 920 3932 
7032 2322 2324 3978 
7033 2594 2524 3063 
7034 2399 1815 3959 
7035 833 865 4012 
7036 2533 2532 2742 
7037 1966 1687 3926 
7038 782 809 4000 
7039 3789 2308 3985 
7040 754 756 3942 
7041 2178 3930 3972 
7042 3650 4360 4364 
7043 2323 2321 3982 
7044 1512 1661 1662 
7045 3365 890 3953 
7046 2022 1717 2048 
7047 2663 3917 4027 
7048 3630 1171 4003 
7049 2268 3502 4008 
7050 3323 2684 4062 
7051 1331 3883 4002 
7052 3899 2544 4016 
7053 2058 2057 2059 
7054 1426 3520 3979 
7055 378 376 379 
7056 728 705 1472 
7057 4005 1599 4024 
7058 2232 3620 4005 
7059 1632 1973 3925 
7060 865 3876 4012 
7061 1193 830 4058 
7062 2249 3828 3829 
7063 959 1005 3916 
7064 2114 2540 4007 
7065 890 892 3953 
7066 1842 1190 1843 
7067 835 861 3954 
7068 402 401 1402 
7069 2371 3360 4102 
7070 3985 2664 4039 
7071 3847 1650 3987 
7072 1434 1331 4002 
7073 876 1828 3894 
7074 1770 1906 3955 
7075 2126 2897 2898 
7076 1565 1566 1867 
7077 4278 2038 4348 
7078 3784 2303 3987 
7079 743 746 4006 
7080 2524 2078 3999 
7081 1043 1248 4015 
7082 417 414 3980 
7083 1982 3792 3997 
7084 1717 1716 2126 
7085 1546 1982 4010 
7086 1650 3784 3987 
7087 2531 2864 4049 
7088 1911 2207 3999 
7089 1736 1739 4020 
7090 2707 4292 4298 
7091 1969 2617 4044 
7092 1115 3481 4187 
7093 556 3779 4058 
7094 992 990 3951 
7095 1430 1429 1716 
7096 3422 3858 4065 
7097 1121 1080 3938 
7098 1263 1565 3739 
7099 2676 3238 4093 
7100 2326 4008 4014 
7101 878 896 3952 
7102 3038 2179 3976 
7103 408 407 3950 
7104 3129 4080 4097 
7105 585 4255 4260 
7106 1415 1416 3994 
7107 1999 1684 4039 
7108 1073 4086 4109 
7109 4352 2447 4357 
7110 68 69 277 
7111 412 1505 3980 
7112 380 379 1311 
7113 807 833 4012 
7114 2320 2099 4014 
7115 914 1410 3964 
7116 1970 2633 3960 
7117 1571 1707 1962 
7118 2675 2676 4108 
7119 1814 1959 3959 
7120 1512 1513 1661 
7121 1402 401 1429 
7122 2164 2726 3991 
7123 2076 2493 2770 
7124 2075 2064 2076 
7125 2349 2107 3979 
7126 2170 779 4032 
7127 472 475 4011 
7128 4276 2413 4283 
7129 374 372 375 
7130 2293 3742 4009 
7131 1801 4195 4210 
7132 110 111 346 
7133 1175 922 3932 
7134 2601 2705 4095 
7135 3851 2285 4034 
7136 2656 4009 4044 
7137 1828 878 3952 
7138 1829 1831 4096 
7139 920 3319 3932 
7140 1904 2064 2075 
7141 2987 4131 4256 
7142 1430 1716 1717 
7143 980 937 4078 
7144 4002 3510 4056 
7145 2727 4317 4371 
7146 2230 2516 3975 
7147 746 784 4006 
7148 756 845 3942 
7149 1402 3908 3973 
7150 896 1048 3952 
7151 563 543 4084 
7152 360 358 2968 
7153 1506 411 3950 
7154 4187 3481 4192 
7155 262 42 4046 
7156 4133 2680 4166 
7157 388 386 3958 
7158 1568 391 2489 
7159 4111 2667 4119 
7160 1425 743 4006 
7161 1662 1661 2041 
7162 4168 3383 4181 
7163 2335 2337 4042 
7164 784 3900 4006 
7165 1018 1063 3968 
7166 4302 3392 4313 
7167 3110 3111 4024 
7168 1005 2346 3916 
7169 1427 754 3942 
7170 4143 2369 4168 
7171 3668 4042 4079 
7172 404 402 3973 
7173 919 835 3954 
7174 3492 2681 4085 
7175 3528 2334 4072 
7176 3880 914 3964 
7177 1205 1870 3998 
7178 1416 1512 3994 
7179 2550 2548 2834 
7180 1739 1766 4020 
7181 1557 2559 3954 
7182 1402 1429 1430 
7183 861 1557 3954 
7184 800 729 3323 
7185 1976 3312 4075 
7186 2063 1535 3998 
7187 4438 3475 4440 
7188 3525 3630 4026 
7189 1462 3296 4091 
7190 1674 1955 4022 
7191 1260 1121 3938 
7192 3387 4362 4369 
7193 892 1057 3953 
7194 3554 4271 4287 
7195 1973 1634 4025 
7196 3923 1674 4022 
7197 3204 2691 4033 
7198 1423 1834 4053 
7199 949 947 4027 
7200 364 362 1575 
7201 1783 3340 4036 
7202 1948 1770 3955 
7203 1906 1938 3955 
7204 1106 992 3951 
7205 577 586 4082 
7206 386 1567 3958 
7207 368 366 369 
7208 1105 1174 3974 
7209 2679 417 3980 
7210 586 3724 4082 
7211 418 1414 4060 
7212 1143 1110 3990 
7213 1270 1143 3990 
7214 411 408 3950 
7215 1903 1902 2071 
7216 990 3287 3951 
7217 2111 2071 2774 
7218 2382 2361 4113 
7219 3901 2819 4121 
7220 2355 4098 4114 
7221 410 413 4097 
7222 1938 2350 3955 
7223 1525 1527 4100 
7224 3334 3333 4209 
7225 2640 3899 4016 
7226 3630 4003 4026 
7227 382 380 3965 
7228 1190 1105 3974 
7229 3275 423 4060 
7230 2419 1472 4021 
7231 3237 3419 4047 
7232 1599 1130 4038 
7233 2608 3058 3989 
7234 953 946 4116 
7235 1419 2673 4081 
7236 66 67 347 
7237 1412 3848 4018 
7238 1177 3831 4023 
7239 809 4440 4442 
7240 864 3962 4041 
7241 4158 2672 4170 
7242 1926 2548 2550 
7243 2240 2238 2780 
7244 2675 4108 4117 
7245 1902 1535 1904 
7246 4076 1414 4090 
7247 3333 4036 4177 
7248 1636 1837 4025 
7249 1118 1116 3888 
7250 1634 1636 4025 
7251 4027 981 4065 
7252 1934 1280 3986 
7253 3592 3237 4047 
7254 779 778 4052 
7255 3071 2356 4094 
7256 1110 3735 3990 
7257 3172 3169 4030 
7258 4096 2648 4125 
7259 3063 2524 3999 
7260 112 113 292 
7261 2072 2071 2111 
7262 4286 2400 4307 
7263 3668 1424 4042 
7264 3040 2230 3975 
7265 2664 2665 4039 
7266 4267 2411 4276 
7267 3111 4005 4024 
7268 2054 2055 2056 
7269 1461 3367 4146 
7270 3831 3799 4023 
7271 2060 2466 2467 
7272 1518 1207 4061 
7273 1063 1104 3968 
7274 1424 3882 4042 
7275 1766 1741 4048 
7276 1512 1662 3994 
7277 3062 2608 3989 
7278 3876 3769 4012 
7279 2357 2656 4044 
7280 2674 3982 4034 
7281 376 375 4029 
7282 884 834 885 
7283 344 106 3903 
7284 1204 1117 1205 
7285 1741 1743 4048 
7286 3848 2310 4018 
7287 4345 3336 4350 
7288 3035 3036 4075 
7289 2516 3008 3975 
7290 2806 2756 4045 
7291 2459 2697 4118 
7292 2618 2619 4043 
7293 370 369 1309 
7294 65 66 3995 
7295 380 1311 3965 
7296 379 376 4029 
7297 4328 2533 4342 
7298 1534 1205 1535 
7299 2354 3293 4141 
7300 1404 3085 4207 
7301 1204 1205 1534 
7302 2716 4090 4173 
7303 1116 1204 3888 
7304 3714 4207 4252 
7305 2691 2690 4199 
7306 1177 4023 4072 
7307 2355 3678 4098 
7308 1745 1764 4057 
7309 2777 2753 4526 
7310 3326 2719 4427 
7311 1174 1415 3974 
7312 2550 2834 2842 
7313 402 1402 3973 
7314 2544 3717 4045 
7315 391 388 3958 
7316 808 793 4087 
7317 1116 1117 1204 
7318 3363 3071 4100 
7319 2334 3625 4112 
7320 2503 2505 4119 
7321 1207 1317 4061 
7322 3799 3644 4023 
7323 1463 3112 4186 
7324 73 267 3907 
7325 3882 2335 4042 
7326 2599 2298 4051 
7327 1534 1535 1902 
7328 3692 502 4105 
7329 3175 3172 4030 
7330 4034 2285 4099 
7331 2056 2057 2058 
7332 500 1802 4105 
7333 1280 3739 3986 
7334 2053 2054 2732 
7335 4008 2320 4014 
7336 1940 1647 4107 
7337 1743 1745 4057 
7338 2467 2466 2889 
7339 3967 1602 4069 
7340 1311 379 1431 
7341 2298 2582 4051 
7342 2676 4093 4108 
7343 1870 1117 4040 
7344 1868 2581 4004 
7345 64 65 288 
7346 2358 3422 4106 
7347 4032 779 4466 
7348 1123 1312 4063 
7349 407 404 3973 
7350 1311 1431 1693 
7351 3412 2358 4124 
7352 1104 1842 3968 
7353 2056 2058 2060 
7354 1645 1887 4107 
7355 4074 2671 4098 
7356 1436 1462 4091 
7357 1867 1868 4004 
7358 1693 1694 2053 
7359 3614 4283 4293 
7360 3312 3035 4075 
7361 4138 3369 4156 
7362 2493 2744 4017 
7363 4304 1627 4374 
7364 3992 1808 4093 
7365 3274 1431 4029 
7366 830 556 4058 
7367 3510 2497 4056 
7368 4112 3625 4132 
7369 3961 1421 4053 
7370 1420 3851 4034 
7371 705 676 4021 
7372 2819 2818 4175 
7373 2894 2118 4004 
7374 345 72 3907 
7375 676 677 4021 
7376 1759 1742 4064 
7377 4369 1028 4376 
7378 1863 4083 4120 
7379 423 420 4060 
7380 1095 1098 4059 
7381 2674 4034 4099 
7382 2201 2603 4070 
7383 2118 1867 4004 
7384 385 382 3965 
7385 1685 2046 4077 
7386 2121 1934 3986 
7387 4117 2270 4130 
7388 2053 1694 2054 
7389 420 418 4060 
7390 2128 2953 4430 
7391 2582 2948 4067 
7392 3707 4409 4419 
7393 2821 4394 4432 
7394 434 1419 4103 
7395 1693 1431 1694 
7396 1999 4039 4074 
7397 1834 1967 4055 
7398 4181 2403 4195 
7399 2673 3961 4053 
7400 3982 1420 4034 
7401 4085 2681 4125 
7402 1116 1035 1117 
7403 3322 2347 4109 
7404 1073 1006 4086 
7405 3238 3992 4093 
7406 1472 705 4021 
7407 1421 1423 4053 
7408 1425 4006 4095 
7409 1461 1440 4111 
7410 880 881 4126 
7411 1535 1205 3998 
7412 2479 4129 4200 
7413 3500 2660 4071 
7414 1566 1262 4028 
7415 3689 2270 4117 
7416 3188 1305 4194 
7417 2060 2058 2466 
7418 4051 2582 4067 
7419 2364 3412 4147 
7420 3450 2364 4160 
7421 2663 4027 4065 
7422 1803 3284 4171 
7423 2399 3959 4068 
7424 2183 2130 4155 
7425 2389 2008 4120 
7426 1764 1747 4092 
7427 2495 3905 4049 
7428 1469 4186 4237 
7429 372 370 4013 
7430 3905 3885 4049 
7431 4048 1743 4057 
7432 1262 1260 4028 
7433 2570 3275 4076 
7434 1772 3276 4128 
7435 976 911 4134 
7436 2770 2493 4017 
7437 3422 4065 4106 
7438 1863 1812 4083 
7439 3713 1177 4072 
7440 3374 3450 4145 
7441 3858 2663 4065 
7442 2489 391 3958 
7443 807 4012 4087 
7444 2673 4055 4081 
7445 2000 3990 4085 
7446 937 935 4078 
7447 1993 1992 4073 
7448 2681 3673 4125 
7449 440 439 4136 
7450 3520 409 4080 
7451 115 116 317 
7452 4052 821 4088 
7453 2686 4156 4183 
7454 3340 3341 4182 
7455 2376 3950 4101 
7456 1904 2075 4037 
7457 461 459 4131 
7458 2665 3853 4074 
7459 4039 2665 4074 
7460 2271 4139 4191 
7461 3980 1505 4077 
7462 3797 2378 4151 
7463 1945 1898 2669 
7464 1945 2669 2670 
7465 2589 2399 4068 
7466 3968 2683 4086 
7467 3978 2616 4069 
7468 3932 3320 4083 
7469 3979 3520 4080 
7470 1795 2348 4166 
7471 1309 369 2370 
7472 1260 3938 4028 
7473 370 1309 4013 
7474 1031 2623 4198 
7475 2238 2072 4031 
7476 2571 4076 4090 
7477 1309 2370 2714 
7478 4055 2455 4081 
7479 4012 3769 4087 
7480 1751 1763 4104 
7481 2669 1898 4061 
7482 439 436 4103 
7483 1786 3364 4191 
7484 1998 3348 4183 
7485 1774 1772 4128 
7486 4006 3900 4095 
7487 3885 2531 4049 
7488 3959 2234 4068 
7489 3412 4124 4147 
7490 1175 3932 4083 
7491 2389 4171 4194 
7492 3627 2355 4114 
7493 543 1024 4084 
7494 2349 3979 4080 
7495 955 577 4082 
7496 1555 2648 4129 
7497 2405 3668 4079 
7498 4086 2683 4109 
7499 2072 2111 4031 
7500 1902 1904 4037 
7501 1018 3968 4086 
7502 4044 2617 4089 
7503 2152 2893 4115 
7504 366 364 4035 
7505 4033 2691 4164 
7506 1602 3978 4069 
7507 1431 379 4029 
7508 4072 2334 4112 
7509 2695 3444 4184 
7510 451 449 4148 
7511 2415 3274 4178 
7512 2509 2511 4170 
7513 1317 1118 3888 
7514 2774 2071 4037 
7515 1122 1283 4110 
7516 2479 1907 4129 
7517 1031 4198 4218 
7518 2270 3711 4130 
7519 3605 2218 4167 
7520 2714 2370 2715 
7521 4065 981 4106 
7522 2358 4106 4124 
7523 1442 1461 4146 
7524 1505 1685 4077 
7525 4130 3711 4140 
7526 116 117 4066 
7527 3990 3735 4085 
7528 451 4148 4236 
7529 3333 4177 4209 
7530 793 807 4087 
7531 3735 3492 4085 
7532 2679 3980 4077 
7533 2071 1902 4037 
7534 3627 4114 4121 
7535 4099 1790 4127 
7536 1747 1749 4092 
7537 1006 1018 4086 
7538 2374 3480 4176 
7539 974 976 4162 
7540 4083 3320 4120 
7541 1812 1175 4083 
7542 4098 2671 4114 
7543 3129 2349 4080 
7544 2346 2680 4133 
7545 375 372 4013 
7546 834 800 4062 
7547 1438 1436 4091 
7548 4189 983 4196 
7549 1463 1446 4158 
7550 1808 3688 4093 
7551 1115 1053 4172 
7552 2285 3472 4099 
7553 2356 2357 4094 
7554 61 62 316 
7555 2780 2238 4031 
7556 2708 4148 4224 
7557 2364 4147 4160 
7558 3625 2687 4132 
7559 1999 4074 4098 
7560 4025 1837 4151 
7561 2710 2711 4196 
7562 2271 3931 4139 
7563 3788 1809 4143 
7564 2131 1960 4157 
7565 1844 1846 4137 
7566 2532 4550 4563 
7567 2357 4044 4089 
7568 1528 1525 4100 
7569 885 834 4062 
7570 117 118 348 
7571 2688 2151 4177 
7572 1809 3921 4143 
7573 4204 3594 4216 
7574 2732 2054 4050 
7575 3935 4133 4166 
7576 800 3323 4062 
7577 3711 564 4140 
7578 3678 1999 4098 
7579 3360 3974 4102 
7580 1020 1106 4144 
7581 3896 4329 4359 
7582 3460 2693 4244 
7583 2341 2695 4184 
7584 369 366 4035 
7585 2387 2658 4226 
7586 1300 3131 4259 
7587 4140 564 4150 
7588 364 1575 4035 
7589 3974 1415 4102 
7590 2379 2380 4192 
7591 1749 1751 4104 
7592 3673 1829 4096 
7593 808 4087 4138 
7594 2699 2460 4174 
7595 4164 2691 4199 
7596 3200 2343 4214 
7597 1802 3798 4165 
7598 407 3973 4101 
7599 502 500 4105 
7600 4059 1098 4110 
7601 2000 4085 4125 
7602 3973 3908 4101 
7603 1071 1115 4187 
7604 2458 2966 4174 
7605 1201 2966 4424 
7606 1404 1100 4187 
7607 66 347 3995 
7608 1647 1645 4107 
7609 2054 2056 4050 
7610 2686 3861 4156 
7611 2357 4089 4094 
7612 436 434 4103 
7613 3775 2384 4190 
7614 2687 2688 4154 
7615 1469 1450 4186 
7616 933 983 4189 
7617 4093 3688 4108 
7618 2386 3352 4213 
7619 3875 4025 4151 
7620 3713 4072 4112 
7621 2361 3042 4113 
7622 1438 4091 4111 
7623 1448 1463 4186 
7624 3938 1080 4144 
7625 564 3738 4150 
7626 981 3733 4106 
7627 3688 1428 4108 
7628 409 410 4097 
7629 1440 1438 4111 
7630 1098 1122 4110 
7631 362 360 4054 
7632 4150 3738 4152 
7633 2382 4113 4165 
7634 2056 2060 4050 
7635 3451 4112 4132 
7636 4092 1749 4104 
7637 4132 2687 4154 
7638 3451 3713 4112 
7639 4199 2690 4232 
7640 4108 1428 4117 
7641 4470 2561 4478 
7642 3900 2601 4095 
7643 3801 3356 4202 
7644 3950 407 4101 
7645 2678 2152 4115 
7646 2421 3316 4241 
7647 2671 2005 4114 
7648 946 948 4116 
7649 1801 3670 4195 
7650 3216 3215 4238 
7651 2406 4235 4284 
7652 288 65 3995 
7653 2675 4117 4130 
7654 1415 3994 4102 
7655 2609 2845 4243 
7656 2347 1073 4109 
7657 1124 1404 4207 
7658 2943 2942 4588 
7659 4249 2714 4294 
7660 4202 3356 4213 
7661 1274 4190 4223 
7662 4128 3202 4206 
7663 1428 3689 4117 
7664 1409 479 4202 
7665 953 4116 4123 
7666 3137 2459 4118 
7667 948 951 4230 
7668 3506 2382 4221 
7669 2089 4326 4394 
7670 1410 3916 4133 
7671 4036 2688 4177 
7672 4114 2005 4121 
7673 1120 1300 4259 
7674 3738 1392 4152 
7675 2667 2503 4119 
7676 262 4046 4222 
7677 3725 4167 4185 
7678 461 4131 4272 
7679 1081 1079 4259 
7680 4129 3083 4200 
7681 2371 4102 4163 
7682 3714 1214 4207 
7683 3935 1410 4133 
7684 2022 2712 4203 
7685 476 3801 4202 
7686 980 4145 4160 
7687 1575 362 4054 
7688 4169 3728 4179 
7689 360 2968 4054 
7690 4106 3733 4124 
7691 845 780 4188 
7692 4139 2705 4191 
7693 1392 3728 4169 
7694 883 880 4126 
7695 2682 3938 4144 
7696 2388 3193 4282 
7697 3733 1354 4124 
7698 3506 4221 4227 
7699 2359 2674 4127 
7700 3769 3370 4138 
7701 2377 2946 4218 
7702 4154 2688 4182 
7703 2367 2675 4130 
7704 3316 3506 4227 
7705 439 4118 4136 
7706 4218 2946 4230 
7707 2005 3901 4121 
7708 2370 369 4035 
7709 2217 2398 4264 
7710 2227 4232 4277 
7711 2648 2000 4125 
7712 4118 2697 4136 
7713 459 1580 4131 
7714 1040 3451 4132 
7715 4095 2705 4139 
7716 883 4126 4134 
7717 2367 4130 4140 
7718 2710 4196 4204 
7719 1409 3441 4233 
7720 2008 1863 4120 
7721 824 919 4197 
7722 911 883 4134 
7723 2207 1774 4128 
7724 2365 2367 4140 
7725 2402 2421 4254 
7726 1907 1555 4129 
7727 3089 3251 4372 
7728 4124 1354 4147 
7729 4156 3369 4183 
7730 2392 2393 4240 
7731 4152 1392 4169 
7732 489 483 4233 
7733 4121 2819 4175 
7734 2973 2975 4251 
7735 3544 3547 4247 
7736 3280 3222 4274 
7737 2661 2354 4141 
7738 2975 2984 4256 
7739 2227 3893 4232 
7740 2697 2698 4205 
7741 481 1409 4233 
7742 2594 3130 4295 
7743 2823 46 4649 
7744 443 440 4136 
7745 4078 935 4189 
7746 4087 3769 4138 
7747 2365 4140 4150 
7748 3830 3594 4204 
7749 3471 2402 4266 
7750 4246 3408 4338 
7751 4251 2975 4256 
7752 2359 4127 4149 
7753 4233 3441 4240 
7754 1080 1020 4144 
7755 2704 2723 4239 
7756 2421 4241 4254 
7757 3931 1425 4139 
7758 3242 2197 4159 
7759 980 4078 4145 
7760 2674 4099 4127 
7761 2698 2700 4217 
7762 449 1405 4148 
7763 499 453 4236 
7764 1444 1442 4146 
7765 1763 1754 4215 
7766 2723 2973 4242 
7767 1283 1166 4208 
7768 3658 3788 4143 
7769 3375 4078 4189 
7770 3471 4266 4275 
7771 3166 3165 4355 
7772 2360 2365 4150 
7773 783 874 4246 
7774 1212 1670 4208 
7775 4239 2723 4242 
7776 1354 3719 4147 
7777 4195 2403 4210 
7778 3894 1828 4164 
7779 3083 2074 4200 
7780 662 660 4257 
7781 2417 3471 4275 
7782 4179 651 4185 
7783 3513 4291 4373 
7784 2615 2359 4149 
7785 3598 1347 4263 
7786 4217 2700 4224 
7787 4151 2378 4198 
7788 2683 1844 4137 
7789 3728 651 4179 
7790 2700 2702 4224 
7791 1040 4132 4154 
7792 59 60 351 
7793 3054 3635 4320 
7794 4113 1802 4165 
7795 2360 4150 4152 
7796 4203 2712 4231 
7797 489 3731 4245 
7798 3636 1040 4154 
7799 1398 487 4245 
7800 4212 2239 4280 
7801 1828 4033 4164 
7802 485 489 4245 
7803 2382 4165 4221 
7804 2383 2360 4152 
7805 3916 2346 4133 
7806 499 4236 4239 
7807 3322 4109 4137 
7808 1758 1762 4228 
7809 3316 4227 4241 
7810 2407 2409 4260 
7811 2130 2557 4155 
7812 808 4138 4156 
7813 2197 3225 4159 
7814 4144 1106 4211 
7815 651 3725 4185 
7816 4148 2708 4236 
7817 2047 1686 4231 
7818 4207 3085 4252 
7819 2402 4254 4266 
7820 2976 2978 4262 
7821 585 573 4255 
7822 3161 309 4603 
7823 1837 3797 4151 
7824 317 116 4066 
7825 4167 2695 4185 
7826 2395 2397 4261 
7827 3658 4143 4168 
7828 2156 4262 4314 
7829 1444 4146 4158 
7830 4205 2698 4217 
7831 4289 1381 4296 
7832 2847 3060 4391 
7833 1960 2577 4157 
7834 2141 2976 4262 
7835 1446 1444 4158 
7836 3231 4397 4477 
7837 3358 1473 4284 
7838 4186 3112 4237 
7839 3861 808 4156 
7840 4147 3719 4160 
7841 2156 2142 4262 
7842 3611 2156 4314 
7843 1030 974 4162 
7844 2577 2933 4161 
7845 3719 980 4160 
7846 4029 375 4178 
7847 4183 3348 4193 
7848 2119 2121 4234 
7849 1425 4095 4139 
7850 2406 4079 4235 
7851 3230 2410 4303 
7852 119 120 354 
7853 2224 3452 4281 
7854 1344 3632 4279 
7855 4157 2577 4161 
7856 456 458 4273 
7857 3537 3318 4278 
7858 4245 3731 4261 
7859 2672 2509 4170 
7860 4226 3890 4250 
7861 3666 4169 4179 
7862 3666 2383 4169 
7863 3554 3794 4271 
7864 1030 4162 4172 
7865 2383 4152 4169 
7866 4190 3509 4223 
7867 398 397 4270 
7868 495 463 4272 
7869 4242 2973 4251 
7870 1053 1030 4172 
7871 3798 3698 4165 
7872 2460 2458 4174 
7873 891 982 4312 
7874 3627 4121 4175 
7875 2025 3509 4201 
7876 4375 3354 4402 
7877 1091 3658 4168 
7878 3725 3605 4167 
7879 4102 3994 4163 
7880 1762 1761 4253 
7881 1768 1948 4253 
7882 3551 2722 4418 
7883 3619 1381 4289 
7884 3403 3408 4290 
7885 2417 4275 4289 
7886 3636 4154 4182 
7887 1700 3627 4175 
7888 2668 2374 4176 
7889 3320 1803 4171 
7890 3873 3894 4164 
7891 3103 285 4332 
7892 117 348 4066 
7893 3614 3750 4283 
7894 3594 1989 4216 
7895 3863 2602 4269 
7896 4077 2046 4173 
7897 1091 4168 4181 
7898 3252 4379 4473 
7899 2151 2618 4177 
7900 32 33 4297 
7901 2390 2682 4211 
7902 4131 2987 4272 
7903 2602 2600 4269 
7904 3286 3285 4317 
7905 2390 4211 4264 
7906 3369 1998 4183 
7907 1445 1447 4298 
7908 2337 2685 4235 
7909 2694 4179 4185 
7910 2694 3666 4179 
7911 443 4136 4205 
7912 4216 1989 4223 
7913 1038 964 4324 
7914 2710 4204 4216 
7915 4136 2697 4205 
7916 2376 4101 4203 
7917 2707 2404 4292 
7918 3674 2416 4288 
7919 3781 1091 4181 
7920 3375 4189 4196 
7921 2348 3935 4166 
7922 3341 3636 4182 
7923 4255 2693 4260 
7924 2980 2341 4184 
7925 1989 1274 4223 
7926 4244 2693 4255 
7927 2695 2694 4185 
7928 2685 3936 4235 
7929 3483 2391 4304 
7930 1470 3255 4316 
7931 1795 4166 4180 
7932 1450 1448 4186 
7933 3364 2271 4191 
7934 4109 2683 4137 
7935 1309 2714 4249 
7936 3299 2205 4317 
7937 3209 3208 4355 
7938 3994 1662 4163 
7939 3677 1801 4210 
7940 2410 2031 4303 
7941 2389 4120 4171 
7942 4101 3908 4203 
7943 1100 1071 4187 
7944 4271 2397 4287 
7945 2595 2594 4295 
7946 780 810 4188 
7947 2388 2389 4219 
7948 2679 4077 4173 
7949 1111 1144 4308 
7950 3617 2427 4318 
7951 935 933 4189 
7952 2233 2388 4282 
7953 3112 2513 4237 
7954 1429 401 4270 
7955 2028 2422 4305 
7956 2680 3321 4180 
7957 3513 3795 4291 
7958 962 961 4311 
7959 3096 3093 4356 
7960 3677 4210 4220 
7961 2059 2057 4294 
7962 1274 3775 4190 
7963 3481 2379 4192 
7964 3875 4151 4198 
7965 1218 3268 4329 
7966 1381 3541 4296 
7967 4235 3936 4284 
7968 2685 2686 4193 
7969 4177 2618 4209 
7970 2711 3375 4196 
7971 4451 3427 4453 
7972 4165 3698 4221 
7973 3873 4164 4199 
7974 3077 3059 4243 
7975 4090 2679 4173 
7976 4237 2513 4248 
7977 2623 3875 4198 
7978 3284 3188 4194 
7979 4194 1305 4219 
7980 2430 2979 4321 
7981 810 824 4197 
7982 4061 1317 4212 
7983 3274 4029 4178 
7984 1786 4191 4225 
7985 3781 4181 4195 
7986 1719 2575 4325 
7987 2706 4305 4319 
7988 873 3677 4220 
7989 2682 4144 4211 
7990 2997 1676 4410 
7991 3255 2432 4316 
7992 3670 3781 4195 
7993 4198 2378 4218 
7994 375 4013 4178 
7995 4296 3541 4301 
7996 479 476 4202 
7997 4188 810 4197 
7998 4327 3533 4331 
7999 3541 816 4301 
8000 4292 1473 4298 
8001 1214 1124 4207 
8002 1670 1281 4299 
8003 1549 1550 4326 
8004 2089 1805 4326 
8005 983 3830 4204 
8006 2785 2479 4200 
8007 4283 2413 4293 
8008 3730 443 4205 
8009 816 3599 4306 
8010 1106 3722 4211 
8011 1317 3637 4212 
8012 2403 2373 4210 
8013 4190 2384 4201 
8014 1166 1212 4208 
8015 2513 2514 4248 
8016 1474 3873 4199 
8017 2343 2596 4214 
8018 4301 816 4306 
8019 4211 3722 4264 
8020 3356 2386 4213 
8021 2004 3946 4302 
8022 2616 3890 4226 
8023 3599 3533 4327 
8024 3949 2004 4302 
8025 2888 397 4524 
8026 3301 262 4222 
8027 2415 4178 4249 
8028 4210 2373 4220 
8029 1754 1756 4215 
8030 2709 2710 4216 
8031 4232 2690 4277 
8032 2696 4250 4257 
8033 1090 3716 4339 
8034 2727 2165 4323 
8035 3085 2721 4252 
8036 2378 2377 4218 
8037 4120 3320 4171 
8038 3562 3559 4337 
8039 3291 531 4339 
8040 2709 4216 4223 
8041 3416 1846 4328 
8042 3908 2022 4203 
8043 3408 3405 4336 
8044 1031 4218 4230 
8045 2886 4505 4534 
8046 3757 1485 4334 
8047 3730 4205 4217 
8048 3100 4411 4487 
8049 1405 4217 4224 
8050 2373 2418 4220 
8051 3509 2709 4223 
8052 4252 2721 4258 
8053 3438 2440 4341 
8054 1471 907 4335 
8055 3675 1471 4335 
8056 4196 983 4204 
8057 3698 1406 4221 
8058 22 23 4340 
8059 2776 2154 4229 
8060 1405 3730 4217 
8061 724 759 4338 
8062 3522 2396 4334 
8063 2576 3200 4443 
8064 3896 1084 4329 
8065 4221 1406 4227 
8066 2705 2602 4225 
8067 2376 4203 4231 
8068 2721 2760 4258 
8069 1169 1218 4329 
8070 2396 2394 4334 
8071 2618 4043 4209 
8072 2696 2387 4250 
8073 531 529 4339 
8074 1756 1758 4228 
8075 2434 2907 4370 
8076 2154 2119 4234 
8077 3381 2436 4347 
8078 1846 1845 4328 
8079 2415 4249 4294 
8080 1406 3766 4227 
8081 4258 2760 4265 
8082 3522 4334 4341 
8083 1474 4199 4232 
8084 951 1031 4230 
8085 2669 4061 4212 
8086 2207 4128 4206 
8087 4215 1756 4228 
8088 3416 4328 4342 
8089 1899 2533 4328 
8090 1188 1400 4344 
8091 4069 2616 4226 
8092 2686 4183 4193 
8093 3372 2227 4277 
8094 483 481 4233 
8095 982 3280 4472 
8096 1686 2376 4231 
8097 3470 2468 4400 
8098 1992 3446 4359 
8099 25 26 4349 
8100 3200 4214 4426 
8101 2658 4069 4226 
8102 2037 2426 4348 
8103 3314 2589 4330 
8104 327 168 4353 
8105 169 259 4353 
8106 3215 3218 4238 
8107 3262 1731 4366 
8108 4018 3338 4345 
8109 2958 2957 4372 
8110 873 4220 4244 
8111 4229 2154 4234 
8112 3438 4344 4347 
8113 3509 4190 4201 
8114 453 451 4236 
8115 3893 1474 4232 
8116 4166 2680 4180 
8117 4227 3766 4241 
8118 3844 1469 4237 
8119 2708 2704 4239 
8120 1955 3771 4346 
8121 3533 797 4331 
8122 3441 2392 4240 
8123 499 4239 4242 
8124 3766 872 4241 
8125 4279 2231 4293 
8126 3844 4237 4248 
8127 1412 4018 4345 
8128 4236 2708 4239 
8129 622 620 4363 
8130 4331 797 4336 
8131 2418 3460 4244 
8132 1347 3537 4263 
8133 4250 796 4257 
8134 3059 2609 4243 
8135 1092 1042 4362 
8136 3841 499 4242 
8137 3408 4336 4338 
8138 4260 2409 4267 
8139 4257 660 4268 
8140 3385 3386 4376 
8141 4241 872 4254 
8142 628 626 4367 
8143 2476 2844 4391 
8144 3543 3544 4247 
8145 2420 3205 4404 
8146 3881 1092 4362 
8147 759 783 4246 
8148 2925 4022 4346 
8149 487 485 4245 
8150 3650 3777 4360 
8151 2389 4194 4219 
8152 4079 2337 4235 
8153 3118 2925 4346 
8154 1286 1287 4365 
8155 1761 1768 4253 
8156 4246 874 4290 
8157 902 1028 4369 
8158 4306 3599 4327 
8159 1580 4251 4256 
8160 4220 2418 4244 
8161 573 873 4255 
8162 2302 3844 4248 
8163 2275 3714 4252 
8164 1580 3841 4251 
8165 2275 4252 4258 
8166 872 3745 4254 
8167 874 3598 4343 
8168 1079 1120 4259 
8169 4360 2448 4364 
8170 2827 2902 4432 
8171 796 662 4257 
8172 4262 2978 4314 
8173 2997 4410 4429 
8174 3890 796 4250 
8175 3841 4242 4251 
8176 4284 1473 4292 
8177 2693 2407 4260 
8178 4261 2397 4271 
8179 2518 2275 4258 
8180 4291 2725 4373 
8181 4400 2468 4407 
8182 1028 901 4375 
8183 4068 3030 4330 
8184 2689 3189 4285 
8185 1165 1627 4377 
8186 2142 2141 4262 
8187 2518 4258 4265 
8188 3466 1877 4408 
8189 4148 1405 4224 
8190 2468 3470 4406 
8191 4178 4013 4249 
8192 2689 4279 4293 
8193 4264 2398 4286 
8194 3731 2395 4261 
8195 4013 1309 4249 
8196 1637 1397 4381 
8197 2801 2518 4265 
8198 3030 3051 4330 
8199 4254 3745 4266 
8200 3372 4277 4310 
8201 695 3372 4310 
8202 3745 1388 4266 
8203 401 398 4270 
8204 905 3428 4392 
8205 3408 4246 4290 
8206 2153 1784 4389 
8207 4387 3431 4390 
8208 4266 1388 4275 
8209 3753 585 4267 
8210 3615 3617 4382 
8211 1576 1577 4389 
8212 3222 3223 4274 
8213 3432 3431 4388 
8214 4191 2705 4225 
8215 3469 3470 4400 
8216 794 456 4273 
8217 463 461 4272 
8218 2231 3614 4293 
8219 2160 2161 4393 
8220 3722 2217 4264 
8221 3794 1398 4271 
8222 3924 2696 4268 
8223 3426 3425 4390 
8224 3996 1028 4375 
8225 4329 3268 4359 
8226 2915 2451 4393 
8227 1172 4308 4428 
8228 1399 3554 4287 
8229 2600 2963 4269 
8230 1388 3734 4275 
8231 1203 635 4368 
8232 4326 2979 4394 
8233 2690 2401 4277 
8234 1877 3466 4409 
8235 3318 2631 4278 
8236 905 847 4387 
8237 2417 4289 4296 
8238 4278 2631 4281 
8239 3753 4267 4276 
8240 1571 1962 4365 
8241 1390 3753 4276 
8242 3632 2231 4279 
8243 2452 2965 4386 
8244 3771 2159 4383 
8245 848 905 4392 
8246 1390 4276 4283 
8247 2631 2224 4281 
8248 1401 853 4392 
8249 3313 695 4333 
8250 3511 467 4398 
8251 1344 4279 4285 
8252 1504 3081 4415 
8253 4298 1447 4300 
8254 3750 1390 4283 
8255 637 1203 4378 
8256 677 642 4380 
8257 2947 2233 4282 
8258 2017 2390 4286 
8259 2435 3403 4290 
8260 2715 2370 4354 
8261 2397 2442 4287 
8262 1361 3674 4288 
8263 2044 2632 4400 
8264 4275 3734 4289 
8265 1361 4288 4291 
8266 3734 3619 4289 
8267 2907 2225 4398 
8268 3387 4369 4376 
8269 450 452 4399 
8270 2404 2406 4292 
8271 3795 1361 4291 
8272 3081 1504 4416 
8273 2670 2669 4280 
8274 3936 3358 4284 
8275 1224 3090 4417 
8276 4131 1580 4256 
8277 2414 2417 4296 
8278 2413 2689 4293 
8279 3200 4426 4443 
8280 2057 2415 4294 
8281 133 134 4403 
8282 4415 3081 4420 
8283 303 32 4297 
8284 4311 1481 4319 
8285 1473 1445 4298 
8286 2822 2485 4401 
8287 873 4244 4255 
8288 2987 2986 4412 
8289 4394 2542 4432 
8290 3470 3468 4408 
8291 2772 2595 4295 
8292 3465 3466 4408 
8293 1953 1879 4397 
8294 2725 2724 4373 
8295 2414 4296 4301 
8296 1281 1286 4299 
8297 4290 874 4343 
8298 1193 3354 4375 
8299 1877 1598 4406 
8300 4373 2724 4374 
8301 1691 2468 4406 
8302 4277 2401 4310 
8303 2724 3483 4374 
8304 2441 2414 4301 
8305 2031 2029 4303 
8306 3944 2707 4300 
8307 2467 2889 4395 
8308 4553 2041 4556 
8309 695 4310 4333 
8310 4303 2029 4305 
8311 2391 3616 4304 
8312 2441 4301 4306 
8313 1958 2593 4410 
8314 2029 2028 4305 
8315 2353 3949 4302 
8316 3255 4311 4319 
8317 4137 1846 4309 
8318 1597 1877 4409 
8319 2642 2441 4306 
8320 2669 4212 4280 
8321 3280 4274 4448 
8322 1676 1677 4410 
8323 2017 4286 4307 
8324 3743 2914 4421 
8325 2423 3322 4309 
8326 1481 2706 4319 
8327 4377 3616 4381 
8328 3208 3166 4355 
8329 2353 4302 4313 
8330 1172 1111 4308 
8331 893 4312 4324 
8332 1308 3313 4361 
8333 1637 4381 4382 
8334 3996 4375 4402 
8335 893 891 4312 
8336 3285 1308 4371 
8337 2205 3286 4317 
8338 961 1481 4311 
8339 2419 4021 4379 
8340 1072 1504 4415 
8341 1189 1054 4415 
8342 3313 4333 4361 
8343 3647 3628 4414 
8344 2581 2017 4307 
8345 3707 1799 4409 
8346 2401 2449 4310 
8347 3747 337 4620 
8348 2426 4263 4348 
8349 2427 2428 4318 
8350 1504 1101 4417 
8351 1125 1224 4417 
8352 2772 4295 4315 
8353 2432 2951 4316 
8354 2462 3081 4416 
8355 3210 4583 4612 
8356 3822 2353 4313 
8357 4318 2428 4321 
8358 3635 1399 4320 
8359 3090 2461 4416 
8360 2422 3255 4319 
8361 2428 2430 4321 
8362 2762 2670 4322 
8363 1399 4287 4320 
8364 4409 3466 4419 
8365 2435 4290 4343 
8366 964 893 4324 
8367 3326 1152 4425 
8368 2926 2772 4315 
8369 3912 4327 4331 
8370 1308 4361 4371 
8371 3307 4412 4429 
8372 2165 2923 4323 
8373 1805 1549 4326 
8374 1154 1201 4425 
8375 2696 4257 4268 
8376 2912 2875 4428 
8377 2722 2703 4418 
8378 585 4260 4267 
8379 2562 1719 4325 
8380 2670 4280 4322 
8381 2979 2542 4394 
8382 3322 4137 4309 
8383 2362 3743 4421 
8384 1962 1707 4413 
8385 4287 2442 4320 
8386 3104 3103 4332 
8387 3912 2642 4327 
8388 677 4380 4473 
8389 1398 4261 4271 
8390 1084 1169 4329 
8391 4035 1575 4354 
8392 2642 4306 4327 
8393 1845 1899 4328 
8394 2454 2719 4424 
8395 2966 2456 4424 
8396 3407 4331 4336 
8397 2466 2058 4411 
8398 2394 3757 4334 
8399 4310 2449 4333 
8400 3405 3407 4336 
8401 3407 3912 4331 
8402 907 1401 4335 
8403 3565 3562 4337 
8404 4279 2689 4285 
8405 2719 2129 4427 
8406 2720 4469 4493 
8407 2449 3991 4333 
8408 797 724 4338 
8409 2406 4284 4292 
8410 2736 4452 4454 
8411 529 1090 4339 
8412 2390 4264 4286 
8413 3061 2729 4445 
8414 4308 2912 4428 
8415 3246 4446 4449 
8416 272 22 4340 
8417 4263 3537 4348 
8418 3438 4341 4344 
8419 2589 4068 4330 
8420 2526 3416 4342 
8421 381 1316 4441 
8422 3458 2584 4434 
8423 2733 4457 4458 
8424 2440 3522 4341 
8425 1483 644 4433 
8426 3748 4384 4385 
8427 596 3764 4433 
8428 1627 4304 4377 
8429 2729 3061 4447 
8430 1926 2550 4423 
8431 3764 3458 4433 
8432 2426 2435 4343 
8433 1485 1188 4344 
8434 2533 2880 4342 
8435 2880 274 4547 
8436 353 4545 4667 
8437 3776 1412 4345 
8438 2801 4265 4619 
8439 4445 2729 4456 
8440 3381 4347 4351 
8441 2478 2811 4521 
8442 2436 3438 4347 
8443 377 378 4441 
8444 4336 797 4338 
8445 4333 3991 4361 
8446 703 720 4438 
8447 3970 720 4437 
8448 2707 4298 4300 
8449 3099 3096 4356 
8450 2038 2037 4348 
8451 307 25 4349 
8452 2469 3970 4437 
8453 2953 3926 4430 
8454 2487 3847 4439 
8455 3280 4448 4472 
8456 689 3776 4350 
8457 3776 4345 4350 
8458 2714 2715 4396 
8459 2899 1161 4484 
8460 4022 1955 4346 
8461 4459 2465 4461 
8462 919 3954 4426 
8463 720 3970 4438 
8464 689 4350 4352 
8465 1400 3712 4351 
8466 1953 4397 4480 
8467 809 758 4440 
8468 168 169 4353 
8469 2929 1666 4470 
8470 3778 689 4352 
8471 2475 2873 4515 
8472 4351 3712 4358 
8473 1383 3778 4357 
8474 3712 1092 4358 
8475 1383 4357 4360 
8476 3778 4352 4357 
8477 3777 1383 4360 
8478 1389 3650 4364 
8479 221 302 4444 
8480 328 220 4444 
8481 1042 1022 4362 
8482 2049 3061 4445 
8483 884 885 4435 
8484 3446 3896 4359 
8485 1652 1653 4445 
8486 954 622 4363 
8487 2448 3622 4364 
8488 3748 1389 4384 
8489 2226 3496 4449 
8490 1607 1720 4447 
8491 3987 2305 4439 
8492 4040 970 4435 
8493 2172 2729 4447 
8494 1731 2879 4366 
8495 4362 1022 4369 
8496 4384 3603 4385 
8497 3991 2726 4361 
8498 632 628 4367 
8499 1287 1571 4365 
8500 1615 1516 4454 
8501 4361 2726 4371 
8502 4304 3616 4377 
8503 4440 3475 4442 
8504 4447 3061 4459 
8505 1022 902 4369 
8506 2903 885 4485 
8507 635 632 4368 
8508 2957 3089 4372 
8509 2370 4035 4354 
8510 2779 2475 4515 
8511 1983 3513 4373 
8512 1533 1695 4458 
8513 1983 4373 4374 
8514 2726 2727 4371 
8515 3774 2573 4450 
8516 165 300 4462 
8517 2269 3671 4461 
8518 1627 1983 4374 
8519 2419 4379 4477 
8520 632 4367 4368 
8521 3386 3387 4376 
8522 901 1193 4375 
8523 1395 1165 4377 
8524 4214 919 4426 
8525 1395 4377 4381 
8526 639 637 4378 
8527 1397 1395 4381 
8528 3250 3248 4473 
8529 3616 3615 4382 
8530 642 639 4380 
8531 4526 2753 4646 
8532 4507 2053 4537 
8533 2059 4294 4396 
8534 2159 2450 4383 
8535 639 4378 4380 
8536 3603 3435 4385 
8537 3622 3603 4384 
8538 849 4385 4388 
8539 4385 3435 4388 
8540 4021 677 4379 
8541 1948 3955 4448 
8542 849 3748 4385 
8543 3431 4387 4388 
8544 2450 2452 4386 
8545 3435 3432 4388 
8546 4383 2450 4386 
8547 847 849 4387 
8548 2737 3246 4452 
8549 1784 1576 4389 
8550 3060 2476 4391 
8551 3431 3426 4390 
8552 1389 4364 4384 
8553 113 114 4468 
8554 3428 3427 4451 
8555 3252 1957 4477 
8556 853 848 4392 
8557 2821 2089 4394 
8558 2451 2160 4393 
8559 4364 3622 4384 
8560 2463 2736 4457 
8561 3354 2735 4402 
8562 2747 2467 4395 
8563 2465 2050 4464 
8564 4402 2735 4405 
8565 255 163 4471 
8566 2225 3511 4398 
8567 2735 3459 4405 
8568 1666 1667 4470 
8569 2632 3469 4400 
8570 1879 2419 4397 
8571 3638 2733 4460 
8572 3231 2420 4480 
8573 3849 4451 4453 
8574 3459 2044 4407 
8575 4405 3459 4407 
8576 2466 4411 4490 
8577 467 450 4399 
8578 1711 2561 4470 
8579 1192 3539 4422 
8580 4381 3616 4382 
8581 2485 2487 4401 
8582 321 133 4403 
8583 3205 1172 4404 
8584 2445 4402 4405 
8585 1401 4392 4451 
8586 2581 4032 4466 
8587 4341 1485 4344 
8588 2444 2445 4405 
8589 4004 2581 4466 
8590 2445 3996 4402 
8591 1598 1691 4406 
8592 3006 2931 4475 
8593 3307 495 4412 
8594 2444 4405 4407 
8595 3468 3465 4408 
8596 3100 321 4490 
8597 2468 2444 4407 
8598 225 226 4476 
8599 495 4272 4412 
8600 4380 3250 4473 
8601 2090 2025 4474 
8602 4040 4435 4497 
8603 2931 2562 4475 
8604 1799 1597 4409 
8605 4347 1400 4351 
8606 4201 2385 4474 
8607 4274 1948 4448 
8608 1677 1958 4410 
8609 2929 4470 4478 
8610 3466 3464 4419 
8611 2593 3307 4429 
8612 2607 3647 4414 
8613 1707 1714 4413 
8614 2058 2059 4411 
8615 4419 3464 4420 
8616 3464 1189 4420 
8617 1054 1072 4415 
8618 3305 3306 4482 
8619 4542 2742 4563 
8620 1017 3187 4484 
8621 2461 2462 4416 
8622 3094 3092 4487 
8623 1101 1125 4417 
8624 4294 2714 4396 
8625 2703 2906 4418 
8626 3814 2302 4481 
8627 4379 3252 4477 
8628 2651 3707 4419 
8629 3126 2041 4553 
8630 2651 4419 4420 
8631 3000 3001 4562 
8632 316 2849 4587 
8633 1161 1062 4484 
8634 4397 3231 4480 
8635 3081 2651 4420 
8636 2913 2362 4421 
8637 4413 1714 4423 
8638 4174 2966 4422 
8639 2456 2454 4424 
8640 1152 1154 4425 
8641 1714 1926 4423 
8642 1316 2563 4551 
8643 2129 2953 4427 
8644 299 159 4486 
8645 160 326 4486 
8646 3954 2559 4426 
8647 2986 2997 4429 
8648 3539 4174 4422 
8649 4401 2487 4570 
8650 2572 2936 4431 
8651 3926 2572 4430 
8652 4430 2572 4431 
8653 4272 2987 4412 
8654 2542 2827 4432 
8655 4387 849 4388 
8656 2045 2713 4469 
8657 2059 4396 4487 
8658 2041 3126 4552 
8659 644 596 4433 
8660 3576 208 4491 
8661 209 333 4491 
8662 2584 2473 4434 
8663 4434 2473 4436 
8664 4426 2559 4443 
8665 2473 2471 4436 
8666 4436 2471 4437 
8667 970 884 4435 
8668 2833 2510 4492 
8669 2471 2469 4437 
8670 723 703 4438 
8671 3016 3017 4511 
8672 3029 2115 4496 
8673 2046 2045 4469 
8674 723 4438 4440 
8675 3847 3987 4439 
8676 4396 3094 4487 
8677 4392 3428 4451 
8678 1971 1304 4493 
8679 3529 809 4442 
8680 758 723 4440 
8681 378 381 4441 
8682 2903 2521 4497 
8683 3246 3529 4446 
8684 4411 3100 4490 
8685 3475 3474 4442 
8686 2736 2737 4452 
8687 3529 4442 4446 
8688 4142 2046 4469 
8689 2521 2490 4499 
8690 2559 2861 4443 
8691 4442 3474 4446 
8692 2733 2463 4457 
8693 2506 2574 4495 
8694 3574 2647 4607 
8695 4497 2521 4499 
8696 3015 2539 4511 
8697 220 221 4444 
8698 2739 3638 4460 
8699 3437 1652 4456 
8700 1653 2049 4445 
8701 3474 2226 4446 
8702 4504 3277 4506 
8703 2739 4460 4463 
8704 3427 3437 4453 
8705 3496 1615 4449 
8706 1720 2172 4447 
8707 4404 1172 4428 
8708 2740 2739 4463 
8709 4453 3437 4456 
8710 2490 3277 4504 
8711 2747 3122 4535 
8712 4552 3126 4561 
8713 2573 2927 4450 
8714 3849 1401 4451 
8715 3061 2465 4459 
8716 3243 4537 4539 
8717 261 156 4501 
8718 3955 2350 4448 
8719 157 3366 4501 
8720 2050 2108 4464 
8721 1516 1533 4454 
8722 2962 2961 4455 
8723 4464 2108 4465 
8724 2108 2895 4465 
8725 2718 4453 4456 
8726 2718 3849 4453 
8727 2729 2718 4456 
8728 3003 2929 4478 
8729 4537 2732 4539 
8730 1695 2062 4458 
8731 219 328 4502 
8732 265 218 4502 
8733 3671 1607 4459 
8734 4248 2514 4481 
8735 3595 2269 4461 
8736 4460 2062 4463 
8737 3246 4449 4452 
8738 4499 2490 4504 
8739 164 165 4462 
8740 2062 2730 4463 
8741 1057 963 4503 
8742 3595 4464 4465 
8743 2482 3595 4465 
8744 4435 2903 4497 
8745 2492 2064 4506 
8746 2489 3958 4498 
8747 2736 4454 4457 
8748 1349 3033 4488 
8749 2574 2504 4508 
8750 1567 385 4505 
8751 4448 2350 4472 
8752 4461 2465 4464 
8753 2733 4458 4460 
8754 2492 4506 4509 
8755 3965 2483 4505 
8756 2743 2492 4509 
8757 1693 2053 4507 
8758 1320 1536 4510 
8759 164 4462 4471 
8760 1351 1349 4488 
8761 2894 4004 4466 
8762 2713 2908 4467 
8763 292 113 4468 
8764 2743 4509 4510 
8765 1536 3878 4513 
8766 302 4265 4624 
8767 2500 2588 4514 
8768 4510 1536 4513 
8769 1667 1711 4470 
8770 298 153 4519 
8771 154 3353 4519 
8772 163 164 4471 
8773 2720 4142 4469 
8774 1700 2892 4566 
8775 2350 2587 4472 
8776 4050 2746 4512 
8777 2825 3814 4571 
8778 2517 2515 4520 
8779 2790 2778 4476 
8780 2588 2498 4522 
8781 258 225 4476 
8782 2488 2553 4525 
8783 2025 4201 4474 
8784 2561 2930 4478 
8785 2098 2692 4523 
8786 354 3015 4591 
8787 392 1568 4524 
8788 397 394 4524 
8789 268 150 4527 
8790 151 3331 4527 
8791 232 233 4526 
8792 2112 1351 4488 
8793 2605 1953 4480 
8794 270 3572 4638 
8795 326 3305 4482 
8796 2692 2495 4528 
8797 2990 3488 4518 
8798 3488 303 4518 
8799 4467 1971 4493 
8800 4379 677 4473 
8801 149 268 4529 
8802 4449 1615 4452 
8803 2562 4325 4475 
8804 308 2838 4604 
8805 4066 3017 4647 
8806 4454 1533 4457 
8807 184 2890 4579 
8808 4423 2550 4551 
8809 4049 2864 4528 
8810 295 147 4531 
8811 2849 2762 4483 
8812 4458 2062 4460 
8813 3023 2522 4485 
8814 3187 1725 4546 
8815 1062 1017 4484 
8816 3595 4461 4464 
8817 2302 4248 4481 
8818 2522 2903 4485 
8819 2654 2655 4532 
8820 1886 4010 4532 
8821 2745 2176 4534 
8822 3263 2155 4530 
8823 4397 2419 4477 
8824 2545 3066 4489 
8825 2745 4507 4537 
8826 159 160 4486 
8827 2734 2530 4533 
8828 3264 3263 4530 
8829 146 295 4536 
8830 3033 3006 4488 
8831 143 274 4538 
8832 2491 4494 4496 
8833 3897 2872 4533 
8834 2545 4489 4565 
8835 1663 1513 4539 
8836 2713 4467 4493 
8837 274 144 4541 
8838 324 141 4542 
8839 3197 3170 4656 
8840 79 256 4540 
8841 208 209 4491 
8842 2889 2466 4490 
8843 3587 201 4543 
8844 202 290 4543 
8845 196 197 4545 
8846 2853 2888 4494 
8847 278 104 4544 
8848 105 344 4544 
8849 2510 2508 4492 
8850 1725 1726 4548 
8851 3124 3126 4553 
8852 2491 2853 4494 
8853 3122 3121 4553 
8854 2738 2526 4547 
8855 1886 4532 4588 
8856 344 3903 4595 
8857 4468 114 4564 
8858 2532 1900 4550 
8859 1304 2720 4493 
8860 4492 2508 4495 
8861 3589 3626 4628 
8862 2525 2763 4555 
8863 2783 2523 4555 
8864 3556 265 4554 
8865 2811 2823 4516 
8866 1662 2041 4552 
8867 2563 4423 4551 
8868 2115 2491 4496 
8869 2508 2506 4495 
8870 2372 4163 4552 
8871 4411 2059 4487 
8872 4550 3128 4563 
8873 3958 1567 4498 
8874 1870 4040 4497 
8875 1870 4497 4499 
8876 2800 2801 4585 
8877 3998 1870 4499 
8878 4595 3903 4630 
8879 156 157 4501 
8880 2849 316 4618 
8881 255 4471 4571 
8882 218 219 4502 
8883 963 1007 4503 
8884 70 71 4557 
8885 2063 4504 4506 
8886 3553 2806 4610 
8887 2063 3998 4504 
8888 3998 4499 4504 
8889 174 2938 4567 
8890 3125 3128 4561 
8891 385 3965 4505 
8892 2064 2063 4506 
8893 4506 3277 4509 
8894 85 86 4559 
8895 63 64 4558 
8896 2483 1693 4507 
8897 2504 2502 4508 
8898 3277 1503 4509 
8899 4509 1503 4510 
8900 2539 3016 4511 
8901 1503 1320 4510 
8902 5 6 4549 
8903 83 309 4560 
8904 343 82 4560 
8905 69 70 4562 
8906 4508 2502 4514 
8907 3243 2745 4537 
8908 2744 2743 4513 
8909 2743 4510 4513 
8910 2732 4050 4512 
8911 1661 1663 4556 
8912 2261 2998 4517 
8913 2502 2500 4514 
8914 3015 354 4635 
8915 115 317 4564 
8916 2094 2545 4565 
8917 4342 2880 4547 
8918 2748 4468 4564 
8919 271 2868 4637 
8920 179 2939 4580 
8921 153 154 4519 
8922 2740 4463 4500 
8923 3643 287 4594 
8924 2796 2081 4566 
8925 1699 1700 4566 
8926 2865 2869 4576 
8927 2515 2786 4520 
8928 4463 2730 4500 
8929 3878 2478 4521 
8930 3170 3171 4656 
8931 4414 3580 4639 
8932 2498 2496 4522 
8933 3177 3179 4540 
8934 3590 2877 4667 
8935 173 174 4567 
8936 4471 2825 4571 
8937 1940 3548 4573 
8938 4522 2496 4523 
8939 263 4526 4646 
8940 3548 3546 4568 
8941 3400 327 4570 
8942 2904 2535 4572 
8943 2769 2799 4670 
8944 4507 2745 4534 
8945 2496 2098 4523 
8946 2808 2084 4573 
8947 1941 1940 4573 
8948 394 392 4524 
8949 3087 2488 4525 
8950 312 2871 4645 
8951 3153 3817 4582 
8952 2155 2994 4530 
8953 4512 1663 4539 
8954 284 109 4574 
8955 110 346 4574 
8956 263 232 4526 
8957 150 151 4527 
8958 190 191 4575 
8959 3558 3752 4616 
8960 2535 2821 4572 
8961 3629 2326 4576 
8962 183 184 4579 
8963 4579 2798 4599 
8964 3696 2482 4578 
8965 3152 3153 4582 
8966 2922 2921 4584 
8967 4014 2865 4576 
8968 178 179 4580 
8969 2791 2318 4581 
8970 2920 2095 4565 
8971 3817 266 4582 
8972 58 2 4577 
8973 337 3583 4620 
8974 327 4401 4570 
8975 3832 1909 4581 
8976 2495 4049 4528 
8977 2921 3084 4584 
8978 2 59 4577 
8979 4484 3187 4546 
8980 2994 2995 4530 
8981 260 87 4583 
8982 148 149 4529 
8983 1923 3151 4584 
8984 3087 4525 4590 
8985 148 4529 4531 
8986 2832 306 4606 
8987 2857 325 4586 
8988 337 2878 4626 
8989 147 148 4531 
8990 223 224 4585 
8991 38 296 4586 
8992 325 37 4586 
8993 4010 2654 4532 
8994 2483 4507 4534 
8995 2176 2886 4534 
8996 2530 3897 4533 
8997 3570 2731 4606 
8998 4532 2943 4588 
8999 61 316 4587 
9000 4526 233 4631 
9001 145 146 4536 
9002 351 60 4587 
9003 142 143 4538 
9004 2732 4512 4539 
9005 2053 2732 4537 
9006 1513 3243 4539 
9007 78 79 4540 
9008 145 4536 4541 
9009 142 4538 4542 
9010 2839 3586 4604 
9011 144 145 4541 
9012 141 142 4542 
9013 201 202 4543 
9014 104 105 4544 
9015 270 4500 4625 
9016 197 349 4545 
9017 2982 2899 4546 
9018 3018 2728 4596 
9019 342 101 4589 
9020 1726 2484 4548 
9021 2607 4414 4639 
9022 1900 2372 4550 
9023 3121 3124 4553 
9024 311 96 4592 
9025 2895 2896 4578 
9026 3171 3173 4593 
9027 2550 2842 4551 
9028 3128 324 4563 
9029 348 118 4591 
9030 2041 1661 4556 
9031 2770 4017 4671 
9032 2899 4484 4546 
9033 3149 3148 4595 
9034 2526 4342 4547 
9035 3560 3556 4554 
9036 119 354 4591 
9037 4163 1662 4552 
9038 4017 2744 4569 
9039 2523 2525 4555 
9040 4479 2982 4548 
9041 2484 4479 4548 
9042 1663 4535 4556 
9043 2799 2758 4597 
9044 340 3591 4609 
9045 3128 4550 4561 
9046 333 3569 4634 
9047 267 74 4598 
9048 4455 342 4589 
9049 3160 3161 4603 
9050 3167 3164 4603 
9051 94 95 4600 
9052 3860 2645 4601 
9053 3584 3586 4594 
9054 279 2843 4601 
9055 3686 1537 4605 
9056 2773 3000 4602 
9057 71 345 4557 
9058 4582 266 4597 
9059 4502 328 4658 
9060 3018 4596 4647 
9061 4465 2895 4578 
9062 2645 2534 4608 
9063 4476 226 4643 
9064 2831 2519 4609 
9065 3167 4603 4652 
9066 64 288 4558 
9067 86 260 4559 
9068 2741 2802 4611 
9069 82 83 4560 
9070 2761 2849 4618 
9071 278 3147 4668 
9072 2777 4526 4631 
9073 3126 3125 4561 
9074 4414 3628 4636 
9075 89 310 4612 
9076 277 69 4562 
9077 2742 2532 4563 
9078 2766 2083 4613 
9079 2068 2647 4613 
9080 308 250 4614 
9081 251 340 4614 
9082 315 3587 4615 
9083 3106 3105 4618 
9084 3014 3015 4635 
9085 222 223 4619 
9086 3643 2556 4620 
9087 114 115 4564 
9088 2755 2806 4622 
9089 279 243 4626 
9090 244 337 4626 
9091 4332 285 4661 
9092 102 103 4627 
9093 4540 256 4593 
9094 93 94 4629 
9095 234 306 4631 
9096 3695 1915 4632 
9097 290 4414 4636 
9098 2730 2731 4625 
9099 320 3080 4653 
9100 2799 4600 4670 
9101 2774 4332 4661 
9102 339 3577 4639 
9103 98 271 4637 
9104 2790 4476 4643 
9105 2095 2094 4565 
9106 3154 3233 4666 
9107 195 4 4640 
9108 4 196 4640 
9109 254 1 4641 
9110 1 5 4641 
9111 4265 2760 4624 
9112 4322 2781 4648 
9113 323 3104 4665 
9114 227 301 4643 
9115 47 275 4649 
9116 284 2922 4662 
9117 2751 3697 4646 
9118 2765 3569 4617 
9119 76 312 4645 
9120 3664 2740 4638 
9121 3729 2800 4650 
9122 84 85 4652 
9123 2803 3718 4658 
9124 62 63 4669 
9125 3106 4618 4669 
9126 4665 2770 4671 
9127 3903 107 4662 
9128 108 284 4662 
9129 2076 2770 4664 
9130 2782 4502 4658 
9131 2081 1699 4566 
9132 2774 4037 4663 
9133 3664 334 4608 
9134 2744 4521 4569 
9135 4332 2774 4663 
9136 3559 3558 4616 
9137 305 173 4567 
9138 305 4567 4568 
9139 3080 4483 4648 
9140 349 3590 4667 
9141 3546 305 4568 
9142 3401 3400 4570 
9143 3306 255 4571 
9144 2084 1941 4573 
9145 2647 3891 4607 
9146 4535 3122 4556 
9147 3079 58 4577 
9148 4476 2778 4650 
9149 4550 2372 4561 
9150 258 4476 4650 
9151 2806 4045 4610 
9152 109 110 4574 
9153 4612 310 4666 
9154 2776 3087 4590 
9155 293 190 4575 
9156 275 4516 4649 
9157 2326 4014 4576 
9158 59 351 4577 
9159 332 183 4579 
9160 4483 2762 4648 
9161 329 178 4580 
9162 2757 3152 4582 
9163 2318 3832 4581 
9164 2520 3577 4607 
9165 3571 270 4625 
9166 3000 4557 4602 
9167 87 88 4583 
9168 3177 4540 4593 
9169 4581 1909 4623 
9170 2482 4465 4578 
9171 3585 308 4604 
9172 3084 1923 4584 
9173 3626 2261 4628 
9174 4521 2811 4569 
9175 3569 3567 4617 
9176 3907 2763 4644 
9177 2811 4516 4569 
9178 224 258 4585 
9179 37 38 4586 
9180 60 61 4587 
9181 3983 2832 4606 
9182 2962 4455 4589 
9183 265 4502 4651 
9184 2757 4582 4597 
9185 2731 3983 4606 
9186 3586 3585 4604 
9187 1909 3862 4623 
9188 3691 1886 4588 
9189 101 102 4589 
9190 118 119 4591 
9191 3080 3079 4654 
9192 96 97 4592 
9193 4483 3080 4654 
9194 3555 3697 4622 
9195 3717 301 4610 
9196 334 3578 4608 
9197 3151 4595 4630 
9198 4564 317 4596 
9199 3173 3177 4593 
9200 287 3584 4594 
9201 4502 2782 4651 
9202 4583 88 4612 
9203 3151 3149 4595 
9204 4586 296 4621 
9205 4596 317 4647 
9206 2540 3643 4594 
9207 3579 279 4601 
9208 2942 332 4599 
9209 2728 2748 4596 
9210 2799 4597 4629 
9211 330 3555 4622 
9212 2758 2757 4597 
9213 4603 309 4652 
9214 3891 2520 4607 
9215 74 75 4598 
9216 2771 2773 4602 
9217 95 311 4600 
9218 3164 3160 4603 
9219 2843 3860 4601 
9220 3147 2767 4668 
9221 3566 3877 4617 
9222 2838 2839 4604 
9223 4045 3717 4610 
9224 1537 3726 4605 
9225 3590 3589 4628 
9226 2776 4590 4633 
9227 4516 2823 4649 
9228 3567 3566 4617 
9229 306 3570 4606 
9230 1912 2860 4642 
9231 3017 3018 4647 
9232 3577 3574 4607 
9233 4592 97 4637 
9234 2859 4581 4623 
9235 2534 3664 4608 
9236 2764 2766 4634 
9237 2519 3618 4609 
9238 4554 265 4651 
9239 4584 3151 4630 
9240 4444 302 4624 
9241 4618 316 4669 
9242 301 3553 4610 
9243 4337 3559 4616 
9244 2851 2741 4611 
9245 4598 75 4645 
9246 1950 4337 4616 
9247 88 89 4612 
9248 4517 3590 4628 
9249 3862 1912 4642 
9250 2803 4444 4624 
9251 2083 2068 4613 
9252 2771 4602 4644 
9253 250 251 4614 
9254 3589 315 4615 
9255 3752 1950 4616 
9256 3105 2761 4618 
9257 4602 345 4644 
9258 2748 4564 4596 
9259 3877 2765 4617 
9260 4515 2769 4670 
9261 2766 4491 4634 
9262 302 222 4619 
9263 2859 2857 4621 
9264 2556 3747 4620 
9265 3697 2755 4622 
9266 256 3197 4656 
9267 2858 2859 4623 
9268 2760 2803 4624 
9269 3171 4593 4656 
9270 243 244 4626 
9271 103 278 4627 
9272 196 4545 4640 
9273 3210 4612 4666 
9274 266 93 4629 
9275 233 234 4631 
9276 1915 3752 4632 
9277 2775 2776 4633 
9278 4491 333 4634 
9279 350 3014 4635 
9280 4543 290 4636 
9281 4557 345 4602 
9282 3628 2750 4636 
9283 97 98 4637 
9284 2767 2962 4668 
9285 3580 339 4639 
9286 5 4549 4641 
9287 3686 4605 4672 
9288 353 195 4640 
9289 352 254 4641 
9290 2763 2771 4644 
9291 332 4579 4599 
9292 226 227 4643 
9293 345 3907 4644 
9294 2768 4554 4651 
9295 75 76 4645 
9296 2753 2751 4646 
9297 4500 2730 4625 
9298 275 3133 4671 
9299 46 47 4649 
9300 317 4066 4647 
9301 2778 3729 4650 
9302 2782 2768 4651 
9303 2857 4586 4621 
9304 294 3032 4655 
9305 3032 320 4653 
9306 3032 4653 4655 
9307 309 84 4652 
9308 294 4655 4657 
9309 2762 4322 4648 
9310 2261 4517 4628 
9311 3139 294 4657 
9312 3139 4657 4659 
9313 3140 3139 4659 
9314 285 3140 4661 
9315 3140 4659 4661 
9316 3718 2782 4658 
9317 107 108 4662 
9318 3133 323 4665 
9319 4037 2075 4663 
9320 4663 2075 4664 
9321 2075 2076 4664 
9322 3233 3210 4666 
9323 2740 4500 4638 
9324 316 62 4669 
9325 3565 4337 4672 
9326 4545 353 4640 
9327 351 4483 4654 
9328 4549 352 4641 
9329 2750 4543 4636 
9330 4597 266 4629 
9331 4516 275 4660 
9332 4017 4569 4660 
9333 2922 4584 4630 
9334 3079 4577 4654 
9335 311 4515 4670 
9336 4577 351 4654 
9337 4545 349 4667 
9338 4569 4516 4660 
9339 4593 256 4656 
9340 3133 4665 4671 
9341 2962 4627 4668 
9342 4605 3565 4672 
9343 4600 311 4670 
9344 4660 275 4671 
9345 4627 278 4668 
9346 4017 4660 4671 
$EndElements
