$MeshFormat
4.1 0 8
$EndMeshFormat
$PhysicalNames
3
1 101 "固定端"
1 102 "自由端"
2 200 "domain"
$EndPhysicalNames
$Entities
39 38 1 0
1 60 0 0 0 
2 59.77168188550473 -5.22934456485949 0 0 
3 59.08846518073248 -10.41889066001582 0 0 
4 57.9555495773441 -15.52914270615124 0 0 
5 56.3815572471545 -20.52120859954012 0 0 
6 54.378467222199 -25.35709570444197 0 0 
7 51.96152422706632 -30 0 0 
8 49.14912265733951 -34.41458618106276 0 0 
9 45.96266658713868 -38.56725658119235 0 0 
10 42.42640687119285 -42.42640687119285 0 0 
11 38.56725658119236 -45.96266658713868 0 0 
12 34.41458618106277 -49.1491226573395 0 0 
13 30.00000000000001 -51.96152422706631 0 0 
14 25.35709570444197 -54.378467222199 0 0 
15 20.52120859954013 -56.3815572471545 0 0 
16 15.52914270615126 -57.95554957734409 0 0 
17 10.41889066001582 -59.08846518073248 0 0 
18 5.229344564859488 -59.77168188550473 0 0 
19 3.673819061467132e-15 -60 0 0 
100 0 0 0 0 
101 40 0 0 0 
102 39.84778792366982 -3.486229709906326 0 0 
103 39.39231012048832 -6.945927106677213 0 0 
104 38.63703305156273 -10.35276180410083 0 0 
105 37.58770483143634 -13.68080573302675 0 0 
106 36.25231148146599 -16.90473046962798 0 0 
107 34.64101615137755 -20 0 0 
108 32.76608177155967 -22.94305745404184 0 0 
109 30.64177772475912 -25.71150438746157 0 0 
110 28.2842712474619 -28.2842712474619 0 0 
111 25.71150438746157 -30.64177772475912 0 0 
112 22.94305745404185 -32.76608177155967 0 0 
113 20 -34.64101615137754 0 0 
114 16.90473046962798 -36.25231148146599 0 0 
115 13.68080573302675 -37.58770483143633 0 0 
116 10.35276180410084 -38.63703305156272 0 0 
117 6.945927106677217 -39.39231012048832 0 0 
118 3.486229709906326 -39.84778792366982 0 0 
119 2.449212707644755e-15 -40 0 0 
200 59.77168188550473 -5.22934456485949 0 60 0 0 0 2 1 -2 
201 59.08846518073246 -10.41889066001582 0 59.77168188550471 -5.229344564859488 0 0 2 2 -3 
202 57.9555495773441 -15.52914270615125 0 59.08846518073248 -10.41889066001582 0 0 2 3 -4 
203 56.38155724715449 -20.5212085995401 0 57.95554957734409 -15.52914270615122 0 0 2 4 -5 
204 54.378467222199 -25.35709570444197 0 56.3815572471545 -20.52120859954012 0 0 2 5 -6 
205 51.96152422706632 -30 0 54.378467222199 -25.35709570444197 0 0 2 6 -7 
206 49.14912265733951 -34.41458618106276 0 51.96152422706632 -30 0 0 2 7 -8 
207 45.96266658713867 -38.56725658119236 0 49.1491226573395 -34.41458618106275 0 0 2 8 -9 
208 42.42640687119286 -42.42640687119285 0 45.96266658713868 -38.56725658119236 0 0 2 9 -10 
209 38.56725658119238 -45.96266658713866 0 42.42640687119286 -42.42640687119284 0 0 2 10 -11 
210 34.41458618106276 -49.1491226573395 0 38.56725658119236 -45.96266658713867 0 0 2 11 -12 
211 30.00000000000001 -51.96152422706628 0 34.41458618106277 -49.14912265733948 0 0 2 12 -13 
212 25.35709570444196 -54.37846722219899 0 30 -51.96152422706631 0 0 2 13 -14 
213 20.52120859954013 -56.3815572471545 0 25.35709570444197 -54.378467222199 0 0 2 14 -15 
214 15.52914270615127 -57.95554957734408 0 20.52120859954014 -56.38155724715448 0 0 2 15 -16 
215 10.41889066001583 -59.08846518073248 0 15.52914270615126 -57.95554957734409 0 0 2 16 -17 
216 5.229344564859481 -59.77168188550471 0 10.41889066001582 -59.08846518073246 0 0 2 17 -18 
217 8.881784197001252e-16 -59.99999999999997 0 5.229344564859487 -59.77168188550471 0 0 2 18 -19 
300 2.442490654175344e-15 -40 0 3.486229709906326 -39.84778792366982 0 0 2 119 -118 
301 3.486229709906326 -39.84778792366982 0 6.945927106677217 -39.39231012048832 0 0 2 118 -117 
302 6.945927106677217 -39.39231012048833 0 10.35276180410084 -38.63703305156273 0 0 2 117 -116 
303 10.35276180410083 -38.63703305156272 0 13.68080573302674 -37.58770483143633 0 0 2 116 -115 
304 13.68080573302675 -37.58770483143634 0 16.90473046962797 -36.25231148146601 0 0 2 115 -114 
305 16.90473046962798 -36.25231148146599 0 20 -34.64101615137754 0 0 2 114 -113 
306 20 -34.64101615137754 0 22.94305745404185 -32.76608177155967 0 0 2 113 -112 
307 22.94305745404185 -32.76608177155967 0 25.71150438746157 -30.64177772475912 0 0 2 112 -111 
308 25.71150438746157 -30.64177772475912 0 28.2842712474619 -28.2842712474619 0 0 2 111 -110 
309 28.2842712474619 -28.2842712474619 0 30.64177772475912 -25.71150438746157 0 0 2 110 -109 
310 30.64177772475912 -25.71150438746157 0 32.76608177155966 -22.94305745404184 0 0 2 109 -108 
311 32.76608177155967 -22.94305745404185 0 34.64101615137754 -20.00000000000001 0 0 2 108 -107 
312 34.64101615137756 -20 0 36.252311481466 -16.90473046962798 0 0 2 107 -106 
313 36.25231148146599 -16.90473046962798 0 37.58770483143633 -13.68080573302674 0 0 2 106 -105 
314 37.58770483143633 -13.68080573302675 0 38.63703305156272 -10.35276180410084 0 0 2 105 -104 
315 38.63703305156273 -10.35276180410083 0 39.39231012048833 -6.945927106677214 0 0 2 104 -103 
316 39.39231012048832 -6.945927106677213 0 39.84778792366981 -3.486229709906325 0 0 2 103 -102 
317 39.84778792366982 -3.486229709906326 0 40 0 0 0 2 102 -101 
400 40 0 0 60 0 0 1 102 2 101 -1 
401 2.449212707644755e-15 -60 0 3.673819061467132e-15 -40 0 1 101 2 19 -119 
1 0 -60 0 60 0 0 1 200 38 200 201 202 203 204 205 206 207 208 209 210 211 212 213 214 215 216 217 401 300 301 302 303 304 305 306 307 308 309 310 311 312 313 314 315 316 317 400 
$EndEntities
$Nodes
78 3587 1 3587
0 1 0 1
1
60 -0 0
0 2 0 1
2
59.77168188550473 -5.22934456485949 0
0 3 0 1
3
59.08846518073248 -10.41889066001582 0
0 4 0 1
4
57.9555495773441 -15.52914270615124 0
0 5 0 1
5
56.3815572471545 -20.52120859954012 0
0 6 0 1
6
54.378467222199 -25.35709570444197 0
0 7 0 1
7
51.96152422706632 -30 0
0 8 0 1
8
49.14912265733951 -34.41458618106276 0
0 9 0 1
9
45.96266658713868 -38.56725658119235 0
0 10 0 1
10
42.42640687119285 -42.42640687119285 0
0 11 0 1
11
38.56725658119236 -45.96266658713868 0
0 12 0 1
12
34.41458618106277 -49.1491226573395 0
0 13 0 1
13
30.00000000000001 -51.96152422706631 0
0 14 0 1
14
25.35709570444197 -54.378467222199 0
0 15 0 1
15
20.52120859954013 -56.3815572471545 0
0 16 0 1
16
15.52914270615126 -57.95554957734409 0
0 17 0 1
17
10.41889066001582 -59.08846518073248 0
0 18 0 1
18
5.229344564859488 -59.77168188550473 0
0 19 0 1
19
3.673819061467132e-15 -60 0
0 100 0 1
20
0 0 0
0 101 0 1
21
40 -0 0
0 102 0 1
22
39.84778792366982 -3.486229709906326 0
0 103 0 1
23
39.39231012048832 -6.945927106677213 0
0 104 0 1
24
38.63703305156273 -10.35276180410083 0
0 105 0 1
25
37.58770483143634 -13.68080573302675 0
0 106 0 1
26
36.25231148146599 -16.90473046962798 0
0 107 0 1
27
34.64101615137755 -20 0
0 108 0 1
28
32.76608177155967 -22.94305745404184 0
0 109 0 1
29
30.64177772475912 -25.71150438746157 0
0 110 0 1
30
28.2842712474619 -28.2842712474619 0
0 111 0 1
31
25.71150438746157 -30.64177772475912 0
0 112 0 1
32
22.94305745404185 -32.76608177155967 0
0 113 0 1
33
20 -34.64101615137754 0
0 114 0 1
34
16.90473046962798 -36.25231148146599 0
0 115 0 1
35
13.68080573302675 -37.58770483143633 0
0 116 0 1
36
10.35276180410084 -38.63703305156272 0
0 117 0 1
37
6.945927106677217 -39.39231012048832 0
0 118 0 1
38
3.486229709906326 -39.84778792366982 0
0 119 0 1
39
2.449212707644755e-15 -40 0
1 200 0 6
40
41
42
43
44
45
59.99533754883236 -0.7479788778210031 0
59.98135091993475 -1.495841508864918 0
59.9580422870377 -2.243471663694224 0
59.92541527278981 -2.990753146565222 0
59.88347494795095 -3.737569819833486 0
59.83222783072409 -4.48380561714333 0
1 201 0 6
46
47
48
49
50
51
59.70184652168661 -5.974070798121929 0
59.62273259318753 -6.717868569810706 0
59.53435239523261 -7.46062228505494 0
59.43671966422977 -8.202216502614299 0
59.32984957284305 -8.942535974980013 0
59.21375873112782 -9.681465639652973 0
1 202 0 6
52
53
54
55
56
57
58.95398839326252 -11.15469643365823 0
58.81034926951394 -11.88876859888275 0
58.65757013320036 -12.62099306982936 0
58.49567472814623 -13.35125604948517 0
58.32468821723145 -14.07944403599597 0
58.14463717285294 -14.80544386491968 0
1 203 0 6
58
59
60
61
62
63
57.75745481564578 -16.250428093396 0
57.55038367940791 -16.96918791082642 0
57.33436834746823 -17.6853104636823 0
57.10944239181806 -18.39868445556941 0
56.87564076862969 -19.10919901926257 0
56.63299981696751 -19.81674372169545 0
1 204 0 6
64
65
66
67
68
69
56.12135213164829 -21.22248418342055 0
55.85242491678187 -21.92046146674936 0
55.57481739188632 -22.61503198888938 0
55.28857270781402 -23.30608778694448 0
54.99373534918605 -23.99352146608923 0
54.69035113881667 -24.67722618757901 0
1 205 0 6
70
71
72
73
74
75
54.05813207617948 -26.03302434282913 0
53.72939548022251 -26.70490706461727 0
53.39230852495619 -27.37263944846917 0
53.04692360723285 -28.03611770214276 0
52.69329439752458 -28.69523872588979 0
52.33147586162872 -29.34990007042222 0
1 206 0 6
76
77
78
79
80
81
51.58349698472055 -30.64543748794144 0
51.19745289178165 -31.28611221283013 0
50.80345194801543 -31.92192459996244 0
50.40155538365095 -32.55277584029918 0
49.99182566064708 -33.17856788825382 0
49.57432645884739 -33.79920348398205 0
1 207 0 6
82
83
84
85
86
87
48.71628034380691 -35.02462033289741 0
48.27586678275996 -35.62921113880031 0
47.8279504267555 -36.22826462826804 0
47.37260089370729 -36.82168769306375 0
46.90988894594415 -37.40938811420452 0
46.43988649529054 -37.99127455488338 0
1 208 0 6
88
89
90
91
92
93
45.47830338744679 -39.13724467817512 0
44.9868721700418 -39.70115026490188 0
44.48844932690712 -40.2588856836254 0
43.98311230170393 -40.81036427496944 0
43.47093964315417 -41.35550031786882 0
42.9520109544276 -41.89420908634906 0
1 209 0 6
94
95
96
97
98
99
41.89420908283254 -42.95201095785751 0
41.35550031226795 -43.47093964848248 0
40.81036427067065 -43.9831123056926 0
40.25888568032477 -44.48844932989394 0
39.70115026007285 -44.98687217430344 0
39.13724467813475 -45.47830338748152 0
1 210 0 6
100
101
102
103
104
105
37.9912745534878 -46.43988649643224 0
37.40938810384674 -46.90988895420419 0
36.8216876831232 -47.37260090143386 0
36.22826461224776 -47.82795043889038 0
35.62921112842158 -48.27586679041981 0
35.02462033155382 -48.71628034477289 0
1 211 0 6
106
107
108
109
110
111
33.79920348977348 -49.57432645489882 0
33.17856788318552 -49.99182566401079 0
32.55277582905919 -50.40155539091048 0
31.92192458971411 -50.80345195445486 0
31.28611220528107 -51.19745289639476 0
30.64543748838411 -51.58349698445753 0
1 212 0 6
112
113
114
115
116
117
29.34990006410546 -52.33147586517145 0
28.69523871697258 -52.69329440238062 0
28.03611769120127 -53.04692361301558 0
27.37263943779579 -53.39230853042809 0
26.7049070667941 -53.72939547914056 0
26.03302434700009 -54.05813207417085 0
1 213 0 6
118
119
120
121
122
123
24.6772261827896 -54.69035114097772 0
23.9935214508752 -54.99373535582387 0
23.30608777448012 -55.28857271306819 0
22.61503197820138 -55.57481739623559 0
21.92046146225585 -55.85242491854544 0
21.22248417661643 -56.1213521342213 0
1 214 0 6
124
125
126
127
128
129
19.81674371853658 -56.63299981807285 0
19.10919901665752 -56.87564076950495 0
18.39868445845587 -57.10944239088816 0
17.68531046854153 -57.33436834596937 0
16.96918791687838 -57.55038367762346 0
16.25042809069726 -57.75745481640509 0
1 215 0 6
130
131
132
133
134
135
14.80544386335123 -58.14463717325231 0
14.07944402414784 -58.32468822009156 0
13.35125603074327 -58.49567473242395 0
12.62099305481016 -58.65757013643195 0
11.88876858784446 -58.81034927174538 0
11.15469642907996 -58.95398839412878 0
1 216 0 6
136
137
138
139
140
141
9.681465639448936 -59.21375873116116 0
8.942535969113433 -59.3298495737273 0
8.202216492946608 -59.43671966556391 0
7.460622271522292 -59.53435239692846 0
6.717868559736878 -59.62273259432258 0
5.974070792661062 -59.70184652223305 0
1 217 0 6
142
143
144
145
146
147
4.483805612384772 -59.83222783108067 0
3.737569808974677 -59.88347494862867 0
2.990753132483889 -59.92541527349255 0
2.243471649599513 -59.95804228756506 0
1.495841499731217 -59.9813509201625 0
0.7479788720996581 -59.99533754890366 0
1 300 0 4
148
149
150
151
0.6980962603681067 -39.99390780620543 0
1.395979874046171 -39.97563308055619 0
2.093438256400801 -39.94518138983271 0
2.790258954923348 -39.90256201003226 0
1 301 0 4
152
153
154
155
4.181138533112878 -39.78087581447798 0
4.874773738991709 -39.70184606531083 0
5.566924040053235 -39.61072274943083 0
6.257378603537436 -39.50753362350012 0
1 302 0 4
156
157
158
159
7.63235981492287 -39.26508733793356 0
8.316467637581761 -39.12590402831678 0
8.99804217702822 -38.97480259065364 0
9.676875825758785 -38.81182905059803 0
1 303 0 4
160
161
162
163
11.02549423159321 -38.45046783784437 0
11.69486819073332 -38.25219023796381 0
12.36067977848713 -38.04226065067243 0
13.02272617804958 -37.82074302405417 0
1 304 0 4
164
165
166
167
14.33471798466201 -37.34321705879407 0
14.98426373652572 -37.08735418271626 0
15.6292451451524 -36.82019413572844 0
16.26946572862328 -36.54181830321465 0
1 305 0 4
168
169
170
171
17.53484587833568 -35.95176184866347 0
18.15961999014024 -35.64026096725021 0
18.77886251184335 -35.31790371414028 0
19.39238480969771 -34.98478828566218 0
1 306 0 4
172
173
174
175
20.60152300237046 -34.28669202449838 0
21.1967705790429 -33.92192384018662 0
21.78556140947654 -33.54682271205316 0
22.36771614078777 -33.16150290088105 0
1 307 0 4
176
177
178
179
23.51141010149696 -32.36067976787921 0
24.07260093001911 -31.94542039892483 0
24.62645902649993 -31.52043013374215 0
25.17281564868968 -31.08583845285638 0
1 308 0 4
180
181
182
183
26.24236116758088 -30.18838320199084 0
26.76522426856719 -29.72579300629845 0
27.27993441419523 -29.25414805386078 0
27.78633482186774 -28.77359201015856 0
1 309 0 4
184
185
186
187
28.77359201722274 -27.78633481455256 0
29.25414806952297 -27.27993439739959 0
29.72579302364666 -26.76522424930005 0
30.1883832129061 -26.24236115502432 0
1 310 0 4
188
189
190
191
31.08583845903047 -25.1728156410653 0
31.52043014772891 -24.62645900859768 0
31.94542040531254 -24.07260092154232 0
32.3606797785222 -23.51141008684812 0
1 311 0 4
192
193
194
195
33.16150289843593 -22.36771614441283 0
33.54682271582185 -21.7855614036733 0
33.92192384695311 -21.19677056821425 0
34.28669202842666 -20.60152299583271 0
1 312 0 4
196
197
198
199
34.98478828672109 -19.3923848077874 0
35.31790371495395 -18.77886251031307 0
35.6402609710177 -18.15961998274613 0
35.95176185270759 -17.53484587004401 0
1 313 0 4
200
201
202
203
36.54181830694148 -16.26946572025264 0
36.82019414143095 -15.6292451317181 0
37.08735418625574 -14.98426372776516 0
37.3432170619956 -14.33471797632168 0
1 314 0 4
204
205
206
207
37.82074302605758 -13.02272617223123 0
38.04226065247829 -12.36067977292923 0
38.25219024002418 -11.69486818399413 0
38.45046783886207 -11.02549422804409 0
1 315 0 4
208
209
210
211
38.81182905265179 -9.676875817521593 0
38.97480259291332 -8.998042167240452 0
39.12590403142363 -8.316467622965165 0
39.26508733865133 -7.632359811230299 0
1 316 0 4
212
213
214
215
39.5075336239216 -6.25737860087625 0
39.61072274984886 -5.566924037078778 0
39.70184606591052 -4.874773734107515 0
39.78087581474913 -4.181138530532991 0
1 317 0 4
216
217
218
219
39.9025620105301 -2.790258947803955 0
39.9451813903835 -2.093438245891254 0
39.97563308088476 -1.395979864637311 0
39.99390780629689 -0.6980962551287258 0
1 400 0 24
220
221
222
223
224
225
226
227
228
229
230
231
232
233
234
235
236
237
238
239
240
241
242
243
40.8 0 0
41.6 0 0
42.40000000000001 0 0
43.2 0 0
44.00000000000001 0 0
44.80000000000001 0 0
45.60000000000001 0 0
46.40000000000001 0 0
47.20000000000002 0 0
48.00000000000001 0 0
48.80000000000001 0 0
49.60000000000001 0 0
50.40000000000001 0 0
51.20000000000001 0 0
52.00000000000001 0 0
52.80000000000001 0 0
53.60000000000001 0 0
54.40000000000001 0 0
55.2 0 0
56 0 0
56.8 0 0
57.6 0 0
58.40000000000001 0 0
59.2 0 0
1 401 0 24
244
245
246
247
248
249
250
251
252
253
254
255
256
257
258
259
260
261
262
263
264
265
266
267
3.624834807314236e-15 -59.2 0
3.575850553161342e-15 -58.4 0
3.526866299008446e-15 -57.59999999999999 0
3.477882044855551e-15 -56.8 0
3.428897790702656e-15 -55.99999999999999 0
3.379913536549761e-15 -55.19999999999999 0
3.330929282396866e-15 -54.39999999999999 0
3.28194502824397e-15 -53.59999999999999 0
3.232960774091075e-15 -52.79999999999998 0
3.18397651993818e-15 -51.99999999999999 0
3.134992265785285e-15 -51.19999999999999 0
3.08600801163239e-15 -50.39999999999999 0
3.037023757479495e-15 -49.59999999999999 0
2.9880395033266e-15 -48.79999999999999 0
2.939055249173705e-15 -47.99999999999999 0
2.89007099502081e-15 -47.19999999999999 0
2.841086740867915e-15 -46.39999999999999 0
2.79210248671502e-15 -45.59999999999999 0
2.743118232562125e-15 -44.8 0
2.69413397840923e-15 -44 0
2.645149724256335e-15 -43.2 0
2.59616547010344e-15 -42.4 0
2.547181215950545e-15 -41.59999999999999 0
2.49819696179765e-15 -40.8 0
2 1 0 3320
268
269
270
271
272
273
274
275
276
277
278
279
280
281
282
283
284
285
286
287
288
289
290
291
292
293
294
295
296
297
298
299
300
301
302
303
304
305
306
307
308
309
310
311
312
313
314
315
316
317
318
319
320
321
322
323
324
325
326
327
328
329
330
331
332
333
334
335
336
337
338
339
340
341
342
343
344
345
346
347
348
349
350
351
352
353
354
355
356
357
358
359
360
361
362
363
364
365
366
367
368
369
370
371
372
373
374
375
376
377
378
379
380
381
382
383
384
385
386
387
388
389
390
391
392
393
394
395
396
397
398
399
400
401
402
403
404
405
406
407
408
409
410
411
412
413
414
415
416
417
418
419
420
421
422
423
424
425
426
427
428
429
430
431
432
433
434
435
436
437
438
439
440
441
442
443
444
445
446
447
448
449
450
451
452
453
454
455
456
457
458
459
460
461
462
463
464
465
466
467
468
469
470
471
472
473
474
475
476
477
478
479
480
481
482
483
484
485
486
487
488
489
490
491
492
493
494
495
496
497
498
499
500
501
502
503
504
505
506
507
508
509
510
511
512
513
514
515
516
517
518
519
520
521
522
523
524
525
526
527
528
529
530
531
532
533
534
535
536
537
538
539
540
541
542
543
544
545
546
547
548
549
550
551
552
553
554
555
556
557
558
559
560
561
562
563
564
565
566
567
568
569
570
571
572
573
574
575
576
577
578
579
580
581
582
583
584
585
586
587
588
589
590
591
592
593
594
595
596
597
598
599
600
601
602
603
604
605
606
607
608
609
610
611
612
613
614
615
616
617
618
619
620
621
622
623
624
625
626
627
628
629
630
631
632
633
634
635
636
637
638
639
640
641
642
643
644
645
646
647
648
649
650
651
652
653
654
655
656
657
658
659
660
661
662
663
664
665
666
667
668
669
670
671
672
673
674
675
676
677
678
679
680
681
682
683
684
685
686
687
688
689
690
691
692
693
694
695
696
697
698
699
700
701
702
703
704
705
706
707
708
709
710
711
712
713
714
715
716
717
718
719
720
721
722
723
724
725
726
727
728
729
730
731
732
733
734
735
736
737
738
739
740
741
742
743
744
745
746
747
748
749
750
751
752
753
754
755
756
757
758
759
760
761
762
763
764
765
766
767
768
769
770
771
772
773
774
775
776
777
778
779
780
781
782
783
784
785
786
787
788
789
790
791
792
793
794
795
796
797
798
799
800
801
802
803
804
805
806
807
808
809
810
811
812
813
814
815
816
817
818
819
820
821
822
823
824
825
826
827
828
829
830
831
832
833
834
835
836
837
838
839
840
841
842
843
844
845
846
847
848
849
850
851
852
853
854
855
856
857
858
859
860
861
862
863
864
865
866
867
868
869
870
871
872
873
874
875
876
877
878
879
880
881
882
883
884
885
886
887
888
889
890
891
892
893
894
895
896
897
898
899
900
901
902
903
904
905
906
907
908
909
910
911
912
913
914
915
916
917
918
919
920
921
922
923
924
925
926
927
928
929
930
931
932
933
934
935
936
937
938
939
940
941
942
943
944
945
946
947
948
949
950
951
952
953
954
955
956
957
958
959
960
961
962
963
964
965
966
967
968
969
970
971
972
973
974
975
976
977
978
979
980
981
982
983
984
985
986
987
988
989
990
991
992
993
994
995
996
997
998
999
1000
1001
1002
1003
1004
1005
1006
1007
1008
1009
1010
1011
1012
1013
1014
1015
1016
1017
1018
1019
1020
1021
1022
1023
1024
1025
1026
1027
1028
1029
1030
1031
1032
1033
1034
1035
1036
1037
1038
1039
1040
1041
1042
1043
1044
1045
1046
1047
1048
1049
1050
1051
1052
1053
1054
1055
1056
1057
1058
1059
1060
1061
1062
1063
1064
1065
1066
1067
1068
1069
1070
1071
1072
1073
1074
1075
1076
1077
1078
1079
1080
1081
1082
1083
1084
1085
1086
1087
1088
1089
1090
1091
1092
1093
1094
1095
1096
1097
1098
1099
1100
1101
1102
1103
1104
1105
1106
1107
1108
1109
1110
1111
1112
1113
1114
1115
1116
1117
1118
1119
1120
1121
1122
1123
1124
1125
1126
1127
1128
1129
1130
1131
1132
1133
1134
1135
1136
1137
1138
1139
1140
1141
1142
1143
1144
1145
1146
1147
1148
1149
1150
1151
1152
1153
1154
1155
1156
1157
1158
1159
1160
1161
1162
1163
1164
1165
1166
1167
1168
1169
1170
1171
1172
1173
1174
1175
1176
1177
1178
1179
1180
1181
1182
1183
1184
1185
1186
1187
1188
1189
1190
1191
1192
1193
1194
1195
1196
1197
1198
1199
1200
1201
1202
1203
1204
1205
1206
1207
1208
1209
1210
1211
1212
1213
1214
1215
1216
1217
1218
1219
1220
1221
1222
1223
1224
1225
1226
1227
1228
1229
1230
1231
1232
1233
1234
1235
1236
1237
1238
1239
1240
1241
1242
1243
1244
1245
1246
1247
1248
1249
1250
1251
1252
1253
1254
1255
1256
1257
1258
1259
1260
1261
1262
1263
1264
1265
1266
1267
1268
1269
1270
1271
1272
1273
1274
1275
1276
1277
1278
1279
1280
1281
1282
1283
1284
1285
1286
1287
1288
1289
1290
1291
1292
1293
1294
1295
1296
1297
1298
1299
1300
1301
1302
1303
1304
1305
1306
1307
1308
1309
1310
1311
1312
1313
1314
1315
1316
1317
1318
1319
1320
1321
1322
1323
1324
1325
1326
1327
1328
1329
1330
1331
1332
1333
1334
1335
1336
1337
1338
1339
1340
1341
1342
1343
1344
1345
1346
1347
1348
1349
1350
1351
1352
1353
1354
1355
1356
1357
1358
1359
1360
1361
1362
1363
1364
1365
1366
1367
1368
1369
1370
1371
1372
1373
1374
1375
1376
1377
1378
1379
1380
1381
1382
1383
1384
1385
1386
1387
1388
1389
1390
1391
1392
1393
1394
1395
1396
1397
1398
1399
1400
1401
1402
1403
1404
1405
1406
1407
1408
1409
1410
1411
1412
1413
1414
1415
1416
1417
1418
1419
1420
1421
1422
1423
1424
1425
1426
1427
1428
1429
1430
1431
1432
1433
1434
1435
1436
1437
1438
1439
1440
1441
1442
1443
1444
1445
1446
1447
1448
1449
1450
1451
1452
1453
1454
1455
1456
1457
1458
1459
1460
1461
1462
1463
1464
1465
1466
1467
1468
1469
1470
1471
1472
1473
1474
1475
1476
1477
1478
1479
1480
1481
1482
1483
1484
1485
1486
1487
1488
1489
1490
1491
1492
1493
1494
1495
1496
1497
1498
1499
1500
1501
1502
1503
1504
1505
1506
1507
1508
1509
1510
1511
1512
1513
1514
1515
1516
1517
1518
1519
1520
1521
1522
1523
1524
1525
1526
1527
1528
1529
1530
1531
1532
1533
1534
1535
1536
1537
1538
1539
1540
1541
1542
1543
1544
1545
1546
1547
1548
1549
1550
1551
1552
1553
1554
1555
1556
1557
1558
1559
1560
1561
1562
1563
1564
1565
1566
1567
1568
1569
1570
1571
1572
1573
1574
1575
1576
1577
1578
1579
1580
1581
1582
1583
1584
1585
1586
1587
1588
1589
1590
1591
1592
1593
1594
1595
1596
1597
1598
1599
1600
1601
1602
1603
1604
1605
1606
1607
1608
1609
1610
1611
1612
1613
1614
1615
1616
1617
1618
1619
1620
1621
1622
1623
1624
1625
1626
1627
1628
1629
1630
1631
1632
1633
1634
1635
1636
1637
1638
1639
1640
1641
1642
1643
1644
1645
1646
1647
1648
1649
1650
1651
1652
1653
1654
1655
1656
1657
1658
1659
1660
1661
1662
1663
1664
1665
1666
1667
1668
1669
1670
1671
1672
1673
1674
1675
1676
1677
1678
1679
1680
1681
1682
1683
1684
1685
1686
1687
1688
1689
1690
1691
1692
1693
1694
1695
1696
1697
1698
1699
1700
1701
1702
1703
1704
1705
1706
1707
1708
1709
1710
1711
1712
1713
1714
1715
1716
1717
1718
1719
1720
1721
1722
1723
1724
1725
1726
1727
1728
1729
1730
1731
1732
1733
1734
1735
1736
1737
1738
1739
1740
1741
1742
1743
1744
1745
1746
1747
1748
1749
1750
1751
1752
1753
1754
1755
1756
1757
1758
1759
1760
1761
1762
1763
1764
1765
1766
1767
1768
1769
1770
1771
1772
1773
1774
1775
1776
1777
1778
1779
1780
1781
1782
1783
1784
1785
1786
1787
1788
1789
1790
1791
1792
1793
1794
1795
1796
1797
1798
1799
1800
1801
1802
1803
1804
1805
1806
1807
1808
1809
1810
1811
1812
1813
1814
1815
1816
1817
1818
1819
1820
1821
1822
1823
1824
1825
1826
1827
1828
1829
1830
1831
1832
1833
1834
1835
1836
1837
1838
1839
1840
1841
1842
1843
1844
1845
1846
1847
1848
1849
1850
1851
1852
1853
1854
1855
1856
1857
1858
1859
1860
1861
1862
1863
1864
1865
1866
1867
1868
1869
1870
1871
1872
1873
1874
1875
1876
1877
1878
1879
1880
1881
1882
1883
1884
1885
1886
1887
1888
1889
1890
1891
1892
1893
1894
1895
1896
1897
1898
1899
1900
1901
1902
1903
1904
1905
1906
1907
1908
1909
1910
1911
1912
1913
1914
1915
1916
1917
1918
1919
1920
1921
1922
1923
1924
1925
1926
1927
1928
1929
1930
1931
1932
1933
1934
1935
1936
1937
1938
1939
1940
1941
1942
1943
1944
1945
1946
1947
1948
1949
1950
1951
1952
1953
1954
1955
1956
1957
1958
1959
1960
1961
1962
1963
1964
1965
1966
1967
1968
1969
1970
1971
1972
1973
1974
1975
1976
1977
1978
1979
1980
1981
1982
1983
1984
1985
1986
1987
1988
1989
1990
1991
1992
1993
1994
1995
1996
1997
1998
1999
2000
2001
2002
2003
2004
2005
2006
2007
2008
2009
2010
2011
2012
2013
2014
2015
2016
2017
2018
2019
2020
2021
2022
2023
2024
2025
2026
2027
2028
2029
2030
2031
2032
2033
2034
2035
2036
2037
2038
2039
2040
2041
2042
2043
2044
2045
2046
2047
2048
2049
2050
2051
2052
2053
2054
2055
2056
2057
2058
2059
2060
2061
2062
2063
2064
2065
2066
2067
2068
2069
2070
2071
2072
2073
2074
2075
2076
2077
2078
2079
2080
2081
2082
2083
2084
2085
2086
2087
2088
2089
2090
2091
2092
2093
2094
2095
2096
2097
2098
2099
2100
2101
2102
2103
2104
2105
2106
2107
2108
2109
2110
2111
2112
2113
2114
2115
2116
2117
2118
2119
2120
2121
2122
2123
2124
2125
2126
2127
2128
2129
2130
2131
2132
2133
2134
2135
2136
2137
2138
2139
2140
2141
2142
2143
2144
2145
2146
2147
2148
2149
2150
2151
2152
2153
2154
2155
2156
2157
2158
2159
2160
2161
2162
2163
2164
2165
2166
2167
2168
2169
2170
2171
2172
2173
2174
2175
2176
2177
2178
2179
2180
2181
2182
2183
2184
2185
2186
2187
2188
2189
2190
2191
2192
2193
2194
2195
2196
2197
2198
2199
2200
2201
2202
2203
2204
2205
2206
2207
2208
2209
2210
2211
2212
2213
2214
2215
2216
2217
2218
2219
2220
2221
2222
2223
2224
2225
2226
2227
2228
2229
2230
2231
2232
2233
2234
2235
2236
2237
2238
2239
2240
2241
2242
2243
2244
2245
2246
2247
2248
2249
2250
2251
2252
2253
2254
2255
2256
2257
2258
2259
2260
2261
2262
2263
2264
2265
2266
2267
2268
2269
2270
2271
2272
2273
2274
2275
2276
2277
2278
2279
2280
2281
2282
2283
2284
2285
2286
2287
2288
2289
2290
2291
2292
2293
2294
2295
2296
2297
2298
2299
2300
2301
2302
2303
2304
2305
2306
2307
2308
2309
2310
2311
2312
2313
2314
2315
2316
2317
2318
2319
2320
2321
2322
2323
2324
2325
2326
2327
2328
2329
2330
2331
2332
2333
2334
2335
2336
2337
2338
2339
2340
2341
2342
2343
2344
2345
2346
2347
2348
2349
2350
2351
2352
2353
2354
2355
2356
2357
2358
2359
2360
2361
2362
2363
2364
2365
2366
2367
2368
2369
2370
2371
2372
2373
2374
2375
2376
2377
2378
2379
2380
2381
2382
2383
2384
2385
2386
2387
2388
2389
2390
2391
2392
2393
2394
2395
2396
2397
2398
2399
2400
2401
2402
2403
2404
2405
2406
2407
2408
2409
2410
2411
2412
2413
2414
2415
2416
2417
2418
2419
2420
2421
2422
2423
2424
2425
2426
2427
2428
2429
2430
2431
2432
2433
2434
2435
2436
2437
2438
2439
2440
2441
2442
2443
2444
2445
2446
2447
2448
2449
2450
2451
2452
2453
2454
2455
2456
2457
2458
2459
2460
2461
2462
2463
2464
2465
2466
2467
2468
2469
2470
2471
2472
2473
2474
2475
2476
2477
2478
2479
2480
2481
2482
2483
2484
2485
2486
2487
2488
2489
2490
2491
2492
2493
2494
2495
2496
2497
2498
2499
2500
2501
2502
2503
2504
2505
2506
2507
2508
2509
2510
2511
2512
2513
2514
2515
2516
2517
2518
2519
2520
2521
2522
2523
2524
2525
2526
2527
2528
2529
2530
2531
2532
2533
2534
2535
2536
2537
2538
2539
2540
2541
2542
2543
2544
2545
2546
2547
2548
2549
2550
2551
2552
2553
2554
2555
2556
2557
2558
2559
2560
2561
2562
2563
2564
2565
2566
2567
2568
2569
2570
2571
2572
2573
2574
2575
2576
2577
2578
2579
2580
2581
2582
2583
2584
2585
2586
2587
2588
2589
2590
2591
2592
2593
2594
2595
2596
2597
2598
2599
2600
2601
2602
2603
2604
2605
2606
2607
2608
2609
2610
2611
2612
2613
2614
2615
2616
2617
2618
2619
2620
2621
2622
2623
2624
2625
2626
2627
2628
2629
2630
2631
2632
2633
2634
2635
2636
2637
2638
2639
2640
2641
2642
2643
2644
2645
2646
2647
2648
2649
2650
2651
2652
2653
2654
2655
2656
2657
2658
2659
2660
2661
2662
2663
2664
2665
2666
2667
2668
2669
2670
2671
2672
2673
2674
2675
2676
2677
2678
2679
2680
2681
2682
2683
2684
2685
2686
2687
2688
2689
2690
2691
2692
2693
2694
2695
2696
2697
2698
2699
2700
2701
2702
2703
2704
2705
2706
2707
2708
2709
2710
2711
2712
2713
2714
2715
2716
2717
2718
2719
2720
2721
2722
2723
2724
2725
2726
2727
2728
2729
2730
2731
2732
2733
2734
2735
2736
2737
2738
2739
2740
2741
2742
2743
2744
2745
2746
2747
2748
2749
2750
2751
2752
2753
2754
2755
2756
2757
2758
2759
2760
2761
2762
2763
2764
2765
2766
2767
2768
2769
2770
2771
2772
2773
2774
2775
2776
2777
2778
2779
2780
2781
2782
2783
2784
2785
2786
2787
2788
2789
2790
2791
2792
2793
2794
2795
2796
2797
2798
2799
2800
2801
2802
2803
2804
2805
2806
2807
2808
2809
2810
2811
2812
2813
2814
2815
2816
2817
2818
2819
2820
2821
2822
2823
2824
2825
2826
2827
2828
2829
2830
2831
2832
2833
2834
2835
2836
2837
2838
2839
2840
2841
2842
2843
2844
2845
2846
2847
2848
2849
2850
2851
2852
2853
2854
2855
2856
2857
2858
2859
2860
2861
2862
2863
2864
2865
2866
2867
2868
2869
2870
2871
2872
2873
2874
2875
2876
2877
2878
2879
2880
2881
2882
2883
2884
2885
2886
2887
2888
2889
2890
2891
2892
2893
2894
2895
2896
2897
2898
2899
2900
2901
2902
2903
2904
2905
2906
2907
2908
2909
2910
2911
2912
2913
2914
2915
2916
2917
2918
2919
2920
2921
2922
2923
2924
2925
2926
2927
2928
2929
2930
2931
2932
2933
2934
2935
2936
2937
2938
2939
2940
2941
2942
2943
2944
2945
2946
2947
2948
2949
2950
2951
2952
2953
2954
2955
2956
2957
2958
2959
2960
2961
2962
2963
2964
2965
2966
2967
2968
2969
2970
2971
2972
2973
2974
2975
2976
2977
2978
2979
2980
2981
2982
2983
2984
2985
2986
2987
2988
2989
2990
2991
2992
2993
2994
2995
2996
2997
2998
2999
3000
3001
3002
3003
3004
3005
3006
3007
3008
3009
3010
3011
3012
3013
3014
3015
3016
3017
3018
3019
3020
3021
3022
3023
3024
3025
3026
3027
3028
3029
3030
3031
3032
3033
3034
3035
3036
3037
3038
3039
3040
3041
3042
3043
3044
3045
3046
3047
3048
3049
3050
3051
3052
3053
3054
3055
3056
3057
3058
3059
3060
3061
3062
3063
3064
3065
3066
3067
3068
3069
3070
3071
3072
3073
3074
3075
3076
3077
3078
3079
3080
3081
3082
3083
3084
3085
3086
3087
3088
3089
3090
3091
3092
3093
3094
3095
3096
3097
3098
3099
3100
3101
3102
3103
3104
3105
3106
3107
3108
3109
3110
3111
3112
3113
3114
3115
3116
3117
3118
3119
3120
3121
3122
3123
3124
3125
3126
3127
3128
3129
3130
3131
3132
3133
3134
3135
3136
3137
3138
3139
3140
3141
3142
3143
3144
3145
3146
3147
3148
3149
3150
3151
3152
3153
3154
3155
3156
3157
3158
3159
3160
3161
3162
3163
3164
3165
3166
3167
3168
3169
3170
3171
3172
3173
3174
3175
3176
3177
3178
3179
3180
3181
3182
3183
3184
3185
3186
3187
3188
3189
3190
3191
3192
3193
3194
3195
3196
3197
3198
3199
3200
3201
3202
3203
3204
3205
3206
3207
3208
3209
3210
3211
3212
3213
3214
3215
3216
3217
3218
3219
3220
3221
3222
3223
3224
3225
3226
3227
3228
3229
3230
3231
3232
3233
3234
3235
3236
3237
3238
3239
3240
3241
3242
3243
3244
3245
3246
3247
3248
3249
3250
3251
3252
3253
3254
3255
3256
3257
3258
3259
3260
3261
3262
3263
3264
3265
3266
3267
3268
3269
3270
3271
3272
3273
3274
3275
3276
3277
3278
3279
3280
3281
3282
3283
3284
3285
3286
3287
3288
3289
3290
3291
3292
3293
3294
3295
3296
3297
3298
3299
3300
3301
3302
3303
3304
3305
3306
3307
3308
3309
3310
3311
3312
3313
3314
3315
3316
3317
3318
3319
3320
3321
3322
3323
3324
3325
3326
3327
3328
3329
3330
3331
3332
3333
3334
3335
3336
3337
3338
3339
3340
3341
3342
3343
3344
3345
3346
3347
3348
3349
3350
3351
3352
3353
3354
3355
3356
3357
3358
3359
3360
3361
3362
3363
3364
3365
3366
3367
3368
3369
3370
3371
3372
3373
3374
3375
3376
3377
3378
3379
3380
3381
3382
3383
3384
3385
3386
3387
3388
3389
3390
3391
3392
3393
3394
3395
3396
3397
3398
3399
3400
3401
3402
3403
3404
3405
3406
3407
3408
3409
3410
3411
3412
3413
3414
3415
3416
3417
3418
3419
3420
3421
3422
3423
3424
3425
3426
3427
3428
3429
3430
3431
3432
3433
3434
3435
3436
3437
3438
3439
3440
3441
3442
3443
3444
3445
3446
3447
3448
3449
3450
3451
3452
3453
3454
3455
3456
3457
3458
3459
3460
3461
3462
3463
3464
3465
3466
3467
3468
3469
3470
3471
3472
3473
3474
3475
3476
3477
3478
3479
3480
3481
3482
3483
3484
3485
3486
3487
3488
3489
3490
3491
3492
3493
3494
3495
3496
3497
3498
3499
3500
3501
3502
3503
3504
3505
3506
3507
3508
3509
3510
3511
3512
3513
3514
3515
3516
3517
3518
3519
3520
3521
3522
3523
3524
3525
3526
3527
3528
3529
3530
3531
3532
3533
3534
3535
3536
3537
3538
3539
3540
3541
3542
3543
3544
3545
3546
3547
3548
3549
3550
3551
3552
3553
3554
3555
3556
3557
3558
3559
3560
3561
3562
3563
3564
3565
3566
3567
3568
3569
3570
3571
3572
3573
3574
3575
3576
3577
3578
3579
3580
3581
3582
3583
3584
3585
3586
3587
24.72353340703527 -32.19460286954911 0
27.49008633048343 -29.91155032681835 0
21.80396940019476 -34.24696969337861 0
15.52961010799836 -37.4961048255189 0
18.70624529295103 -36.00609746437773 0
36.01397210196431 -18.7499573121065 0
29.90549341172122 -27.35516875259625 0
38.66688906215875 -12.18334688019753 0
8.697393314865913 -39.65570824327221 0
37.49048089246755 -15.55672748842642 0
32.27848621058153 -24.73624023343838 0
39.65487931503586 -8.730587971783978 0
12.17292484589672 -38.69772239193186 0
34.2427616942287 -21.81742587335353 0
34.26178874211061 -48.4893576148752 0
41.66985953436746 -42.36441100935219 0
53.94143964923016 -24.72060980448182 0
51.59242859201711 -29.36416239658901 0
55.91616923578787 -19.89002263909481 0
57.40973563701039 -15.04626687909475 0
48.8285518388085 -33.73558350776838 0
37.90304461854775 -45.68632918122635 0
30.02773528488655 -51.24802764596392 0
15.02536544140458 -57.46309065108504 0
25.46807277164891 -53.68054469802002 0
20.68391689915039 -55.69364878579889 0
45.71756338757949 -37.88254911559113 0
49.20251264431406 -0.6899616160687012 0
0.6124350484947475 -49.20415979653284 0
11.38675238554055 -58.25811574398069 0
58.24668248306375 -11.45122691120196 0
5.914807558296713 -40.11043243361145 0
40.11852119003971 -6.01994056615256 0
52.37817420064335 -0.7006933741318875 0
0.698506972956852 -52.42358012023458 0
43.78675199217134 -40.07506636806153 0
17.83647736586217 -56.61022137562631 0
8.471415782169203 -58.75174541865508 0
58.70372894904576 -8.416316910137434 0
0.6534944545189922 -45.98106526125814 0
46.02557699783017 -0.6933611014938856 0
5.533672260017194 -58.98561883032066 0
59.11264053794613 -5.489030835215616 0
4.01701494813435 -40.44845452475052 0
40.42020702082814 -3.830377910722686 0
54.70431369237802 -0.7574879649054688 0
0.761287336730037 -54.79055456931196 0
50.46069039975405 -31.29476733869972 0
55.11471642675383 -22.00658809279443 0
47.48284182856908 -35.53165712279727 0
23.33456288964809 -54.56388171752602 0
52.95427440230618 -26.72801618812301 0
56.59099026535347 -17.79722675427963 0
28.11952222652172 -52.25405860995495 0
32.50559831767632 -49.72717033425298 0
36.1317967090143 -47.12855285684657 0
39.55746269922685 -44.27187537509663 0
43.58843854412331 -0.6915169278530096 0
0.6893157748920524 -43.59452412717153 0
59.20897365125601 -3.453336110345025 0
3.426100886233229 -59.37328714297044 0
57.36272530120243 -0.7372922071276296 0
0.609841085816925 -57.1935280550471 0
26.35409776416832 -30.86758960542104 0
23.57832220321188 -33.0555885888213 0
20.57140228994009 -34.97506922700761 0
39.36575968160407 -10.18220579452636 0
36.94728765751695 -16.846585092254 0
35.3390318128518 -19.99703648373498 0
16.83459423346552 -36.94750758138813 0
31.34992685934358 -25.89695517416268 0
33.47504511625944 -22.99077346018784 0
38.27029699213806 -13.53736814883136 0
10.85069823230909 -39.12635381657121 0
28.96049171863192 -28.52304776423798 0
14.22816103654697 -38.00128995022048 0
39.87053195626153 -7.392516152855138 0
7.417993496042154 -39.95944265404579 0
40.49886699769838 -2.476885910288063 0
2.478758071166298 -40.5273361251585 0
50.79999999999996 -0.6928203230275484 0
47.61763240006547 -0.6959698488102486 0
0.7600340028320605 -47.59235059808985 0
0.6917754286554759 -50.79802559000875 0
42.80339439120954 -41.19044696239128 0
13.51989074830394 -57.75723307811384 0
26.74684739142576 -52.98257880856765 0
54.55403583787029 -23.39634841131164 0
40.65097670510733 -43.1666448998085 0
52.30600232543223 -28.20719387145214 0
49.77748259643874 -32.46797368374556 0
19.17790498141438 -56.19400315284103 0
57.75302270734264 -13.54314220291623 0
31.27354348256847 -50.50230028850957 0
57.05018237149748 -16.43381026123761 0
46.61154266870903 -36.76146034543446 0
22.03945066768231 -55.14286294511571 0
44.74423122328707 -38.99360556001107 0
16.41787610022416 -57.02680612098185 0
9.939165773663284 -58.5624029691129 0
58.88833659983042 -7.000332935356086 0
58.56912449796729 -9.966337506244216 0
7.042052132459987 -58.90646729389465 0
0.69326209400846 -42.01630908340634 0
41.99999999999998 -0.6928203230275484 0
1.877921645062754 -59.38027560356716 0
59.32222989797077 -1.84947071810071 0
40.5441680922976 -1.077232992337866 0
1.087837982285157 -40.5601942201649 0
58.86687358559368 -0.6275751911677849 0
0.6928203230275519 -58.79999999999992 0
42.76978950995272 -0.7076710707009793 0
43.1247621347286 -1.409159995674562 0
43.9563184866693 -1.384473126991999 0
43.54828789672706 -2.053135954712607 0
44.3348801308158 -2.054851094169531 0
43.93188015233509 -2.711692479854132 0
44.73176888256027 -2.707359568880519 0
44.30874145160517 -3.372906957892292 0
45.10429520162013 -3.369689671950401 0
44.68766298609322 -4.021877212039443 0
45.44499794182043 -4.04485534053632 0
44.99272480438125 -4.79138005321965 0
45.79438201188636 -4.725336261342934 0
45.4153076703202 -5.354954590345312 0
46.13130989114709 -5.388924069830759 0
45.81150015260113 -5.992368770866939 0
46.49338979405242 -6.051985441113192 0
46.16140355153198 -6.653594809267283 0
46.88482086772862 -6.689996839256381 0
46.54464780954409 -7.294652357718149 0
47.2309041620457 -7.314386153835916 0
46.86751889825348 -7.959984428241815 0
47.58112933994939 -7.974934996644949 0
47.21923246560603 -8.613930092969113 0
47.95984551676052 -8.640990226349428 0
47.58082662683487 -9.267488731159627 0
48.32350308531483 -9.279973066746106 0
47.94074629271069 -9.915871752165877 0
48.69712074690409 -8.651675338710518 0
48.68147729996974 -9.929834999742184 0
48.2986324129718 -10.56453440060164 0
47.55826756630672 -10.55417326462274 0
47.91649301780845 -11.19958049999276 0
48.65640495567122 -11.21336146707583 0
48.27264952549831 -11.84625583577463 0
47.53374990666977 -11.83217314864334 0
47.89018238349259 -12.47820141372643 0
47.15420356036124 -12.46490584726633 0
47.50906118610648 -13.10809658161948 0
46.77511296274216 -13.09404033866405 0
47.12929683101206 -13.73701258423333 0
47.86308652399589 -13.75165568342351 0
47.48197134263663 -14.37868384515093 0
46.75000552229583 -14.36454175326034 0
47.10181539913911 -15.0051032301043 0
46.37126516565552 -14.99097671320134 0
46.72281552633044 -15.63038376314936 0
45.99379718442079 -15.61659381682615 0
46.34508199662223 -16.25476548220601 0
45.61719329366163 -16.23960563302211 0
45.96780496178606 -16.87794425779641 0
46.6961748593214 -16.8934479831711 0
46.3179760062476 -17.51629005518226 0
45.59007071052745 -17.50055620921477 0
45.93994844747443 -18.13860849458443 0
45.21264736067255 -18.12259667343381 0
45.56236757816841 -18.75971298467715 0
44.83642108313809 -18.74428817952125 0
45.1853434596993 -19.38036543716819 0
44.46061564924998 -19.36417134066848 0
44.80891799178309 -19.99993910485661 0
44.08491354702933 -19.98382036255815 0
44.43277962257783 -20.61908707625461 0
43.70965375906604 -20.60288187808948 0
44.05697291397474 -21.23753120262199 0
43.33452760968536 -21.22144184013262 0
43.68148937234404 -21.85587397390274 0
42.95986108855292 -21.83948235169447 0
43.30618664335575 -22.47314634347519 0
42.58519744689445 -22.45708887054671 0
42.93149919599703 -23.09083153832898 0
42.21011973198443 -23.07497759394482 0
42.55624472069093 -23.70735207502395 0
41.83652505275946 -23.69256714180653 0
42.18180265873001 -24.32412267627626 0
41.4624459254649 -24.3094247267029 0
41.80714185588955 -24.94046912208059 0
41.08858339312761 -24.92613171925768 0
41.43293227647067 -25.55685565163441 0
40.71458309328398 -25.54255048011414 0
41.05843203965944 -26.172891179464 0
40.33931098999838 -26.15805076841028 0
40.68412000595846 -26.78892479806172 0
39.9667706519591 -26.77511963352685 0
40.30988950357253 -27.40494161619925 0
39.59299931408898 -27.39139910286046 0
39.93591671692771 -28.02109878324949 0
39.21735195069019 -28.00655057518097 0
39.56121242948623 -28.63684624281074 0
38.8451305976153 -28.62384026953586 0
39.18740196520044 -29.25322204749705 0
38.47136545886314 -29.24030304255147 0
38.8129683747384 -29.86935141929436 0
38.09496288798587 -29.85531775588732 0
38.43843064668918 -30.48559219312682 0
37.72301650220882 -30.47323272786628 0
38.06406344571239 -31.10215043777212 0
37.34897890629848 -31.09011087839186 0
37.68980473140667 -31.7190265665403 0
36.97174198975301 -31.70524183882264 0
37.31444280603468 -32.33550237917719 0
36.59635475665857 -32.32213664503711 0
36.93962985094942 -32.95268688191318 0
36.2213517966463 -32.93937923615333 0
36.56874735005889 -33.57258393589272 0
35.84694727244337 -33.55732341302489 0
36.1947053602027 -34.19084253265909 0
35.47198073389433 -34.17530168336943 0
35.81913630445607 -34.80876837949592 0
35.09652637479395 -34.7934476229681 0
35.44382141302135 -35.42723254909899 0
34.72088251999725 -35.41213183762203 0
35.06837937465869 -36.04611182004949 0
34.34502980283769 -36.03101296177675 0
34.69274093656169 -36.6653539705669 0
33.96894766918534 -36.65002307123279 0
42.52968297560466 -24.95730181013397 0
41.0329135579388 -27.42222615760977 0
44.02832118334928 -22.49468076353421 0
34.31760174193861 -37.2851877669108 0
33.5927345797252 -37.26963405685652 0
39.53720027386671 -29.88713158957302 0
33.94082032996051 -37.89377640547175 0
33.21581472215586 -37.8869281570595 0
45.53407578862713 -20.01816922921717 0
32.86796246508332 -37.25345828367508 0
32.4919737145628 -37.87272034319697 0
32.83935922438587 -38.50796568047936 0
32.11459351696675 -38.4920708291847 0
32.46300698319071 -39.12794391093372 0
31.73805144835192 -39.11107999983872 0
31.39010652227426 -38.47571147732101 0
31.01338671987867 -39.09418905913719 0
31.36098094903422 -39.73021517833329 0
30.6360417403775 -39.71274170774844 0
38.01509958772489 -32.39301621868557 0
30.98339524618443 -40.34959432486886 0
30.25835514843584 -40.33165391232157 0
29.94205147068899 -39.71398621928569 0
29.53883902542985 -40.31684718903664 0
29.88079586368976 -40.94499141104843 0
29.15615018719831 -40.93120782256962 0
28.7716355003419 -40.19072528892142 0
28.45642577768199 -40.91478928218974 0
28.77720512380151 -41.54976395223758 0
28.05656568451775 -41.53069891652541 0
27.72992562372723 -40.81899722245487 0
27.36543574236859 -41.51863077320809 0
27.6739608192633 -42.1481337833748 0
26.95541718759813 -42.12927746475593 0
26.6342007653707 -41.41829448659713 0
26.26470151960738 -42.11649696786665 0
26.5703895398701 -42.74526167842043 0
25.8530304771451 -42.72377948709968 0
25.52747338263809 -42.01714037153454 0
25.12730705452053 -42.69229399535931 0
25.47109472113454 -43.33655029577346 0
24.74256319700409 -43.32018310766993 0
25.09165031125913 -43.95539428396846 0
24.36266422172546 -43.93635083965808 0
24.018010305949 -43.29921323339818 0
23.63778713298411 -43.91505178466936 0
23.29541814661199 -43.27758517449044 0
22.91491966985812 -43.89296377142689 0
23.25699371068691 -44.53094114129657 0
22.5334148146042 -44.50889586404645 0
22.1942500002822 -43.86828836844055 0
21.81139629143646 -44.48444456002514 0
22.15231019239504 -45.12406619824694 0
21.42858621318786 -45.10138336061604 0
21.09009954931958 -44.46092636328462 0
20.70529062826547 -45.07826784176316 0
21.0462951261639 -45.71705864268413 0
20.32255729278519 -45.69359146249047 0
19.98123621418397 -45.05550013983795 0
19.59901440189459 -45.66988524925944 0
19.25801646567985 -45.0322043357779 0
18.87560404035983 -45.64620073010187 0
19.21656987715407 -46.28424907174097 0
18.49312468542035 -46.26039614834588 0
18.15275841909144 -45.62141940347098 0
17.76954238845734 -46.23549135234869 0
18.11032300356814 -46.87543193274095 0
17.38585172182966 -46.8505056033065 0
17.04544834122625 -46.21060445544945 0
16.66150074837617 -46.8254255903606 0
16.32161797568705 -46.18576349063865 0
15.93732785840588 -46.80016919764 0
16.27765855763689 -47.44086895072036 0
15.55240990010431 -47.41384774272272 0
15.21208925934999 -46.77403008209749 0
14.82705872412201 -47.38907333023855 0
14.4855072280192 -46.74793206049065 0
14.09996907516327 -47.36617351249721 0
13.75843766316876 -46.72202083882965 0
13.37040875692658 -47.34026464491002 0
13.71378139371114 -47.98695259710112 0
12.98121248999785 -47.95387272483968 0
12.63695310056428 -47.31220917969354 0
12.24691028073088 -47.93513145142189 0
11.9022312473487 -47.28589578453648 0
11.5104376208641 -47.90227971880677 0
11.16399705258327 -47.25821730020421 0
10.77136531710846 -47.88368559969118 0
11.10267322178611 -48.51958534156623 0
10.37426513148892 -48.51145797952127 0
10.02828627316765 -47.85617256177747 0
47.04704803767076 -17.53258233841127 0
48.21458973282093 -14.39348252388579 0
9.631713455490338 -48.48727319539271 0
9.982105042524463 -49.14699797337394 0
36.54208114457183 -34.80676707095695 0
9.283451041213006 -47.82881149460332 0
34.37365533125259 -34.77740269051642 0
9.234205573452799 -49.12034724860303 0
9.584890225774519 -49.78248067568176 0
35.04282074670392 -37.30129540377218 0
8.835147150593327 -49.75479905136775 0
9.168106627401752 -50.40823170703992 0
35.89650303520928 -32.3014858370355 0
8.430764235122311 -50.38995843563831 0
45.26609557210381 -15.60273395480398 0
44.11189136320326 -18.7246113118255 0
9.878793693138611 -50.43479913001207 0
11.55848811817331 -46.63630423015436 0
37.37438448004793 -29.8396693304078 0
8.746233713307348 -51.05491160691803 0
46.4205862119776 -12.45254939185243 0
14.1444416607014 -46.10590692464322 0
8.085742390743247 -49.72778752258146 0
47.55658273396541 -6.690396012707829 0
8.024312946519849 -51.02915319644262 0
15.87076816351066 -48.06039537357013 0
42.61166247417512 -21.20673409262902 0
38.49708786486146 -27.99095064751701 0
40.74081379888298 -24.29341068781125 0
39.61904341056828 -26.14252980128062 0
46.12385208197689 -7.983281983823728 0
8.35875774703239 -51.70808915011091 0
7.62236539352511 -51.67145672813412 0
7.920837966728113 -52.3294839519765 0
8.611182871397547 -52.36325131793947 0
7.21716339983355 -52.30954191587714 0
6.867803925446493 -51.64027480945319 0
13.29570327503929 -48.59809728000918 0
6.461702304427137 -52.28522245893133 0
6.806394664618672 -52.9526744862119 0
49.01251107676374 -11.86108478698588 0
6.105365855045163 -51.61033292295228 0
6.054806467492421 -52.93172331163581 0
45.03468101054941 -6.073280117282513 0
6.39331928083237 -53.59901055427233 0
46.49963539243732 -4.75721087547793 0
5.646550605953881 -53.57927893353463 0
6.004919309824354 -54.25512081673324 0
6.729522859448819 -54.24393546214415 0
5.242222347448381 -54.22923114504339 0
4.892306652172169 -53.55741680577551 0
5.601619300920154 -54.90598083435322 0
4.836430645279869 -54.87927570946344 0
43.91171288565815 -4.018084318971536 0
5.19538845744814 -55.55609391270862 0
4.428220670500672 -55.53030331036346 0
5.960068158625166 -55.58241301365432 0
46.01875714756243 -14.35014442287046 0
44.86327990358082 -17.48555165157718 0
43.36164877738599 -19.96535347482344 0
41.48884581433026 -23.05971936713808 0
9.679640477550098 -47.19927388268785 0
8.936591480211494 -47.17079742698667 0
9.330035301874005 -46.54282818404659 0
8.590952796331582 -46.51452265859363 0
8.982722292533584 -45.88936498932517 0
8.246215337475514 -45.86081694751942 0
7.852279995567869 -46.48636605927991 0
7.507909648683834 -45.83143473868377 0
7.112844332528995 -46.45740397972957 0
6.76575997109399 -45.79901930981825 0
6.368628684827501 -46.43019337116753 0
8.639367951901917 -45.23856313473286 0
6.021111648242339 -45.77004786051816 0
6.419206701030717 -45.13895219935273 0
5.67600680517261 -45.10870112950433 0
5.619082715894368 -46.40240431579242 0
6.071877878804932 -44.4787129812886 0
5.331252017511877 -44.44899976480698 0
5.970689312127547 -47.06734161754745 0
5.215264653570661 -47.03966294507876 0
9.371473417681688 -45.26577979930704 0
9.021237714754905 -44.61469434101816 0
9.754926201467622 -44.64387531851532 0
9.40738366953488 -43.99757173975492 0
10.14049349651831 -44.02776855410087 0
9.801337494068338 -43.3895473226292 0
10.52256565143895 -43.41539844734528 0
9.076250963010096 -43.35820203227377 0
5.571290988491105 -47.71060260670662 0
4.812608554954585 -47.68579478016521 0
4.455022925586833 -47.00867934232009 0
10.18617120334466 -42.78004100213751 0
10.90338507068599 -42.80649950964043 0
11.24186991396953 -43.44013611160217 0
11.62100199814789 -42.83162224803591 0
5.725823067988856 -43.82098021124461 0
4.988278097696898 -43.79111009807679 0
4.588967312576691 -44.41789876083826 0
4.245143789932164 -43.7573739946457 0
11.95940209744784 -43.4648543587187 0
12.33827126360866 -42.85563494864371 0
11.99742051122411 -42.22378731305029 0
12.71644623767598 -42.24801660560498 0
13.05395657942379 -42.87911507609476 0
13.43351797768653 -42.27161783998049 0
13.76949234735402 -42.90202416898317 0
14.14938779533585 -42.29527337471721 0
14.48442468046015 -42.92517484686881 0
14.86215439838253 -42.31825564823171 0
15.19844000139911 -42.9480479741062 0
15.57549406793752 -42.34095993986141 0
15.24162134010291 -41.7107021564448 0
15.9525641759979 -41.73430302217616 0
16.28868707633706 -42.36321559890278 0
16.66459023046829 -41.75689110067834 0
16.3281571798612 -41.1289937007426 0
17.03964764184272 -41.15109273745925 0
17.37662910798704 -41.7788383570531 0
17.75149153216763 -41.17257209640869 0
18.11431189167258 -41.81590444549702 0
18.49291240699415 -41.21195344722094 0
18.1305941060074 -40.57008196924336 0
18.84317775720953 -40.59140631639422 0
19.17582011710518 -41.21467640133698 0
19.55055231547249 -40.60901294821618 0
19.20971098262017 -39.98382482759262 0
19.92064940305044 -40.00343354473373 0
20.30734685837994 -40.75623829690127 0
20.64187076948146 -40.04203651500745 0
20.29147831166011 -39.40039104435555 0
21.00770646663941 -39.41963284276569 0
21.39519889595459 -40.16954336543569 0
21.72683124549354 -39.45502585229462 0
21.3668412892836 -38.81260085420215 0
22.0823662533249 -38.83130127002237 0
22.48069614826421 -39.57976100368674 0
22.80885357200994 -38.86581592958585 0
22.44660338168861 -38.22768729554151 0
23.17159871057391 -38.24341834686264 0
23.56671994979049 -38.98974978346046 0
23.8929667854894 -38.2761100847063 0
23.53988976056912 -37.6388558573334 0
24.25459071923604 -37.64913667092266 0
24.59635631431797 -38.27569325444259 0
24.96619927636467 -37.66610782506856 0
24.60901989817421 -37.04882859870617 0
25.33296105770706 -37.05857246250858 0
25.67745174993501 -37.68264591441621 0
26.04704925156479 -37.07388394797614 0
25.70467695931019 -36.44945695277522 0
26.41658956889067 -36.46534768865328 0
26.07502544825893 -35.84179713382057 0
26.78606746992247 -35.8569988405531 0
27.1282391026393 -36.48110986351493 0
27.49709889709516 -35.87240172604626 0
27.15496407557375 -35.24883005563481 0
27.86553699666521 -35.26393585110834 0
27.52309848792268 -34.64113825409343 0
28.23380624002346 -34.65585149803692 0
28.57670771251202 -35.27907244159078 0
28.94480597185974 -34.67012483255775 0
28.60150682510424 -34.046932032474 0
29.31246712504232 -34.06128254283889 0
28.96956149644391 -33.43875899272675 0
29.68027009240915 -33.45236290790642 0
30.02371830618867 -34.07558655418636 0
30.3912034176367 -33.4662362528308 0
30.04768667190343 -32.84344808488618 0
30.75834212846949 -32.85701375744718 0
30.41457195508534 -32.2350288601738 0
31.12504395018983 -32.24822411083467 0
30.78149201661126 -31.62668948421553 0
31.49151408302637 -31.63982066444501 0
31.14829348405836 -31.01841839812626 0
31.85819091134246 -31.03112503296993 0
32.2019657479301 -31.65332979228453 0
32.56863487146794 -31.04430111310775 0
32.22457747060849 -30.42234302790392 0
32.93463632261642 -30.43505169022193 0
32.59046349272722 -29.81447014435456 0
33.30053866074895 -29.82641905478323 0
32.95646598647001 -29.20613632418517 0
33.66623689844421 -29.21795140149509 0
33.32232625419493 -28.5983745534933 0
34.03178013700453 -28.60980435746599 0
33.68679357825007 -27.99246434167202 0
34.39697602282801 -28.00219557178362 0
30.71017822134614 -34.07449846989107 0
34.05225256709987 -27.38399818004796 0
34.7621987212673 -27.39440964307768 0
34.44409033820465 -26.78958054987755 0
35.12754145675012 -26.7862442458423 0
34.78412087582538 -26.16632556015718 0
35.46388145892178 -26.16993418218397 0
35.17137727975182 -25.57386450384788 0
35.83498548873337 -25.55981112364144 0
35.5143492774836 -24.95293767651683 0
36.21335019182969 -24.96598005467056 0
35.87789718868903 -24.34587562324998 0
36.55882932566257 -24.34833734732337 0
36.27097743786405 -23.75592528635372 0
36.93076338996904 -23.73950537669153 0
36.57806722685162 -23.04280077984487 0
37.30464571334193 -23.12956295730374 0
37.00258436111395 -22.48769111379905 0
37.65977198436851 -22.51802014982455 0
37.37459141049683 -21.92909059063819 0
38.02829717455914 -21.91629504886329 0
37.70391639279336 -21.31064327318116 0
38.40912419222249 -21.32094733042588 0
38.10369111481826 -20.72432909254747 0
38.78270437767679 -20.7192432334529 0
38.42523122831572 -20.09090680142309 0
39.14251020431114 -20.10884117263242 0
38.78223097289512 -19.47854686805816 0
39.48295872414202 -19.48764591922071 0
39.17848699206577 -18.88967807699174 0
39.8508926620808 -18.88023401597722 0
39.54877536765688 -18.28446188590858 0
40.23884002019111 -18.28536903189032 0
39.91619452768045 -17.677156013136 0
40.60888087958911 -17.67941771957162 0
40.26559570837112 -17.05830386644729 0
40.95204057255644 -17.05672207887704 0
40.62506091086281 -16.44509650882393 0
41.31374492174432 -16.44455879865561 0
40.98939011128251 -15.83469844693841 0
41.67938990928755 -15.83411329745094 0
41.35551397726538 -15.22414884411658 0
42.04649487664474 -15.22366551114624 0
41.72245099011932 -14.6128205715827 0
42.41370617403774 -14.61227298954027 0
42.08977351885779 -14.00131313029044 0
42.7820188782217 -14.00053879287069 0
42.45764621485669 -13.38870292548024 0
43.17307636443913 -13.40093389768706 0
42.82945593415332 -12.77752152780393 0
42.11609809244098 -12.76604677006967 0
42.48410035148392 -12.15339388850829 0
43.1989732062736 -12.16488814680261 0
42.85183789469168 -11.53996019002801 0
43.54296117188256 -11.5354064269168 0
43.21545668899441 -10.92079103079659 0
43.9589005168728 -10.86084566471792 0
43.56452027025745 -10.27642385354546 0
42.86485937053244 -10.29125796470156 0
43.23304768308544 -9.671199744107419 0
4.047580054246467 -47.65611238788217 0
4.407168695955905 -48.33577412060544 0
3.84182508915285 -44.38459977617126 0
34.01087160964511 -29.83892933276464 0
30.43944495475024 -31.00545048936305 0
36.53670834904267 -25.52130357385025 0
35.44140280206344 -27.37307633794424 0
37.63839339062814 -23.69350432860427 0
41.77067420090644 -12.14231426435779 0
13.09477396791876 -41.64100378854948 0
39.50383076430055 -20.66793981504647 0
41.40431700087649 -12.75315395197181 0
32.91358666186934 -31.6669260453155 0
23.6741269012821 -42.66310575700834 0
33.6186982573163 -36.01728168559269 0
16.70507695195964 -45.57191861893261 0
19.63975102132503 -44.41869500856379 0
25.35881439543014 -35.82911809092214 0
26.8138789621558 -34.62605934755179 0
28.25886812681344 -33.42599721422297 0
29.70324481386037 -32.22260207835645 0
31.87886148697324 -29.80417178368078 0
24.70709037077214 -44.57508687281766 0
25.43734040905348 -44.59439951083131 0
25.05173327934752 -45.21560402889128 0
25.78413747802746 -45.23526824815558 0
25.3969982284859 -45.85757082446655 0
26.13131804400445 -45.87774962197251 0
25.74317070089781 -46.50095257235709 0
26.47284574638705 -46.52221487341287 0
26.08882632262261 -47.14559033006367 0
25.35708860674813 -47.12411762870506 0
25.70393563344436 -47.76959854362556 0
24.97064555772723 -47.74798454626732 0
26.82153517779239 -47.16699074503926 0
27.20625046389748 -46.54317212766533 0
25.31860252802263 -48.39455441874367 0
24.58754356354093 -48.3711694026816 0
27.55526682943848 -47.18801686136703 0
27.94043934441861 -46.56257230446385 0
24.93329165736753 -49.01985572247284 0
24.20139302186204 -48.99636620574705 0
28.28941555156741 -47.20879037566381 0
28.67549957913 -46.58280010001724 0
27.90032618420435 -47.8369788801355 0
29.02330191085886 -47.23072337550349 0
29.41100036769664 -46.60324160690977 0
29.06290701656238 -45.95424625224528 0
29.79771289702168 -45.97513924140873 0
24.54714783934513 -49.64620313735032 0
23.81130683170051 -49.62397940977968 0
23.46942638108653 -48.97228092945068 0
23.07570998258933 -49.60138463481005 0
23.42339301509818 -50.25057789570478 0
22.68725979623282 -50.22778919414546 0
22.33882025823804 -49.57945361491338 0
21.95135338340366 -50.20484662066872 0
21.6039787461746 -49.55665787901641 0
21.21612947384541 -50.18164353154893 0
21.563500711739 -50.82955931379564 0
20.82767103473861 -50.80700806678882 0
20.48146099225436 -50.1575998065253 0
20.09215665539756 -50.78271548047608 0
20.43906670410307 -51.43240899444467 0
19.70265494373936 -51.4086653410514 0
19.35566730248349 -50.75883600688429 0
18.96593443280803 -51.38413398376722 0
19.31333677150323 -52.03460476103696 0
18.57627229949427 -52.0095561315934 0
18.22921704307598 -51.35928144998428 0
17.83938173434392 -51.98432366262897 0
17.49157467890198 -51.33339543338612 0
17.10258925202215 -51.95936930106451 0
16.75386404533868 -51.30696255303841 0
16.36517050864465 -51.93356433225089 0
16.71261238221526 -52.58546736359877 0
15.9749238600376 -52.5602786048912 0
15.62781958559558 -51.90801226437878 0
15.23700119712984 -52.53484239144705 0
14.89011235332295 -51.88239361076607 0
14.49803546375891 -52.50945262574299 0
14.84457039558705 -53.1619265079307 0
14.10425121801532 -53.13699809820768 0
13.75463401650578 -52.48292756488212 0
13.36124771650971 -53.11256577000152 0
30.14750674503343 -46.62319980965928 0
30.53294514692464 -45.99543626253319 0
30.1828451595904 -45.34796591673487 0
30.9177005506287 -45.36787651222344 0
13.70962426926826 -53.76730086154232 0
12.9665997445374 -53.74378582482049 0
30.5664625087404 -44.72176085546546 0
31.30157914656265 -44.74091880101651 0
31.65306032119113 -45.38718873320282 0
32.03768202149307 -44.75964138610512 0
31.68611937685605 -44.11302774772358 0
32.42199079560783 -44.13146103560902 0
32.77362229065229 -44.77832151817093 0
33.15772094697835 -44.14996934048504 0
32.80593392799003 -43.50343826211205 0
33.54132577559173 -43.52161854399525 0
33.18897015545188 -42.87608303614432 0
33.92432801810424 -42.89371320562751 0
34.27712605767751 -43.53992948044143 0
34.66030434580281 -42.91117757006212 0
34.30746004637996 -42.26545675527365 0
35.04312428953722 -42.28260336498938 0
34.69046406808889 -41.63709523440501 0
35.42589279458491 -41.65426403165517 0
35.77681005549145 -42.29779146468526 0
36.15823631276322 -41.66875624569983 0
35.80672208427482 -41.02606955774443 0
36.54332767618224 -41.0416841135539 0
25.28088281592827 -49.66695892156 0
12.61680279215203 -53.08580763167053 0
12.22105840866618 -53.71783227053863 0
36.88521629407479 -41.68762752207286 0
37.27566567460313 -41.05622684371444 0
36.92602738738992 -40.41179912714303 0
37.65994744834575 -40.4265671480705 0
37.30812545699276 -39.78223302929475 0
38.04230223566451 -39.79716754646732 0
37.68997561876908 -39.15307799246621 0
38.42384058360553 -39.16811377564676 0
38.07142850463031 -38.52446062739545 0
38.80611547637508 -38.54004660859677 0
38.45343721225525 -37.89580816183108 0
39.18725059301767 -37.91164705946002 0
38.83471998697853 -37.26771678193725 0
39.56839853264415 -37.2837939639696 0
39.2151253833982 -36.64040471815865 0
39.9492347872161 -36.65599781695052 0
40.30300752753732 -37.30002767153839 0
40.68385382845484 -36.67126178967492 0
40.33006635030477 -36.02736126089358 0
41.06447129916831 -36.04242067181249 0
40.71060796733082 -35.39851302159077 0
41.44417543060297 -35.41336831525897 0
41.09067689562819 -34.77013530977935 0
41.82446932145209 -34.78503616685445 0
41.47379045906881 -34.14372293535931 0
42.20461741469882 -34.15698039077954 0
41.85443713063375 -33.5160832295692 0
42.58421189665358 -33.5288400476705 0
42.23454261611018 -32.88837994620573 0
42.9638614488685 -32.90094762023951 0
42.61443472087716 -32.26077446391463 0
43.34349942975798 -32.27332144887326 0
42.99429874189529 -31.63335351928247 0
43.72264107319494 -31.64554921670614 0
43.37394943033664 -31.00596288389973 0
44.1026748311053 -31.01843819248744 0
43.75375273398613 -30.37879324691953 0
44.48164648259123 -30.39083721852932 0
44.13327757628398 -29.75155298442074 0
44.86055882822581 -29.76325396583867 0
44.51283753310584 -29.12438396024239 0
45.23999485407009 -29.1360234644949 0
44.89236379400268 -28.49721756787379 0
45.62179992470647 -28.51024121890579 0
45.27240737456187 -27.87035572586434 0
46.00213656029403 -27.88352397295077 0
45.65168826060416 -27.24257643996097 0
46.3818828746644 -27.25519496295222 0
46.73545805654769 -27.89873671100823 0
47.11188385189303 -27.2680545033618 0
46.76055276542847 -26.62617508273384 0
47.49117289086828 -26.63877559229525 0
47.14001296250905 -25.99689551998529 0
47.87053532100931 -26.00930063126564 0
47.51970953946131 -25.36747516996918 0
48.2505661612819 -25.37995519095843 0
47.89966706977783 -24.73748600298152 0
48.63032077410638 -24.7500719529828 0
48.27977367523427 -24.10816051630442 0
49.01356512330712 -24.12228066071019 0
48.66061123684351 -23.47894250632994 0
49.39171916656728 -23.49073000631711 0
49.04075106478355 -22.84850384170581 0
49.77144475403266 -22.85972730124602 0
49.42117618404151 -22.21769212247837 0
50.15573251496333 -22.23109704117123 0
49.802554937218 -21.58696341944209 0
50.53407702746826 -21.59816238759144 0
50.18319514084661 -20.95529490414329 0
50.9145390087802 -20.9660388074356 0
50.56424495266734 -20.32326335575862 0
45.22940093215379 -30.38372799192872 0
51.30004607715107 -20.33649577727297 0
50.94686647122188 -19.69166579048019 0
44.08776581647528 -32.27256320627102 0
51.67884139305784 -19.70200423369216 0
51.32745635416235 -19.05752627791535 0
52.0667277371595 -19.07271038312157 0
51.71075303477686 -18.42517597290988 0
42.94397961429934 -34.16329211084366 0
47.46992910231155 -27.91427939565825 0
52.45050638024404 -18.44113937755809 0
52.09342460905383 -17.79217600040369 0
51.35365672974629 -17.77760545393195 0
51.73598824429976 -17.144078114304 0
52.47642851846826 -17.15857436850467 0
52.1183122871095 -16.50952275848411 0
52.85937518376024 -16.52348642404588 0
52.500831039623 -15.87395168697917 0
53.24279510213019 -15.88818364166986 0
52.88393145335242 -15.23861640932834 0
49.01018931182168 -25.35419909602613 0
41.80062427653078 -36.05387944422731 0
49.45224195090906 -20.94471132648394 0
47.92578961988912 -23.46497198486942 0
52.14202651245031 -15.22444469859622 0
52.52488043418565 -14.58928646349872 0
53.26705261778891 -14.60265052203502 0
52.90770656736964 -13.95283416528567 0
53.65073559057797 -13.96615968047074 0
53.29083611506266 -13.31552394520849 0
54.03479930836158 -13.32907448524109 0
53.67446233966483 -12.67759512878104 0
52.92990624666789 -12.66433505814414 0
53.32559698777277 -12.03303438190575 0
54.06680132749938 -12.04169490555897 0
53.70770544431613 -11.38815183297533 0
52.99618513288658 -11.35996821857589 0
53.35823136492081 -10.7281600310912 0
54.10356561745461 -10.74407183180765 0
53.71970704951868 -10.09232846267148 0
52.99237870027139 -10.07394311350129 0
53.35668413993889 -9.433924178182135 0
54.10778741504315 -9.447740341607801 0
53.74333908072077 -8.78799874770014 0
52.9869623420539 -8.776947177125315 0
53.37305424824241 -8.127246495183503 0
54.13266759966365 -8.139101336569787 0
53.76373682598329 -7.476784555902126 0
53.00201025314581 -7.464277214126579 0
53.39437442366761 -6.810991931700535 0
52.63152371186827 -6.798922517791604 0
53.02421662801769 -6.143670787068942 0
53.78736685548326 -6.15600063669377 0
52.26001536120425 -6.132554249308191 0
53.4159414363465 -5.486428636389431 0
54.18279078174876 -5.498695126162485 0
46.78607594290999 -25.35297486510973 0
53.80902912158462 -4.826699671236577 0
54.5789800571763 -4.840336013044441 0
54.95232885997309 -5.511531081005906 0
55.34692593551223 -4.854542270995905 0
39.15545300388607 -39.18655890407149 0
50.1541247018829 -23.45747570828674 0
50.9963810065117 -17.13017522450226 0
51.78324531341082 -14.57563593452437 0
44.53606171252208 -27.85317003266042 0
43.01771856180567 -30.36178185256748 0
41.49802803151955 -32.87134544148368 0
51.29851655912725 -21.55988418251447 0
12.57179778521419 -54.37730550393164 0
11.82483126627445 -54.35137646864973 0
51.86915999063348 -6.787471096490767 0
51.49675752074286 -6.121744209093704 0
52.43763015584929 -19.67492920735813 0
18.92422390423354 -52.66057613718206 0
55.71521252264631 -5.524543944619223 0
40.33758005783918 -34.73729538818834 0
38.00417837482171 -41.0758349812739 0
56.11099623795855 -4.868897680076073 0
55.74120604272939 -4.198788063791313 0
12.17600928665359 -55.01157263385889 0
11.42801534208239 -54.98599358739881 0
11.87142751289103 -53.05781535333735 0
53.60168729729294 -16.53852145782616 0
54.20531057062807 -4.166542817490509 0
53.43205561541792 -4.153077965501149 0
42.25808690895311 -31.61634982087728 0
43.7769777058083 -29.10746629268166 0
50.61485031846586 -17.7627276929308 0
50.28341358753961 -17.07872054630535 0
29.83197265937099 -44.70179063806751 0
48.69075721895285 -22.20682102687472 0
21.99832883511522 -48.92836452263479 0
17.87957174774849 -50.70791547777715 0
50.20890146814796 -19.67778661840607 0
46.84029850367157 -9.251810961049891 0
22.95240750729148 -42.64148575898888 0
24.23854604404475 -47.7250145529682 0
30.88433035830317 -46.64355652350013 0
18.91809809222746 -44.39539102700537 0
26.3898329023088 -37.69903866355274 0
49.39664384574118 -11.22837952660855 0
49.75403380190182 -11.87703265495855 0
33.51016747714205 -44.79752588121772 0
27.84082832694511 -36.4953357059159 0
23.03550147970098 -50.877612029262 0
27.59628607301255 -45.91366909685704 0
35.01385174740678 -43.55792760525051 0
21.26475528023878 -48.91289404053097 0
12.26648426655199 -52.42486683662145 0
41.03886978638249 -37.31569083473295 0
15.28115234746226 -51.25604785377345 0
32.14441259530942 -37.23796284259701 0
30.69713614906715 -38.4777594835131 0
53.98541314016652 -15.90224699802113 0
16.70246178457897 -40.52485713067024 0
15.99313435755004 -40.50213441902977 0
14.54376569058132 -51.23021509615162 0
29.28823147668628 -35.29420652453965 0
30.49826520179291 -47.27235188027093 0
23.77271697150935 -50.90061244888327 0
19.66178059190324 -52.68564816168051 0
33.12566908273391 -45.42709001461515 0
46.28947108176035 -18.77645097530249 0
26.01966195775718 -38.30825815912773 0
17.7271768462401 -47.49103181246694 0
44.78047750809732 -21.2577600636569 0
43.27663405266664 -23.73246698383992 0
16.32180759094695 -53.21273055886304 0
48.2484687285134 -26.61734791423068 0
45.8319564102653 -3.402852769893021 0
45.98438067737844 -29.13141626491735 0
41.78106821176699 -26.18991121204158 0
40.28501880025838 -28.6545340593955 0
38.76686532219989 -31.15644337956478 0
35.7934127877205 -36.06244470824834 0
37.26772017036711 -33.61727295037721 0
31.44394756732434 -32.84720357419645 0
12.92137125662559 -55.03608878092794 0
54.39488637494043 -13.98037553161888 0
54.77934406749785 -13.34247248919968 0
4.067410272608845 -54.84998515993934 0
3.658474951782011 -55.50378641428664 0
30.21580143869285 -44.07659398053858 0
31.70872047825695 -40.36710400914296 0
31.33090142371053 -40.98775323341283 0
47.42583268367213 -16.90848106581015 0
10.56785678248867 -42.17231023992136 0
9.853207722980869 -42.14695717665982 0
49.90393724836267 -17.66657358978676 0
42.51780920259678 -9.665915782905323 0
42.88611525422014 -9.047773164569124 0
18.45284221907309 -47.51591082263029 0
33.2046926390196 -39.13184620709143 0
5.386054174281377 -43.16818232126275 0
6.117511789776136 -43.19701934623786 0
36.57255413929251 -39.76653304575815 0
42.00804275412773 -16.35403639337577 0
41.29767441737893 -17.59220546272612 0
40.5819227981945 -18.82462742090102 0
40.28307977062821 -15.82515550826224 0
41.01489600263626 -14.60136558864074 0
38.74538198674211 -21.8685675337194 0
4.020901239270483 -56.18239596810558 0
32.6132708157378 -28.58447470484282 0
3.690735419420586 -46.97730694936106 0
50.13791788953336 -11.24310215187372 0
11.07672462125092 -54.32421685925036 0
10.67928537035698 -54.95996607406423 0
34.71683678805449 -28.58612260785032 0
23.38449737183629 -51.52865918905772 0
35.12502411302786 -33.54143547659057 0
51.10695582589832 -6.775763524031015 0
50.73518629044052 -6.111181657135825 0
51.12496900992883 -5.455493180737563 0
50.3616582523571 -5.445570071074192 0
50.75196075796725 -4.788382420439655 0
49.98626525059056 -4.77758807583874 0
50.37945327422737 -4.118187860603013 0
49.60712001753555 -4.108842123625962 0
36.6375977975771 -31.05100650685669 0
26.73372467169693 -38.32535824526792 0
43.1601308512241 -2.7045224324994 0
3.495659923855757 -43.72315877420546 0
3.638768643107776 -48.30672574110474 0
3.998316639721492 -48.98745925664804 0
4.768594652876247 -49.01554875225055 0
4.360633281586509 -49.65355768201593 0
3.587582938519454 -49.63944081940295 0
3.951932937771766 -50.3250550974623 0
23.33119649581624 -42.02824963376078 0
31.23666961920102 -47.29279933420367 0
53.82979643906812 -3.488145235938751 0
53.05313426574197 -3.475397858681621 0
13.41121838231814 -43.5140783536736 0
56.50659632353921 -4.213312561344992 0
56.13715314164409 -3.543138237668486 0
43.97626581362553 -9.609024586759292 0
14.93556488472004 -50.60478111101509 0
19.27130407658752 -53.31357691537261 0
3.120228677439945 -44.32333471599426 0
42.16818235917714 -9.038237346621791 0
42.53549159338841 -8.420713167237846 0
43.25632668503717 -8.430788740417267 0
42.90452980833321 -7.802030581688395 0
33.86395109637861 -45.4462147232566 0
5.555149448046813 -56.23029843566232 0
6.30050969168448 -56.26558623285646 0
56.48141507980188 -5.536697475827955 0
56.08566473965472 -6.190770581712678 0
50.00503539869347 -3.445047979654885 0
49.22824007546505 -3.436141412310418 0
38.55260035440691 -18.79040858214199 0
16.36626739165604 -39.89992890721007 0
14.8211267859469 -43.55635929723876 0
20.66407768855566 -46.33322829187047 0
21.38967351299804 -46.35673935418088 0
41.80204803981341 -9.655239615832782 0
43.940531170802 -12.10826955603258 0
29.48354993851014 -44.05651904939238 0
37.71956628563404 -37.87981092383092 0
38.48224263931417 -36.62446753688651 0
7.469249684746392 -47.11745820326493 0
33.71075163547474 -26.76135278164848 0
42.74272702926623 -15.27838583889125 0
41.06004072606174 -12.13040847339709 0
3.900040760009235 -43.09339235768218 0
20.01167107988906 -53.33805905303971 0
3.294769049336703 -54.82054729498248 0
39.4705762242124 -17.08705333075213 0
26.36166400871892 -38.93664474666907 0
17.71812459505043 -42.41021430060009 0
19.26702081997997 -43.76822935656612 0
10.23171962093593 -41.54203900590754 0
11.03114363338058 -55.62210026955758 0
10.28126762624152 -55.5963971482909 0
9.928338029307074 -54.93224423119949 0
9.529728862895215 -55.57056863241167 0
3.250014970213598 -56.15852852615036 0
3.15210423822483 -43.05779096977952 0
18.06873416920435 -48.13321847435328 0
18.79626156639899 -48.15775216325903 0
34.78466664172148 -24.98484209157432 0
11.5792307406437 -44.07530010618317 0
33.95577955478292 -41.62022454623747 0
24.1235822890704 -51.55157751042267 0
54.34411366570949 -16.55308905533165 0
54.72869902335774 -15.91810642040671 0
50.49573506815977 -11.8927533040405 0
50.11112577327604 -12.52586040758242 0
33.47837688537932 -46.07576259903459 0
30.84918784389956 -47.92347591277412 0
11.5210855048276 -52.39750398544121 0
11.9164250127302 -51.76342146089053 0
36.64615834617283 -21.79050506126582 0
22.61185692515855 -42.00657702116622 0
15.65920740857236 -39.87727359135159 0
15.53707369990934 -43.57945368015505 0
40.6947718415163 -12.73878767866272 0
50.34690245923522 -6.764788855885827 0
50.71672504326622 -7.426864066734962 0
49.2158423549196 -4.768514144215871 0
9.176372014317124 -54.90595206094872 0
8.777014061256253 -55.54492248919708 0
9.131030738002085 -56.20992954508503 0
12.52727458919755 -55.6715265938343 0
55.13989091991958 -13.99434900252422 0
55.52457109971317 -13.3559415296069 0
42.18408065806822 -7.792401951312343 0
42.55251985022609 -7.173423863230391 0
5.778753584241732 -42.54854919696496 0
6.501013387070978 -42.57623754975965 0
13.27275285881652 -55.69585581325988 0
6.84532613073661 -43.222504415678 0
7.233614851150239 -42.60658975579437 0
3.176604835574592 -50.29877228621453 0
3.532998966332155 -50.99014873268312 0
43.52527032743306 -14.04191555019378 0
43.62729298571998 -7.812485042858206 0
34.33804265772434 -40.99350372583323 0
13.41838173188748 -46.07899451383728 0
56.90488026056662 -3.555395132911381 0
38.86211312035198 -35.99857811309204 0
29.86641519816874 -43.43275364251755 0
51.40059264141726 -15.21034961490604 0
51.04246715835659 -14.56198577931672 0
50.66031593113401 -15.19571094338635 0
15.95724954789614 -45.53042229870593 0
24.66672656878407 -45.83616750526494 0
53.96038440726131 -17.18945787447886 0
23.73487626427276 -52.1793071567085 0
22.99893552024912 -52.15417756972125 0
26.17279574711643 -44.60897287019036 0
17.06098325113098 -53.23767192436128 0
16.66944431325615 -53.86614068163465 0
26.05167956455192 -48.41536266741242 0
14.19832927051558 -50.57786717049547 0
40.65680410474189 -37.94587086149906 0
41.39452903770431 -37.96171658980803 0
41.01103436146342 -38.59362978073637 0
41.75003649474775 -38.60970156266026 0
42.13319359390272 -37.97703387142676 0
41.36622917090503 -39.24223799422084 0
17.41037707479207 -53.89076713494679 0
14.06003948006759 -48.63418644484796 0
6.539802294136864 -50.97629841629897 0
53.45342265688701 -2.806712818938652 0
52.67346593927599 -2.794327641451665 0
54.23416677947343 -2.820264852488107 0
3.612769993090629 -56.83698953891594 0
9.520946758193256 -41.51557919214305 0
32.44220933661519 -42.85945558671304 0
35.6727364912513 -23.7157711390874 0
17.01840345319169 -54.520442359409 0
16.27641281157221 -54.49531811387938 0
37.60424833589564 -20.16604181242181 0
27.07822722482235 -38.95313804153276 0
27.45037652777542 -38.34029773827668 0
47.77755726916067 -17.54881579355534 0
48.1570360538465 -16.92346871487364 0
50.88034277217384 -11.2575669205398 0
50.52153193875549 -10.60659211861215 0
51.45934921866792 -13.91931414669225 0
50.30252431420455 -14.54849359250676 0
49.94897752248062 -15.12131675498563 0
56.53358347174074 -2.883556265773146 0
17.75925622848611 -54.54473249831965 0
6.887588503998079 -41.96420445507093 0
56.84945862032492 -6.202469007923678 0
56.45793294904261 -6.853246545330144 0
57.30325099374031 -2.895714645491628 0
57.27343733847199 -4.227936250746938 0
10.63402120132055 -56.25908163082318 0
5.911439395902592 -56.90319745840763 0
6.653236489956758 -56.93874717441867 0
34.21741382719154 -46.09517223875657 0
34.60034830017763 -45.46442163696925 0
9.575515388419063 -54.26695750443305 0
8.8224934874487 -54.24051396457311 0
22.98953753936684 -41.3946487618904 0
23.70818324355186 -41.41577599340139 0
19.62087712048692 -53.96720083544989 0
2.84205138676737 -56.8133368379105 0
2.772142910527792 -50.95472207487425 0
3.129980118133703 -51.64665532979978 0
3.900695721087451 -51.66714017387807 0
3.4959269217525 -52.33305654726529 0
41.83237068013096 -7.163605226370729 0
42.19904224888545 -6.543171172816514 0
42.92267817534812 -6.552925447120034 0
42.56803190105443 -5.922502228610306 0
2.476816611629209 -56.1312925244407 0
2.816150631585247 -49.61556376602142 0
13.80418665910135 -45.46403845007166 0
13.06345760948072 -45.42753869362396 0
3.5547776878344 -42.43015550342655 0
2.813306098672081 -42.39338889034221 0
31.58985999974262 -47.94363610202792 0
7.615355488687811 -41.99472397250172 0
18.39410056635474 -48.78456450896565 0
17.68150198117414 -48.75172879407611 0
32.07192761874333 -40.9945626206033 0
8.285293246749394 -44.57822771242366 0
9.900298710192313 -40.91453462744103 0
10.60763910033352 -40.93984255680215 0
49.62645064363552 -2.768658264919063 0
48.85052373814518 -2.759279748908759 0
50.40478546769223 -2.779436813636031 0
48.45544454985947 -3.427025510895017 0
48.07586645441589 -2.752014268188642 0
10.09865605295132 -45.28652691129741 0
54.70324769807755 -17.20415458022842 0
54.31909366217489 -17.84066434764137 0
55.68633684737663 -6.845732034929572 0
56.06889795632199 -7.504216716013403 0
56.82795921763356 -7.51821866665576 0
56.43724332662962 -8.165350761883078 0
2.717170244568362 -52.30865867229966 0
41.42523259548172 -11.52158776802386 0
40.71553594999186 -11.5097744989526 0
38.13042199410643 -35.9827323836768 0
38.42005303329101 -35.37882475301325 0
21.0065703881927 -46.97408500122361 0
21.73369921961751 -46.99751688768468 0
41.45256651662667 -9.026539286828971 0
42.49021432307865 -38.62595048277127 0
42.87435307313917 -37.99110006347627 0
48.59750079528118 -13.7666722241367 0
29.13535833678486 -43.4135633470572 0
28.75267451321514 -44.03602342257637 0
20.36145083644494 -53.99219121737494 0
20.75320084489892 -53.36184017378654 0
16.03191687957268 -39.27684579221012 0
16.73772410171675 -39.29880674378997 0
41.09033091760796 -9.64691850058796 0
31.97622306119667 -47.31302068439442 0
32.33105303339523 -47.96370452278495 0
51.51382008157381 -4.800560289011287 0
19.13138451547737 -48.79892713272103 0
19.51704432802664 -48.17800586650134 0
4.181277385294679 -45.04056923481883 0
26.70566986387431 -39.56582958121835 0
25.98806344633693 -39.5489389209573 0
41.84478626890718 -5.913123839009256 0
42.21266324485002 -5.292254956014662 0
16.62572987233329 -55.15091919349317 0
15.88289519140612 -55.12550904418251 0
41.49115322595355 -5.286659963211321 0
41.85684546441567 -4.663937759959367 0
43.29440856186316 -5.92962655135149 0
31.20196505290913 -48.57544243240677 0
30.4603185170898 -48.55481498084164 0
51.2382881887609 -11.90840513838579 0
23.36727812673513 -40.78331748699876 0
24.06173158014618 -40.81639828002764 0
8.39267658400132 -56.17650465159389 0
8.750378029367937 -56.84038426538548 0
5.130765603687593 -49.68592227125374 0
55.88532134768997 -14.00889655324141 0
11.16970525144345 -51.74869960411281 0
11.57361532937248 -51.108277884778 0
10.77329294958144 -52.37173773152029 0
12.31346835885551 -51.13144125410459 0
11.98283404785136 -50.47166736518273 0
51.26618860512104 -10.62083957765381 0
50.90588651551892 -9.981136564505285 0
33.83325662721307 -46.72583736389409 0
24.47528798474968 -52.20353221096882 0
24.8650371735523 -51.57260459003545 0
24.08816378547856 -52.83125948735939 0
27.79549037598353 -38.96947650590617 0
28.16825563948075 -38.35614787765592 0
15.32609424383262 -39.25464844795525 0
14.95338009968916 -39.85394522745641 0
16.31158528918191 -44.90314261511274 0
49.95858503607702 -7.415215948560268 0
49.59003711289947 -6.755390386438087 0
50.38787228928219 -8.066890146507909 0
51.10707919945196 -8.079732710993362 0
15.16920109059902 -44.18338521722001 0
2.445702702600243 -42.99989139700203 0
3.086801302938233 -52.99733546766743 0
2.305446461873402 -52.97271727923609 0
22.27175534276413 -41.3737670319005 0
21.8938999393061 -41.98446910590778 0
18.42783514625606 -42.42884481375751 0
18.0840788780098 -43.05320072350209 0
53.85473413407943 -2.135546026303953 0
8.060235252145549 -55.52033868127145 0
3.204619891115287 -57.49414704107579 0
3.972331144842379 -57.51909860268153 0
2.434338330903993 -57.46726451541381 0
47.68159545379121 -3.416288802596034 0
47.30229515782597 -2.743336391984982 0
16.40356404597338 -38.67646392917879 0
17.10786464400209 -38.72289776715817 0
33.58960390839529 -40.97823738372207 0
12.87915933651502 -56.33130908038558 0
13.62612677088373 -56.35682708355086 0
14.01388082186228 -55.71495436022494 0
45.19719367821558 -2.042119844415001 0
25.21707209938731 -52.22605564085299 0
25.607093226037 -51.60003864042878 0
54.62956477081256 -2.142429031563147 0
56.2707469655539 -13.36991246713574 0
55.90934414008836 -12.7163823697358 0
56.65650902645235 -12.73025475958468 0
56.29458783869919 -12.07890356759708 0
55.07135061803132 -17.85079145846229 0
54.67960230206356 -18.49144933643605 0
7.572476749229971 -43.24764285783963 0
34.57072850615955 -46.74730933990756 0
6.279144913196456 -57.5774157470761 0
55.68172418987076 -8.153614652699073 0
56.05015089861874 -8.813350325832795 0
56.7915503831066 -8.81722417618615 0
56.41539991408909 -9.470629353619774 0
55.66403424405905 -9.460622476293878 0
56.03134227977137 -10.11475598252935 0
56.78435062921438 -10.12954587762649 0
7.018702090352257 -57.60573139972213 0
50.02002558256652 -2.094512469972364 0
50.79987484704447 -2.101358564061404 0
4.30072747215423 -42.47098837096691 0
48.0564121126428 -4.088919608134353 0
10.07140431808444 -46.57129508798292 0
5.514244743490573 -57.54677904676133 0
41.46668011564416 -7.781370243153683 0
43.23169622544511 -38.64197229871225 0
43.61613905395674 -38.00700617412151 0
43.25830569638762 -37.35635816195996 0
44.00025955240496 -37.37196829995482 0
43.64259602505228 -36.7214099735312 0
44.38414078804078 -36.73702869919201 0
44.02652253097602 -36.08724460197518 0
44.76790090578603 -36.10231274780715 0
44.41033526296901 -35.45302295967358 0
45.15160033875918 -35.46791797823671 0
44.79408902865561 -34.81876369620328 0
45.5351942548499 -34.83363745490722 0
45.1777456686852 -34.1846277114804 0
45.91856678773915 -34.19942918670358 0
45.56094869988641 -33.55087718329415 0
46.30193993419574 -33.56549651205294 0
45.94445903642208 -32.91688416679772 0
46.68524621991739 -32.93152744141754 0
46.32805769582808 -32.28300283948595 0
47.06856241705715 -32.29781469247634 0
46.71109748209413 -31.64957257253913 0
47.45171858366811 -31.66404076643852 0
47.09440396476072 -31.01578671785723 0
47.83496674987894 -31.03050643722091 0
47.47795488087426 -30.38190775581341 0
48.21822799865553 -30.39687446602329 0
47.86486553834787 -29.75047274849279 0
48.60204761955718 -29.76364111320601 0
48.57575360008488 -31.04573736325652 0
47.00478721894803 -33.55759347820385 0
47.77928092382624 -32.29414280755209 0
45.58804634151075 -32.26780712358958 0
44.43692452405591 -34.17054312840249 0
12.71099443712534 -50.50105921053439 0
12.35967347383431 -49.84353994318303 0
5.537671859117395 -49.04154390740692 0
6.808671216595556 -44.50533506733549 0
33.95165688743862 -40.36525033767992 0
31.67983263430903 -41.62295794186277 0
43.28596722687439 -36.07150121603536 0
46.04312152621928 -13.07926684101985 0
45.68909720674672 -12.43883728603304 0
46.06598979487078 -11.8134178190983 0
45.31355455117006 -13.06317662277501 0
45.33561976049334 -11.7995480114147 0
45.71087769920815 -11.17427820801359 0
14.51799713473057 -45.47116521208049 0
55.45180022658386 -17.20311903151326 0
55.43260601942587 -18.50167419874674 0
32.51975492293817 -36.61995574457976 0
31.79800901053328 -36.60424748685304 0
32.17231789864212 -35.98825912878821 0
31.47791945756269 -35.98813218492962 0
31.08284249848061 -36.59008925626777 0
31.84007707516008 -35.3661845787904 0
30.84666579795369 -35.95028736606952 0
30.46623448388344 -36.55342386770079 0
44.89094082778228 -16.22397665661942 0
44.54099246603677 -15.58849225355226 0
44.16689885424806 -16.20805092457521 0
44.91538470253543 -14.9685479042447 0
37.75115287990258 -36.60770211871531 0
17.0791215728589 -44.95385271554088 0
16.7022340084249 -44.29757349974902 0
17.45112855842535 -44.33854753436928 0
32.81026130542985 -42.2419459489797 0
9.141090689012351 -42.11835697346045 0
8.790840762476432 -41.48559282345902 0
27.18103970184962 -34.02011981542316 0
26.47351155436933 -34.00488967073895 0
26.84086139135492 -33.39920174767003 0
26.14821318827693 -33.3942090470188 0
25.77000893692158 -33.99036846004522 0
26.55785381656217 -32.81012203578369 0
20.01746696864316 -43.80231199519092 0
19.64143689135833 -43.15365193990479 0
20.40160720113712 -43.18615493145181 0
20.05824576183861 -42.56050492182217 0
57.2403956985561 -5.551347313921163 0
28.62659035742693 -32.81810749942742 0
27.91778282670983 -32.80502700675644 0
28.28409577243087 -32.19929179878678 0
27.58003730423592 -32.18631674793012 0
27.94648837221225 -31.57847140205944 0
32.5473519843005 -35.37417328046725 0
32.22741336651865 -34.76041450056358 0
32.92185494165111 -34.76103207896789 0
32.57648673875616 -34.13202414840168 0
33.29034744907577 -34.14475561944438 0
32.94261526260717 -33.51438510256118 0
33.75701126609864 -33.53549163982193 0
15.67130661599478 -50.63049543547477 0
15.32666433282776 -49.98067424679243 0
16.06084160271955 -50.00642846919173 0
30.80517106849247 -30.39865038990512 0
30.09818491774623 -30.38538898276106 0
30.4624778844793 -29.78088390329117 0
29.75730377362303 -29.76781893211675 0
29.39333690853587 -30.37102846027984 0
30.12112428057808 -29.16434950475666 0
29.05325418439815 -29.75461938341603 0
28.69057287662117 -30.35734460159265 0
29.02855165739739 -30.97280143980968 0
17.44497287493676 -39.3234705633388 0
17.8137466084356 -38.72329451263798 0
30.59799038464489 -43.45213759887835 0
30.24258580087574 -42.81274225163098 0
34.71266965796332 -40.36999712308504 0
34.34362447397297 -39.74075592643251 0
35.09299837708545 -39.74532108413806 0
34.72480521961569 -39.1067330192343 0
30.82546433209576 -29.17694311230095 0
9.488079691823859 -56.8724186537036 0
35.47286222126097 -39.11934683007954 0
53.9349945153721 -18.47687062750428 0
54.29325855185406 -19.12883740022562 0
3.210459905241735 -41.76717023583207 0
47.39834064855957 -18.17366063577516 0
48.12938862318582 -18.19009118717395 0
47.74986019694402 -18.81591191714568 0
48.48180282000011 -18.83198130987687 0
48.09646331690409 -19.45491435374293 0
47.36913611612901 -19.44144335890059 0
47.71510184832594 -20.07984819386978 0
46.98929469651844 -20.06688318538689 0
47.33533628069905 -20.7049101180562 0
46.60984678312671 -20.69170729360679 0
46.95561826618655 -21.32919363818448 0
46.2307058655794 -21.31595485228214 0
46.57666403677408 -21.95320326802606 0
45.85186667019954 -21.93967930134775 0
46.2000976895336 -22.57807396537128 0
45.47405909934154 -22.56215089542756 0
45.81956516208019 -23.19957191525301 0
45.0955355693153 -23.18463391472312 0
45.44099594386091 -23.82194203478107 0
46.17368103330527 -23.84157478936699 0
44.717660112723 -23.80686749844221 0
45.06470770187794 -24.44557930170244 0
44.34003572087272 -24.42923999140083 0
44.68517815245136 -25.06636141756704 0
11.38351230106584 -56.28373295386866 0
12.33309878259768 -44.12015025503122 0
11.94076853075743 -44.72593662646824 0
55.49992090110378 -14.64607331099593 0
43.96225343575794 -25.05265630356456 0
44.30721997137693 -25.68826741787203 0
45.03829273205432 -25.70721075331351 0
43.584499554074 -25.67463772783436 0
43.92936052001758 -26.30986853070237 0
22.11586343914936 -46.37955522686725 0
22.45942734482894 -47.01936395042833 0
22.84155807266405 -46.40019046290392 0
32.81406128342228 -39.75285963008646 0
55.55130366582168 -12.07039425081322 0
17.34478997926511 -43.01789441827973 0
13.80020319667723 -51.196281334026 0
28.48298371279069 -38.96337187796539 0
28.881673045596 -38.36389184325586 0
28.54081343646952 -37.74112484700316 0
29.22811485262303 -37.74279861535548 0
28.91344858336725 -37.12715637087549 0
47.80463293168359 -16.28318698771919 0
48.53662695458699 -16.29708624737806 0
43.207197722636 -26.29645260707017 0
43.55195171220674 -26.93149256779813 0
42.8296891272383 -26.91792582214217 0
43.17434986111603 -27.55283363324878 0
15.53455925822343 -54.46986837127205 0
14.48521867623098 -44.16593112489824 0
52.28163937573225 -3.470501145672771 0
40.62749759906406 -39.22501847061657 0
40.98155201595134 -39.87539969464028 0
41.72231330134617 -39.89232723817084 0
41.33767023587394 -40.52621510294489 0
40.59564238299176 -40.50898034722861 0
50.16183438753639 -9.957136961255166 0
42.45254702090102 -27.53949111542679 0
42.79694425446633 -28.17419184234084 0
42.07508138227658 -28.16078307953382 0
42.41941101021001 -28.79542402670268 0
20.28145783302573 -46.94932815127487 0
32.74093939115478 -46.05449907271935 0
8.543200599472108 -47.79880569600317 0
6.337735882323175 -47.74533262113695 0
48.46204920693125 -2.078851515599413 0
41.69797284278076 -28.78226523129583 0
42.04202982913831 -29.41674724147001 0
41.32047817232283 -29.40353595168051 0
41.66450274202734 -30.03802602014011 0
18.69692765495764 -49.44052275252908 0
43.95170849903803 -8.425710128639547 0
44.3488596249647 -7.818607011692095 0
44.67598291675097 -8.504123081472203 0
43.6498997620472 -6.565327485444985 0
40.94332681101154 -30.02508296850451 0
41.28707169440117 -30.65944959272445 0
40.56573061577318 -30.64646500362747 0
40.90946925290105 -31.28089630119243 0
28.39881156119105 -43.39535282159421 0
28.0215436263727 -44.01604458165284 0
28.36979641286022 -44.65806984999312 0
27.64043059099449 -44.63728464808236 0
27.28778967454146 -43.99673458180715 0
21.59085747154038 -41.37533549324407 0
47.10914391594052 -28.51808137285528 0
40.18846008188467 -31.26818834203253 0
40.53191666417751 -31.90253470844567 0
39.81069794272587 -31.88979122727805 0
40.15417585265311 -32.52425368312181 0
20.6121568935074 -47.5916605951541 0
48.24419582327069 -29.1145319510458 0
48.98485351158236 -29.12908281263224 0
49.34255417827626 -29.77877158290939 0
49.7260898139826 -29.14397354331883 0
49.36804967796952 -28.49425733325826 0
50.1096547625649 -28.50888232620353 0
49.75142687226294 -27.85908589824304 0
50.49315763706375 -27.87365229715514 0
50.13486580122718 -27.22375665764724 0
50.87672969653644 -27.23831715282209 0
50.51835576770238 -26.58830570692047 0
51.29396091494921 -26.6231075529867 0
50.90751896925852 -25.95608024318361 0
51.68415496677662 -25.99139608020307 0
51.29312864184042 -25.32114261615616 0
52.0359067709593 -25.33624058567022 0
51.66901012475304 -24.6811657444378 0
50.08471442059277 -29.79422857029072 0
50.54593510094799 -25.30390646486885 0
52.41314899526999 -24.69639561728609 0
52.05283363091339 -24.04508520145802 0
52.79608857671327 -24.05964011911298 0
52.4367270858765 -23.40910820636453 0
51.69449543168336 -23.39439470149727 0
39.43324363913467 -32.51179613099542 0
39.77644153851521 -33.14620826854217 0
39.05524847186803 -33.13372447397194 0
39.39908240855443 -33.76860869404721 0
57.6076286706284 -6.214750174753363 0
38.67764026152942 -33.75617231761925 0
43.88437544312868 -13.29771045897629 0
42.60546245009883 -4.6542912472878 0
42.25578742151492 -4.019390199241399 0
7.292743826240521 -41.37493361307881 0
46.74127338084128 -30.36958067216438 0
52.08413827907027 -22.76291957969498 0
52.82107830800607 -22.77368784842687 0
52.46847369420603 -22.12770565115119 0
53.20468793152378 -22.13784291773794 0
52.8454640732928 -21.48774016082018 0
53.58719466045688 -21.5009847631318 0
25.4012607350617 -33.25669926343939 0
25.04573005798125 -33.96193353290258 0
45.8893786627247 -35.48087934462509 0
37.37438881811087 -35.97164324869026 0
37.01787198435483 -36.5923928826862 0
30.95628998863099 -41.59152418226637 0
30.96406258286577 -42.83185814073633 0
53.2347523819235 -20.85488979092541 0
53.97166156600501 -20.86492772544356 0
56.92964343035266 -2.22022378490778 0
57.70099303012121 -2.236600948909216 0
56.16053732165659 -2.204206065357312 0
49.0148967785348 -27.84743962397579 0
13.13521172800836 -49.88171594153136 0
19.83583523364723 -48.83356632149749 0
11.6710063425406 -49.82650722304201 0
49.78205187532356 -26.57698784272166 0
17.42456023120291 -38.05628925895937 0
18.18872110655694 -38.12859848510892 0
18.52264038336483 -38.73956049010997 0
18.88988595099593 -38.13936351355586 0
18.59344911000666 -37.45506057731606 0
19.29690378389187 -37.54771432045994 0
19.60007633117128 -38.15920909000563 0
19.96976240770148 -37.55927384250738 0
19.67289591936288 -36.9636993407359 0
20.33933750804766 -36.96164515359119 0
20.01063541055539 -36.34739869373122 0
20.70192093830383 -36.38173906164134 0
21.03625873381912 -36.98085863808546 0
21.40264694581344 -36.40265578473453 0
21.73917681586243 -37.0002085427558 0
22.10687192921043 -36.39903630524356 0
21.77098982687804 -35.71715992336133 0
22.50015137114404 -35.79925136317735 0
22.81634124140312 -36.40923015796128 0
23.18181872831881 -35.80796259176317 0
22.87225677612962 -35.20761526096086 0
23.55180069515125 -35.21075825544748 0
23.21473410090425 -34.59378408612945 0
23.88562418757908 -35.82304686995737 0
24.25178938939843 -35.22469167517723 0
21.10210879917788 -54.01536139920197 0
21.49490172434547 -53.38550301178645 0
21.14330316605119 -52.73195750535624 0
52.78956580346259 -25.35769902249316 0
2.50699362499503 -41.76168674143967 0
14.62035489362497 -39.24303690053297 0
14.24837254348702 -39.83262220052008 0
13.91436852067098 -39.25986426691524 0
13.54309073682166 -39.81650181109931 0
13.87609805905433 -40.43221469083644 0
13.17020119222748 -40.4082040984237 0
47.27584315531509 -22.03774780085564 0
48.03515897984452 -20.78446474914243 0
48.8342323530721 -19.47444192312903 0
10.4222159254891 -51.7094601629903 0
6.558702640594928 -41.33308956374611 0
10.2759940621569 -40.32303340676567 0
10.98226172667894 -40.3492198288522 0
11.31450855410232 -40.96584351385602 0
11.68882060344037 -40.36451926639612 0
49.22720412976526 -7.391147264613094 0
5.897674798579008 -49.71165220945799 0
6.302603395149892 -49.06984867512961 0
6.647523164890608 -49.71398883211956 0
5.786815148145088 -50.94524160709936 0
5.367983956721166 -51.58811458010294 0
10.98713283590719 -56.91376586074436 0
11.73804663657813 -56.913112331188 0
26.3323762813408 -40.17622650940176 0
25.63714531732115 -40.1489653623383 0
25.28357315938466 -39.52427383314314 0
9.092070677549458 -57.48954039974618 0
40.93877609261583 -41.15232849255058 0
40.20748086191939 -41.14137156121181 0
39.85368362738746 -40.49160658478098 0
39.47023550985513 -41.12347579626013 0
39.82350137030069 -41.77579612509633 0
39.08454590312371 -41.75684585059366 0
39.44355584219836 -42.42076084374986 0
38.69632278014409 -42.39371261124336 0
23.77510853736754 -40.19638526008336 0
41.13020564580774 -7.15295350157985 0
51.62108113330198 -10.0103816049996 0
30.36372830628941 -34.68980321756251 0
57.04990270314045 -12.08193665151074 0
30.48409775651274 -28.57492919512644 0
31.18797232321901 -28.57587211624634 0
32.54550675698287 -32.27697224946142 0
33.25860158349832 -32.29070952747261 0
33.62709589994246 -31.6794067159777 0
33.97352916690983 -32.29572726752386 0
34.32207921410452 -31.70140011297519 0
7.059267749495699 -49.09295030352854 0
42.83469035160404 -39.26820231420226 0
13.45106319673107 -44.80527388182941 0
49.18875231611572 -18.89952671417111 0
12.84031239459242 -39.79553430872219 0
30.81365165342291 -49.19446879107583 0
30.07128127531167 -49.18435416516704 0
29.71874089079701 -48.53404629847455 0
29.3295553401891 -49.16504145129723 0
29.68168231353822 -49.81800285030653 0
28.93977007299822 -49.79647172649115 0
28.5873908463172 -49.14434869730236 0
28.19759332827237 -49.77472922442406 0
28.54974636074851 -50.4281903504352 0
27.80760343386294 -50.4056627553504 0
27.45615400240494 -49.75246758350109 0
27.07152473540959 -50.38004744623122 0
26.72422317041634 -49.72044547266957 0
26.35183999074635 -50.34528499479624 0
27.11337955251485 -49.09138135035602 0
27.43544884973575 -51.12874896829909 0
55.27686565960005 -10.10720329488154 0
4.253098374177562 -52.29434083304591 0
39.05026745261796 -43.04363302164413 0
38.30819978315199 -43.02576531965276 0
53.59042352710094 -20.2413991891634 0
9.221878003036403 -53.61883296322877 0
9.974969854072731 -53.63481585251058 0
8.468115497913928 -53.58334225613402 0
15.7378544829834 -49.35102290794638 0
16.46147622020256 -49.37993534355326 0
8.386861351696837 -57.49163619914567 0
41.07774613700958 -10.89739048519963 0
40.37130075711661 -10.89108171310532 0
40.00916582057246 -11.49887550828093 0
12.04875931060023 -40.98731363267721 0
22.06927531723888 -47.6442987157925 0
22.80058946455254 -47.66390512000685 0
21.17668733300702 -41.96255987954435 0
21.51593565601974 -42.59530692097013 0
54.52298734897325 -7.488851732092916 0
20.30567683115402 -38.17454693542096 0
3.741404106171906 -54.19023635132249 0
6.685808499637133 -55.60546077271849 0
10.04120232278314 -52.34332409939 0
45.12660308830486 -36.73036079586623 0
2.97381498224689 -54.16264224889164 0
2.516530689099821 -54.79381857344902 0
41.03706210164949 -13.35945853562777 0
40.32953150519722 -13.34582066053467 0
39.98752066056958 -12.72662019344616 0
39.63129385213534 -13.33680967867609 0
39.96551370800471 -13.95112556369222 0
8.067579690583949 -54.2149389422445 0
12.67194363863918 -46.03957937639195 0
54.32335201371806 -20.25507738804889 0
25.37204088851416 -34.60729975738917 0
46.44233150534578 -11.18401640115223 0
46.08660176222267 -10.5476076187766 0
45.35567119129192 -10.53563631783726 0
45.73112248043314 -9.908832258209511 0
56.69758945891184 -11.42679732737819 0
30.74960580079516 -37.22105331484342 0
24.41393464544797 -41.44254197288978 0
16.79613021841671 -50.03095138933859 0
54.70933738544552 -20.86044107223512 0
30.84968638519481 -27.9607175810396 0
31.55046675432929 -27.97048625118248 0
31.22051094266859 -27.35024859610399 0
31.91443091441926 -27.36705334772982 0
50.30319691724385 -15.79817642589702 0
39.18622664748428 -35.42270494149666 0
50.23274021454335 -18.39370779293004 0
41.78807077668739 -10.90379489975466 0
48.88979539919264 -16.93963805660373 0
55.64613892532638 -10.76414365343115 0
19.9494248190598 -54.61046167225061 0
19.22644630945554 -54.59781062299041 0
51.30526544302928 -22.79247756173049 0
2.194287961902602 -54.13488836000593 0
54.36953650202444 -15.26674379366836 0
24.89391819602894 -50.29274457207629 0
34.63003115889487 -44.18701422538603 0
35.36782229691764 -44.2057027783887 0
35.75247701617308 -43.57489119614779 0
36.10714062536094 -44.22460395778734 0
36.49249000933187 -43.59199135066785 0
36.84768172909535 -44.24206323321975 0
36.46168225380561 -44.87570455025681 0
27.47226436591914 -37.10551618317888 0
34.66523682642377 -32.31295542561566 0
53.54975963319786 -19.10294090924182 0
55.37352909293658 -3.523603474750161 0
16.62002791034125 -48.08233391435675 0
33.97953110019111 -31.07535975325314 0
34.62308077804696 -31.02300436588081 0
11.2020774591311 -44.6897140443654 0
11.53530312064527 -45.32606987275656 0
17.79988237280324 -53.26209266151142 0
56.59734250319095 -14.00257898147652 0
15.14130218695276 -55.09903822263772 0
15.48894094526742 -55.7570409235154 0
48.18337593632135 -15.65584814050477 0
21.37016597212818 -37.59469935558184 0
39.11845379734526 -40.46934128030939 0
28.91976949265757 -35.90058410568477 0
14.79247499884167 -54.44353898643367 0
24.68769926474095 -33.34403235222247 0
24.32357860927588 -33.98585456989864 0
32.71519571529287 -47.33280522592172 0
33.06515474102592 -47.98151256327837 0
52.45296119583276 -20.88896174336106 0
37.95703316873981 -42.3699408681935 0
21.88614590756679 -52.75494476092086 0
22.23551054393745 -53.41006228658302 0
21.53026180362393 -52.10344190058692 0
50.52593675190766 -9.342705905109096 0
49.79766418134745 -9.308950576357553 0
48.94688517654973 -14.40809269741824 0
49.33341730545813 -13.78135488662683 0
48.97976078796012 -13.13666453203694 0
28.76515880020664 -42.78065513015507 0
4.101595076086238 -46.32865138482421 0
3.3335851578354 -46.2983676084968 0
2.921057230497467 -46.94767151755603 0
2.565062904995491 -46.26475694280727 0
2.148771501747152 -46.91829071370147 0
2.507774636909081 -47.60189760486112 0
14.34578645295814 -56.35933689309327 0
12.05772943350606 -49.18247180072332 0
1.988710448548297 -52.2499492745653 0
2.798025800267291 -58.11804864642724 0
1.995418159329167 -58.11301080234268 0
53.90520851473075 -22.16395602853925 0
58.05381180731207 -2.911504097736031 0
48.86374245270964 -6.752372870849797 0
49.21970394791738 -6.098087245350881 0
39.2878679216842 -13.95333643777949 0
39.60392676714648 -14.55599567954821 0
38.91971445255618 -14.55401037314943 0
39.2401370613378 -15.15951220338354 0
37.56876626805324 -43.00560068586837 0
37.92327742455328 -43.65729313018753 0
2.983781151720122 -45.62120265757027 0
2.221958370447717 -45.60996179546272 0
51.17204776358239 -2.793029035739002 0
51.57270904510592 -2.120013066143007 0
40.76364986081831 -9.031663735112831 0
40.4432038944626 -9.684468243222881 0
35.09980918566924 -38.48888112148011 0
35.85665880593871 -38.49376612528397 0
31.93802920383132 -34.10493655389807 0
44.21481381070375 -14.96876236529436 0
44.56464812179281 -14.33541454491559 0
49.67614940206639 -30.41411354647606 0
51.96469691057835 -10.64985830500088 0
27.24213042038344 -31.59032998450301 0
48.50498092428442 -6.07625532189189 0
15.01326333850601 -49.30709973494392 0
7.71783967713214 -56.22086094034132 0
38.50622594541247 -15.07947748079603 0
38.85739951997517 -15.70231149387094 0
41.53093096044797 -4.047951608964429 0
41.90370434186067 -3.390637141776083 0
15.00042406033826 -38.6984486692733 0
5.049452756990479 -50.95350837094569 0
40.50620836569504 -33.16385071376362 0
49.24713905975183 -16.33073320234947 0
29.61926323676397 -38.33297683520832 0
50.82624722160065 -28.50813390508641 0
27.65036065368022 -30.99297395702997 0
57.96584118903606 -5.58314943970759 0
45.04514956607512 -7.818393311006872 0
44.71990906003649 -7.208810086911976 0
45.03493231163412 -9.883533998194149 0
45.40360572957474 -9.22328656559168 0
24.39130168320078 -40.16341017909669 0
44.35495135479361 -37.95557080733386 0
41.6946341784701 -41.17765360470199 0
25.93839026589643 -52.22655581157187 0
26.31336628949521 -51.60396088767647 0
9.556126175491181 -40.34560172019347 0
46.98508826826088 -3.451551851286276 0
46.45603747249801 -2.845634391007738 0
46.90912646088371 -2.086798747246482 0
9.729018354040466 -51.71655308362177 0
51.61922627100142 -27.25314638665728 0
37.15572728037745 -44.87013612408674 0
36.7777291100972 -45.50518949120821 0
36.06899609692972 -45.50531597110248 0
41.26148828667384 -31.92031818107143 0
32.69762492183223 -48.59082117626791 0
28.16938677044675 -39.6850520811055 0
44.18793404860271 -5.889471715342257 0
43.71440011871193 -5.285421195957756 0
28.35013600197267 -29.74078047242219 0
31.56944059410865 -49.1285928987291 0
56.5160141980223 -1.559990270331185 0
55.78259267976367 -1.521088745644616 0
7.765582078707922 -53.57267424975083 0
42.01659031341239 -30.67738741603891 0
34.16257195677179 -47.34683943161217 0
34.82803546738589 -47.3885767373192 0
9.841152102364887 -57.50716082035318 0
41.161265752014 -5.884690641095912 0
40.80546557098268 -5.258197146832633 0
26.02630897511825 -40.8990701219253 0
25.32615077387297 -40.82157785193903 0
46.10204243970983 -2.064801970696897 0
39.06161026792431 -34.3437196245677 0
38.29655355786955 -34.30858642016903 0
42.77163282962351 -29.43486039983861 0
48.58012939649821 -7.372041363254057 0
40.80476250591463 -7.784877544397864 0
30.9967083263354 -34.7190860252725 0
31.49826431299537 -26.63809428258261 0
32.26451855200003 -26.74678750213834 0
32.61599788260148 -27.38072381142343 0
1.441925679228927 -52.83146492339463 0
29.61894738823459 -35.90988502275269 0
43.5268177799016 -28.19250142021447 0
24.11987051131442 -39.56225693253442 0
43.04427915923639 -4.00830626049791 0
44.28230035724127 -26.95004795639561 0
1.684037345149201 -47.58826825512799 0
2.069756864163975 -48.27011696367556 0
1.370177208037437 -46.89967113547505 0
1.681806473335989 -54.79276326104943 0
1.382315152934387 -54.09451997178547 0
1.218886337035977 -55.54112638840756 0
27.11582808280833 -40.30326546306577 0
6.94498763012954 -40.728412357756 0
7.704347361577975 -40.75423773217494 0
33.46413122405488 -48.55526422733002 0
21.97287046227927 -40.70729618007117 0
41.11278525942514 -3.444293491801738 0
41.53724153849609 -2.796418100403169 0
9.922846498475941 -39.6926113279637 0
36.42251076977374 -46.10053811258167 0
35.68939495634343 -46.08710939944039 0
58.35311242376017 -6.252199769966325 0
58.00427823323125 -6.910997645936281 0
58.35475538077309 -7.627389258779125 0
42.23277964176739 -2.779302415745358 0
41.87761713086697 -2.144277908232891 0
19.29993574066043 -42.52227057771299 0
23.05377533637815 -40.12656676623912 0
34.21477078491474 -32.91270209077749 0
19.73649927163705 -41.83588683374036 0
40.17929156280189 -42.42786974310143 0
29.52969037686663 -37.13746160262166 0
8.178023903078042 -40.18825308366873 0
1.692812576827284 -57.47051263404497 0
20.8583135061294 -41.31433045058028 0
19.55914695545682 -55.1940785451505 0
18.83537127094841 -55.15238877011255 0
18.48511944047278 -43.71546735056493 0
38.1914323172381 -14.52563045858797 0
5.900043984259606 -58.23719150792462 0
5.130717990691559 -58.2442371133329 0
4.68487567245145 -59.06528504474523 0
36.64133162211558 -35.96899715020129 0
58.56986438462549 -2.21811057007084 0
58.10102544297716 -1.58042003430274 0
57.3862287407558 -12.78541534504425 0
15.91202206286456 -44.23128595969514 0
16.27569130996886 -43.61512986908323 0
15.55258038715476 -44.84472489883784 0
54.25868511719452 -1.44646809104307 0
53.48956597078593 -1.415871438887046 0
1.307570984347356 -48.27024448078249 0
1.720186728705943 -48.9157814176833 0
30.84698136503761 -26.74453989057492 0
44.41824152570877 -5.213284408102091 0
29.77598426881154 -28.55244884733226 0
45.34988433717858 -7.183753489589501 0
13.95652473376927 -57.01445609970261 0
8.429668479682373 -42.09045660707126 0
15.45728567710788 -48.67437668995154 0
13.6359635207641 -49.25590195898639 0
11.39248662637362 -39.64750519402629 0
1.250227366705518 -58.11792580086707 0
33.94382644455818 -39.12654269527874 0
12.70863160973331 -44.77695041579166 0
39.68717647430056 -10.85996316527364 0
39.36155000841915 -11.46491639123634 0
46.45660180438463 -1.388898901601309 0
44.64465000363567 -9.259334282502884 0
45.42575325823346 -8.448199458067615 0
55.17723713144781 -20.24692304152687 0
8.462730068146726 -40.85132724918637 0
20.46519676984808 -35.69704038754401 0
19.72795105511047 -35.71604483368765 0
17.18265032423193 -49.40919228009496 0
38.34825771351056 -33.08352063375617 0
50.32429031747316 -30.5040315021048 0
50.82874137834659 -29.80852652557406 0
57.75712211761189 -12.12645240863416 0
50.92500362511294 -23.4277693207844 0
39.1018142716249 -31.84216704863613 0
43.53738087479502 -39.34755446737653 0
4.343447995353593 -58.25513606958513 0
39.85810349561311 -30.59593926783362 0
42.6720701724557 -2.110406043488092 0
12.06105752831329 -39.76594803345916 0
44.62818027823377 -10.51282255231743 0
40.61037458595492 -29.35622787752975 0
24.58966362578816 -35.84424529477344 0
7.354198826364161 -56.91191132379388 0
57.45773293927488 -11.43241918014893 0
57.84274404260885 -10.76029374887151 0
41.36250984953247 -28.1167772319882 0
56.17814888800048 -0.8518209580040471 0
54.89517851950606 -10.75339987958143 0
22.4534911475989 -34.58709624425651 0
22.91476399737522 -34.08476988105315 0
23.58495456752169 -33.87076173449039 0
42.29824477689422 -1.445979847222018 0
41.59018553861705 -1.423408901901498 0
42.10159297817257 -26.90084022731489 0
51.19338504884513 -1.41345062800207 0
51.96807913172632 -1.410649305507274 0
39.22368074455399 -12.65086481492345 0
42.85666129709465 -25.65798959172398 0
54.89778317448381 -9.452235019280049 0
21.66192268090478 -48.27807697362519 0
22.41169091667264 -48.290381350787 0
12.43426699579561 -40.38749177350945 0
43.61189731939995 -24.41445084630305 0
44.37676357494541 -0.6967063069915371 0
45.18050604395962 -0.7064653109365191 0
45.61620655650334 -1.382238267551884 0
44.36744752440038 -23.16987696634185 0
39.93991797954465 -15.17358622695199 0
40.04209407880998 -10.27746096442971 0
54.8954580497311 -8.150733201140794 0
46.46316362085388 -9.916754744755096 0
6.703831979197159 -48.42443726685049 0
7.441973779793914 -48.42619777996261 0
57.59583397193898 -7.544345761689062 0
57.9112354566355 -8.254229703634017 0
58.13297684352449 -8.847380347035179 0
32.98386422430953 -26.80770744890846 0
32.64468812452588 -26.1652192680488 0
45.12352693899295 -21.92385964850367 0
3.951701369654679 -41.80428552881333 0
4.69016061850222 -41.84949756269842 0
4.354266838734593 -41.19785997047129 0
5.075638108000275 -41.23504613093245 0
4.79254115838205 -40.62028478080004 0
3.597732265749893 -41.13154392238545 0
5.413601395698295 -41.87841090926219 0
5.794919040062709 -41.26438588605313 0
28.65548459451492 -31.5871818171094 0
0.6859619140289125 -42.8027918903494 0
1.423595867983201 -42.38303127962696 0
1.238347602467629 -41.70225043630438 0
1.341086628223759 -43.21232490792741 0
1.367484992132216 -43.99189439661309 0
13.4947281654579 -41.03404062280125 0
14.20234588579253 -41.05818237854348 0
28.66023801279092 -29.22481369334639 0
45.60818962792324 -2.680618146461134 0
0.6974338359911396 -44.38459943941965 0
1.364006444893357 -44.75120057269142 0
2.007650148322309 -44.40301142486121 0
5.040550703988247 -42.51095824734053 0
20.45101664454974 -41.95078529072777 0
41.43563774794874 -10.26786969249809 0
25.27205116455778 -31.77784752086501 0
25.36348643449085 -32.48094363902725 0
25.86646394039039 -32.05112247144388 0
36.33429388787291 -18.12346929959588 0
36.74535816200536 -18.7418341747269 0
37.03787959136132 -18.09766593732353 0
36.42223398038662 -19.39035685969065 0
37.41474565094061 -18.6890007979941 0
37.71481549709196 -18.05364101124589 0
37.34266541135216 -17.44692732718552 0
38.04975819945933 -17.42085270445498 0
38.44199425582635 -18.03571993748846 0
38.76543475075465 -17.38925874418371 0
38.34545418646009 -16.80818687734778 0
26.87452602547709 -30.36292010708631 0
38.49851717488252 -12.85054262949144 0
39.47552121221608 -9.40890502245837 0
37.23387568188907 -16.19134863592234 0
37.88771978500348 -16.18169747684496 0
37.63446015361351 -16.81593301900159 0
18.11700061084313 -36.33708166040643 0
18.65369748854579 -36.70125801076274 0
34.61646027458082 -21.22124829774516 0
34.95217095078704 -21.84208077609183 0
35.32893880941701 -21.22548117347953 0
34.56629546597522 -22.43816435091111 0
35.28069351068125 -22.45950938439228 0
34.86198596066595 -23.03419654885047 0
34.18043615882451 -23.0244771150516 0
34.49446571369467 -23.64147547483475 0
33.79679998686161 -23.61451679387358 0
34.11710808783227 -24.23425001570071 0
33.41369790548559 -24.2045328000769 0
33.72190099109215 -24.81574630458407 0
33.02647516422427 -24.79084370157625 0
33.39200149494386 -25.40941103520527 0
34.09594947303452 -25.42890755242944 0
32.67605520598624 -25.4274296830846 0
31.94178026187503 -25.39827227568038 0
32.68541862199142 -24.15287172308674 0
21.20561855091911 -34.61637736318265 0
21.79136442196564 -34.95944097165439 0
12.92531133887954 -38.5809200448364 0
13.61982015888232 -38.24673177304949 0
26.91023341813673 -44.6205264281669 0
26.55243707280943 -43.98366094255154 0
26.53118091529857 -45.24871120102172 0
24.21939754643373 -32.72477372865522 0
25.80862926826511 -31.33998952482712 0
26.50004386095161 -31.61817381890011 0
14.85801604105446 -37.71492064697182 0
34.98478828525378 -20.60761518956544 0
35.68855789919851 -20.61392752356652 0
36.0809546188391 -21.2206212764186 0
36.40074796580877 -20.61987946086294 0
35.82165869301888 -21.92012236407468 0
35.97405881399914 -22.68423267958553 0
36.04829814072801 -20.00266123832816 0
36.77006385543539 -20.02687756093088 0
37.04651134520653 -20.71262674571514 0
37.19375024479639 -19.41871279059908 0
37.99174605199698 -19.31655171116538 0
11.52117016398485 -38.89974979268951 0
16.18742396600222 -37.23036592011277 0
16.78668556858856 -37.62574115934044 0
17.40226580647235 -37.36281546789816 0
16.11073126650366 -38.00341831046217 0
4.750512810589579 -57.54921656675427 0
3.578312283031047 -58.15905640977071 0
42.73095730342006 -3.339091473235479 0
43.50261747319352 -3.369896962732878 0
17.47563736769533 -36.64679321697794 0
28.32744673048896 -30.97252454106648 0
0.6828784079399611 -45.18613589216449 0
1.406029842894553 -45.585603838015 0
25.53007903933449 -52.92712462586717 0
6.701439335828531 -40.04622236745103 0
40.02378633887413 -6.71444368347229 0
39.78795042892725 -8.09494999693969 0
37.23681543154404 -46.11287740822962 0
53.90427602725497 -0.7415869906770955 0
33.63489191791474 -34.7729656662089 0
45.88036285826107 -20.67591102890817 0
27.98534557356773 -45.28391472929107 0
41.10911221350629 -8.400112342785569 0
40.41945647385077 -4.603819819940828 0
31.8942156227317 -28.5846327769408 0
58.11854958961279 -0.793417799977729 0
12.28723905345207 -45.36876243259604 0
11.6604511968361 -41.59313529733835 0
5.513635384776144 -40.68295837766414 0
36.64436664704614 -17.49237066600515 0
10.8141672362747 -46.60223720808452 0
3.205797419783926 -40.49654208075047 0
1.774138122078419 -40.53044691203966 0
7.160419481084689 -45.17074430064842 0
7.544287493705743 -44.53606506740898 0
55.29492294041924 -7.496906170357854 0
54.91614993974628 -6.837255642558265 0
7.190815207193729 -43.87413797495257 0
7.920482110889619 -43.90369515293349 0
8.299200440721881 -43.27261092333874 0
18.14626443651941 -44.34784137398365 0
39.68288274898457 -12.07071137328724 0
18.83899853103615 -43.09324572074852 0
18.93185320036302 -41.89449409207974 0
13.46183988769983 -50.54433941125293 0
17.70109035559743 -43.65953022713263 0
47.37190748599302 -4.125673706323459 0
47.71148954402614 -4.773481866426943 0
48.44268690588491 -4.760627614362756 0
48.10250825103249 -5.402699969514494 0
47.46278688794211 -5.435696702019071 0
48.83429100271789 -4.098345068924062 0
57.67102513562747 -3.569638983274167 0
58.03597600460029 -4.243536188769658 0
58.41707489789509 -3.560642528027549 0
58.77119147323107 -4.181481500474153 0
58.46445120067449 -4.991602719626024 0
13.0573368429224 -51.16386750708287 0
45.66619739429289 -13.70875359866783 0
44.96263457083624 -13.71508193453753 0
44.57589366932883 -13.04154232390008 0
41.13503822594436 -4.664893852116423 0
35.82931938668908 -39.75871679208894 0
41.81935224273514 -8.409895722990033 0
41.48797444441455 -6.529752841347563 0
40.71976479532645 -6.461092944760112 0
15.24745715521121 -45.50211876960781 0
21.14449052611583 -35.30934798518252 0
27.22106711516979 -32.79866692413183 0
50.66082609095237 -16.46043098977665 0
24.97886914741492 -35.22920395857988 0
24.64742024109329 -34.6027243004008 0
5.938393457121841 -48.39305150089355 0
11.93632748509233 -46.00841571367701 0
6.133579260228547 -41.9161555058726 0
22.07952720206204 -37.61331214735535 0
48.40511567316306 -0.6905568613634495 0
48.04479207911686 -1.392433326113269 0
35.68770467293429 -19.38520986866012 0
17.52852617580088 -50.05711101170654 0
24.22813012898668 -36.44357453369746 0
8.643189488772364 -43.94697527924818 0
44.51458651304801 -16.84206064014998 0
43.79246256517298 -16.82580989666041 0
43.46766809915268 -16.2066946160454 0
43.09779496426366 -16.82560544052355 0
43.42279720392882 -17.44370231161197 0
42.72614958372089 -17.44156131390926 0
43.04980233822032 -18.05857424744021 0
42.35361985477056 -18.05597390895449 0
42.67687854785172 -18.67229720811997 0
41.96658388985544 -18.66082254011987 0
42.30180431450489 -19.28388856149977 0
41.58183257408909 -19.2661727777003 0
41.92697861540695 -19.89488120115994 0
41.23205670184967 -19.89187894502592 0
41.55823522259277 -20.50890592756643 0
40.86445726028886 -20.50632156127319 0
41.18769891837552 -21.121343813101 0
40.47980696604668 -21.11004685019553 0
40.81404582101352 -21.73148250755925 0
40.10799735484905 -21.72109525653951 0
40.44187993713194 -22.3421460882524 0
41.52678968307977 -21.75185769412162 0
39.72501900558103 -22.32502962628137 0
40.06879578005002 -22.95192684206211 0
39.37590521160243 -22.94915407741047 0
39.70078187940849 -23.56450844259223 0
39.00875574944686 -23.56214696109131 0
39.33096115411189 -24.17579273074806 0
38.62491181856716 -24.16486159302536 0
38.95780660246479 -24.78491100669715 0
38.2659689219794 -24.78253316234235 0
38.58748471942547 -25.3956517084175 0
37.89678317197485 -25.39393193888955 0
38.21799056139645 -26.00685170861991 0
39.67045141245899 -24.79996275082785 0
37.51268576730806 -25.99625551171951 0
37.84488044439505 -26.61586322082032 0
37.15374080016086 -26.61390074654828 0
37.47406985244761 -27.22633814541834 0
36.78435954268016 -27.22529012095576 0
37.10493491722148 -27.83793732423008 0
38.55801175031457 -26.63118531996437 0
36.41602386639813 -27.86035547154835 0
36.73441082202753 -28.45266087231374 0
36.0462986258232 -28.47629262436548 0
36.36156746936545 -29.06373054708882 0
37.44584895513 -28.46289178036574 0
35.67695092239397 -29.08700960288894 0
35.99250012433168 -29.67597631769211 0
35.30654068634713 -29.6983506958644 0
35.61777836828002 -30.2797305963303 0
40.54640424835046 -19.97402055348819 0
38.69781353229291 -23.02511328929938 0
37.59029057169315 -24.85437785041853 0
36.48236330023848 -26.68335914587995 0
34.95299822341111 -30.31897314800274 0
36.31011806513031 -30.36796194120433 0
40.41254098235514 -23.57892327628193 0
42.2709660955425 -20.52315706363534 0
43.01640257348846 -19.29868277742609 0
42.7601747772659 -16.13828323297196 0
43.76348435878941 -18.07223223338127 0
42.02610554575124 -17.51213844774901 0
19.93408326462989 -38.77871551541529 0
46.63872009665226 -19.42462102925576 0
29.3637494914363 -31.59978938852454 0
13.40384447283314 -51.82405919671354 0
42.15136526369788 -10.28810133457077 0
7.082715102713334 -47.75801928137768 0
49.99918227311626 -0.6902328822547906 0
49.61276806280757 -1.386852259387513 0
50.40420596906331 -1.396537854450948 0
51.59281409300174 -0.7130006947330381 0
0.6664768242728198 -50.00051084152748 0
1.326820370830283 -50.43583802037872 0
1.299782298469215 -51.22932329707277 0
0.6619344067708222 -51.60839073684936 0
33.20105352374898 -41.61527797346109 0
32.81062485651788 -40.99343658383091 0
46.5150357520123 -8.639031741610351 0
40.51485132603517 -1.771863658562352 0
27.54614256786729 -33.41436005269327 0
13.06034393025871 -44.1354913358799 0
0.7532605181354741 -56.29974175185425 0
6.352171446170525 -54.92505745903649 0
7.054539374012216 -54.87825890330655 0
4.643465833010358 -43.13200089832914 0
6.311148215930949 -58.95283014604667 0
24.98068514932921 -36.43870107001839 0
14.14715229133411 -44.79661986761455 0
49.65672737451264 -8.055133716841505 0
40.64849796205721 -15.21342683032393 0
46.3970818973541 -13.72229325645264 0
45.01610036755723 -11.14306702513159 0
44.60954036896355 -11.77048756093987 0
44.99346968500445 -12.40080861885409 0
17.80613234418777 -44.97990732638709 0
20.79027526479991 -42.57693521921288 0
21.13623345958227 -43.20680786397839 0
25.72278362508023 -35.22489443424966 0
37.36921055805429 -37.23536405945983 0
36.63877603782506 -37.21943876609855 0
14.87154360132227 -46.13313315807898 0
11.19311731929905 -45.97223490231151 0
28.71563673627705 -45.30615597608773 0
9.175079673979557 -40.905336776589 0
43.84856067380591 -15.59276163445418 0
43.50933536488444 -14.92745121772496 0
35.25750176072398 -24.2891403851763 0
30.07270738033924 -31.61321489259012 0
15.71188722435288 -38.67073393242646 0
39.90512556608074 -16.43619374584674 0
39.20840508039133 -16.35468779905594 0
7.961601680723987 -42.63683331162955 0
15.61925064909827 -41.10471618367662 0
7.897248859933514 -45.20264198356951 0
57.64206558896228 -4.913666883854932 0
26.44327063503472 -35.23462087115374 0
24.39838638668875 -42.6820356501581 0
52.24033456191601 -7.452202092269125 0
31.05781061864077 -37.8461305058733 0
30.31542646040936 -37.9176598449474 0
31.77052519591656 -37.85745719903835 0
33.57075058164889 -42.24883824851326 0
20.75242876033947 -43.82160923453323 0
45.29291809780987 -14.34473262948831 0
24.77762518180846 -42.06816014519141 0
36.2515237104633 -31.68917366863931 0
35.59598072917854 -31.65249173252622 0
35.95279677688846 -30.97969415367409 0
29.33635509788084 -32.83128438177877 0
35.54678305974812 -32.91095182705543 0
34.74198547606487 -34.17441877921358 0
32.29684333965619 -33.48591725338801 0
49.39981579489709 -27.21326652639104 0
49.02402152385453 -26.59569585650127 0
37.65714174230351 -35.38195028413226 0
21.85558586088214 -43.22948244896652 0
36.95276196581645 -39.13992398637703 0
37.33651603147695 -38.50978821979926 0
36.5978611160356 -38.49952982139051 0
36.98350655109132 -37.86713370669677 0
36.25106514750834 -37.85193422502272 0
35.90699360123728 -37.20316271470302 0
31.51464396056757 -30.40974769553655 0
12.78767087247502 -49.21654406979351 0
33.24395509338616 -36.63509754257682 0
50.1675880279687 -25.94286747329044 0
49.7834708281455 -25.32508537137202 0
50.18491450684748 -24.65544843347028 0
27.84652610189017 -49.12171148023042 0
27.50296326112887 -48.46628581057821 0
51.48177370250787 -7.437745459061619 0
51.85038759388121 -8.104439263850484 0
51.53550196830726 -8.73333413456267 0
52.21840008398657 -8.766110227040389 0
52.61185818053765 -8.115203744932566 0
52.61328471540234 -9.417024979710678 0
57.22384861046662 -6.874004633714716 0
32.06940218453106 -43.48531381728047 0
31.68910062439212 -42.84663174340038 0
4.790332467404246 -56.20485669916744 0
52.66303379410329 -4.146001318433542 0
40.73735453977771 -34.12702052362641 0
17.42634666963022 -45.5955323120216 0
29.50548181897253 -42.79429636067943 0
29.86536333175378 -42.18193014263941 0
41.86297897652984 -22.44243746383752 0
44.48758720434726 -18.10362348727744 0
0.6660631664464657 -53.18946315109572 0
40.35831962461609 -12.11252962100446 0
22.69684099670168 -40.77484942828374 0
39.99296002246972 -25.52628762585561 0
29.3880660398056 -29.16451635420101 0
55.31531922900419 -6.18175492780623 0
43.66946223072659 -35.44011004152902 0
42.92809034504499 -35.42569148367511 0
42.5464579049785 -36.0554426056178 0
44.05333974515461 -34.80646821611104 0
43.69749911268904 -34.15552875374075 0
44.07201708987473 -33.53511363924726 0
44.82107821078131 -33.54016018869805 0
45.20655372778114 -32.90435536236325 0
44.83915362523323 -32.26967146674899 0
45.2304726229074 -31.62201096445526 0
45.97359599935037 -31.63713573772687 0
46.35835022944769 -31.00390188076759 0
45.99043946471079 -30.37617962026478 0
42.90084711342531 -36.70699284543015 0
42.51652406745652 -37.34330139267576 0
39.96239170841797 -35.42501248127021 0
10.30581994849322 -49.8174347875925 0
10.59725969298894 -50.47317766708591 0
38.87113109944904 -27.37482756895052 0
17.41434070791601 -40.54694408964975 0
17.78501612319362 -39.94358254582855 0
18.49820818356839 -39.96323972953694 0
18.86714631360988 -39.35835016234331 0
37.74873090507959 -29.22333522007542 0
41.38196729301397 -13.99225384119412 0
14.40286899380799 -55.07642557156359 0
22.73654812551942 -48.94877831378781 0
48.31134907638369 -22.83807419284216 0
47.57133058779029 -22.8216840958888 0
47.19214907744657 -23.44985514927558 0
47.54989863035448 -24.09601522330204 0
47.17051638315696 -24.7265306725728 0
46.43134033130543 -24.71144767007165 0
46.05327448714253 -25.33929202259456 0
46.41028867771652 -25.98408156816041 0
46.03213128370014 -26.61444995604716 0
45.29314232968945 -26.5987889208571 0
47.12123853053442 -29.73335512136228 0
49.07326756599662 -21.57714826437187 0
48.36410274637939 -21.50929736580765 0
20.87728957646442 -49.53793237465158 0
51.31213743183947 -24.04130116823698 0
50.934927816845 -24.67309530654129 0
16.01815929125614 -51.28091725220001 0
51.75934631542587 -15.85974813915587 0
18.61910371620846 -50.73413048349525 0
18.27671070901318 -50.08182375377953 0
30.32542715059862 -39.09923641024659 0
41.74857832212253 -13.3805722828076 0
33.66587145364388 -26.03904579444872 0
40.67275170183188 -13.96841895247028 0
23.14024178956746 -48.31509625524286 0
20.3635221151328 -44.44128036464379 0
15.59121423297876 -46.1542728327948 0
48.63198108042849 -28.48278614745359 0
48.25574496336564 -27.86805590429644 0
57.13413583019774 -9.4794595218155 0
28.32935238716138 -45.9338930764937 0
49.83423592839328 -20.31374207128804 0
49.13182906330076 -20.24104261858373 0
43.44231815269086 -4.605192643317132 0
24.62432515467747 -47.1021668472052 0
23.89726629082754 -47.07434122254953 0
24.28366499824587 -46.45409746192088 0
47.17708342051789 -11.19205940450751 0
39.57234416299298 -15.77524116289523 0
54.50115164370155 -8.801053274626991 0
54.50211134433654 -10.0988491892695 0
54.4784193165642 -11.39962475091465 0
12.38571702830918 -41.61611465643312 0
45.2408760390832 -16.86239910600639 0
40.24166494826875 -39.8580609778681 0
23.92904626722413 -34.58142910359066 0
52.07411588905029 -21.52660005671986 0
51.01686528578209 -15.84317206414204 0
14.61177966735112 -49.9419229879647 0
20.40107545546523 -52.70946807314776 0
9.717595709754519 -45.91460928495924 0
10.45196693616672 -45.93811278617335 0
17.14253022539866 -50.6818288316807 0
18.52614563301096 -45.00382736612114 0
38.35069832404274 -41.73164925867231 0
50.97114736322295 -18.40965871647265 0
50.59545966227729 -19.04751431277561 0
5.17262136808618 -48.36371927800472 0
25.64860285553239 -38.91871457401391 0
30.109067747618 -47.9034669817836 0
42.50150839407583 -10.91272070603441 0
43.73742982179945 -19.34350645589122 0
31.3258189847195 -43.47082775411292 0
49.59594685866908 -5.434388287651918 0
20.15833754711862 -49.49885925422462 0
19.75795308962352 -50.12175996313275 0
19.01571040577881 -50.10522148357072 0
33.8621440082576 -22.40401972459836 0
29.31791664502626 -39.6459375513242 0
53.57565210102151 -17.8255803219021 0
39.50572669287838 -39.83641291974965 0
20.65109839878495 -38.79472688621344 0
27.89100343540088 -34.03419013417528 0
50.85278232392054 -12.54291242984423 0
50.43313835713307 -13.18420617304988 0
51.56820365643271 -12.59894894298682 0
51.93692563211813 -11.96270450790681 0
10.68518270956248 -49.17026238411092 0
22.8194281658961 -37.62155308194198 0
23.18617780991158 -37.01511694675049 0
10.4214767791281 -47.22848027340468 0
27.65574554441668 -43.38239826663376 0
28.97751396808561 -48.5125808465215 0
20.945141204792 -48.2482972620295 0
35.07043702741362 -41.01070085229425 0
32.89410782254745 -36.00360774242212 0
51.38128653834688 -16.49118788172749 0
28.99373634525348 -32.21048584638929 0
50.74383975598643 -13.86337797406913 0
13.21173926077519 -57.01084552888233 0
12.72316241776424 -57.5827284446392 0
15.28671027379593 -40.47759529555158 0
13.23176292901319 -39.24659689466061 0
33.99696168165398 -35.39784875929203 0
55.00760126270612 -2.83721201114724 0
39.58419299952887 -36.02834322197694 0
31.1681139038815 -29.79345013134973 0
47.2009176613474 -9.905702692751943 0
53.169904508627 -23.42896569622672 0
53.53254160828038 -24.07845274194435 0
41.77610823741549 -37.33057399998034 0
56.22429775856979 -14.64855873129497 0
55.85662039015478 -15.29694407947784 0
56.61971498678573 -15.31626108562363 0
56.15674958797607 -15.94809850199036 0
55.45693061218208 -15.93150556844167 0
40.27387422559631 -38.57592502564729 0
3.861387053601262 -52.99376500836772 0
38.65081483632201 -43.63779160574857 0
38.34588367675568 -44.37059373061762 0
52.5471220621673 -13.30218082516194 0
52.16530096525766 -13.94041755204883 0
21.84410790491341 -54.01198709411404 0
22.66204713809593 -54.10402691773215 0
22.9826383945143 -53.41554439240383 0
19.17665405013175 -47.5395383078847 0
55.03134841069667 -19.10302438500026 0
55.70526310886985 -19.16885485682692 0
56.27267168397559 -18.59116834798553 0
55.83528290872948 -17.85337315542938 0
56.16520168294025 -17.19745552982445 0
13.3158412004252 -54.40166650256252 0
37.2173531496296 -42.35243348380677 0
55.29062616169269 -8.80305926481493 0
9.469897076738292 -42.754441268424 0
30.41562618455444 -49.79302053564162 0
11.7798113383386 -55.64629053158328 0
47.01908571293831 -18.79904628596897 0
19.8231965420918 -41.17370734505868 0
28.1592579254781 -51.05975170537045 0
28.90237487000584 -51.08229337327219 0
18.1499767775008 -53.91512189378597 0
36.19038047024134 -40.39818953174886 0
10.23730140975933 -56.89074924886442 0
9.883571588340425 -56.23319080986313 0
53.21779327636999 -17.17375141472531 0
38.10214927965885 -37.25112239028908 0
21.17640953187749 -51.45442193411375 0
22.87628377347402 -45.14599411140659 0
23.60074688695207 -45.16938130837334 0
15.91670164362351 -42.97299579181905 0
56.87581771121499 -4.885309694295342 0
53.19213284684228 -18.45892345778429 0
42.98861221995674 -20.58565827501283 0
22.64907660743474 -51.50255324138601 0
20.05023791944954 -52.05879908948876 0
31.62176178196965 -46.66329488069239 0
10.5934708201993 -57.49131777462995 0
29.73374105029196 -30.98972905490739 0
33.27802728197448 -31.05807130507284 0
16.23302422734521 -55.77033181943165 0
16.97771374455889 -55.76126038936113 0
15.83002807921438 -56.49529536176919 0
48.84694487378465 -5.423428763831301 0
31.43386761994596 -37.22615676757881 0
49.36797685106851 -12.5080789759147 0
55.16403700130724 -12.70652144879252 0
53.62601956990899 -15.25273103756453 0
51.15479317553309 -13.24000846481075 0
15.92904604201527 -53.84092775086289 0
49.03896144460354 -10.57953042104355 0
25.24725470955691 -50.94786994359322 0
25.81942188451144 -43.97116203932768 0
26.09924910034596 -34.61468875685475 0
18.83416108447869 -46.89944903327678 0
57.0177286827815 -13.38401758304724 0
17.07513049733302 -39.92293166341456 0
33.08295386344665 -23.56952705301916 0
4.866971967874036 -46.37038188616621 0
46.26147864495231 -20.0485967502709 0
30.6062289771539 -40.95985525468964 0
24.0505754757659 -42.0499781920683 0
42.06433805599548 -40.53351701201848 0
51.59670268506966 -11.2742320184392 0
35.72081643882177 -44.85701608921123 0
31.26884513418642 -46.01512052534963 0
10.32701241762116 -54.29584907752653 0
10.72614476079536 -53.66271324220854 0
46.6686449891085 -18.1561064642041 0
30.94823875502711 -44.09599747665838 0
12.13220211975971 -56.3018654868973 0
22.29970311422374 -50.85267706765899 0
19.94022389607252 -46.30862337236266 0
33.89382217734791 -44.16877550970689 0
25.0125887650936 -46.47857532613543 0
35.39730066537447 -42.92823200503594 0
34.02941462928678 -34.16756896783599 0
20.65374520452338 -54.60750248829754 0
54.41509109361093 -21.57054592262783 0
22.233502576101 -42.61716897118273 0
26.75933314586228 -37.09008580351029 0
44.13985627075844 -17.45764761141464 0
45.91073274833226 -19.39638488474219 0
54.42004489771354 -12.69332345793005 0
36.1279081567483 -42.94543589922723 0
28.20819350835125 -35.88640718980339 0
29.26244864328623 -50.43181473174538 0
46.27617162485524 -34.84839879103864 0
46.63578080136848 -35.49842802750054 0
47.03774513836179 -34.85382838104381 0
47.81450703332341 -34.84372103246907 0
48.3851556983064 -34.34774773243594 0
48.08447156637726 -33.6626388986524 0
48.63952345410888 -32.99251206327197 0
40.55023442403866 -41.78463872866453 0
40.93188318322871 -42.39891774517655 0
39.83479329394653 -43.13537727125055 0
52.40730879812442 -25.9930672478235 0
53.19623837049998 -26.01943708716881 0
52.16274175957592 -26.71031746428719 0
53.58638344523084 -25.36632080811513 0
29.75918852631466 -47.25299767829959 0
29.65544439708268 -34.68339533250199 0
41.41980026571706 -36.68555648877067 0
32.38937253291938 -45.40675435860977 0
44.74340869700504 -37.32055499735741 0
39.92161634000125 -37.92807716985507 0
16.40713866652075 -50.65626398848736 0
50.43865818852137 -29.14080173610878 0
45.15671403526028 -20.63863703592597 0
12.68783973329116 -43.49296372108847 0
32.08627550093656 -39.74537538274028 0
46.65335536050641 -34.20718284998909 0
27.82094196785268 -37.72946678247856 0
17.36696905227059 -55.16701117914545 0
17.80160440534781 -55.87718598968779 0
45.50552204883419 -36.11139022778534 0
45.86531961731877 -36.72284553584247 0
24.78365404109479 -52.84170634083216 0
24.41085578537355 -53.47390067006774 0
48.50333029873904 -17.56149840978153 0
53.17652801303121 -24.71318635223892 0
48.95499597189362 -30.41016697169957 0
17.4492181276846 -52.60972044294397 0
31.07264145712163 -33.46095719204837 0
17.00294078254952 -42.38637024405327 0
47.37192577762898 -32.91390192889579 0
53.52865600773677 -22.80293622272267 0
48.18740016313303 -31.6754783249384 0
48.90571953531879 -31.67750446844225 0
51.20113766380554 -27.86762629330048 0
51.57559859325444 -28.52810419445777 0
53.0416251443266 -4.817358220224705 0
21.77076600330215 -45.74023359724495 0
31.83093145983859 -32.24989366028733 0
12.29418740800415 -46.66421786585431 0
48.24412623352039 -13.1221636497749 0
46.36001874407498 -28.50955041458198 0
33.63278178982964 -30.4537149321462 0
25.30653613268453 -38.29248531929071 0
29.37053526163509 -47.88123171559018 0
14.43133885091309 -48.00172188413472 0
17.93334778030406 -49.43639242338693 0
26.43503602228286 -47.78973936361513 0
17.0027365880229 -47.46609729490311 0
22.45383510790132 -37.01072946657804 0
24.15965540423928 -50.27289784548567 0
45.64184044984148 -14.98097592190791 0
31.52885751259418 -29.18894484413009 0
31.94823407596354 -48.54805044460592 0
34.34583422131272 -29.18939009941965 0
47.0743473684226 -16.26922839068483 0
11.47472857526156 -53.69077782448369 0
48.89113715970737 -15.67973532682527 0
14.53067556395787 -41.6879585170718 0
13.02505204986507 -46.69288106991945 0
35.07323580237472 -27.96690444343832 0
42.64270727791071 -19.91067808873921 0
14.14843253227989 -51.85422157138039 0
49.97712743640481 -6.102713040487483 0
41.89843995677062 -21.13989920898437 0
43.38887190905604 -18.68522309389425 0
11.28037744176341 -42.19987493268167 0
21.33812761737554 -47.62232257258493 0
28.23962687214721 -48.49103394978061 0
23.98182639096542 -44.55332526596216 0
29.10060609947256 -44.6808227716115 0
42.13690403555449 -11.5289619527845 0
44.06349811355658 -38.70858981069478 0
42.10433326960457 -39.25796588821739 0
27.43839998212074 -39.61185517102928 0
2.863336233535079 -41.12520730031241 0
36.90859983244447 -34.2105586562967 0
48.83497435675656 -18.2191363875173 0
14.12564689124767 -43.52865139113732 0
3.229354510424951 -48.96029614637142 0
52.83432295533332 -17.80835749014636 0
15.5829813525937 -53.18769765991074 0
25.66506914721309 -49.03984885164076 0
49.71215172686736 -13.15293698789849 0
32.24606768103533 -29.19699922718868 0
39.13893493581558 -21.25313974334987 0
24.95880664361617 -38.88640747757582 0
54.15570534818558 -6.823499154969629 0
30.03215240412857 -50.49326106813405 0
54.00962037490838 -14.61625534982009 0
20.6682769640957 -37.57568842104899 0
57.17458588556777 -8.181691928604264 0
23.94293064706949 -45.80907983953406 0
36.21366960583888 -39.12963610016302 0
54.75509402957833 -14.63036013704069 0
14.58070326675255 -40.45238701489419 0
29.44929566897293 -45.32704560467812 0
8.445712140466759 -54.87147284424927 0
42.24099773810492 -21.82167040532491 0
35.50981181236405 -37.85472189844867 0
10.86055138870283 -44.05214795834539 0
28.19191815362024 -37.11809557457094 0
40.97216047493793 -18.20014356042092 0
5.155715275963138 -56.87584206171632 0
35.45042116727793 -40.38483249018326 0
45.50528595059556 -21.29712432180307 0
33.26897776756401 -35.38781820215847 0
2.029857486370706 -55.49316220333111 0
1.638943916838363 -56.17554593295498 0
12.46385051954346 -56.93530727556718 0
46.10624199113773 -9.281613080545585 0
46.79899073329051 -11.82318700208669 0
50.77205937205532 -3.459868272243524 0
22.57519693375119 -43.25412869739179 0
55.11164063318877 -15.28141732128858 0
27.16488328881166 -47.81270525632409 0
7.286485990333766 -51.00718322026484 0
46.19220201743249 -4.066546884805104 0
54.55161016902352 -6.168122761532715 0
43.52403034179049 -12.74446862292884 0
8.4993981906497 -49.09423273579914 0
49.77962592663832 -10.59334658506276 0
10.94375878274332 -41.56884092441784 0
24.32517569064845 -45.19310747014056 0
5.71068580493916 -52.25476822592848 0
32.42616432015515 -41.62331043558507 0
18.18715080075938 -52.63497201721993 0
43.57733750115134 -9.026589915901129 0
44.40343934274191 -21.87647382907507 0
2.401607406012441 -51.61829477739271 0
41.15359641553014 -22.36322917569377 0
34.24656164780303 -44.8165955867159 0
24.51036079065953 -50.92305115174942 0
4.383760488526741 -56.86139990622351 0
40.30250907441723 -14.56717417017557 0
13.81966032370441 -41.66534657530179 0
32.2546560534296 -27.98131862350239 0
27.10264545074974 -37.71544721616614 0
7.693201784302653 -50.3710734897676 0
39.53969031911959 -38.55692754995983 0
22.49605969365424 -45.76186749869318 0
48.82507771694421 -1.384995573093376 0
55.08101886867477 -16.56438319871611 0
29.970832378181 -35.28250567981401 0
5.317933086445414 -52.91073894032485 0
6.460004215182636 -43.84978166612285 0
51.88721304674745 -5.466631353290098 0
32.00516591393625 -46.0351617101598 0
52.80953078325216 -19.06341368957326 0
0.7072512659554356 -41.17857238877572 0
16.63231711742444 -42.99610276742073 0
26.86653353448156 -45.8938176965981 0
8.894706208313107 -48.45737273179378 0
12.66175609402117 -51.79431747024191 0
13.01079489309564 -52.45409074502184 0
44.75043150011321 -22.54329735705454 0
32.44216658962083 -40.36647544399736 0
19.55850259344266 -46.9243069817735 0
33.56030437913693 -39.75453399942175 0
55.43260785604424 -20.92736405360206 0
40.7433855888259 -10.2775315998406 0
4.499381721502582 -54.21561179601787 0
42.4225174415199 -39.88440326066782 0
52.46821678791714 -27.44305525541408 0
40.78150997079437 -22.97448804785731 0
34.67783548723316 -37.90651818468368 0
20.79005909676174 -52.08174958285635 0
47.45286265785232 -15.64371882154937 0
48.62516572428607 -12.49169146370634 0
43.27575694660943 -7.18354133731637 0
17.34316810481796 -48.10763254648328 0
5.275628213291465 -45.73852911259461 0
57.311585348241 -1.529779417036339 0
49.28367267494495 -31.04181624668482 0
49.66841718454249 -31.67270455930366 0
32.97498383011346 -27.98490418354849 0
53.08923253279866 -2.107338878593504 0
54.97425659762468 -4.181610396781384 0
28.55241218004031 -51.62978641486536 0
18.15528841451817 -39.34191633396592 0
4.931730136718954 -45.07627881393341 0
52.65285812346232 -5.476745773176169 0
2.454232701946724 -50.24821519929787 0
42.97288073821153 -5.281548137089857 0
21.47333232030702 -43.84525980653807 0
49.2369315065807 -2.082269611987773 0
29.50340129805933 -41.55724210213183 0
8.202849324006998 -47.13989051459063 0
41.12040022148115 -23.68008612638086 0
3.279707343161292 -47.62814162131552 0
15.19025946276532 -53.81540348323686 0
33.57271034615028 -38.50367143698065 0
43.65095355265388 -23.11232742518187 0
49.42043581199198 -9.944782930035007 0
44.76507530606163 -1.383515701649874 0
2.871077293072008 -55.48352258944005 0
28.40270938943865 -42.15468765937773 0
34.98412866651186 -44.83609279941229 0
11.12373950190971 -53.03020094476133 0
42.1600603109206 -36.695957796117 0
27.2984127504873 -42.75459518754447 0
12.77856296782725 -41.00980996377409 0
27.25680690711736 -45.2637688119999 0
33.33744061964152 -27.38519179120813 0
18.53649310678503 -53.28688350182251 0
41.14648635099426 -0.7317103805726318 0
47.02652881015092 -36.16016966743963 0
40.03780129192096 -24.19602691468207 0
2.310181686064307 -58.74012287473948 0
43.99663081607807 -23.78756775728347 0
2.061251061989872 -56.80970115100662 0
39.89065113146886 -39.20648397465215 0
42.18077616403814 -35.42312491909403 0
37.23792551247845 -34.79684580219174 0
47.83212982830383 -15.01855241780234 0
10.47707107051539 -44.66457048647555 0
14.45033315718638 -53.78986723339307 0
14.91146583882997 -41.07997837556485 0
27.9898743924701 -30.40666501976318 0
42.5624195949853 -34.79395486356042 0
51.1406180202947 -4.134181565158256 0
40.3741838486282 -24.91436316163948 0
36.17027246996505 -35.43141295408467 0
36.28221240893268 -36.58952213140797 0
35.41345643017962 -36.67877322693945 0
23.21979529977268 -45.78450682301813 0
28.63345329141642 -47.86022319053252 0
10.37704191286376 -53.00259011859198 0
42.89950152185697 -24.35054664422531 0
32.35757006417696 -46.68374886417641 0
49.05864043317303 -9.307103668817943 0
54.60123593231002 -3.504773473906811 0
18.06038720742738 -37.02928126204549 0
16.9920221723511 -43.63790815021939 0
8.762163648693052 -42.71638160703684 0
57.24074680556696 -15.72067353405949 0
21.36255661311319 -55.43878514118263 0
42.1686871144197 -41.70118032432632 0
19.87873381654971 -55.84535849342306 0
45.23389083825629 -38.43875375466568 0
15.7184653563852 -57.27020098836702 0
54.8556924925059 -22.72047627968755 0
27.40952630536763 -52.65321014635573 0
27.42528355842879 -51.90847868492867 0
31.90207128096391 -50.125795711251 0
22.71619514513105 -54.84174641134707 0
28.55624325769651 -36.50745764861178 0
43.30893799980135 -40.63096417244817 0
18.50663037191725 -56.39427009361374 0
17.1380665166839 -56.86048653942447 0
21.91329228602594 -51.47707418313274 0
18.88383778554809 -53.94029688654825 0
6.723643833211157 -47.09595817903735 0
43.31172831183153 -34.80084071711718 0
39.29334373898117 -25.41669726301042 0
19.89451336854814 -47.56089136330667 0
57.61914107080285 -14.33593866237499 0
38.46204120639323 -45.19990095734708 0
38.99966668913712 -44.75118623140147 0
35.33597681376133 -45.47667090619883 0
16.95883113392506 -48.72138498874348 0
24.03467897631309 -54.16576885255229 0
16.22155802624908 -48.69842450574962 0
3.763179925752601 -45.66501573326872 0
43.24285150710002 -25.0415608979528 0
19.22892959439855 -38.75748665935169 0
9.643641622496517 -52.99220602741455 0
48.55309149376109 -15.03100798365953 0
31.95774438464302 -26.14142857900077 0
46.82139425609905 -10.55005235442769 0
33.09626217944532 -46.70474990948411 0
48.43855283850694 -32.29044037300972 0
2.802405931063273 -43.65717695606094 0
40.47090476079534 -3.175970943913095 0
38.92205160713763 -26.0323956724288 0
3.879519650091801 -58.82716696352973 0
34.95330195403834 -46.10702690150195 0
14.05431915575061 -54.42101914714737 0
10.67452188665485 -58.43061062959796 0
12.12445453172093 -58.10886570686598 0
29.44643881513539 -27.94362704291999 0
43.31844661951709 -33.53617166588477 0
9.197581548154734 -58.66533932806546 0
42.14880244969807 -25.58396411483825 0
49.32368497355163 -33.07034389873451 0
7.760024259197011 -58.84918583343126 0
20.92746278258667 -40.6278841666586 0
18.49253180240168 -54.55746557633368 0
39.2552446838565 -26.76485348714665 0
33.45223439345498 -47.3558463311585 0
8.040665861553082 -58.17076622279781 0
59.30378073221073 -2.589258991765645 0
47.67790852667476 -2.08046505737903 0
19.57130344856294 -39.38154371922761 0
8.089320146754615 -41.47431224197709 0
26.91360841766329 -32.21423873684287 0
38.77232077385638 -39.8157945209329 0
2.864723688766072 -48.28343830754194 0
42.48938408453058 -26.27876270661998 0
43.71030599410217 -32.90246866121809 0
43.99833677369163 -7.192933221717054 0
22.02028518493565 -40.03502534881815 0
39.83635684705389 -20.03827189474162 0
10.82636532645147 -45.3128715005633 0
13.66237790228552 -55.05701593449007 0
38.17780315504306 -27.2480018103339 0
52.27621785760855 -4.808922898309966 0
22.26539352301373 -52.12865299107246 0
18.11160971276263 -55.18003784362607 0
22.61668912275456 -52.7841506985745 0
54.80791775082683 -12.05906132483824 0
15.14307954905819 -48.02529082943748 0
44.45614574404131 -32.90405542075777 0
6.652813075146633 -58.26406621318868 0
41.39825765214172 -26.81752504969646 0
37.80656195532729 -27.86475587548851 0
35.40378558924024 -46.79153040130896 0
40.38134924439804 -8.416922277834907 0
14.74988670454661 -55.7315504295844 0
21.43747653594301 -54.70088813386052 0
38.38946981842743 -40.44437818297538 0
23.1048684185262 -39.44667616553537 0
23.35499382233572 -52.80381996457972 0
38.13623103986231 -28.61516047793492 0
41.73724680751005 -27.50360515663479 0
24.30448270979172 -38.90473636612198 0
15.04442699052274 -56.3710667684072 0
29.22573026073075 -36.50469516309153 0
44.4678344915545 -31.64247808465773 0
23.56033427812301 -46.42618971005402 0
26.19694506544284 -43.35370928709245 0
37.06217931285912 -29.08038407957969 0
40.65187570927588 -28.06563694225719 0
38.73812768757416 -41.09985495543653 0
44.85717328162369 -31.00929782688613 0
2.617819126067644 -44.87759959795427 0
23.17922241059625 -47.04293339110657 0
55.76967399563898 -2.866177261915861 0
36.6893858017325 -29.70311355311338 0
41.14045430748419 -2.137463202008085 0
44.44845884692141 -6.596758296246387 0
21.01148165502729 -38.19203269837239 0
40.98717189832693 -28.74251933647491 0
36.69089428187056 -21.17303798184957 0
45.60657208836562 -31.00537567033822 0
26.77577664178596 -48.43826403966084 0
23.69958728439693 -53.43788684167862 0
55.966058472606 -11.41973736266315 0
39.7252701821526 -34.3690385900251 0
41.14010452749752 -33.47876060462282 0
56.39326058965038 -10.75916346620972 0
40.11441559434891 -33.77737528983202 0
41.90023753520001 -32.22462011738401 0
40.86955063597813 -32.53329542744251 0
44.26865263195658 -39.53739697105897 0
37.01391359216585 -30.42084915630672 0
1.819881454521176 -46.26391737397037 0
41.62433917060845 -31.28984523095125 0
42.65993563661524 -30.97105891599617 0
51.89875695543788 -4.146240435723996 0
2.459014496564613 -48.9405165111628 0
23.52081178678947 -47.69362527469254 0
42.37890709191954 -30.04685053405179 0
39.90227064582065 -29.30105264967887 0
43.41935451764159 -29.7178982454072 0
54.26271089592623 -24.05606980304978 0
37.61502416431863 -41.71228549295562 0
45.61786765347927 -29.75364470888421 0
43.12950974964993 -28.83000195494127 0
25.59120587732764 -41.37632926531521 0
21.72616429225243 -38.21193893684593 0
44.1786331428248 -28.46491541088704 0
26.38836048503205 -49.06360919456847 0
23.86657232579222 -48.34179674694726 0
26.65720668723307 -40.75812438968993 0
40.23509576147828 -29.98285108949862 0
43.88456176067992 -27.58628188322985 0
46.82839839895365 -0.6892325265208237 0
44.93782651920327 -27.21191638580871 0
4.520063784169662 -45.70323769426766 0
46.36039883942116 -29.74657988907457 0
26.71172459979906 -52.24265776842339 0
27.74538286938727 -40.16222650777626 0
39.14885587432052 -30.54287590004626 0
36.4990021689766 -42.31140230467825 0
44.63915749904469 -26.34187234830031 0
26.92695327459463 -43.36939332400829 0
45.69750836436189 -25.95550164307533 0
47.51756250830919 -29.11446773166929 0
26.0026380178369 -49.68613814414856 0
39.47913283139482 -31.21590086089856 0
29.1205873550672 -38.99680482007717 0
45.3967182386417 -25.07349831876688 0
47.88247847025797 -28.49579154355788 0
47.5079651840432 -34.13460049174291 0
30.66493486884098 -50.88882036578816 0
45.77026415185657 -24.47375953903274 0
38.39399326037365 -31.78676538351232 0
25.6204299731729 -50.31338353456482 0
55.22416944177519 -11.41106020370697 0
46.83765756289094 -24.07070011809032 0
28.03246647750061 -42.76930380811334 0
47.8761101048874 -27.2530660604229 0
13.88722320476102 -49.91747753801388 0
55.39475343130105 -2.165657873072766 0
38.72460949070611 -32.45849831492625 0
46.52968518224233 -23.20518742814177 0
36.85195011378716 -42.97182915115151 0
48.6365096490088 -27.23247864763635 0
2.10458857354878 -49.57382201880836 0
46.25567876818435 -36.12252885810459 0
23.52669245331607 -36.41745642401209 0
46.9016928017659 -22.61547034089425 0
37.64294755460926 -33.02259049738984 0
37.99340805813095 -23.07465707201559 0
55.04077314883119 -1.486945681376495 0
8.819535569377438 -40.31938504711103 0
47.97968801574468 -22.12446103843665 0
48.64212577377562 -25.98321125761187 0
37.20749454218421 -43.62398917469095 0
25.98076228391581 -50.97540360941893 0
29.13655329370541 -42.16976255787018 0
37.96819285549218 -33.69740242725398 0
23.88437306078295 -37.04069895786436 0
49.40157455681492 -25.9630078162539 0
2.157567084533615 -42.37027934402985 0
3.42956458595216 -44.99172573478556 0
51.53106121539985 -3.474891881400567 0
57.11332167433075 -10.77162939730588 0
47.65762457402821 -21.41501245174717 0
55.78983927567577 -16.57338155018921 0
37.56080170828434 -44.27515749705073 0
48.74658260699456 -20.85647517800253 0
49.39088571745837 -24.72133971553425 0
57.45731710487969 -10.1530083446543 0
26.70722711497249 -50.99630201430632 0
49.78994171848414 -24.0804803227327 0
30.23239677187523 -41.56783342321069 0
48.42476575689927 -20.11603594045525 0
7.819376146722239 -47.77585624926005 0
33.11863554089424 -49.28064920222146 0
29.3039713344043 -51.62971024201654 0
49.51153380509954 -19.63143443898063 0
50.55017496683531 -24.0559283766754 0
35.48549414293729 -23.11596870122293 0
30.593494684764 -42.19940870222086 0
51.92941428904039 -2.804831078199858 0
31.30967280009959 -42.21490733957493 0
20.22761469896254 -48.22030029054952 0
49.87668711609018 -19.00620634887542 0
50.50547327396562 -22.84515990482866 0
26.11422916949296 -53.35911833571007 0
36.89190729969424 -24.90390318561908 0
50.92603190452801 -22.19326357128512 0
20.55149559020393 -48.87530825724728 0
51.69275696150186 -22.16047510051602 0
19.29040001083991 -36.35084433316061 0
8.162724762331129 -48.43997073589882 0
14.29739714789156 -57.64980661103121 0
33.80271059994442 -47.93317856369386 0
10.63779556015229 -39.748827045802 0
49.20382505470957 -17.58767152234382 0
19.43703817096264 -49.45409944012039 0
11.41246858382649 -57.58582799513344 0
52.3275661857212 -2.099090924595752 0
51.64853436981181 -20.94827666081115 0
49.58595999533669 -17.00310509722912 0
2.161257754781155 -41.13344022603036 0
52.07146118276792 -20.29611885662333 0
32.05093398741454 -42.2312145595417 0
30.60419862793017 -35.31895046531314 0
2.035312491677843 -43.63470443140957 0
12.56512529085603 -48.55280356511209 0
52.82460939828238 -20.26435626496782 0
40.11911975903678 -43.79177475565632 0
59.05245988379949 -6.234393022859145 0
1.129699850457004 -59.39591090384378 0
59.38456519527175 -1.1114749156886 0
35.79331594068169 -26.73303029705045 0
52.73245494952904 -1.368159001889161 0
4.284959977388441 -51.00210615477951 0
11.83320670171915 -48.5241664519986 0
1.322009324515353 -49.59596895530782 0
7.777693649035707 -49.08735922257416 0
0.6411255828672178 -46.7743869541535 0
4.987758747671976 -52.26436910137011 0
32.16061285595683 -32.83855543358737 0
44.19451007887403 -4.655873305267934 0
32.89117705004673 -32.8484664373867 0
49.25284927400263 -15.0414543992663 0
33.53452115645334 -32.88910198841221 0
47.25574327834651 -1.388966401278527 0
46.74212386927645 -29.12557513241012 0
38.93029983743302 -13.38684176631207 0
59.22185214223425 -4.742177123229855 0
0.6501848696427523 -53.96226798938253 0
34.43880654827385 -33.55253336234269 0
53.1461722523386 -0.6821520871288655 0
47.16365435567185 -6.059075845582393 0
7.377306589583893 -49.72816201334528 0
33.19473631742197 -40.36846556312307 0
49.63588028799469 -14.3949546103272 0
56.85307683706083 -17.11311973174997 0
50.02682529127403 -13.82088737074638 0
35.52232957060488 -47.57922843429067 0
14.24817736769963 -38.65346331851715 0
53.87009487863274 -23.45190274706372 0
2.01207316173134 -50.89709639439602 0
6.225185805477539 -40.77173705257355 0
13.78010722802011 -44.15767432583883 0
34.32663450219783 -38.50435381052154 0
10.82876100562232 -51.13406175881961 0
30.55048668962542 -27.35539362971161 0
8.772462834667749 -58.10231695748735 0
6.972004508970405 -50.35486701417399 0
16.6351810473719 -56.36530906512377 0
10.14784500262861 -51.08081878570602 0
48.27179648687145 -7.97908015543855 0
14.85326778921011 -44.82732418170983 0
6.241335432893676 -50.32299896118468 0
46.17192155812732 -37.33981369856225 0
51.85847934984803 -13.28243759436895 0
34.30916943853408 -30.42869764916689 0
49.4316414735101 -8.727405101316302 0
52.24697738672401 -12.64447756299767 0
50.10289237832204 -8.695139902904486 0
31.24126527422716 -49.79878522693851 0
5.486817962034531 -50.29577459262847 0
51.22454440113342 -9.350675378075222 0
52.62156089797251 -11.98508956511307 0
1.462730047468489 -58.76437534368213 0
1.312567310092422 -56.91773295832198 0
57.49500885167031 -8.854500685926284 0
37.79993704150591 -44.97221279556906 0
37.71678902812322 -14.94126367740685 0
30.1610421301289 -27.97757667706066 0
14.7392754326607 -48.64635232886373 0
4.720261445506023 -50.2799058511597 0
52.29819361858287 -11.32225944052989 0
1.281541740543385 -51.99941541378011 0
14.32459077401842 -49.28382349893675 0
58.74035548587774 -1.383893366288834 0
37.589851679944 -34.23255104809333 0
43.09527066543374 -39.94664673292738 0
39.04325669556255 -10.87526256657987 0
35.27998444448981 -31.00417443847806 0
41.25463112342008 -41.76376239105645 0
8.894556367651759 -52.99471805842556 0
45.05362669963122 -6.698409862351497 0
8.188072219284894 -52.95962548169251 0
55.4843047348289 -0.7695572249884377 0
52.65895196820624 -10.69829101348978 0
34.94606129705419 -48.05326018926446 0
4.640658255672845 -51.62826320235371 0
49.94116052084728 -16.40018664825546 0
22.99556790553429 -33.4243955162934 0
7.366616159915915 -58.23165605526793 0
49.59741007567226 -15.72860045959652 0
24.09670907269381 -33.39153626602343 0
39.372137239098 -43.63289255725739 0
12.53698631561638 -39.21849682523495 0
52.30190073705616 -10.03927581829186 0
8.047899001558152 -56.8725027914722 0
40.46361275698786 -7.221052327686761 0
15.31390320515744 -38.13843430062578 0
24.80097940829815 -54.01284815375688 0
25.93244928684884 -32.74321416192733 0
7.014386889070178 -56.25030981623178 0
36.70781818132501 -46.70179374415953 0
9.299279274528692 -39.41462446958964 0
58.06021198561018 -12.79590706793849 0
40.1862248191363 -5.319070864575263 0
57.93900043052358 -9.537049095891946 0
36.92484899991415 -35.38227623471705 0
49.52903298791558 -18.28841765763477 0
26.99609349421517 -30.99325423454825 0
58.67452602016732 -9.230906608291439 0
56.92953507719196 -14.5663944274541 0
0.5664350204631224 -58.00000000000009 0
58.72546293176455 -2.93249312778329 0
7.702490548573399 -57.54736733203326 0
18.55755084793174 -55.73893095516336 0
53.17406427433882 -19.64798783039058 0
4.598026647540147 -52.93427497156278 0
54.20848633169792 -22.80467681875036 0
7.753040202413132 -54.83320091078002 0
51.91911883986462 -9.386133690446735 0
2.668295553760255 -59.33869483285319 0
11.38756107554051 -49.18610503852958 0
10.99528391141533 -49.81735549751698 0
7.408248440814223 -54.19652593523457 0
53.91097739831491 -19.64542612340534 0
27.90019601052881 -29.34896763354842 0
0.5504588170891808 -55.57591752993911 0
58.50251447952805 -10.69199303394575 0
4.20582971857629 -53.58375630019597 0
54.68035551613447 -19.67601203805888 0
9.042890032859413 -51.6972751935993 0
0.5948455773934909 -48.42456227890958 0
20.03138698491927 -35.2027917770558 0
11.28910204860357 -50.46007113330994 0
9.45214790389603 -51.06543158448284 0
39.21286545090782 -17.77705881237176 0
7.374728149646405 -55.55929245326188 0
3.460270100879855 -53.54696773639288 0
7.486432002583259 -52.94111447362854 0
9.327081928538139 -52.35122129673177 0
7.081669377506589 -53.58567418329906 0
22.31076881114336 -33.86598712830742 0
9.490099875335773 -58.05091866451735 0
12.09239653788665 -57.42516835067876 0
50.81397116473408 -8.711413029692125 0
58.97512359358875 -7.764222321772162 0
45.47566740480192 -37.28502911768518 0
38.51262841610818 -16.23454912004361 0
2.679250107143606 -53.52058186426143 0
55.05813480629461 -21.3589271985357 0
21.07500894446467 -35.89485885399662 0
38.60087335270909 -13.99624443794255 0
40.12728625119095 -9.1301916040909 0
1.872167201442107 -53.50598437693812 0
20.23322736073681 -55.19446544372204 0
56.45245733560652 -16.55479620899415 0
24.8592020200861 -32.7831978647655 0
34.96134943367534 -31.65856006231851 0
38.11534064776649 -15.55887986520675 0
10.28819558415939 -39.20333085849953 0
38.98694448417275 -18.35546545898051 0
35.28173460980847 -32.25733429843513 0
38.37967127711033 -23.61220782065697 0
14.6160552759521 -56.9613678444433 0
40.21776654762458 -20.56517908912809 0
37.26904499901127 -25.44358633398927 0
41.3445206016596 -18.72143152596878 0
16.77023622525745 -38.22581217693751 0
55.30207468058733 -19.61696739210155 0
48.9720169551706 -8.013410821567714 0
17.93370229174616 -37.5953712310298 0
36.1006032365493 -27.30409897660321 0
39.49096222658827 -21.78039831692644 0
40.89629267880567 -19.35274382099914 0
34.88741500207679 -32.90153797183817 0
39.86663224024545 -21.17002945020696 0
41.69881740974495 -18.11366768831722 0
39.04974633702376 -22.40362956620053 0
40.19913799310454 -19.42625727088798 0
42.45258366857717 -16.87589917777886 0
41.67503198002263 -16.97259339319373 0
37.9444577396149 -24.23348407123972 0
38.36240317885289 -22.46771377665378 0
23.32619294236643 -53.93702768310881 0
42.24736586931843 -15.76569685476723 0
43.26569318887503 -15.62871530801755 0
37.259106952877 -24.29551869331608 0
3.110072643241322 -58.75939614504848 0
36.83766413666473 -26.06200078229188 0
36.15815311238045 -26.12157318414966 0
35.75223514100164 -27.9128113112722 0
35.37008053748965 -28.53231584367972 0
25.02462245378871 -41.49323351827426 0
30.2434275405874 -26.89253753544143 0
24.99915551870637 -40.16580835357831 0
24.68402417502823 -39.48732389173141 0
35.00028802068235 -29.14373547712061 0
42.99461155476863 -14.57211287784419 0
34.65428369998875 -29.76967940038982 0
24.70281610919383 -40.81716169263428 0
47.90853475809434 -7.352993917581582 0
44.0340390635549 -14.41151392693291 0
44.33053484268592 -13.7900574278083 0
1.923492786525116 -45.04547544579692 0
32.30144480082264 -49.10418048049038 0
42.66062308365198 -40.52200207582413 0
59.37891992532495 -4.07779750206052 0
22.15624871873545 -54.5522807410272 0
50.95990661464968 -30.60379704522538 0
48.21357892463234 -6.706307874385585 0
49.8826439957562 -30.98548663865381 0
26.91861008248626 -51.57602966472679 0
51.38521955936005 -30.08438469106598 0
1.44547388639727 -41.07324570260385 0
5.226431059915427 -40.12741514447431 0
38.02318036205256 -18.57706440800716 0
37.97496641704853 -34.8184947762926 0
50.22231950248033 -31.98202920440211 0
47.84358332796543 -6.042324089305872 0
54.52002370834848 -22.22750780918259 0
40.93459652512615 -4.130434702308345 0
44.07238863567485 -12.69665017397993 0
45.07086649297742 -37.87345140988923 0
51.05233479474803 -29.06994575156321 0
31.68378519201057 -33.4315008160281 0
33.1454409452526 -25.90527069688849 0
34.22009377820973 -26.16865949060941 0
31.26087719234349 -35.4352751701627 0
31.2961592395118 -34.01121971493853 0
40.949802884333 -2.822672932978745 0
27.93838494804093 -51.59616487668372 0
22.29069221577468 -35.26733119668577 0
31.6256338886921 -34.7993275076852 0
44.12145259469393 -11.46877888157043 0
17.3196377666127 -56.27981863148497 0
30.91551326238255 -26.19063887922691 0
49.1286372952697 -32.28965513019313 0
8.056377282980248 -39.61905266392341 0
41.30849129169246 -42.88197079639629 0
38.79056114335332 -11.50818956885129 0
52.09975995397142 -28.82891985176219 0
34.61124160970859 -25.66451983972365 0
44.141237857073 -10.21777860600698 0
30.22052685695748 -35.91011310494216 0
26.20395671136335 -52.76930020248781 0
38.97733576016741 -44.15652249285196 0
11.99054885700313 -39.22425927779953 0
29.81628246556197 -36.44562622800283 0
10.24950666486482 -57.99767443755428 0
56.30841454061382 -19.31755449520247 0
38.89324601026786 -16.8312528182409 0
44.16518894684031 -8.96495639905501 0
38.75892228527859 -34.87046437537401 0
34.27646125059533 -24.72599209323449 0
39.57447719067619 -34.91799102464783 0
37.99870491110344 -14.01495335094206 0
45.93307057142806 -8.743569903031982 0
0.4986371017217408 -40.50653488302921 0
40.49691244991774 -0.5014079256078448 0
47.98158147215456 -32.93718785679802 0
29.48130417858199 -50.98805223065443 0
30.11221592601887 -37.16175562531647 0
1.229777845569717 -53.48173386294516 0
51.83403632828216 -27.85982520025635 0
33.84382710048189 -49.00843363130326 0
1.207288899004707 -46.30521981836076 0
34.66048056007833 -24.24081688987765 0
29.74207006622228 -39.05710319244328 0
59.48935526593957 -0.4974057969354775 0
0.5140998091168444 -59.47824969054948 0
30.13986461261227 -38.57694715327174 0
37.37212375867703 -45.43115928308585 0
1.870414397936474 -42.90661489648165 0
1.887875983429937 -41.79155575826853 0
27.42271592361368 -30.482688072367 0
57.18626268918466 -13.92221080601888 0
28.22295420440663 -40.37277661921756 0
28.74431657186596 -39.49846707893825 0
15.25506659673269 -56.9201967516895 0
46.80960640372344 -5.424811070478587 0
29.77097468426789 -37.66903861585926 0
35.07211077155858 -23.67289485650824 0
1.768578785325009 -51.6362566583634 0
47.10120552509341 -4.805556639810511 0
28.30874249672206 -28.807185646896 0
58.54843207847461 -5.69446901129138 0
35.99626682258067 -23.26293971721889 0
27.13813568294273 -40.97830470396146 0
30.72462834779713 -50.30838331126917 0
45.5870283418373 -7.721558490325086 0
13.57617092462181 -38.81314570184681 0
40.23262529974269 -7.820430139055324 0
26.06104019495961 -41.58610131005211 0
19.16254445611339 -35.67913138024063 0
19.11614741154787 -37.03811846896871 0
46.73823165404693 -4.195465180446683 0
44.43775140670714 -12.34855161146973 0
32.30706713889094 -25.77282569874575 0
44.46451758875288 -11.12212728138798 0
58.33771513587776 -12.17220413494926 0
12.88300608959188 -58.15068758982235 0
28.81938197237877 -52.14123699227071 0
4.053992158694746 -59.4131235042285 0
55.81992872671294 -20.52905497105142 0
58.04856057605909 -10.22792515344744 0
47.5757342724791 -33.46949106940619 0
44.4828220768206 -9.869622819690081 0
26.38051798867683 -32.28182290980853 0
4.570409490539546 -40.11396924993277 0
40.6229551243434 -5.775942372613154 0
36.04754497052071 -46.54944840435889 0
44.69136193932896 -38.43749127230081 0
46.40603128897513 -3.566970488274762 0
39.89198558991848 -9.783199974010159 0
55.5663324726216 -21.45901733488915 0
37.19160288818598 -21.37383165285182 0
9.216283748630707 -39.92448283531625 0
36.48019758195683 -22.39350713856906 0
40.97087579738926 -1.429961455626451 0
23.56826211908983 -39.66783409820766 0
45.6022298123701 -6.562877297183303 0
33.26066530267524 -26.35835263795829 0
56.73957376443349 -15.97562827905476 0
45.0374979770487 -8.858735846908596 0
37.57172855226879 -20.8178987039461 0
34.40023361265338 -47.84224250735298 0
42.21954655021077 -41.06198374093049 0
22.49633371096111 -40.25664881301696 0
56.80248839387424 -0.9540729166437509 0
39.15409570507295 -11.97088121353436 0
45.92217283954438 -7.216394348790185 0
14.67275053069704 -38.24697941910209 0
31.94605286463641 -49.55830743894997 0
1.11226119181426 -48.83772795493198 0
20.86313474249974 -55.1574910266013 0
24.97716030590717 -53.38001072479153 0
44.90106630738232 -5.483043317076186 0
21.41229023989918 -40.85248402487834 0
10.95862953097086 -57.94363576711435 0
1.110725867917263 -57.55283148632975 0
19.19175526226612 -55.61664332740044 0
1.863609952272444 -50.1219799152214 0
2.557726960854165 -44.19369866877224 0
57.72504056488454 -1.168687967599042 0
20.28939191148334 -41.42898112178385 0
$EndNodes
$Elements
78 7209 1 7209
0 1 15 1
1 1 
0 2 15 1
2 2 
0 3 15 1
3 3 
0 4 15 1
4 4 
0 5 15 1
5 5 
0 6 15 1
6 6 
0 7 15 1
7 7 
0 8 15 1
8 8 
0 9 15 1
9 9 
0 10 15 1
10 10 
0 11 15 1
11 11 
0 12 15 1
12 12 
0 13 15 1
13 13 
0 14 15 1
14 14 
0 15 15 1
15 15 
0 16 15 1
16 16 
0 17 15 1
17 17 
0 18 15 1
18 18 
0 19 15 1
19 19 
0 100 15 1
20 20 
0 101 15 1
21 21 
0 102 15 1
22 22 
0 103 15 1
23 23 
0 104 15 1
24 24 
0 105 15 1
25 25 
0 106 15 1
26 26 
0 107 15 1
27 27 
0 108 15 1
28 28 
0 109 15 1
29 29 
0 110 15 1
30 30 
0 111 15 1
31 31 
0 112 15 1
32 32 
0 113 15 1
33 33 
0 114 15 1
34 34 
0 115 15 1
35 35 
0 116 15 1
36 36 
0 117 15 1
37 37 
0 118 15 1
38 38 
0 119 15 1
39 39 
1 200 1 7
40 1 40 
41 40 41 
42 41 42 
43 42 43 
44 43 44 
45 44 45 
46 45 2 
1 201 1 7
47 2 46 
48 46 47 
49 47 48 
50 48 49 
51 49 50 
52 50 51 
53 51 3 
1 202 1 7
54 3 52 
55 52 53 
56 53 54 
57 54 55 
58 55 56 
59 56 57 
60 57 4 
1 203 1 7
61 4 58 
62 58 59 
63 59 60 
64 60 61 
65 61 62 
66 62 63 
67 63 5 
1 204 1 7
68 5 64 
69 64 65 
70 65 66 
71 66 67 
72 67 68 
73 68 69 
74 69 6 
1 205 1 7
75 6 70 
76 70 71 
77 71 72 
78 72 73 
79 73 74 
80 74 75 
81 75 7 
1 206 1 7
82 7 76 
83 76 77 
84 77 78 
85 78 79 
86 79 80 
87 80 81 
88 81 8 
1 207 1 7
89 8 82 
90 82 83 
91 83 84 
92 84 85 
93 85 86 
94 86 87 
95 87 9 
1 208 1 7
96 9 88 
97 88 89 
98 89 90 
99 90 91 
100 91 92 
101 92 93 
102 93 10 
1 209 1 7
103 10 94 
104 94 95 
105 95 96 
106 96 97 
107 97 98 
108 98 99 
109 99 11 
1 210 1 7
110 11 100 
111 100 101 
112 101 102 
113 102 103 
114 103 104 
115 104 105 
116 105 12 
1 211 1 7
117 12 106 
118 106 107 
119 107 108 
120 108 109 
121 109 110 
122 110 111 
123 111 13 
1 212 1 7
124 13 112 
125 112 113 
126 113 114 
127 114 115 
128 115 116 
129 116 117 
130 117 14 
1 213 1 7
131 14 118 
132 118 119 
133 119 120 
134 120 121 
135 121 122 
136 122 123 
137 123 15 
1 214 1 7
138 15 124 
139 124 125 
140 125 126 
141 126 127 
142 127 128 
143 128 129 
144 129 16 
1 215 1 7
145 16 130 
146 130 131 
147 131 132 
148 132 133 
149 133 134 
150 134 135 
151 135 17 
1 216 1 7
152 17 136 
153 136 137 
154 137 138 
155 138 139 
156 139 140 
157 140 141 
158 141 18 
1 217 1 7
159 18 142 
160 142 143 
161 143 144 
162 144 145 
163 145 146 
164 146 147 
165 147 19 
1 300 1 5
166 39 148 
167 148 149 
168 149 150 
169 150 151 
170 151 38 
1 301 1 5
171 38 152 
172 152 153 
173 153 154 
174 154 155 
175 155 37 
1 302 1 5
176 37 156 
177 156 157 
178 157 158 
179 158 159 
180 159 36 
1 303 1 5
181 36 160 
182 160 161 
183 161 162 
184 162 163 
185 163 35 
1 304 1 5
186 35 164 
187 164 165 
188 165 166 
189 166 167 
190 167 34 
1 305 1 5
191 34 168 
192 168 169 
193 169 170 
194 170 171 
195 171 33 
1 306 1 5
196 33 172 
197 172 173 
198 173 174 
199 174 175 
200 175 32 
1 307 1 5
201 32 176 
202 176 177 
203 177 178 
204 178 179 
205 179 31 
1 308 1 5
206 31 180 
207 180 181 
208 181 182 
209 182 183 
210 183 30 
1 309 1 5
211 30 184 
212 184 185 
213 185 186 
214 186 187 
215 187 29 
1 310 1 5
216 29 188 
217 188 189 
218 189 190 
219 190 191 
220 191 28 
1 311 1 5
221 28 192 
222 192 193 
223 193 194 
224 194 195 
225 195 27 
1 312 1 5
226 27 196 
227 196 197 
228 197 198 
229 198 199 
230 199 26 
1 313 1 5
231 26 200 
232 200 201 
233 201 202 
234 202 203 
235 203 25 
1 314 1 5
236 25 204 
237 204 205 
238 205 206 
239 206 207 
240 207 24 
1 315 1 5
241 24 208 
242 208 209 
243 209 210 
244 210 211 
245 211 23 
1 316 1 5
246 23 212 
247 212 213 
248 213 214 
249 214 215 
250 215 22 
1 317 1 5
251 22 216 
252 216 217 
253 217 218 
254 218 219 
255 219 21 
1 400 1 25
256 21 220 
257 220 221 
258 221 222 
259 222 223 
260 223 224 
261 224 225 
262 225 226 
263 226 227 
264 227 228 
265 228 229 
266 229 230 
267 230 231 
268 231 232 
269 232 233 
270 233 234 
271 234 235 
272 235 236 
273 236 237 
274 237 238 
275 238 239 
276 239 240 
277 240 241 
278 241 242 
279 242 243 
280 243 1 
1 401 1 25
281 19 244 
282 244 245 
283 245 246 
284 246 247 
285 247 248 
286 248 249 
287 249 250 
288 250 251 
289 251 252 
290 252 253 
291 253 254 
292 254 255 
293 255 256 
294 256 257 
295 257 258 
296 258 259 
297 259 260 
298 260 261 
299 261 262 
300 262 263 
301 263 264 
302 264 265 
303 265 266 
304 266 267 
305 267 39 
2 1 2 6904
306 2277 1275 2279 
307 2282 1336 2283 
308 1336 2282 2284 
309 2451 2084 2884 
310 2230 2228 2284 
311 3321 2496 3400 
312 2772 2771 3170 
313 1950 3321 3400 
314 629 2048 3579 
315 2048 629 3116 
316 2340 327 2341 
317 3060 2773 3479 
318 2095 368 2096 
319 18 142 2115 
320 2063 1481 2186 
321 2113 309 2114 
322 2341 327 3449 
323 2082 314 2083 
324 2079 350 2081 
325 1731 1733 2779 
326 2118 2311 3317 
327 2146 333 2353 
328 2279 1275 3560 
329 2086 345 2087 
330 380 382 2158 
331 3125 2021 3129 
332 1088 3125 3129 
333 82 83 2770 
334 338 2070 3478 
335 2311 377 3317 
336 1097 3124 3127 
337 2773 3047 3479 
338 2531 1097 3127 
339 379 380 2172 
340 639 2077 2294 
341 1584 1253 2328 
342 380 2158 2172 
343 188 189 2262 
344 2114 309 2115 
345 3128 2045 3133 
346 1107 3128 3133 
347 1467 2111 2331 
348 2202 311 2204 
349 2280 2279 3560 
350 2111 2326 2331 
351 2070 338 3044 
352 314 2082 2084 
353 2084 2451 3369 
354 350 2079 2125 
355 2146 2353 3393 
356 61 62 2688 
357 1481 2063 2217 
358 2048 2128 3579 
359 3134 2055 3138 
360 1087 3134 3138 
361 2771 2770 3170 
362 2284 2231 2285 
363 2033 3013 3322 
364 2531 2021 3125 
365 2021 2531 3127 
366 70 71 2778 
367 304 2795 3024 
368 238 239 3326 
369 2167 240 3571 
370 332 2171 3331 
371 239 240 2167 
372 2282 2230 2284 
373 3140 2066 3144 
374 3013 283 3322 
375 2171 332 3334 
376 1108 3140 3144 
377 2228 2231 2284 
378 269 2050 2994 
379 3024 2795 3357 
380 2038 1151 2217 
381 1088 2045 3128 
382 2045 1088 3129 
383 2096 368 2097 
384 2285 2231 3458 
385 2050 269 3368 
386 309 18 2115 
387 1752 2018 2293 
388 3147 2075 3152 
389 1086 3147 3152 
390 3495 2064 3497 
391 521 2047 3520 
392 706 707 2329 
393 1926 3495 3497 
394 2097 306 2195 
395 2047 521 3519 
396 1572 2120 2121 
397 2777 319 2779 
398 1572 1455 2120 
399 1107 2055 3134 
400 2073 302 3315 
401 356 2104 2775 
402 2055 1107 3133 
403 525 2085 3158 
404 2104 356 2776 
405 2120 1455 2122 
406 345 2086 2300 
407 2041 2779 2939 
408 1455 1308 2122 
409 3154 2078 3161 
410 387 385 2217 
411 2579 3154 3161 
412 2077 639 2603 
413 2848 365 3130 
414 2085 525 3530 
415 2041 2939 3506 
416 2117 374 3067 
417 175 3331 3384 
418 529 2061 3150 
419 311 2202 2205 
420 372 2173 2981 
421 1087 2066 3140 
422 2049 2603 3263 
423 2066 1087 3138 
424 1466 2100 2328 
425 3033 2679 3034 
426 2061 529 3535 
427 319 2777 2778 
428 369 3348 3352 
429 2100 1584 2328 
430 372 379 2172 
431 382 1203 2158 
432 2134 1774 2513 
433 159 2092 3345 
434 3163 1656 3168 
435 2576 3163 3168 
436 1987 2984 3306 
437 2100 1466 2329 
438 2092 159 3402 
439 623 2134 2513 
440 239 2167 3326 
441 320 61 2688 
442 1203 2098 2158 
443 2041 1731 2779 
444 1108 2075 3147 
445 1733 2777 2779 
446 1178 3422 3423 
447 3422 2430 3423 
448 2075 1108 3144 
449 1751 2603 2959 
450 3331 2170 3384 
451 278 2258 2261 
452 2418 2424 2497 
453 2424 1201 2497 
454 710 2103 2329 
455 2098 1203 2293 
456 2076 726 3101 
457 2271 1962 3334 
458 2087 345 2106 
459 372 2172 2173 
460 2501 3262 3264 
461 338 188 2262 
462 302 2073 2537 
463 1598 2501 3264 
464 140 141 2455 
465 342 2129 2541 
466 2225 1761 3399 
467 83 317 2770 
468 1598 3264 3266 
469 2101 722 3097 
470 1599 1598 3266 
471 1962 2271 3399 
472 1086 2078 3154 
473 313 2123 2304 
474 2078 1086 3152 
475 726 2076 3562 
476 3055 297 3239 
477 3176 1645 3182 
478 2572 3176 3182 
479 82 2770 2771 
480 317 2768 2769 
481 2683 318 3021 
482 1275 2277 3119 
483 2089 718 3077 
484 308 2141 2186 
485 189 278 2262 
486 3293 401 3443 
487 368 2095 3251 
488 1245 2428 3427 
489 2428 1245 3428 
490 3348 2196 3352 
491 3055 3239 3386 
492 237 313 2304 
493 2155 2848 3130 
494 722 2101 3570 
495 2108 714 3062 
496 2576 3168 3172 
497 2575 2576 3172 
498 2141 2063 2186 
499 1884 2133 3038 
500 2579 1656 3163 
501 1753 2087 3070 
502 1192 3272 3417 
503 374 2117 3317 
504 1656 2579 3161 
505 306 2097 3388 
506 718 2089 3580 
507 2290 1475 2478 
508 2504 1764 3349 
509 2235 2236 3378 
510 3193 1814 3205 
511 2582 3193 3205 
512 2133 611 3038 
513 2235 3378 3403 
514 2326 1573 2331 
515 714 2108 3587 
516 2103 710 2698 
517 1253 2111 2328 
518 282 2088 3235 
519 2258 278 2263 
520 71 319 2778 
521 2111 1467 2328 
522 3490 1565 3504 
523 3416 2419 3421 
524 70 2778 2780 
525 1180 3416 3421 
526 2799 3037 3122 
527 2242 2237 2243 
528 2105 3490 3504 
529 2131 353 2659 
530 2135 341 2286 
531 2450 1651 2790 
532 309 2113 2455 
533 2137 1617 2934 
534 2300 2086 3284 
535 1761 2225 3342 
536 3208 1815 3214 
537 1174 2137 2934 
538 2602 3208 3214 
539 2138 1651 2450 
540 1576 2145 2473 
541 1573 1572 3009 
542 310 2342 3270 
543 1298 2475 3440 
544 2572 3182 3188 
545 2571 2572 3188 
546 2475 1298 3444 
547 2115 142 3545 
548 1652 1651 2138 
549 1778 2288 2289 
550 2575 1645 3176 
551 1263 2260 3496 
552 2331 1573 3009 
553 2260 1263 3484 
554 2352 1555 3294 
555 2081 350 3260 
556 2083 314 3271 
557 707 710 2329 
558 2031 3437 3442 
559 2128 2049 3263 
560 2119 360 2735 
561 1466 706 2329 
562 801 799 2285 
563 1645 2575 3172 
564 2780 1806 2801 
565 2088 282 3507 
566 3437 2062 3442 
567 289 100 2303 
568 2018 2098 2293 
569 2067 3293 3443 
570 240 329 3571 
571 2999 2511 3000 
572 2077 1752 2293 
573 1151 2038 3555 
574 2457 1857 3285 
575 2984 373 3306 
576 2489 2023 3523 
577 2023 2489 3513 
578 2658 2644 2728 
579 1572 2121 3009 
580 1156 2999 3000 
581 1375 1909 2312 
582 278 2261 2262 
583 1151 387 2217 
584 1343 2658 2728 
585 2060 2309 2347 
586 318 2683 3426 
587 2090 312 3049 
588 316 2758 3392 
589 203 2112 3310 
590 1599 2102 3272 
591 1380 1699 2822 
592 2102 1599 3266 
593 3456 3243 3516 
594 2722 366 3016 
595 2106 276 3192 
596 1156 2116 2999 
597 279 2302 3093 
598 2122 1308 2352 
599 1966 3244 3249 
600 2679 3033 3309 
601 3272 2102 3417 
602 385 1481 2217 
603 3244 1094 3249 
604 2446 2445 2901 
605 3363 2984 3430 
606 2116 1156 2998 
607 1699 2589 2822 
608 1382 2446 2901 
609 595 2511 2875 
610 2758 316 3462 
611 1985 2073 3315 
612 2216 2050 3368 
613 789 2280 3560 
614 2171 1963 2615 
615 299 2300 3284 
616 2280 789 3529 
617 2216 342 2541 
618 3298 837 3441 
619 2265 1794 2353 
620 3092 323 3280 
621 3288 1921 3311 
622 328 3363 3430 
623 2234 2233 2243 
624 2571 1814 3193 
625 2768 317 2982 
626 1933 3229 3231 
627 2342 310 3528 
628 3229 1089 3231 
629 2112 203 3498 
630 2688 62 3492 
631 1927 3225 3350 
632 1814 2571 3188 
633 2211 3456 3516 
634 3420 2420 3425 
635 2216 3368 3527 
636 1183 3420 3425 
637 2603 2049 2959 
638 1762 1911 2357 
639 1911 2356 2357 
640 1878 1841 2776 
641 2875 2004 2941 
642 2659 353 2660 
643 275 2177 2239 
644 2511 595 3000 
645 1841 2104 2776 
646 1751 2077 2603 
647 2150 2151 3451 
648 317 2769 2770 
649 1816 1858 3218 
650 2356 1911 2467 
651 3451 2151 3455 
652 370 140 2455 
653 2517 3212 3219 
654 2156 1471 2291 
655 2236 1250 3378 
656 141 309 2455 
657 2004 1619 3286 
658 2087 2145 3070 
659 2063 2038 2217 
660 3218 1858 3225 
661 236 237 2304 
662 284 2780 2801 
663 2077 2293 2294 
664 2883 1902 2971 
665 3299 2458 3301 
666 595 2875 2941 
667 312 2090 3463 
668 2267 343 3281 
669 3114 604 3131 
670 2458 1458 3301 
671 2135 2286 3489 
672 2204 311 3551 
673 3256 1210 3313 
674 3471 2006 3475 
675 2129 342 3056 
676 3212 1083 3219 
677 2424 3114 3131 
678 2237 2234 2243 
679 3019 3018 3157 
680 2070 2127 3478 
681 2069 3471 3475 
682 2582 1815 3208 
683 3189 2149 3198 
684 2673 287 3011 
685 1815 2582 3205 
686 390 2128 3263 
687 2245 1782 3008 
688 2016 3390 3401 
689 1157 3189 3198 
690 2186 1481 2970 
691 2497 2496 3321 
692 2989 2504 3349 
693 2618 3179 3316 
694 1546 1477 3276 
695 3280 104 3328 
696 2301 300 2351 
697 2079 2080 2125 
698 3424 2421 3429 
699 1250 2236 3493 
700 298 2152 2164 
701 100 101 2303 
702 1963 2171 3334 
703 270 2169 2265 
704 279 3093 3395 
705 841 3424 3429 
706 2195 306 2196 
707 2139 334 2189 
708 1402 3459 3495 
709 2560 3287 3292 
710 360 2119 3346 
711 3299 407 3412 
712 276 2106 3480 
713 3173 2154 3181 
714 2113 1493 3089 
715 2233 335 2243 
716 3091 613 3099 
717 602 2560 3292 
718 2503 3194 3200 
719 514 3173 3181 
720 359 3024 3357 
721 1441 3287 3376 
722 1215 2450 2790 
723 2185 2186 2970 
724 3122 3037 3426 
725 2414 3091 3099 
726 2288 1778 3410 
727 2123 313 3191 
728 3194 1041 3200 
729 2602 1816 3218 
730 2112 2015 3310 
731 2566 604 3107 
732 1652 2138 2312 
733 1816 2602 3214 
734 799 1336 2285 
735 3338 1886 3356 
736 1233 801 2285 
737 1966 2616 3241 
738 2513 1984 3248 
739 2127 187 3478 
740 1170 3237 3242 
741 1110 1170 3242 
742 2141 308 3153 
743 3107 604 3114 
744 1379 2132 2481 
745 1966 3241 3244 
746 2281 2230 2282 
747 1201 2424 3131 
748 3159 2157 3166 
749 1885 1884 3038 
750 2778 1806 2780 
751 2138 1375 2312 
752 1890 1822 2182 
753 1155 3159 3166 
754 1774 2134 3179 
755 2635 2636 3238 
756 1678 2457 3285 
757 2312 1909 2359 
758 2598 3178 3184 
759 3248 1984 3257 
760 1379 1753 3070 
761 2612 1890 2977 
762 2290 2478 3340 
763 1933 2153 3226 
764 3305 2646 3314 
765 2122 2352 3294 
766 2325 2481 3010 
767 72 73 2939 
768 1057 3305 3314 
769 1933 3226 3229 
770 2423 3298 3441 
771 3178 1150 3184 
772 2954 2700 3217 
773 3444 1298 3445 
774 1617 1546 2934 
775 2250 2247 2279 
776 2148 1381 2822 
777 1952 2359 2471 
778 1402 2504 3459 
779 2159 1859 2182 
780 2148 1885 3036 
781 1890 2182 2977 
782 1574 1332 3245 
783 3050 615 3064 
784 3116 629 3324 
785 3304 1971 3387 
786 2125 2080 2126 
787 2137 1174 2967 
788 2561 613 3081 
789 1298 1750 3445 
790 3310 2015 3401 
791 2566 2414 3099 
792 2409 3050 3064 
793 1963 2357 2615 
794 1822 2159 2182 
795 2200 1625 2205 
796 3431 2422 3432 
797 266 267 2925 
798 3139 2161 3151 
799 620 3323 3325 
800 2423 1950 3298 
801 2325 674 2367 
802 611 2133 3087 
803 359 3357 3583 
804 1847 1916 2164 
805 839 3431 3432 
806 2473 2145 3192 
807 3036 1885 3038 
808 2950 315 3460 
809 619 620 3325 
810 315 2950 3453 
811 2772 3170 3548 
812 3081 613 3091 
813 187 2127 3436 
814 500 3139 3151 
815 2292 3051 3430 
816 2132 1379 3070 
817 338 2262 3044 
818 384 386 2294 
819 2481 2132 3010 
820 353 2131 3234 
821 2202 2200 2205 
822 1381 1380 2822 
823 2414 2566 3107 
824 2589 1699 2636 
825 1383 2320 2324 
826 1963 1762 2357 
827 670 668 2367 
828 2517 2516 3209 
829 2952 3240 3255 
830 2168 1059 2610 
831 2114 2156 2291 
832 1336 2284 2285 
833 2128 390 3579 
834 2237 2242 3390 
835 2883 1372 2884 
836 1952 2312 2359 
837 386 639 2294 
838 2471 2621 3079 
839 2143 616 3499 
840 2517 3209 3212 
841 2561 2409 3064 
842 2114 2115 2156 
843 2445 1574 2901 
844 3042 3323 3382 
845 2145 1576 3070 
846 3164 2580 3268 
847 1557 1489 2689 
848 1059 2168 2611 
849 311 2205 2317 
850 274 3288 3311 
851 190 191 2263 
852 3108 2166 3118 
853 1233 2235 3403 
854 2180 1891 2181 
855 278 190 2263 
856 1113 2180 2181 
857 287 2673 3353 
858 2292 2156 3051 
859 2540 615 3030 
860 2451 2884 3307 
861 1381 2148 3036 
862 2311 2118 3586 
863 1154 3108 3118 
864 2163 3338 3356 
865 2939 357 3506 
866 313 238 3326 
867 1233 2285 3458 
868 2283 1336 3567 
869 2983 614 2997 
870 2267 3281 3533 
871 2409 2561 3081 
872 1794 2265 3474 
873 2884 1372 2986 
874 2446 1382 2932 
875 1471 2156 2292 
876 2152 1847 2164 
877 3030 615 3050 
878 358 3060 3479 
879 2402 2983 2997 
880 3225 1858 3350 
881 341 2135 3236 
882 2436 1693 3028 
883 301 2176 2440 
884 1372 2883 2971 
885 2096 2097 2194 
886 1348 1292 2360 
887 3153 349 3267 
888 335 2233 2315 
889 2235 1233 3458 
890 2230 2281 2364 
891 2151 285 3455 
892 2480 2016 2608 
893 2555 3143 3156 
894 2207 1818 2360 
895 2164 1916 3204 
896 2540 2402 2997 
897 1950 2423 3321 
898 2669 284 2801 
899 2254 2256 2737 
900 285 2151 3466 
901 348 2175 2439 
902 2768 2982 3186 
903 2248 2275 2276 
904 2117 3067 3355 
905 3090 2174 3100 
906 851 2356 2467 
907 1383 2324 2367 
908 2250 2279 2280 
909 1694 2363 2917 
910 1859 2159 3336 
911 3143 1152 3156 
912 1089 2616 3231 
913 3164 1714 3169 
914 2149 514 3181 
915 496 3090 3100 
916 2162 851 2456 
917 2239 2177 3269 
918 1345 3265 3277 
919 851 2162 2356 
920 366 2722 3291 
921 233 234 2440 
922 2136 378 3354 
923 1714 1030 3169 
924 2402 2540 3030 
925 2603 639 3263 
926 2940 646 2964 
927 1083 2153 3219 
928 2082 1902 2883 
929 732 2366 2456 
930 323 3092 3553 
931 2256 2263 2737 
932 2941 2004 3286 
933 614 2425 2964 
934 2154 1155 3166 
935 724 721 3146 
936 2297 2219 2298 
937 674 2325 3010 
938 2103 2100 2329 
939 2425 2940 2964 
940 2256 2258 2263 
941 2020 3256 3313 
942 2616 1089 3241 
943 2248 2276 2277 
944 2175 1503 2439 
945 2011 2273 3351 
946 2455 2113 3089 
947 2479 2480 2608 
948 514 2149 3189 
949 623 2513 3248 
950 3019 1875 3473 
951 2647 3364 3365 
952 3180 1484 3191 
953 2003 1415 2936 
954 2171 2170 3331 
955 2189 2003 2936 
956 1344 1345 3277 
957 3123 1930 3126 
958 840 3414 3433 
959 2153 1083 3226 
960 3059 2178 3074 
961 2157 500 3151 
962 1502 2438 2439 
963 1063 2179 2610 
964 334 2139 3320 
965 3414 2410 3433 
966 1916 3123 3126 
967 1503 1502 2439 
968 1041 2516 3200 
969 2366 2162 2456 
970 2012 2335 2723 
971 2272 331 2273 
972 1155 2154 3173 
973 2087 2106 2145 
974 2425 614 2983 
975 1153 3059 3074 
976 2175 348 2440 
977 2179 1063 2609 
978 2084 2082 2883 
979 2552 3110 3120 
980 2534 2533 3197 
981 2458 3299 3412 
982 2471 2316 2621 
983 1761 1962 3399 
984 3373 605 3377 
985 2273 2011 3071 
986 2981 2173 3561 
987 84 85 2982 
988 2649 2648 2825 
989 2161 1154 3118 
990 2535 2389 2874 
991 2535 646 2906 
992 3343 1898 3379 
993 2206 1291 2221 
994 500 2157 3159 
995 1952 2471 3079 
996 2247 2248 2279 
997 2934 1546 3276 
998 2982 363 3186 
999 3110 1021 3120 
1000 303 2155 3130 
1001 3018 354 3157 
1002 1150 2503 3184 
1003 2309 2060 3347 
1004 724 2361 2648 
1005 1796 2649 2825 
1006 674 670 2367 
1007 1504 2201 2221 
1008 2516 1041 3209 
1009 320 2688 2689 
1010 2166 496 3100 
1011 3179 2134 3316 
1012 2192 1693 2436 
1013 1055 1056 2611 
1014 2906 646 2940 
1015 339 2254 2737 
1016 1475 2290 3410 
1017 2633 1991 2723 
1018 3004 2183 3040 
1019 226 308 2185 
1020 2648 2361 2825 
1021 1059 1060 2610 
1022 1782 2245 3537 
1023 2057 3280 3328 
1024 1154 2161 3139 
1025 73 357 2939 
1026 319 72 2939 
1027 2273 331 3351 
1028 2184 225 2185 
1029 2636 1699 3238 
1030 1030 2598 3169 
1031 2180 2653 2843 
1032 2281 336 2364 
1033 495 3004 3040 
1034 1056 1059 2611 
1035 1818 1348 2360 
1036 1291 2206 2360 
1037 2316 1506 2621 
1038 2503 1150 3194 
1039 3361 2453 3366 
1040 2453 634 3366 
1041 2653 1719 2843 
1042 1976 1708 3177 
1043 3287 2560 3376 
1044 2174 1153 3074 
1045 2205 1625 2851 
1046 2179 2609 2693 
1047 2046 3216 3447 
1048 1243 2436 3028 
1049 1967 2692 3142 
1050 612 2426 2713 
1051 2136 1987 3306 
1052 307 261 2297 
1053 2320 1545 2323 
1054 668 1383 2367 
1055 3037 2799 3341 
1056 2389 2535 2906 
1057 496 2166 3108 
1058 2268 1313 2269 
1059 2658 1344 3279 
1060 2289 2295 3008 
1061 378 2136 3306 
1062 2320 2323 2324 
1063 1394 1395 2321 
1064 1489 1556 2689 
1065 3364 1776 3365 
1066 2117 2118 3317 
1067 616 2143 3532 
1068 1877 1366 3329 
1069 2226 2224 2272 
1070 2185 308 2186 
1071 2317 2205 2851 
1072 2248 2246 2275 
1073 2229 2227 2315 
1074 379 325 380 
1075 2917 2438 2961 
1076 3224 2653 3230 
1077 2688 1557 2689 
1078 2201 2206 2221 
1079 1493 1501 3089 
1080 2389 2840 2874 
1081 224 225 2184 
1082 2183 1148 2985 
1083 1113 2181 2569 
1084 2598 1030 3178 
1085 1928 1887 2223 
1086 1891 2180 2843 
1087 2840 612 2874 
1088 1203 384 2294 
1089 2108 1893 2222 
1090 2438 1502 2961 
1091 2178 495 3040 
1092 2609 2190 2693 
1093 861 859 2270 
1094 885 2569 2594 
1095 1775 3224 3230 
1096 1592 2025 2296 
1097 348 233 2440 
1098 2159 2135 3489 
1099 35 343 2267 
1100 2008 2345 2493 
1101 234 301 2440 
1102 2209 371 2210 
1103 1153 2174 3090 
1104 857 537 2732 
1105 1292 1291 2360 
1106 307 2297 2298 
1107 2548 3075 3088 
1108 2345 2344 2493 
1109 2901 1574 3245 
1110 1394 2321 2322 
1111 2226 2272 2273 
1112 1998 3111 3202 
1113 2314 299 3284 
1114 1344 3277 3279 
1115 265 371 2209 
1116 2731 3174 3196 
1117 2954 3217 3544 
1118 2233 2229 2315 
1119 2263 191 2737 
1120 2447 1116 2886 
1121 2296 2025 2994 
1122 1060 1063 2610 
1123 2569 2181 2594 
1124 2266 2662 3336 
1125 1190 3434 3439 
1126 2651 1712 3162 
1127 1916 3126 3204 
1128 308 227 3153 
1129 2426 612 2840 
1130 1694 2917 2961 
1131 2363 1694 3068 
1132 1875 3019 3454 
1133 2361 724 3146 
1134 1021 2555 3120 
1135 3452 609 3461 
1136 320 2689 2690 
1137 2184 2185 2970 
1138 716 2431 2641 
1139 3075 1024 3088 
1140 1065 2523 2524 
1141 495 2178 3059 
1142 645 2427 2631 
1143 339 2252 2254 
1144 2190 1494 2693 
1145 1504 2221 2454 
1146 223 325 379 
1147 2187 497 2931 
1148 1494 2190 2321 
1149 356 2775 3481 
1150 2210 371 2211 
1151 688 2313 2612 
1152 2197 1244 2979 
1153 1585 1586 2465 
1154 645 2713 2837 
1155 1585 2465 2466 
1156 1247 1504 2454 
1157 2552 2551 3104 
1158 2194 1396 2526 
1159 3434 2415 3439 
1160 2431 1896 2641 
1161 2313 1890 2612 
1162 2713 2426 2837 
1163 2324 2325 2367 
1164 1181 2188 2459 
1165 2508 2005 2510 
1166 262 2218 2297 
1167 2124 3255 3273 
1168 1182 2459 2910 
1169 2096 2194 2526 
1170 2191 1116 2667 
1171 1928 2223 2435 
1172 2209 2210 2212 
1173 2522 3304 3387 
1174 2330 1665 2343 
1175 2141 3153 3267 
1176 1317 1665 2330 
1177 2291 1471 2909 
1178 2208 1592 2296 
1179 2015 2016 3401 
1180 2252 339 2637 
1181 1991 2012 2723 
1182 2363 2362 2917 
1183 2319 2320 2483 
1184 1127 2927 2978 
1185 2320 1383 2483 
1186 2012 3452 3461 
1187 1405 2002 2308 
1188 843 2214 2911 
1189 1395 1494 2321 
1190 1148 2968 2985 
1191 3051 328 3430 
1192 2552 3104 3110 
1193 3033 289 3309 
1194 2344 643 2493 
1195 2508 2506 2869 
1196 2347 2309 3463 
1197 732 729 3199 
1198 675 2358 2627 
1199 1693 2192 2358 
1200 1583 2492 2595 
1201 1148 2183 3004 
1202 2188 1181 2608 
1203 1181 2479 2608 
1204 3409 2878 3419 
1205 1376 1625 2200 
1206 1714 3164 3268 
1207 2523 1065 2525 
1208 1611 2208 2296 
1209 298 2164 2165 
1210 2168 1930 3175 
1211 2005 2508 2869 
1212 225 226 2185 
1213 2418 2497 3321 
1214 2208 1611 2433 
1215 2427 645 2837 
1216 2811 357 3483 
1217 1876 2168 2610 
1218 2207 2314 3284 
1219 859 1313 2270 
1220 2323 1545 2921 
1221 1096 1230 2542 
1222 1024 2551 3088 
1223 2040 3373 3377 
1224 2199 1147 2881 
1225 2555 1021 3143 
1226 2968 2187 2985 
1227 3240 2176 3255 
1228 2728 2645 3297 
1229 3297 2645 3300 
1230 1545 663 2921 
1231 2350 1844 2351 
1232 3361 1469 3379 
1233 601 2631 2841 
1234 1313 2268 2270 
1235 2878 1179 3419 
1236 2222 1893 2465 
1237 2179 1876 2610 
1238 654 2319 2483 
1239 1029 2547 3029 
1240 1470 1471 2292 
1241 1986 1470 2292 
1242 357 2811 3506 
1243 2269 1313 2732 
1244 2459 2188 2910 
1245 177 268 2271 
1246 165 271 2274 
1247 161 280 2286 
1248 327 2340 3355 
1249 2246 195 2275 
1250 2224 179 2272 
1251 85 363 2982 
1252 2227 199 2315 
1253 317 84 2982 
1254 242 377 2311 
1255 1394 2322 2542 
1256 2289 337 2295 
1257 1282 2334 2337 
1258 1232 1200 2337 
1259 1238 1171 2435 
1260 843 2612 2977 
1261 262 263 2218 
1262 2667 410 3045 
1263 497 2187 2968 
1264 675 1693 2358 
1265 2339 2342 2484 
1266 2469 2510 2511 
1267 2036 2473 3192 
1268 3020 3302 3575 
1269 497 2904 2931 
1270 1977 3039 3155 
1271 2631 2427 2841 
1272 1471 1330 2909 
1273 2342 2026 2484 
1274 261 262 2297 
1275 288 8 2771 
1276 1244 775 2979 
1277 2779 319 2939 
1278 1415 2223 2936 
1279 2298 2219 3446 
1280 2470 2352 2596 
1281 1506 2316 2650 
1282 1585 2466 2492 
1283 8 82 2771 
1284 2565 2564 2955 
1285 2469 2509 2510 
1286 2176 2175 2440 
1287 2298 1999 3132 
1288 2652 2844 3002 
1289 1116 2191 2886 
1290 537 535 2732 
1291 601 2429 2536 
1292 2904 2199 2931 
1293 2645 2646 3300 
1294 326 2209 2212 
1295 2692 950 3142 
1296 1352 2339 2484 
1297 2548 2547 3057 
1298 2140 1889 2327 
1299 1555 2457 3294 
1300 1405 2308 2349 
1301 2927 2270 2978 
1302 372 222 379 
1303 371 266 2925 
1304 2511 2510 2875 
1305 2659 2660 2885 
1306 2334 1282 2723 
1307 1586 2222 2465 
1308 284 6 2780 
1309 2305 592 2663 
1310 3300 2646 3305 
1311 163 35 2267 
1312 2306 503 2739 
1313 2500 592 2756 
1314 2313 688 2842 
1315 1459 2521 2522 
1316 1127 2307 2600 
1317 2335 2334 2723 
1318 2698 714 3587 
1319 2206 2207 2360 
1320 1282 2633 2723 
1321 647 1506 2650 
1322 685 1247 2454 
1323 2468 1241 2509 
1324 2194 2097 2195 
1325 2351 300 3552 
1326 2962 2534 3197 
1327 2155 303 3319 
1328 2545 2556 2975 
1329 1313 857 2732 
1330 3111 1221 3202 
1331 2429 601 2841 
1332 2169 270 3384 
1333 6 70 2780 
1334 221 222 372 
1335 265 266 371 
1336 2057 3092 3280 
1337 875 885 3149 
1338 326 264 2209 
1339 2310 1185 2860 
1340 2218 2219 2297 
1341 3323 620 3382 
1342 1180 3409 3416 
1343 644 2536 2761 
1344 2359 603 2471 
1345 2264 2265 2353 
1346 380 325 381 
1347 2144 286 3546 
1348 302 253 2444 
1349 2287 2288 2290 
1350 691 843 2911 
1351 1579 1582 2354 
1352 1368 1844 2350 
1353 1583 1585 2492 
1354 2241 2242 2243 
1355 2551 1024 3104 
1356 1114 2365 2589 
1357 1042 2545 2975 
1358 1147 2199 2904 
1359 284 2669 3141 
1360 1840 2624 3109 
1361 1200 1282 2337 
1362 2469 2468 2509 
1363 546 549 2960 
1364 861 2270 2927 
1365 2519 878 2844 
1366 1999 2298 3446 
1367 1130 2929 2930 
1368 654 656 2319 
1369 2223 1238 2435 
1370 2599 3308 3348 
1371 2548 3057 3075 
1372 2477 2433 2718 
1373 1230 1394 2542 
1374 380 381 382 
1375 716 713 3069 
1376 1857 2450 3285 
1377 1459 2520 2521 
1378 2046 2088 3216 
1379 1389 1232 2337 
1380 2201 2200 2202 
1381 212 300 2301 
1382 2510 2005 2875 
1383 1352 2338 2339 
1384 1147 2789 2881 
1385 2528 2527 2632 
1386 1352 1302 2338 
1387 349 2362 2363 
1388 1504 1376 2200 
1389 2327 1889 2538 
1390 1114 905 2622 
1391 1555 2352 2470 
1392 1767 2528 2632 
1393 2276 336 2281 
1394 2053 3180 3191 
1395 2547 2546 3029 
1396 1898 2452 2453 
1397 1180 2878 3409 
1398 1376 1377 1625 
1399 2472 881 2600 
1400 382 384 1203 
1401 2304 2124 3273 
1402 2017 1429 2347 
1403 2789 2306 2881 
1404 1369 1368 2350 
1405 917 2434 2838 
1406 1504 2200 2201 
1407 281 2249 2637 
1408 273 2230 2364 
1409 698 2834 2993 
1410 325 224 2184 
1411 2126 2080 3136 
1412 2536 2429 2761 
1413 2365 1114 2622 
1414 1247 1376 1504 
1415 2352 1308 2596 
1416 2776 356 3250 
1417 2240 279 3395 
1418 2191 2667 3045 
1419 1573 2326 2464 
1420 1917 2488 2489 
1421 1780 2565 2955 
1422 2277 2276 2278 
1423 2248 2277 2279 
1424 2338 1989 2340 
1425 2433 1611 2718 
1426 2307 1127 2978 
1427 2332 1505 2333 
1428 349 229 2362 
1429 2567 1182 2593 
1430 2214 843 2977 
1431 2366 732 3199 
1432 2614 2640 2987 
1433 2203 2202 2204 
1434 1062 1061 2525 
1435 2492 549 2595 
1436 2912 2072 2951 
1437 2307 2472 2600 
1438 592 2305 2756 
1439 289 2303 3514 
1440 1171 832 2435 
1441 1080 1096 2542 
1442 579 603 2815 
1443 2223 1887 2936 
1444 1589 853 2449 
1445 2972 1976 3177 
1446 1065 1062 2525 
1447 2663 848 2882 
1448 2348 1177 2702 
1449 1579 2354 2449 
1450 1281 1193 2520 
1451 2431 716 3069 
1452 2593 1182 2910 
1453 2068 2308 3093 
1454 1480 1293 3080 
1455 223 224 325 
1456 263 264 326 
1457 1473 1505 2332 
1458 1542 2330 2343 
1459 244 245 378 
1460 242 243 377 
1461 2506 1177 2869 
1462 2433 854 2657 
1463 643 2344 2460 
1464 1552 2346 2463 
1465 2266 163 2267 
1466 2244 2245 3008 
1467 1508 1289 2349 
1468 1443 1542 2343 
1469 386 388 639 
1470 1396 2194 2867 
1471 2355 1925 2617 
1472 2005 2004 2875 
1473 2354 1582 3071 
1474 835 676 2627 
1475 329 241 2311 
1476 644 2368 2613 
1477 503 2306 2789 
1478 2201 2202 2203 
1479 3039 1421 3155 
1480 2567 1903 2591 
1481 1970 1805 2942 
1482 2523 2521 2524 
1483 878 2519 2891 
1484 171 2147 3536 
1485 2485 2467 2733 
1486 2437 348 2439 
1487 1648 2183 2985 
1488 264 265 2209 
1489 1185 2912 2951 
1490 1549 418 2460 
1491 845 824 2591 
1492 2325 1491 2481 
1493 585 647 2650 
1494 2467 1911 2733 
1495 2995 1029 3029 
1496 1750 2346 3445 
1497 1289 1223 2349 
1498 1898 642 2452 
1499 1428 2059 2060 
1500 2214 2215 2911 
1501 256 296 2441 
1502 2215 2834 2911 
1503 2527 929 2632 
1504 1176 1175 1291 
1505 688 681 2842 
1506 2305 2663 2882 
1507 1066 1065 2524 
1508 2264 270 2265 
1509 333 2264 2353 
1510 2244 272 2245 
1511 271 2287 2290 
1512 2275 336 2276 
1513 2287 337 2288 
1514 1069 1066 2524 
1515 232 348 2437 
1516 2844 878 3002 
1517 2241 277 2242 
1518 1903 2567 2593 
1519 335 2241 2243 
1520 1459 1281 2520 
1521 288 2771 2772 
1522 2072 2197 2979 
1523 603 2359 2815 
1524 2544 2545 2988 
1525 2617 2587 2656 
1526 1506 2620 2621 
1527 1428 1424 2059 
1528 642 637 2452 
1529 2434 1665 2838 
1530 2354 1589 2449 
1531 1550 1552 2463 
1532 1176 1291 1292 
1533 1247 1260 1376 
1534 660 663 1545 
1535 1352 2484 2711 
1536 682 1175 1176 
1537 656 660 2319 
1538 1643 2187 2931 
1539 402 1116 2447 
1540 2432 1144 2697 
1541 2739 503 2762 
1542 1926 2558 2665 
1543 2203 2204 2314 
1544 253 254 2444 
1545 2432 2739 2762 
1546 2592 2260 3469 
1547 2607 414 2887 
1548 2588 2589 2636 
1549 2449 853 2642 
1550 2488 1917 2724 
1551 2358 1544 2627 
1552 1302 1351 2338 
1553 2355 2617 2656 
1554 2219 2213 2220 
1555 1216 1352 2711 
1556 2147 171 3375 
1557 721 720 3146 
1558 2547 1029 3057 
1559 905 907 2622 
1560 682 683 1175 
1561 643 424 2827 
1562 382 383 384 
1563 1612 2563 2736 
1564 2193 2436 3215 
1565 448 2535 2874 
1566 2208 2433 2657 
1567 1351 1771 1989 
1568 736 733 2456 
1569 2461 1553 2462 
1570 2037 1473 2332 
1571 2145 2106 3192 
1572 2976 2651 3162 
1573 283 2775 3322 
1574 720 2641 3117 
1575 676 675 2627 
1576 222 223 379 
1577 1185 768 2860 
1578 1279 1905 2538 
1579 2563 2562 2736 
1580 1223 1222 2349 
1581 176 177 2271 
1582 164 165 2274 
1583 160 161 2286 
1584 194 195 2246 
1585 198 199 2227 
1586 178 179 2224 
1587 326 2212 2213 
1588 2330 1774 3179 
1589 2249 2252 2637 
1590 1379 1348 1753 
1591 2604 2606 2754 
1592 1329 2664 3007 
1593 2493 643 2827 
1594 191 28 2737 
1595 1241 2468 2706 
1596 162 163 2266 
1597 1295 1292 1348 
1598 2664 1947 3007 
1599 1407 1322 2557 
1600 549 2492 2960 
1601 392 394 629 
1602 1473 1389 1505 
1603 2640 1082 2987 
1604 2842 1168 2898 
1605 260 261 307 
1606 226 227 308 
1607 1844 1508 2068 
1608 444 612 2713 
1609 2059 2350 2351 
1610 1639 2199 2881 
1611 1753 1818 2086 
1612 2308 1508 2349 
1613 1076 1080 2894 
1614 2929 2434 2930 
1615 1116 404 2667 
1616 295 2437 2438 
1617 1571 1573 2464 
1618 2344 1549 2460 
1619 1368 1289 1508 
1620 2834 2215 2993 
1621 2781 2629 2820 
1622 854 2433 2477 
1623 2207 2203 2314 
1624 1912 2607 2887 
1625 1464 2089 2539 
1626 2672 2675 2890 
1627 1185 2310 2912 
1628 1004 1077 2574 
1629 3469 2260 3484 
1630 1734 1738 2585 
1631 1424 1369 2350 
1632 2606 1309 2754 
1633 330 247 2451 
1634 2951 2072 2979 
1635 1470 1330 1471 
1636 2490 2488 2724 
1637 1571 2464 2532 
1638 440 645 2631 
1639 1351 1989 2338 
1640 1905 2327 2538 
1641 2339 2340 2341 
1642 1574 2445 2491 
1643 2702 945 2880 
1644 1635 2306 2739 
1645 1295 1348 1379 
1646 907 2586 2787 
1647 1368 1508 1844 
1648 2018 2017 2090 
1649 1023 1115 2626 
1650 240 241 329 
1651 246 247 330 
1652 2339 2338 2340 
1653 1026 1023 2626 
1654 2014 3343 3379 
1655 2589 2365 2822 
1656 2333 2335 2336 
1657 351 2441 2442 
1658 382 381 383 
1659 1991 2633 2839 
1660 1133 505 2490 
1661 1554 1553 2461 
1662 2494 2486 2741 
1663 2544 2988 2995 
1664 2365 2148 2822 
1665 1540 2550 2551 
1666 1540 1525 2550 
1667 881 2472 2872 
1668 1918 2494 2741 
1669 241 242 2311 
1670 2574 1077 2575 
1671 855 2828 2860 
1672 1568 2370 2474 
1673 1754 2554 2555 
1674 1903 845 2591 
1675 252 302 2537 
1676 1241 2507 2509 
1677 263 326 2218 
1678 2293 1203 2294 
1679 1754 1531 2554 
1680 2469 2511 2999 
1681 667 658 668 
1682 667 1391 2620 
1683 2479 1250 2480 
1684 2828 2310 2860 
1685 2319 1545 2320 
1686 607 1555 2470 
1687 384 385 386 
1688 669 668 670 
1689 1753 2086 2087 
1690 230 295 2362 
1691 1989 1771 2117 
1692 851 736 2456 
1693 181 269 2238 
1694 173 270 2264 
1695 271 166 2287 
1696 201 277 2241 
1697 1506 649 2620 
1698 205 275 2239 
1699 209 279 2240 
1700 1625 1807 2851 
1701 644 434 2536 
1702 2624 1098 3109 
1703 193 281 2637 
1704 169 272 2244 
1705 331 180 2238 
1706 333 172 2264 
1707 167 337 2287 
1708 335 200 2241 
1709 1453 2019 2478 
1710 340 204 2239 
1711 334 208 2240 
1712 197 273 2364 
1713 31 331 2272 
1714 2124 2952 3255 
1715 27 336 2275 
1716 339 192 2637 
1717 542 545 2889 
1718 336 196 2364 
1719 337 34 2295 
1720 1405 1415 2002 
1721 671 670 672 
1722 848 2514 2655 
1723 1222 1405 2349 
1724 26 335 2315 
1725 168 2244 2295 
1726 1625 1377 1807 
1727 1626 2697 2748 
1728 258 259 350 
1729 228 229 349 
1730 997 996 2578 
1731 2362 295 2917 
1732 960 1241 2706 
1733 3174 1873 3196 
1734 386 387 388 
1735 663 664 682 
1736 1824 1544 1825 
1737 1405 1238 1415 
1738 418 419 2460 
1739 563 849 2532 
1740 1975 2725 2859 
1741 879 2781 2820 
1742 2002 1415 2003 
1743 809 1250 2479 
1744 838 758 2477 
1745 824 821 2591 
1746 1182 815 2459 
1747 647 649 1506 
1748 651 667 2620 
1749 2193 2192 2436 
1750 649 650 651 
1751 651 652 658 
1752 738 2467 2485 
1753 1265 939 2491 
1754 23 212 2301 
1755 2333 2334 2335 
1756 1222 1238 1405 
1757 1425 1424 1428 
1758 1193 1092 2520 
1759 660 661 663 
1760 712 2564 2565 
1761 1222 1171 1238 
1762 667 668 669 
1763 1474 1473 2037 
1764 1333 785 2476 
1765 2578 996 2579 
1766 882 881 2872 
1767 2343 1665 2434 
1768 1456 1458 2458 
1769 1738 2517 2585 
1770 896 899 2635 
1771 2206 2203 2207 
1772 2129 1608 2541 
1773 398 400 616 
1774 1331 1576 2473 
1775 2368 644 2761 
1776 733 732 2456 
1777 1541 2546 2547 
1778 2016 1995 2608 
1779 569 2470 2596 
1780 1855 2192 2193 
1781 1294 1292 1295 
1782 1974 1975 2859 
1783 1374 1857 2457 
1784 669 670 671 
1785 651 658 667 
1786 592 490 2663 
1787 647 648 649 
1788 2622 907 2787 
1789 388 389 390 
1790 1055 2611 3086 
1791 2558 968 2665 
1792 2544 2995 3029 
1793 2675 1268 2890 
1794 2522 2521 2523 
1795 38 311 2317 
1796 1201 2495 2497 
1797 2495 2496 2497 
1798 1438 1207 1544 
1799 295 231 2437 
1800 885 2594 3149 
1801 1753 1348 1818 
1802 545 2505 2889 
1803 1254 1331 1384 
1804 2487 1069 2524 
1805 279 210 2302 
1806 314 2084 3369 
1807 750 1588 2498 
1808 1241 958 2507 
1809 673 672 678 
1810 1889 1400 2538 
1811 1566 428 2613 
1812 2438 2437 2439 
1813 351 255 2441 
1814 1168 1169 1254 
1815 712 709 2564 
1816 1396 1350 2526 
1817 640 1227 2529 
1818 2568 1480 3080 
1819 2633 1196 2839 
1820 534 2486 2494 
1821 2348 2702 2880 
1822 2573 1006 2574 
1823 1360 1464 2539 
1824 1679 1214 2530 
1825 685 1204 1247 
1826 854 2498 2657 
1827 660 1545 2319 
1828 1330 1184 2909 
1829 2556 1511 2557 
1830 1541 1519 2546 
1831 1511 1407 2557 
1832 2368 1566 2613 
1833 1826 1825 1855 
1834 616 400 2447 
1835 1390 1389 1473 
1836 560 563 2532 
1837 1930 3123 3175 
1838 1280 1281 1456 
1839 760 1603 2512 
1840 1092 1071 2487 
1841 2707 1970 2942 
1842 1855 1825 2192 
1843 679 678 1168 
1844 1201 478 2495 
1845 1819 2036 2092 
1846 390 391 392 
1847 699 698 2482 
1848 598 482 2499 
1849 1144 2432 2762 
1850 1990 1823 2067 
1851 2339 2341 2342 
1852 652 654 2483 
1853 2445 1265 2491 
1854 1907 1904 2593 
1855 1484 2123 3191 
1856 1071 1069 2487 
1857 1385 1384 1819 
1858 2029 1914 2160 
1859 1192 486 2500 
1860 1216 1302 1352 
1861 1177 2348 2869 
1862 1280 1193 1281 
1863 2577 1000 2578 
1864 2333 1505 2334 
1865 2059 1424 2350 
1866 626 2725 2944 
1867 899 2588 2636 
1868 1888 1889 2139 
1869 929 926 2749 
1870 220 221 2981 
1871 2313 2842 2898 
1872 230 231 295 
1873 256 257 296 
1874 1456 1281 1458 
1875 1120 555 2623 
1876 1254 1169 1331 
1877 351 2442 2443 
1878 1409 1976 2533 
1879 2587 1036 2656 
1880 1438 1544 1824 
1881 1567 1568 2474 
1882 1000 997 2578 
1883 1550 1549 1552 
1884 1513 1511 2556 
1885 1177 952 2702 
1886 1819 1384 2036 
1887 848 494 2514 
1888 703 1136 2562 
1889 2324 1491 2325 
1890 855 2512 2666 
1891 2240 3395 3556 
1892 1823 1456 2458 
1893 671 672 673 
1894 606 418 1549 
1895 817 1182 2567 
1896 1006 1004 2574 
1897 853 748 2642 
1898 1246 1279 2538 
1899 1168 678 1169 
1900 1904 1903 2593 
1901 1726 1773 2502 
1902 640 637 642 
1903 534 536 2486 
1904 392 393 394 
1905 505 507 2490 
1906 2278 2276 2281 
1907 1207 835 2627 
1908 637 633 2452 
1909 1888 1400 1889 
1910 842 845 1246 
1911 838 2477 2718 
1912 606 1549 1550 
1913 1214 1106 2530 
1914 249 250 314 
1915 237 238 313 
1916 1730 1777 2515 
1917 2570 1044 2571 
1918 1472 1470 1986 
1919 739 738 2485 
1920 2139 1889 2140 
1921 1008 1006 2573 
1922 1230 1229 1349 
1923 394 395 396 
1924 2557 1322 2670 
1925 1457 1456 1823 
1926 1995 2188 2608 
1927 579 581 603 
1928 1905 1906 2177 
1929 907 908 2586 
1930 1080 2542 2894 
1931 571 607 2470 
1932 751 750 2498 
1933 400 402 2447 
1934 2543 1548 2544 
1935 414 415 416 
1936 1282 1198 2633 
1937 2581 1112 2582 
1938 1552 2345 2346 
1939 651 650 652 
1940 687 681 688 
1941 1914 1554 2461 
1942 3062 718 3580 
1943 2697 1144 2748 
1944 850 1583 2595 
1945 1291 1175 2221 
1946 232 233 348 
1947 254 255 351 
1948 1413 1453 2478 
1949 1227 642 1228 
1950 761 760 2512 
1951 1944 1125 2877 
1952 2584 1736 2585 
1953 432 644 2613 
1954 842 824 845 
1955 533 534 2494 
1956 1363 1330 1470 
1957 1080 1081 1096 
1958 1096 1099 1229 
1959 1553 1550 2463 
1960 672 670 674 
1961 1736 1734 2585 
1962 1246 845 1279 
1963 2793 1944 2877 
1964 553 850 2595 
1965 849 1571 2532 
1966 450 646 2535 
1967 1169 678 2694 
1968 1542 1543 1774 
1969 416 418 606 
1970 832 829 2630 
1971 1134 511 2590 
1972 600 1566 1567 
1973 930 929 2527 
1974 350 2125 3374 
1975 460 615 2540 
1976 1010 1044 2570 
1977 1194 1193 1280 
1978 885 886 2569 
1979 416 417 418 
1980 1866 1867 2518 
1981 2068 1508 2308 
1982 1824 1825 1826 
1983 1596 2006 2501 
1984 663 682 2921 
1985 1279 1904 1905 
1986 649 648 650 
1987 2007 2474 2475 
1988 1541 2548 2549 
1989 2520 2487 2521 
1990 600 428 1566 
1991 229 230 2362 
1992 2620 1391 2621 
1993 1189 1257 2746 
1994 466 613 2561 
1995 720 3117 3146 
1996 1401 1764 2504 
1997 1227 1228 1354 
1998 1002 1000 2577 
1999 1752 1429 2017 
2000 1822 1820 2135 
2001 1093 1092 1193 
2002 1748 2026 2095 
2003 288 2772 2773 
2004 1014 1112 2581 
2005 2058 1621 2703 
2006 908 911 2586 
2007 640 642 1227 
2008 1076 1079 1080 
2009 954 1177 2506 
2010 2370 2371 2428 
2011 1887 1400 1888 
2012 603 2316 2471 
2013 472 604 2566 
2014 673 678 679 
2015 2625 1026 2626 
2016 1540 2552 2553 
2017 2639 2712 2856 
2018 151 38 2317 
2019 972 1097 2531 
2020 1567 1566 1568 
2021 1367 1366 1877 
2022 1928 2435 2630 
2023 594 589 2559 
2024 2007 1567 2474 
2025 1259 1184 1330 
2026 662 666 2738 
2027 1290 1289 1368 
2028 1905 1904 1906 
2029 2014 2163 3343 
2030 2462 1553 2463 
2031 1096 1229 1230 
2032 426 428 600 
2033 691 689 843 
2034 386 385 387 
2035 633 630 634 
2036 1443 1444 1542 
2037 1063 1064 2609 
2038 1609 2216 2541 
2039 1515 1548 2543 
2040 1552 2344 2345 
2041 656 659 660 
2042 843 689 2612 
2043 1555 1374 2457 
2044 1748 2096 2526 
2045 1568 2369 2370 
2046 1525 1523 2550 
2047 1354 1355 1493 
2048 234 235 301 
2049 252 253 302 
2050 1354 1228 1355 
2051 504 1558 2514 
2052 1374 1375 1857 
2053 251 252 2537 
2054 384 383 385 
2055 2370 2369 2371 
2056 1740 1736 2584 
2057 1234 1277 1413 
2058 825 824 842 
2059 939 936 2491 
2060 2635 899 2636 
2061 1608 1606 2541 
2062 1857 2138 2450 
2063 584 583 2647 
2064 1350 1349 2526 
2065 1136 1137 1234 
2066 2632 929 2749 
2067 396 397 398 
2068 775 772 2979 
2069 1533 1754 2580 
2070 2435 832 2630 
2071 1304 1409 2533 
2072 1453 1808 2019 
2073 2160 1914 2461 
2074 602 594 2559 
2075 1172 1171 1222 
2076 2601 1043 2602 
2077 672 674 2694 
2078 1399 1246 1400 
2079 422 424 643 
2080 873 1127 2600 
2081 1670 1668 2877 
2082 1254 1384 1385 
2083 1349 1587 1748 
2084 848 2655 2882 
2085 1531 1529 2554 
2086 758 756 2477 
2087 1200 1198 1282 
2088 607 1374 1555 
2089 1543 1984 2513 
2090 1774 1543 2513 
2091 1994 2015 2112 
2092 2731 1449 2908 
2093 411 413 414 
2094 2575 1077 2576 
2095 2373 2375 2430 
2096 1387 1232 1389 
2097 402 404 1116 
2098 1096 1081 1099 
2099 1064 1067 2609 
2100 1413 1277 1453 
2101 211 344 2302 
2102 1188 2746 2747 
2103 833 832 1171 
2104 708 2562 2563 
2105 682 664 683 
2106 689 688 2612 
2107 2452 634 2453 
2108 1540 2551 2552 
2109 1542 1444 1543 
2110 1234 1137 1277 
2111 1092 2487 2520 
2112 436 438 601 
2113 892 895 2583 
2114 1230 1349 1350 
2115 1274 1441 1443 
2116 899 900 2588 
2117 811 809 2479 
2118 1493 1355 1501 
2119 422 423 424 
2120 1018 1043 2601 
2121 247 248 2451 
2122 1579 1578 1580 
2123 1592 1591 2011 
2124 1590 1589 1591 
2125 1605 1604 1606 
2126 424 425 426 
2127 2058 2703 2717 
2128 432 434 644 
2129 1400 1246 2538 
2130 1577 852 1578 
2131 607 1301 1374 
2132 398 399 400 
2133 2604 1118 2605 
2134 1385 1819 1820 
2135 1475 1413 2478 
2136 1603 838 1604 
2137 865 2604 2754 
2138 390 389 391 
2139 1577 2449 2642 
2140 1136 702 1137 
2141 388 387 389 
2142 571 573 607 
2143 1588 853 1589 
2144 2556 2557 2975 
2145 687 688 689 
2146 1181 811 2479 
2147 1602 1601 1884 
2148 1365 1297 1366 
2149 668 658 1383 
2150 2381 2383 2419 
2151 958 956 2507 
2152 438 440 2631 
2153 730 2819 2862 
2154 1541 2547 2548 
2155 255 256 2441 
2156 1074 1071 1092 
2157 1800 1798 2169 
2158 1800 2169 2170 
2159 2146 1788 2147 
2160 1569 1567 2007 
2161 1133 2490 2724 
2162 440 442 645 
2163 1523 2549 2550 
2164 444 446 612 
2165 1748 1587 2026 
2166 1721 1720 2597 
2167 1560 1559 1561 
2168 744 1577 2642 
2169 1575 1169 2694 
2170 1349 1748 2526 
2171 2495 598 2496 
2172 697 695 698 
2173 817 815 1182 
2174 1367 1877 2677 
2175 426 427 428 
2176 1579 1580 1582 
2177 1577 1578 1579 
2178 703 702 1136 
2179 585 591 647 
2180 1592 2011 2025 
2181 1590 1591 1592 
2182 1927 1109 2625 
2183 1443 1441 1444 
2184 728 2648 2649 
2185 1848 1608 2129 
2186 738 851 2467 
2187 2712 1031 2856 
2188 1558 1133 1559 
2189 2434 917 2930 
2190 1414 1413 1475 
2191 1211 1276 1360 
2192 2163 2014 3338 
2193 809 807 1250 
2194 2488 1134 2489 
2195 1360 1276 1464 
2196 738 736 851 
2197 750 748 853 
2198 410 409 411 
2199 1211 1117 1276 
2200 760 758 838 
2201 744 742 852 
2202 414 413 415 
2203 1588 1589 1590 
2204 410 411 2607 
2205 819 817 2567 
2206 693 691 2911 
2207 847 1117 1211 
2208 563 565 849 
2209 1600 1219 1601 
2210 2509 2508 2510 
2211 770 768 1185 
2212 1402 1401 2504 
2213 1080 1079 1081 
2214 1395 1350 1396 
2215 1303 1242 1401 
2216 2070 1923 2127 
2217 1300 1265 1477 
2218 2604 2605 2606 
2219 847 541 1117 
2220 2507 2506 2508 
2221 744 852 1577 
2222 2225 2226 3342 
2223 813 811 1181 
2224 2528 1767 3223 
2225 799 797 1336 
2226 1109 1033 2625 
2227 1586 2100 2103 
2228 766 764 855 
2229 756 754 854 
2230 777 775 1244 
2231 1304 1240 1409 
2232 803 801 1233 
2233 231 232 2437 
2234 793 791 1275 
2235 2564 2563 2955 
2236 783 781 1263 
2237 2392 2394 2420 
2238 1822 2135 2159 
2239 602 2559 2560 
2240 1164 1111 1240 
2241 1609 1610 2050 
2242 785 783 2476 
2243 569 571 2470 
2244 708 705 2562 
2245 2571 1044 2572 
2246 448 450 2535 
2247 1605 1606 1608 
2248 850 1120 1253 
2249 454 456 614 
2250 787 785 1333 
2251 823 821 824 
2252 1529 2553 2554 
2253 1603 1604 1605 
2254 750 853 1588 
2255 1606 1607 1609 
2256 406 409 410 
2257 518 521 2638 
2258 720 717 2641 
2259 555 556 2623 
2260 539 541 847 
2261 553 555 850 
2262 1300 1616 2654 
2263 1843 1434 2101 
2264 1038 1036 2587 
2265 416 415 417 
2266 1464 1713 2089 
2267 1609 2050 2216 
2268 1505 1389 2337 
2269 1164 1240 1304 
2270 1507 1493 2113 
2271 1596 1594 2006 
2272 1621 1285 2704 
2273 1598 1596 2501 
2274 1113 1129 2180 
2275 1936 2731 2908 
2276 756 854 2477 
2277 1606 1609 2541 
2278 705 703 2562 
2279 450 452 646 
2280 2464 559 2532 
2281 2398 2400 2421 
2282 1811 1859 2662 
2283 566 569 2596 
2284 760 838 1603 
2285 1560 1561 1563 
2286 2614 1837 2640 
2287 1680 1681 2614 
2288 1693 665 3028 
2289 728 725 2648 
2290 1615 2533 2534 
2291 2630 827 2847 
2292 925 1111 1164 
2293 254 351 2444 
2294 1395 1396 1397 
2295 1560 1593 2655 
2296 1558 1559 1560 
2297 1893 1894 2465 
2298 458 460 2540 
2299 460 462 615 
2300 1580 1581 1761 
2301 867 1118 2604 
2302 1619 1617 2137 
2303 510 1134 2488 
2304 1748 2095 2096 
2305 1568 2368 2369 
2306 589 584 2647 
2307 935 933 1332 
2308 849 1308 1455 
2309 1300 1477 1546 
2310 1615 1304 2533 
2311 1876 1499 1930 
2312 1551 1550 1553 
2313 954 952 1177 
2314 850 555 1120 
2315 941 1300 2654 
2316 941 939 1265 
2317 1371 1369 1424 
2318 1253 1120 2111 
2319 2359 1909 2815 
2320 1067 1895 2190 
2321 960 958 1241 
2322 925 921 1111 
2323 956 954 2506 
2324 1773 2597 2598 
2325 1519 1517 2546 
2326 964 962 1242 
2327 559 560 2532 
2328 935 1332 1574 
2329 889 891 1113 
2330 2652 1866 2844 
2331 701 699 702 
2332 1415 1238 2223 
2333 2405 2407 2422 
2334 1409 1708 1976 
2335 392 391 393 
2336 1643 1646 2187 
2337 1558 1560 2655 
2338 1401 1570 1764 
2339 941 1265 1300 
2340 504 1133 1558 
2341 1635 1637 2306 
2342 1761 1762 1962 
2343 513 517 2590 
2344 1876 1930 2168 
2345 972 970 1097 
2346 1586 1584 2100 
2347 464 466 2561 
2348 1176 1292 1294 
2349 466 468 613 
2350 1738 2515 2516 
2351 1113 891 1129 
2352 1777 2502 2503 
2353 1279 1903 1904 
2354 1983 1480 3094 
2355 1571 1455 1572 
2356 1764 1765 2116 
2357 394 393 395 
2358 1657 1673 2178 
2359 419 421 422 
2360 974 972 2531 
2361 1639 1641 2199 
2362 2326 1120 2623 
2363 1648 1654 2183 
2364 1523 1521 2549 
2365 2529 2879 2909 
2366 1870 1872 1874 
2367 1428 2060 2347 
2368 1145 1251 2628 
2369 1600 1601 1602 
2370 1928 2630 2847 
2371 1561 1562 1564 
2372 418 417 419 
2373 978 976 1088 
2374 2507 2508 2509 
2375 1542 1774 2330 
2376 1631 1633 2432 
2377 482 484 2499 
2378 1675 1686 2174 
2379 1602 1884 1885 
2380 1905 2177 2327 
2381 1132 1219 1600 
2382 504 505 1133 
2383 511 513 2590 
2384 1515 1513 1548 
2385 1688 1695 2166 
2386 486 488 2500 
2387 633 634 2452 
2388 472 474 604 
2389 1517 1515 2543 
2390 470 472 2566 
2391 1521 1519 1541 
2392 956 2506 2507 
2393 1709 1712 2651 
2394 499 504 2514 
2395 986 984 1087 
2396 478 480 2495 
2397 1303 1401 1402 
2398 1457 1823 1990 
2399 982 980 1107 
2400 1228 642 1898 
2401 494 499 2514 
2402 2193 3215 3233 
2403 1184 641 2529 
2404 1491 1295 2481 
2405 488 592 2500 
2406 510 511 1134 
2407 1280 1456 1457 
2408 1631 2432 2697 
2409 2559 589 2647 
2410 1697 1704 2161 
2411 1349 1229 1587 
2412 1527 1525 1540 
2413 2371 2372 2373 
2414 764 761 2512 
2415 484 1192 2499 
2416 783 1263 2476 
2417 1067 2190 2609 
2418 717 716 2641 
2419 432 433 434 
2420 1706 1715 2157 
2421 480 598 2495 
2422 1477 2445 2446 
2423 1344 1307 1345 
2424 1863 1866 2652 
2425 2793 1338 2913 
2426 1787 1786 1788 
2427 1837 1838 1959 
2428 619 617 620 
2429 476 478 1201 
2430 964 1242 1303 
2431 2725 1975 2944 
2432 1110 1109 1170 
2433 1789 1788 2146 
2434 1140 1272 2629 
2435 1529 1527 2553 
2436 480 482 598 
2437 990 988 1108 
2438 517 518 2638 
2439 1717 1744 2154 
2440 1681 1684 2614 
2441 1533 1531 1754 
2442 994 992 1086 
2443 1906 1907 1992 
2444 1305 2587 2617 
2445 1208 1207 1438 
2446 1248 1142 2619 
2447 2562 1136 2736 
2448 881 877 2600 
2449 1884 2013 2133 
2450 1535 1533 2580 
2451 1332 2527 2528 
2452 2357 1802 2615 
2453 1037 1104 2705 
2454 1394 1350 1395 
2455 1746 1749 2149 
2456 754 751 2498 
2457 725 724 2648 
2458 2588 1114 2589 
2459 488 490 592 
2460 484 486 1192 
2461 434 435 436 
2462 707 705 708 
2463 1251 1423 2628 
2464 1684 1837 2614 
2465 434 436 2536 
2466 1583 1253 1584 
2467 2464 2326 2623 
2468 1429 1428 2347 
2469 2583 895 2634 
2470 2544 1548 2545 
2471 1613 1476 1778 
2472 1495 1496 1497 
2473 1585 1584 1586 
2474 396 395 397 
2475 742 739 2485 
2476 903 905 1114 
2477 1409 1410 1708 
2478 1112 1012 2570 
2479 1517 2543 2546 
2480 539 540 541 
2481 877 873 2600 
2482 1552 1549 2344 
2483 492 494 848 
2484 1805 1412 2619 
2485 1724 1721 2597 
2486 1303 1926 2665 
2487 1521 1541 2549 
2488 970 968 2558 
2489 1726 1724 1773 
2490 436 437 438 
2491 1498 1497 1499 
2492 499 502 504 
2493 964 1303 2665 
2494 1361 1360 1434 
2495 1498 1499 1876 
2496 1810 1811 2662 
2497 1412 1248 2619 
2498 1728 1726 2502 
2499 1857 1375 2138 
2500 1272 1432 2629 
2501 2373 2374 2375 
2502 1043 1016 2581 
2503 1968 1805 1970 
2504 697 698 699 
2505 1781 1779 1782 
2506 1708 1709 2651 
2507 1219 1317 2618 
2508 419 422 2460 
2509 1730 1728 1777 
2510 1732 1730 2515 
2511 1915 1914 2029 
2512 1084 1033 1109 
2513 2031 1843 2076 
2514 1004 1002 1077 
2515 507 509 510 
2516 1799 1798 1800 
2517 1358 1881 1882 
2518 1888 2139 2189 
2519 1712 2268 2269 
2520 1435 1434 1843 
2521 849 1455 1571 
2522 1755 1743 1933 
2523 1437 1285 1621 
2524 1927 2625 2626 
2525 2879 2291 2909 
2526 1464 1465 1713 
2527 1495 1397 1496 
2528 1423 1833 2628 
2529 550 553 2595 
2530 715 713 716 
2531 1978 1980 1998 
2532 2030 2029 2142 
2533 400 401 402 
2534 711 709 712 
2535 1933 1743 2153 
2536 1734 1732 1738 
2537 1684 1836 1837 
2538 1825 1544 2358 
2539 1527 1540 2553 
2540 1012 1010 2570 
2541 513 516 517 
2542 709 708 2564 
2543 2521 2487 2524 
2544 1785 1783 1786 
2545 1862 1863 2652 
2546 603 581 2316 
2547 1115 1020 2601 
2548 428 429 2613 
2549 2518 1874 2519 
2550 1016 1014 2581 
2551 831 829 832 
2552 1842 1879 1967 
2553 1830 1650 2750 
2554 1432 1862 2629 
2555 737 736 738 
2556 3187 2366 3199 
2557 1738 1732 2515 
2558 442 444 2713 
2559 1713 1893 2108 
2560 855 2666 2828 
2561 1010 1008 1044 
2562 933 930 2527 
2563 1474 2037 2038 
2564 1132 1138 1219 
2565 1870 1871 1872 
2566 438 439 440 
2567 1777 1728 2502 
2568 553 554 555 
2569 2375 2376 2377 
2570 1992 1993 1994 
2571 518 520 521 
2572 1840 1842 2624 
2573 2514 1558 2655 
2574 719 717 720 
2575 677 1186 1977 
2576 1773 1724 2597 
2577 429 431 432 
2578 1130 1274 2929 
2579 1499 1497 1500 
2580 536 539 2486 
2581 1437 1621 1834 
2582 522 524 525 
2583 1834 1621 2058 
2584 813 1181 2459 
2585 1374 1301 1375 
2586 1614 1304 1615 
2587 900 903 2588 
2588 1084 1109 1110 
2589 1225 1223 1289 
2590 1270 2644 2859 
2591 1742 1740 1743 
2592 526 528 529 
2593 2377 2378 2379 
2594 723 721 724 
2595 886 889 2569 
2596 895 896 2635 
2597 815 813 2459 
2598 1994 1995 2015 
2599 1793 1791 1794 
2600 440 441 442 
2601 1966 1759 2616 
2602 1085 1045 1305 
2603 1606 1604 1607 
2604 727 725 728 
2605 1188 1189 2746 
2606 530 532 533 
2607 1759 1757 2616 
2608 1453 1454 1808 
2609 922 921 925 
2610 649 651 2620 
2611 680 679 681 
2612 855 764 2512 
2613 1423 1832 1833 
2614 1093 1193 1194 
2615 1458 1281 1459 
2616 743 742 744 
2617 1020 1018 2601 
2618 1631 1632 1633 
2619 1319 1131 2670 
2620 424 423 425 
2621 1234 1413 1414 
2622 889 890 891 
2623 1014 1012 1112 
2624 1808 1809 1810 
2625 1804 1412 1805 
2626 545 546 2960 
2627 749 748 750 
2628 1797 1795 1798 
2629 1633 1634 1635 
2630 1669 1668 1670 
2631 1434 1360 2539 
2632 1587 1229 2711 
2633 1709 1711 1712 
2634 1163 641 1184 
2635 849 565 1308 
2636 1944 2793 2913 
2637 1097 970 2558 
2638 1306 1307 1344 
2639 1306 1305 1307 
2640 1401 1242 1570 
2641 647 591 648 
2642 1609 1607 1610 
2643 422 421 423 
2644 442 443 444 
2645 1811 1813 1859 
2646 1432 1861 1862 
2647 2379 2380 2381 
2648 1393 1623 2639 
2649 411 414 2607 
2650 536 538 539 
2651 1867 1870 2518 
2652 731 729 732 
2653 934 933 935 
2654 1591 1589 2354 
2655 542 544 545 
2656 426 425 427 
2657 1623 1946 2712 
2658 436 601 2536 
2659 1616 1546 1617 
2660 1738 2516 2517 
2661 1294 1295 1491 
2662 686 681 687 
2663 1635 1636 1637 
2664 2634 2635 3238 
2665 1863 1865 1866 
2666 546 548 549 
2667 701 702 703 
2668 854 754 2498 
2669 597 594 602 
2670 1764 1570 1765 
2671 1494 1397 1495 
2672 1501 1355 2163 
2673 757 756 758 
2674 1018 1016 1043 
2675 429 432 2613 
2676 1637 1638 1639 
2677 1867 1869 1870 
2678 1633 1635 2739 
2679 940 939 941 
2680 911 1132 2586 
2681 1328 1214 1679 
2682 1593 1563 1594 
2683 2356 1802 2357 
2684 735 733 736 
2685 755 754 756 
2686 444 445 446 
2687 1620 1608 1848 
2688 1580 1578 1581 
2689 1561 1559 1562 
2690 759 758 760 
2691 1830 2750 2885 
2692 1571 1572 1573 
2693 1618 1617 1619 
2694 708 2563 2564 
2695 1206 835 1207 
2696 1544 1207 2627 
2697 1622 1619 2004 
2698 601 438 2631 
2699 1295 1379 2481 
2700 2689 1556 2690 
2701 549 550 2595 
2702 865 867 2604 
2703 911 913 1132 
2704 2381 2382 2383 
2705 1595 1594 1596 
2706 867 871 1118 
2707 702 699 2482 
2708 1639 1640 1641 
2709 1078 1075 2812 
2710 1543 1776 1984 
2711 550 552 553 
2712 507 510 2490 
2713 1768 1759 1966 
2714 852 742 2485 
2715 1597 1596 1598 
2716 880 877 881 
2717 1849 1848 1921 
2718 873 869 1127 
2719 1414 1475 1476 
2720 10 94 283 
2721 111 13 290 
2722 69 6 284 
2723 81 8 288 
2724 105 12 282 
2725 87 9 294 
2726 75 7 285 
2727 57 4 287 
2728 123 15 293 
2729 11 100 289 
2730 117 14 292 
2731 16 130 291 
2732 63 5 286 
2733 398 397 399 
2734 1033 1028 2625 
2735 1842 1967 2624 
2736 490 492 2663 
2737 1913 1554 1914 
2738 953 952 954 
2739 1035 1037 2705 
2740 446 447 448 
2741 875 884 885 
2742 1628 1630 1631 
2743 920 882 921 
2744 955 954 956 
2745 1477 1265 2445 
2746 1495 1497 1498 
2747 886 888 889 
2748 741 739 742 
2749 400 399 401 
2750 1939 2755 2764 
2751 924 923 2691 
2752 1564 1562 1565 
2753 823 824 825 
2754 842 1246 1399 
2755 1667 1452 1668 
2756 2383 2384 2385 
2757 903 1114 2588 
2758 957 956 958 
2759 1028 1026 2625 
2760 1837 1836 1838 
2761 765 764 766 
2762 767 766 768 
2763 959 958 960 
2764 1641 1642 1643 
2765 1044 1008 2573 
2766 563 564 565 
2767 1761 1581 1762 
2768 102 103 323 
2769 928 926 929 
2770 1922 1921 1923 
2771 73 74 357 
2772 95 96 356 
2773 79 80 358 
2774 67 68 355 
2775 115 116 354 
2776 121 122 364 
2777 58 59 362 
2778 85 86 363 
2779 109 110 361 
2780 448 449 450 
2781 2498 1588 2657 
2782 600 1567 1569 
2783 961 960 962 
2784 747 745 748 
2785 124 125 359 
2786 92 93 352 
2787 769 768 770 
2788 88 89 365 
2789 128 129 366 
2790 2172 2099 2173 
2791 71 72 319 
2792 65 66 316 
2793 83 84 317 
2794 107 108 322 
2795 113 114 321 
2796 60 61 320 
2797 77 78 315 
2798 97 98 324 
2799 119 120 318 
2800 1345 1307 1925 
2801 428 427 429 
2802 2385 2386 2387 
2803 932 930 933 
2804 2819 2628 2862 
2805 504 502 505 
2806 556 559 2623 
2807 748 745 2642 
2808 90 91 303 
2809 126 127 304 
2810 1099 1216 2711 
2811 1085 1305 1306 
2812 1924 1923 2070 
2813 1332 933 2527 
2814 1643 1644 1646 
2815 692 691 693 
2816 963 962 964 
2817 1495 1498 2693 
2818 1045 1038 2587 
2819 2629 1862 2820 
2820 771 770 772 
2821 638 637 640 
2822 1742 1743 1755 
2823 1962 1762 1963 
2824 1967 1879 1996 
2825 1399 1400 1887 
2826 2201 2203 2206 
2827 819 2567 2591 
2828 773 772 775 
2829 450 451 452 
2830 850 1253 1583 
2831 2387 2388 2390 
2832 1586 2103 2222 
2833 938 936 939 
2834 1390 1473 1474 
2835 667 669 1391 
2836 1623 1624 1946 
2837 707 708 709 
2838 1884 1601 2013 
2839 1497 1496 2599 
2840 683 685 2454 
2841 1023 1020 1115 
2842 753 751 754 
2843 1306 1344 2658 
2844 510 509 511 
2845 556 558 559 
2846 1479 1293 1480 
2847 892 894 895 
2848 1322 1319 2670 
2849 776 775 777 
2850 411 412 413 
2851 1646 1647 1648 
2852 969 968 970 
2853 635 633 637 
2854 944 942 945 
2855 1409 1240 1410 
2856 1919 1885 2148 
2857 1568 1566 2368 
2858 517 516 518 
2859 2703 1621 2704 
2860 559 2464 2623 
2861 821 819 2591 
2862 690 689 691 
2863 1074 1092 1093 
2864 2390 2391 2392 
2865 1613 1778 1779 
2866 889 1113 2569 
2867 971 970 972 
2868 1648 1649 1654 
2869 452 453 454 
2870 1384 1331 2473 
2871 1570 1242 2706 
2872 1274 1440 1441 
2873 778 777 779 
2874 1199 1231 2888 
2875 973 972 974 
2876 903 904 905 
2877 951 946 952 
2878 2518 2519 2844 
2879 1512 1511 1513 
2880 1569 2007 2008 
2881 975 974 976 
2882 1034 1033 1084 
2883 2680 1048 2681 
2884 1514 1513 1515 
2885 711 712 713 
2886 454 455 456 
2887 2288 337 2289 
2888 37 345 2300 
2889 945 942 2654 
2890 1800 2171 2615 
2891 780 779 781 
2892 763 761 764 
2893 694 693 695 
2894 2392 2393 2394 
2895 1170 1109 1927 
2896 2152 298 3542 
2897 1479 1480 1983 
2898 2121 1278 2710 
2899 977 976 978 
2900 1211 1360 1361 
2901 1516 1515 1517 
2902 2101 1434 2539 
2903 1654 1655 1657 
2904 1949 1852 2719 
2905 1670 2877 3022 
2906 1583 1584 1585 
2907 1804 1805 1968 
2908 782 781 783 
2909 962 960 2706 
2910 1279 845 1903 
2911 1365 1366 1367 
2912 715 716 717 
2913 1310 1393 2639 
2914 2484 1587 2711 
2915 1518 1517 1519 
2916 2190 1895 2321 
2917 1464 1276 1465 
2918 2371 2369 2372 
2919 521 520 522 
2920 2846 1111 2872 
2921 1123 1269 1270 
2922 896 898 899 
2923 1077 1002 2577 
2924 2394 2395 2396 
2925 1520 1519 1521 
2926 1837 1959 2640 
2927 1781 1782 1783 
2928 784 783 785 
2929 1708 1410 1709 
2930 1498 2179 2693 
2931 675 665 1693 
2932 1657 1658 1673 
2933 539 847 2486 
2934 979 978 980 
2935 456 457 458 
2936 2755 943 2764 
2937 1787 1788 1789 
2938 1854 1852 1949 
2939 1522 1521 1523 
2940 1607 1604 2718 
2941 1032 1028 1033 
2942 1870 1874 2518 
2943 1270 2643 2644 
2944 1785 1786 1787 
2945 981 980 982 
2946 1548 1513 2556 
2947 2180 1129 2653 
2948 525 524 526 
2949 666 677 2738 
2950 786 785 787 
2951 432 431 433 
2952 1673 1674 1675 
2953 1393 1490 1623 
2954 529 528 530 
2955 1524 1523 1525 
2956 533 532 534 
2957 1743 1740 2584 
2958 458 459 460 
2959 2396 2397 2398 
2960 983 982 984 
2961 422 643 2460 
2962 2194 2195 2867 
2963 1829 1650 1830 
2964 2197 2071 2198 
2965 560 562 563 
2966 967 965 968 
2967 1305 1045 2587 
2968 541 540 542 
2969 1526 1525 1527 
2970 1712 1711 2268 
2971 719 720 721 
2972 2545 1042 2988 
2973 607 573 1301 
2974 1862 1861 1863 
2975 985 984 986 
2976 1675 1676 1686 
2977 1800 2170 2171 
2978 1626 1628 2697 
2979 788 787 789 
2980 2398 2399 2400 
2981 434 433 435 
2982 1130 1273 1274 
2983 1280 1457 2839 
2984 1046 1045 1085 
2985 1510 1407 1511 
2986 460 461 462 
2987 900 902 903 
2988 1528 1527 1529 
2989 727 728 729 
2990 1361 1434 1435 
2991 723 724 725 
2992 566 568 569 
2993 641 640 2529 
2994 1872 1871 1873 
2995 1230 1350 1394 
2996 1435 1843 2031 
2997 1686 1687 1688 
2998 539 538 540 
2999 1090 924 2691 
3000 1257 1358 2746 
3001 1164 1304 1614 
3002 987 986 988 
3003 462 463 464 
3004 790 789 791 
3005 1040 1038 1045 
3006 1353 1255 1650 
3007 1530 1529 1531 
3008 2400 2401 2403 
3009 2468 1570 2706 
3010 1866 1865 1867 
3011 792 791 793 
3012 402 403 404 
3013 989 988 990 
3014 1395 1397 1494 
3015 436 435 437 
3016 1793 1794 1795 
3017 1532 1531 1533 
3018 1688 1689 1695 
3019 1870 1869 1871 
3020 1507 2113 2114 
3021 2252 2253 2254 
3022 1713 1465 1893 
3023 2254 2255 2256 
3024 991 990 992 
3025 1534 1533 1535 
3026 582 585 2650 
3027 545 544 546 
3028 936 935 2491 
3029 794 793 795 
3030 696 695 697 
3031 768 766 2860 
3032 1536 1535 1720 
3033 464 465 466 
3034 1188 2747 2832 
3035 2770 2769 3170 
3036 1906 1904 1907 
3037 1764 2116 3349 
3038 2403 2404 2405 
3039 1425 1428 1429 
3040 1562 1559 2724 
3041 1695 1696 1697 
3042 2256 2257 2258 
3043 1799 1800 2615 
3044 2672 2674 2675 
3045 606 1550 1551 
3046 549 548 550 
3047 1577 1579 2449 
3048 796 795 797 
3049 993 992 994 
3050 466 467 468 
3051 1983 3094 3102 
3052 2405 2406 2407 
3053 1234 1414 2736 
3054 1132 1600 2586 
3055 1168 1254 2898 
3056 1697 1698 1704 
3057 1797 1798 1799 
3058 185 274 3056 
3059 2258 2259 2261 
3060 404 406 2667 
3061 935 1574 2491 
3062 731 732 733 
3063 632 630 633 
3064 905 906 907 
3065 2373 2372 2374 
3066 1821 1820 1822 
3067 438 437 439 
3068 798 797 799 
3069 1668 1452 2793 
3070 1633 1632 1634 
3071 510 2488 2490 
3072 555 554 556 
3073 1149 1315 2729 
3074 885 884 886 
3075 2407 2408 2410 
3076 1704 1705 1706 
3077 1650 1255 2696 
3078 922 925 926 
3079 968 965 2665 
3080 3390 2242 3401 
3081 468 469 470 
3082 2156 2115 3051 
3083 2465 1894 2466 
3084 1590 1592 2208 
3085 852 2485 2733 
3086 1500 1497 2599 
3087 1300 1546 1616 
3088 1129 891 2583 
3089 737 738 739 
3090 1631 1630 1632 
3091 995 994 996 
3092 1614 1615 1767 
3093 2512 1603 2666 
3094 880 881 882 
3095 342 184 3056 
3096 1478 1293 1479 
3097 1286 1159 1293 
3098 735 736 737 
3099 2410 2411 2412 
3100 1137 2482 2661 
3101 470 471 472 
3102 1706 1707 1715 
3103 920 921 922 
3104 1581 1578 2733 
3105 1387 1389 1390 
3106 1611 1607 2718 
3107 1123 1270 2725 
3108 1262 1173 2685 
3109 1137 702 2482 
3110 800 799 801 
3111 1725 1724 1726 
3112 2192 1825 2358 
3113 1715 1716 1717 
3114 1132 913 1138 
3115 2529 1227 2879 
3116 891 892 2583 
3117 1727 1726 1728 
3118 952 946 2702 
3119 889 888 890 
3120 1560 1563 1593 
3121 1053 1050 2680 
3122 553 552 554 
3123 446 448 2874 
3124 1436 1285 1437 
3125 1623 1490 1624 
3126 802 801 803 
3127 2412 2413 2415 
3128 1653 2672 2890 
3129 1354 1493 1507 
3130 1635 1634 1636 
3131 472 473 474 
3132 1331 1575 1576 
3133 1104 1310 2705 
3134 1637 1639 2881 
3135 492 848 2663 
3136 2120 1278 2121 
3137 2111 1120 2326 
3138 928 929 930 
3139 1729 1728 1730 
3140 1717 1718 1744 
3141 440 439 441 
3142 678 672 2694 
3143 2249 2251 2252 
3144 1669 1670 2105 
3145 474 475 476 
3146 2415 2416 2417 
3147 934 935 936 
3148 743 744 745 
3149 424 426 2827 
3150 419 420 421 
3151 2375 2374 2376 
3152 2576 1077 2577 
3153 2572 1044 2573 
3154 804 803 805 
3155 1172 1222 1223 
3156 1637 1636 1638 
3157 2530 1106 2812 
3158 745 744 2642 
3159 895 894 896 
3160 1731 1730 1732 
3161 1001 1000 1002 
3162 1744 1745 1746 
3163 1667 1668 1669 
3164 1101 1090 1159 
3165 1733 1732 1734 
3166 1219 1138 1317 
3167 476 477 478 
3168 1453 1277 1454 
3169 1084 1110 2355 
3170 1420 1262 2685 
3171 932 933 934 
3172 1605 1608 1620 
3173 1735 1734 1736 
3174 2417 2418 2423 
3175 442 441 443 
3176 1723 1721 1724 
3177 577 579 2815 
3178 741 742 743 
3179 677 1977 2738 
3180 940 941 942 
3181 749 750 751 
3182 1746 1747 1749 
3183 478 479 480 
3184 1287 1439 1653 
3185 695 693 2834 
3186 806 805 807 
3187 1992 1907 1993 
3188 2232 2229 2233 
3189 402 401 403 
3190 700 699 701 
3191 1050 1048 2680 
3192 1616 1617 1618 
3193 404 405 406 
3194 1003 1002 1004 
3195 891 890 892 
3196 1653 2671 2672 
3197 1462 1367 2677 
3198 938 939 940 
3199 1639 1638 1640 
3200 1749 2064 2065 
3201 1320 1680 2676 
3202 2482 698 2993 
3203 747 748 749 
3204 1618 1619 1622 
3205 2377 2376 2378 
3206 1353 1650 1829 
3207 1351 1770 1771 
3208 942 941 2654 
3209 480 481 482 
3210 1005 1004 1006 
3211 572 570 2821 
3212 1739 1736 1740 
3213 2153 1743 2584 
3214 482 483 484 
3215 2379 2378 2380 
3216 411 409 412 
3217 1917 1562 2724 
3218 444 443 445 
3219 1303 1402 1926 
3220 999 997 1000 
3221 2270 2268 2978 
3222 1307 1305 2617 
3223 406 410 2667 
3224 623 575 1325 
3225 2236 2234 2237 
3226 1007 1006 1008 
3227 1741 1740 1742 
3228 1622 2004 2005 
3229 1052 1050 1053 
3230 2624 1967 3142 
3231 808 807 809 
3232 1593 1594 1595 
3233 1953 1314 2803 
3234 1765 2468 2469 
3235 755 756 757 
3236 1756 1755 1757 
3237 484 485 486 
3238 944 945 946 
3239 1056 1054 1057 
3240 953 954 955 
3241 1641 1640 1642 
3242 757 758 759 
3243 2759 1117 2889 
3244 704 703 705 
3245 681 679 2842 
3246 1324 1314 1953 
3247 810 809 811 
3248 486 487 488 
3249 1938 1940 2744 
3250 413 412 626 
3251 1595 1596 1597 
3252 2712 1946 2924 
3253 955 956 957 
3254 948 1103 1130 
3255 951 952 953 
3256 488 489 490 
3257 1610 1611 2296 
3258 1009 1008 1010 
3259 2015 1995 2016 
3260 1838 1839 1840 
3261 753 754 755 
3262 131 132 353 
3263 55 56 360 
3264 957 958 959 
3265 2278 2281 2282 
3266 759 760 761 
3267 446 445 447 
3268 1376 1260 1377 
3269 1597 1598 1599 
3270 1414 1612 2736 
3271 959 960 961 
3272 1684 1835 1836 
3273 1479 1983 2131 
3274 1643 1642 1644 
3275 1288 1161 2726 
3276 1602 1885 1919 
3277 658 652 2483 
3278 490 491 492 
3279 1994 1993 1995 
3280 406 408 409 
3281 1859 1813 2182 
3282 2381 2380 2382 
3283 565 566 2596 
3284 961 962 963 
3285 575 572 2821 
3286 1620 1848 1849 
3287 1198 1196 2633 
3288 586 1626 2748 
3289 1769 1768 1880 
3290 492 493 494 
3291 1758 1757 1759 
3292 1543 1444 1776 
3293 903 902 904 
3294 1479 2131 2659 
3295 1840 1841 1842 
3296 448 447 449 
3297 494 498 499 
3298 1229 1099 2711 
3299 899 898 900 
3300 1040 1045 1046 
3301 1437 1834 1886 
3302 1106 1078 2812 
3303 1309 2606 2868 
3304 963 964 965 
3305 1036 1034 2656 
3306 1842 1878 1879 
3307 2372 2369 2761 
3308 1270 1269 2643 
3309 2672 2673 2674 
3310 1011 1010 1012 
3311 559 558 560 
3312 812 811 813 
3313 505 506 507 
3314 1760 1759 1768 
3315 1646 1644 1647 
3316 1911 1581 2733 
3317 814 813 815 
3318 1849 1921 1922 
3319 765 766 767 
3320 1015 1014 1016 
3321 1478 1479 2659 
3322 499 501 502 
3323 1032 1033 1034 
3324 1810 1809 1811 
3325 767 768 769 
3326 450 449 451 
3327 1286 1293 1478 
3328 763 764 765 
3329 2383 2382 2384 
3330 1320 1323 1680 
3331 1013 1012 1014 
3332 969 970 971 
3333 1967 1996 2692 
3334 2486 847 2741 
3335 1318 1320 2676 
3336 673 679 680 
3337 1681 1683 1684 
3338 1590 2208 2657 
3339 816 815 817 
3340 1653 1439 2671 
3341 1211 1361 2741 
3342 1954 1485 2735 
3343 1648 1647 1649 
3344 1854 1949 1950 
3345 511 512 513 
3346 967 968 969 
3347 905 904 906 
3348 1922 1923 1924 
3349 769 770 771 
3350 1512 1513 1514 
3351 1498 1876 2179 
3352 921 882 2872 
3353 1551 1553 1554 
3354 507 508 509 
3355 1343 1306 2658 
3356 971 972 973 
3357 2385 2384 2386 
3358 1101 1159 1286 
3359 652 653 654 
3360 404 403 405 
3361 1510 1511 1512 
3362 2746 1882 2747 
3363 1924 2070 2071 
3364 706 705 707 
3365 1808 1454 1809 
3366 973 974 975 
3367 2672 2671 2673 
3368 1324 1953 2701 
3369 1919 2148 2365 
3370 1514 1515 1516 
3371 565 564 566 
3372 1104 1267 1310 
3373 771 772 773 
3374 452 451 453 
3375 692 693 694 
3376 1085 1306 1343 
3377 1628 1631 2697 
3378 926 925 2749 
3379 975 976 977 
3380 842 1399 2847 
3381 1017 1016 1018 
3382 1588 1590 2657 
3383 2387 2386 2388 
3384 1388 1503 2000 
3385 1654 1649 1655 
3386 680 681 686 
3387 663 661 664 
3388 1488 1486 1663 
3389 1516 1517 1518 
3390 1302 1346 1351 
3391 513 515 516 
3392 1335 1427 1677 
3393 2643 1433 2645 
3394 628 625 630 
3395 833 1171 1172 
3396 773 775 776 
3397 577 2815 2835 
3398 2390 2388 2391 
3399 2044 2093 2094 
3400 977 978 979 
3401 1518 1519 1520 
3402 600 1569 2827 
3403 965 964 2665 
3404 1803 1412 1804 
3405 1520 1521 1522 
3406 406 405 408 
3407 690 691 692 
3408 454 453 455 
3409 1159 1090 2691 
3410 1310 1392 1393 
3411 1269 1433 2643 
3412 1419 1262 1420 
3413 1657 1655 1658 
3414 2639 1623 2712 
3415 1522 1523 1524 
3416 908 910 911 
3417 1099 1100 1216 
3418 1019 1018 1020 
3419 776 777 778 
3420 1439 1954 2671 
3421 518 519 520 
3422 979 980 981 
3423 1027 1026 1028 
3424 1256 1255 1353 
3425 563 562 564 
3426 456 455 457 
3427 981 982 983 
3428 1673 1658 1674 
3429 1524 1525 1526 
3430 410 2607 3045 
3431 2392 2391 2393 
3432 1677 1955 1961 
3433 1612 1476 1613 
3434 2036 1384 2473 
3435 1284 1258 1285 
3436 710 709 711 
3437 778 779 780 
3438 983 984 985 
3439 2640 1959 3072 
3440 1526 1527 1528 
3441 1310 2639 2705 
3442 2683 1969 2684 
3443 1308 565 2596 
3444 414 416 2887 
3445 714 713 715 
3446 522 523 524 
3447 2394 2393 2395 
3448 1709 1710 1711 
3449 818 817 819 
3450 458 457 459 
3451 1247 1204 1260 
3452 780 781 782 
3453 1022 1020 1023 
3454 985 986 987 
3455 1675 1674 1676 
3456 2644 2643 2728 
3457 1242 962 2706 
3458 1411 1248 1412 
3459 419 417 420 
3460 1528 1529 1530 
3461 1943 2043 2044 
3462 1397 1396 2867 
3463 526 527 528 
3464 1971 1685 1972 
3465 1164 1614 2749 
3466 2634 895 2635 
3467 1315 1335 2729 
3468 1025 1023 1026 
3469 2545 1548 2556 
3470 1494 1495 2693 
3471 1393 1489 1490 
3472 1432 1860 1861 
3473 645 442 2713 
3474 1487 1847 2119 
3475 2396 2395 2397 
3476 2716 1119 2745 
3477 1866 2518 2844 
3478 1863 1864 1865 
3479 1601 1219 2618 
3480 1530 1531 1532 
3481 782 783 784 
3482 1780 1779 1781 
3483 1686 1676 1687 
3484 429 430 431 
3485 1472 1986 1987 
3486 460 459 461 
3487 831 832 833 
3488 987 988 989 
3489 530 531 532 
3490 687 689 690 
3491 718 717 719 
3492 1532 1533 1534 
3493 989 990 991 
3494 1534 1535 1536 
3495 1371 1424 1425 
3496 412 409 2730 
3497 1536 1720 1721 
3498 1445 1845 2010 
3499 820 819 821 
3500 1605 1620 2666 
3501 534 535 536 
3502 1166 1547 1766 
3503 1660 1659 1661 
3504 784 785 786 
3505 991 992 993 
3506 1482 1449 1483 
3507 1143 1271 1691 
3508 1268 1135 1935 
3509 462 461 463 
3510 1867 1868 1869 
3511 1915 2029 2030 
3512 1688 1687 1689 
3513 2398 2397 2399 
3514 945 2654 2880 
3515 574 577 2835 
3516 1603 1605 2666 
3517 1802 1799 2615 
3518 694 695 696 
3519 1212 1119 2716 
3520 1160 1161 1287 
3521 1358 1359 1881 
3522 1309 2868 2899 
3523 1742 1755 1756 
3524 1925 1307 2617 
3525 1486 1288 2726 
3526 2865 1160 2870 
3527 2034 1483 2035 
3528 2722 3016 3521 
3529 1626 1627 1628 
3530 1287 1288 1439 
3531 993 994 995 
3532 1695 1689 1696 
3533 1439 1485 1954 
3534 2400 2399 2401 
3535 464 463 465 
3536 1052 1053 1054 
3537 1784 1783 1785 
3538 1832 2061 2062 
3539 1122 412 2730 
3540 907 906 908 
3541 1039 1038 1040 
3542 786 787 788 
3543 1423 1831 1832 
3544 1274 1273 1440 
3545 1913 1914 1915 
3546 1604 838 2718 
3547 722 721 723 
3548 1448 1266 1449 
3549 1940 1943 2744 
3550 1290 1368 1369 
3551 2472 2846 2872 
3552 586 1339 1626 
3553 542 543 544 
3554 1049 1051 1160 
3555 1031 1028 1032 
3556 1272 1431 1432 
3557 1790 1789 1791 
3558 2403 2401 2404 
3559 1404 1237 1659 
3560 1697 1696 1698 
3561 466 465 467 
3562 1725 1726 1727 
3563 726 725 727 
3564 454 614 2964 
3565 1727 1728 1729 
3566 995 996 997 
3567 911 912 913 
3568 1628 1629 1630 
3569 1733 1734 1735 
3570 1723 1724 1725 
3571 660 659 661 
3572 865 866 867 
3573 1704 1698 1705 
3574 546 547 548 
3575 788 789 790 
3576 1729 1730 1731 
3577 867 870 871 
3578 1735 1736 1739 
3579 1318 2676 2786 
3580 468 467 469 
3581 1731 1732 1733 
3582 1559 1133 2724 
3583 1485 1487 2735 
3584 2405 2404 2406 
3585 536 537 538 
3586 1037 1036 1038 
3587 1331 1169 1575 
3588 1231 1388 2888 
3589 610 618 2892 
3590 1048 1046 2681 
3591 730 729 731 
3592 2254 2253 2255 
3593 1310 1267 1392 
3594 1706 1705 1707 
3595 886 887 888 
3596 1361 1918 2741 
3597 2703 1829 2717 
3598 872 869 873 
3599 1769 1880 1910 
3600 790 791 792 
3601 646 452 2964 
3602 1034 1084 2656 
3603 697 699 700 
3604 1269 1341 1433 
3605 871 874 875 
3606 1001 1002 1003 
3607 1035 1034 1036 
3608 470 469 471 
3609 1741 1742 2668 
3610 421 420 587 
3611 2407 2406 2408 
3612 1251 1422 1423 
3613 1765 1570 2468 
3614 919 882 920 
3615 999 1000 1001 
3616 1739 1740 1741 
3617 876 873 877 
3618 1715 1707 1716 
3619 1046 1085 2681 
3620 2256 2255 2257 
3621 2252 2251 2253 
3622 1760 1768 1769 
3623 1752 2017 2018 
3624 879 877 880 
3625 1792 1791 1793 
3626 626 1122 1123 
3627 2868 2709 2899 
3628 1353 1829 2703 
3629 875 883 884 
3630 2429 2372 2761 
3631 1796 1795 1797 
3632 792 793 794 
3633 2685 1173 2734 
3634 550 551 552 
3635 1756 1757 1758 
3636 472 471 473 
3637 858 860 1309 
3638 2410 2408 2411 
3639 1005 1006 1007 
3640 2026 1587 2484 
3641 1838 1836 1839 
3642 927 926 928 
3643 1742 1756 2668 
3644 862 864 865 
3645 1717 1716 1718 
3646 1003 1004 1005 
3647 734 733 735 
3648 569 570 571 
3649 1641 1643 2931 
3650 2258 2257 2259 
3651 896 897 898 
3652 1126 2714 2751 
3653 829 827 2630 
3654 868 863 869 
3655 1206 1207 1208 
3656 474 473 475 
3657 1047 1046 1048 
3658 859 857 1313 
3659 1007 1008 1009 
3660 794 795 796 
3661 1417 1416 1964 
3662 1091 1090 1101 
3663 1744 1718 1745 
3664 1801 1799 1802 
3665 2412 2411 2413 
3666 299 155 2300 
3667 1685 1342 2897 
3668 946 945 2702 
3669 1130 1103 1273 
3670 1758 1759 1760 
3671 931 930 932 
3672 1393 1392 1489 
3673 1446 1342 1685 
3674 476 475 477 
3675 1457 1991 2839 
3676 1416 1212 2716 
3677 1805 2619 2942 
3678 1677 1427 1955 
3679 1996 1879 1997 
3680 2586 1600 2787 
3681 2415 2413 2416 
3682 478 477 479 
3683 1746 1745 1747 
3684 1009 1010 1011 
3685 822 821 823 
3686 2720 1426 2721 
3687 2119 1847 2152 
3688 1027 1028 1031 
3689 796 797 798 
3690 1037 1038 1039 
3691 1578 852 2733 
3692 1240 1111 2846 
3693 1610 1607 1611 
3694 1015 1016 1017 
3695 1624 1490 2686 
3696 541 542 2889 
3697 1037 1039 1104 
3698 937 936 938 
3699 1136 1234 2736 
3700 701 703 704 
3701 1749 1747 2064 
3702 2162 1802 2356 
3703 1257 1283 1358 
3704 624 621 625 
3705 1055 1054 1056 
3706 480 479 481 
3707 1378 1212 1416 
3708 2417 2416 2418 
3709 740 739 741 
3710 1013 1014 1015 
3711 1451 1338 1452 
3712 1126 1191 2714 
3713 687 690 2790 
3714 1123 1187 1269 
3715 892 893 894 
3716 1489 1392 1556 
3717 482 481 483 
3718 1666 1452 1667 
3719 1191 1311 1312 
3720 582 584 585 
3721 1011 1012 1013 
3722 505 502 506 
3723 943 942 944 
3724 1565 1562 1917 
3725 1025 1026 1027 
3726 1804 1968 1969 
3727 1236 1690 2752 
3728 1076 1078 1079 
3729 1017 1018 1019 
3730 484 483 485 
3731 2232 2233 2234 
3732 798 799 800 
3733 1101 1286 2696 
3734 1019 1020 1022 
3735 1663 1486 2726 
3736 1287 1161 1288 
3737 1439 1288 1485 
3738 577 578 579 
3739 1932 2109 2110 
3740 746 745 747 
3741 579 580 581 
3742 1127 869 2927 
3743 826 825 827 
3744 351 2443 2444 
3745 1160 1051 1161 
3746 1680 1323 1681 
3747 1035 1036 1037 
3748 1940 1939 1941 
3749 1614 2632 2749 
3750 1337 1202 1338 
3751 486 485 487 
3752 3041 2431 3069 
3753 556 557 558 
3754 1040 1046 1047 
3755 2432 1633 2739 
3756 1385 1820 1821 
3757 1356 1226 1357 
3758 488 487 489 
3759 950 946 951 
3760 511 509 512 
3761 1267 1135 1268 
3762 1051 1050 1052 
3763 900 901 902 
3764 1684 1683 1835 
3765 800 801 802 
3766 1189 1102 1255 
3767 1358 1882 2746 
3768 1939 1128 2755 
3769 1287 1653 2870 
3770 1840 1839 1841 
3771 490 489 491 
3772 618 617 619 
3773 1022 1023 1025 
3774 1047 1048 1049 
3775 1091 1101 1102 
3776 1285 1258 2704 
3777 518 516 519 
3778 1938 1128 1939 
3779 1049 1048 1050 
3780 1362 1931 1932 
3781 2619 1142 2715 
3782 1236 1403 1690 
3783 1490 1489 1557 
3784 1842 1841 1878 
3785 1191 1312 2714 
3786 752 751 753 
3787 492 491 493 
3788 802 803 804 
3789 429 427 430 
3790 1284 1285 1436 
3791 494 493 498 
3792 2645 1433 2646 
3793 1104 1135 1267 
3794 2687 1557 2688 
3795 571 572 573 
3796 177 178 268 
3797 197 198 273 
3798 165 166 271 
3799 209 210 279 
3800 205 206 275 
3801 181 182 269 
3802 193 194 281 
3803 169 170 272 
3804 173 174 270 
3805 161 162 280 
3806 201 202 277 
3807 185 186 274 
3808 189 190 278 
3809 157 158 276 
3810 1335 1677 2729 
3811 1863 1861 1864 
3812 1073 1075 1076 
3813 499 498 501 
3814 622 627 1326 
3815 1961 1955 2568 
3816 1709 1410 1710 
3817 704 705 706 
3818 772 770 2951 
3819 522 520 523 
3820 847 1211 2741 
3821 1276 1117 2759 
3822 1762 1581 1911 
3823 1104 1039 1135 
3824 1032 1034 1035 
3825 626 412 1122 
3826 2643 2645 2728 
3827 180 181 2238 
3828 172 173 2264 
3829 166 167 2287 
3830 200 201 2241 
3831 204 205 2239 
3832 507 506 508 
3833 707 709 710 
3834 1803 1804 2682 
3835 1256 1353 2704 
3836 804 805 806 
3837 409 408 2730 
3838 1433 1341 2743 
3839 208 209 2240 
3840 574 576 577 
3841 526 524 527 
3842 32 176 332 
3843 31 180 331 
3844 25 204 340 
3845 24 208 334 
3846 33 172 333 
3847 30 184 342 
3848 35 164 343 
3849 26 200 335 
3850 27 196 336 
3851 29 188 338 
3852 36 160 341 
3853 167 34 337 
3854 28 192 339 
3855 1419 1420 1775 
3856 1411 1412 1803 
3857 534 532 535 
3858 1602 1919 2787 
3859 1485 1288 1486 
3860 1650 2696 2750 
3861 1672 1671 1957 
3862 1487 1488 1847 
3863 626 1123 2725 
3864 966 965 967 
3865 1871 1869 1875 
3866 1867 1865 1868 
3867 1340 1167 1671 
3868 179 31 2272 
3869 1329 1484 2664 
3870 530 528 531 
3871 1189 1255 1256 
3872 1935 2865 2870 
3873 1052 1054 1055 
3874 195 27 2275 
3875 192 193 2637 
3876 1085 1343 2681 
3877 1084 2355 2656 
3878 168 169 2244 
3879 711 713 714 
3880 911 910 912 
3881 1277 1137 2661 
3882 513 512 515 
3883 1977 1186 1978 
3884 1414 1476 1612 
3885 1509 1407 1510 
3886 1920 1910 2144 
3887 196 197 2364 
3888 1406 1322 1407 
3889 542 540 543 
3890 34 168 2295 
3891 762 761 763 
3892 1252 1467 1664 
3893 1634 1632 1815 
3894 1347 1324 2701 
3895 1569 2493 2827 
3896 925 1164 2749 
3897 1483 1449 2731 
3898 1216 1217 1302 
3899 1487 1486 1488 
3900 715 717 718 
3901 2044 2043 2093 
3902 1487 2119 2735 
3903 1049 1050 1051 
3904 2505 2759 2889 
3905 2218 2213 2219 
3906 1955 1427 1956 
3907 199 26 2315 
3908 1363 1470 1472 
3909 1991 1990 2012 
3910 1039 1040 2727 
3911 806 807 808 
3912 1321 1319 1322 
3913 1166 1766 2740 
3914 1427 1426 2720 
3915 1847 1488 1916 
3916 886 884 887 
3917 546 544 547 
3918 1853 1852 1854 
3919 1067 1068 1895 
3920 435 433 1144 
3921 1189 1256 1257 
3922 1195 1194 1196 
3923 1485 1486 1487 
3924 550 548 551 
3925 610 605 617 
3926 1102 1101 2696 
3927 1361 1435 1918 
3928 1268 2675 2918 
3929 1613 1779 1780 
3930 696 697 2710 
3931 2815 1909 2835 
3932 896 894 897 
3933 880 882 919 
3934 1804 1969 2682 
3935 1255 1102 2696 
3936 1893 1465 1894 
3937 922 926 927 
3938 1353 2703 2704 
3939 719 721 722 
3940 1278 696 2710 
3941 560 561 562 
3942 1286 1478 2750 
3943 1091 1102 1188 
3944 1025 1027 1094 
3945 1626 1339 1627 
3946 908 909 910 
3947 1176 1294 2921 
3948 723 725 726 
3949 1769 1910 1920 
3950 949 924 1090 
3951 1638 1636 1814 
3952 727 729 730 
3953 1851 846 1852 
3954 1448 1449 1482 
3955 1315 1314 1324 
3956 808 809 810 
3957 1935 1135 2727 
3958 431 430 586 
3959 928 930 931 
3960 1490 1557 2686 
3961 1628 1627 1629 
3962 1781 1783 1784 
3963 1711 1710 2307 
3964 439 437 503 
3965 556 554 557 
3966 1432 1431 1860 
3967 1040 1047 2727 
3968 1334 1324 1347 
3969 1398 1367 1462 
3970 1879 1878 2678 
3971 1787 1789 1790 
3972 1614 1767 2632 
3973 1482 1483 2034 
3974 566 567 568 
3975 2072 2071 2197 
3976 1722 1721 1723 
3977 763 765 2719 
3978 934 936 937 
3979 1758 1760 1988 
3980 281 194 2246 
3981 273 198 2227 
3982 1630 1629 1816 
3983 1943 2044 2744 
3984 1404 1659 1660 
3985 731 733 734 
3986 900 898 901 
3987 332 176 2271 
3988 343 164 2274 
3989 268 178 2224 
3990 1619 2137 3286 
3991 2705 2639 2856 
3992 998 1030 1714 
3993 341 160 2286 
3994 2686 1557 2687 
3995 2150 1737 2151 
3996 2505 545 2960 
3997 1149 909 1314 
3998 2721 2794 2795 
3999 949 1090 1091 
4000 2369 2368 2761 
4001 1335 1426 1427 
4002 1821 1822 1890 
4003 1259 1330 1363 
4004 940 942 943 
4005 1793 1795 1796 
4006 538 537 856 
4007 2466 1894 2505 
4008 1919 2365 2622 
4009 2682 1969 2683 
4010 1861 1860 2695 
4011 1722 1737 2009 
4012 536 535 537 
4013 892 890 893 
4014 918 916 923 
4015 2323 1491 2324 
4016 1839 1836 2774 
4017 1017 1019 1089 
4018 1998 1980 1999 
4019 867 866 870 
4020 1257 1256 1258 
4021 623 1325 2134 
4022 1225 1289 1290 
4023 737 739 740 
4024 1261 1380 1381 
4025 998 997 999 
4026 810 811 812 
4027 2670 1131 2783 
4028 516 515 2740 
4029 1667 1669 2023 
4030 871 870 874 
4031 944 946 950 
4032 1269 1187 1341 
4033 1869 1868 2699 
4034 1832 1831 2061 
4035 1741 2668 2669 
4036 710 711 2698 
4037 865 864 866 
4038 1797 1799 1801 
4039 951 953 1098 
4040 875 874 883 
4041 1618 1622 2348 
4042 1140 2629 2781 
4043 1862 2652 2820 
4044 1399 1928 2847 
4045 908 906 909 
4046 872 873 876 
4047 1919 2622 2787 
4048 868 869 872 
4049 743 745 746 
4050 876 877 879 
4051 1460 1278 2120 
4052 1423 1422 1831 
4053 1315 1334 1335 
4054 1956 1427 2720 
4055 2013 1601 2618 
4056 1576 2132 3070 
4057 957 959 1082 
4058 587 1408 1973 
4059 919 920 1119 
4060 1417 1964 1965 
4061 1644 1642 1645 
4062 888 887 1126 
4063 1600 1602 2787 
4064 894 893 2707 
4065 443 441 1147 
4066 447 445 497 
4067 1932 1931 2109 
4068 1011 1013 1083 
4069 1445 2010 2743 
4070 280 162 2266 
4071 812 813 814 
4072 749 751 752 
4073 701 704 2805 
4074 1315 1324 1334 
4075 52 53 298 
4076 134 135 297 
4077 902 901 1095 
4078 1661 1659 2916 
4079 963 965 966 
4080 1378 1416 1417 
4081 1095 901 1142 
4082 426 600 2827 
4083 1514 1516 1900 
4084 1735 1739 1806 
4085 1510 1512 2032 
4086 918 924 948 
4087 1595 1597 2305 
4088 969 971 1042 
4089 1163 1184 1259 
4090 587 420 1408 
4091 1052 1055 2763 
4092 2768 2767 2769 
4093 931 932 1124 
4094 814 815 816 
4095 1784 1785 1896 
4096 1135 1039 2727 
4097 1518 1520 1763 
4098 1143 1691 2784 
4099 1524 1526 1538 
4100 975 977 1029 
4101 1956 2720 2722 
4102 560 558 561 
4103 1235 696 1278 
4104 1729 1731 2041 
4105 698 695 2834 
4106 937 938 1128 
4107 1051 1052 2763 
4108 1335 1334 1426 
4109 1725 1727 2024 
4110 599 597 605 
4111 544 543 2708 
4112 1528 1530 1539 
4113 552 551 1236 
4114 862 865 2754 
4115 1005 1007 1041 
4116 566 564 567 
4117 1655 1649 1656 
4118 1940 1941 1942 
4119 1309 860 2754 
4120 1974 1408 1975 
4121 1536 1721 1722 
4122 1790 1791 1792 
4123 1532 1534 1537 
4124 1354 1507 2879 
4125 2321 1895 2322 
4126 755 757 1158 
4127 1406 1509 1856 
4128 455 453 495 
4129 981 983 1024 
4130 1938 1939 1940 
4131 734 735 1121 
4132 690 1215 2790 
4133 1681 1682 1683 
4134 1340 1672 1929 
4135 898 897 2715 
4136 512 509 2791 
4137 596 594 597 
4138 3330 2022 3333 
4139 2646 1433 2743 
4140 825 842 2847 
4141 1070 1069 1071 
4142 987 989 1021 
4143 1362 1248 1411 
4144 1123 1122 1187 
4145 1220 1142 1248 
4146 451 449 1148 
4147 686 687 2790 
4148 1145 2628 2819 
4149 1674 1658 2078 
4150 914 916 917 
4151 606 1551 2887 
4152 1836 1835 2774 
4153 966 1131 1318 
4154 759 761 762 
4155 679 1168 2842 
4156 1816 1629 1858 
4157 711 714 2698 
4158 2696 1286 2750 
4159 1451 1452 1666 
4160 586 430 1167 
4161 1196 1194 2839 
4162 1811 1812 1813 
4163 995 997 998 
4164 1865 1864 2766 
4165 1881 1359 1883 
4166 827 825 2847 
4167 1149 1314 1315 
4168 1337 1338 1451 
4169 1194 1280 2839 
4170 1258 1256 2704 
4171 1940 1942 1943 
4172 910 909 1149 
4173 1320 1321 1323 
4174 1001 1003 1150 
4175 1997 2678 2679 
4176 1872 1873 3165 
4177 1875 1869 2699 
4178 1801 1802 2162 
4179 767 769 837 
4180 948 949 1103 
4181 1318 1319 1320 
4182 991 993 1152 
4183 2374 2372 2429 
4184 740 741 1125 
4185 1690 1403 1719 
4186 28 339 2737 
4187 281 2247 2249 
4188 937 1128 1937 
4189 1687 1676 2075 
4190 614 456 2997 
4191 2259 2260 2592 
4192 463 461 496 
4193 1864 1861 2695 
4194 2225 2224 2226 
4195 1477 2446 3276 
4196 931 1124 1143 
4197 879 880 2781 
4198 2249 2250 2251 
4199 1997 1879 2678 
4200 1049 1160 2865 
4201 1440 1442 1817 
4202 1340 1671 1672 
4203 1696 1689 2066 
4204 459 457 1153 
4205 1417 1965 2046 
4206 1161 1051 2763 
4207 1146 561 1173 
4208 586 1167 1339 
4209 1482 2034 2299 
4210 1362 1411 1931 
4211 927 928 2784 
4212 919 1119 1140 
4213 1126 887 1141 
4214 509 508 2791 
4215 746 747 1139 
4216 1887 1888 2936 
4217 1849 1922 2310 
4218 771 773 1190 
4219 2247 2246 2248 
4220 816 817 818 
4221 883 874 947 
4222 1406 1407 1509 
4223 700 701 2805 
4224 897 894 2707 
4225 1095 1142 1220 
4226 1220 1248 1362 
4227 856 537 857 
4228 2699 1868 2700 
4229 1841 1839 2104 
4230 1868 1865 2766 
4231 966 967 1131 
4232 2845 856 2899 
4233 1358 1283 1359 
4234 1705 1698 2055 
4235 1681 1323 1682 
4236 273 2228 2230 
4237 471 469 500 
4238 1943 2042 2043 
4239 914 912 915 
4240 1835 1683 2033 
4241 17 136 367 
4242 1716 1707 2045 
4243 1268 1935 2890 
4244 1321 1322 1406 
4245 1924 2071 2072 
4246 51 3 369 
4247 872 876 878 
4248 1064 1062 1065 
4249 2726 1161 2763 
4250 2382 2380 2426 
4251 1853 1945 2102 
4252 1860 1431 2051 
4253 2378 2376 2427 
4254 1325 575 2821 
4255 1060 1058 1061 
4256 479 477 514 
4257 2093 2043 2303 
4258 467 465 1154 
4259 1469 1436 2014 
4260 458 2540 2997 
4261 2393 2391 2425 
4262 1745 1718 2021 
4263 1447 1492 2056 
4264 2307 1710 2472 
4265 776 778 840 
4266 1271 1356 1447 
4267 870 866 1316 
4268 1143 1226 1271 
4269 1659 1237 2813 
4270 1311 1266 1448 
4271 752 753 774 
4272 762 846 1850 
4273 1380 1262 1419 
4274 1252 706 1466 
4275 1191 1141 1266 
4276 2386 2384 2389 
4277 519 516 2740 
4278 1072 1071 1074 
4279 1332 2528 3245 
4280 498 493 595 
4281 1722 1723 1737 
4282 475 473 1155 
4283 1941 1939 2764 
4284 752 774 1846 
4285 487 485 590 
4286 2563 1612 2955 
4287 913 912 914 
4288 2228 2227 2229 
4289 998 999 1030 
4290 1404 1660 1891 
4291 508 1174 1662 
4292 1261 1173 1262 
4293 1792 1793 2825 
4294 2542 2322 2894 
4295 1236 551 1237 
4296 1664 1467 2331 
4297 483 481 1157 
4298 2009 1737 2150 
4299 2397 2395 2402 
4300 918 923 924 
4301 547 544 2708 
4302 1597 1599 2756 
4303 515 1165 1166 
4304 746 1139 1960 
4305 515 512 1165 
4306 1188 1102 1189 
4307 1068 1066 1069 
4308 548 547 2813 
4309 508 506 1174 
4310 1140 1212 1272 
4311 782 784 839 
4312 491 489 1156 
4313 1451 1666 2047 
4314 1339 1167 1340 
4315 2725 1270 2859 
4316 880 919 2781 
4317 635 637 638 
4318 1272 1378 1431 
4319 766 855 2860 
4320 1949 2719 2818 
4321 1375 1301 1909 
4322 2404 2401 2409 
4323 1467 1466 2328 
4324 740 1125 1944 
4325 1891 1660 1892 
4326 856 857 858 
4327 704 706 1252 
4328 1311 1448 1450 
4329 697 700 2710 
4330 1191 1266 1311 
4331 1032 1035 2856 
4332 2046 1965 2088 
4333 1126 1141 1191 
4334 948 1130 2930 
4335 1166 1382 1547 
4336 883 947 1936 
4337 2411 2408 2414 
4338 1853 1854 1945 
4339 2181 1892 2594 
4340 2708 543 2709 
4341 2278 2282 2283 
4342 762 763 846 
4343 1140 1119 1212 
4344 1943 1942 2042 
4345 862 863 864 
4346 1452 1338 2793 
4347 864 863 868 
4348 823 825 826 
4349 1317 1138 1665 
4350 1929 1672 2022 
4351 734 1121 1145 
4352 858 859 860 
4353 2418 2416 2424 
4354 1851 1852 1853 
4355 1403 1237 1404 
4356 860 861 862 
4357 1035 2705 2856 
4358 862 861 863 
4359 1143 1124 1226 
4360 1098 3096 3109 
4361 1937 1128 1938 
4362 593 589 594 
4363 858 857 859 
4364 1272 1212 1378 
4365 948 924 949 
4366 2235 2234 2236 
4367 618 622 2892 
4368 632 633 635 
4369 1831 1422 2085 
4370 1341 1445 2743 
4371 611 567 1948 
4372 860 859 861 
4373 730 731 2819 
4374 2721 1426 2794 
4375 901 898 2715 
4376 1271 1226 1356 
4377 1447 1356 1492 
4378 2231 2229 2232 
4379 1817 1899 2040 
4380 210 211 2302 
4381 562 561 1146 
4382 818 819 820 
4383 1197 1196 1198 
4384 1856 1509 2155 
4385 2056 1492 2057 
4386 1056 1057 1058 
4387 788 790 841 
4388 1410 1240 2846 
4389 1446 1685 1971 
4390 1891 1892 2181 
4391 928 931 2784 
4392 1235 1460 1678 
4393 2727 1047 2865 
4394 1320 1319 1321 
4395 1318 1131 1319 
4396 1683 1682 2742 
4397 1283 1258 1284 
4398 551 548 2813 
4399 1973 1408 1974 
4400 690 692 1215 
4401 2654 1616 2880 
4402 1364 1297 1365 
4403 1070 1072 1073 
4404 1569 2008 2493 
4405 1326 627 1827 
4406 1801 2162 2366 
4407 2259 2257 2260 
4408 1454 1277 2661 
4409 1668 2793 2877 
4410 1380 1419 1699 
4411 920 922 2745 
4412 1252 1466 1467 
4413 887 884 2826 
4414 2628 1833 2862 
4415 1099 1081 1100 
4416 1995 1993 2188 
4417 914 917 2838 
4418 1236 1237 1403 
4419 1440 1273 1442 
4420 1251 1337 1422 
4421 1145 1202 1251 
4422 2104 1839 2774 
4423 1064 1066 1067 
4424 540 538 2845 
4425 538 856 2845 
4426 1166 1165 1382 
4427 1952 1652 2312 
4428 569 568 570 
4429 1284 1436 1469 
4430 884 883 2826 
4431 1646 1648 2985 
4432 558 557 2734 
4433 794 796 1183 
4434 694 696 1235 
4435 1520 1522 2767 
4436 1760 1769 2758 
4437 1733 1735 2777 
4438 433 431 2748 
4439 431 586 2748 
4440 2151 1737 2788 
4441 2295 2244 3008 
4442 890 888 2751 
4443 1145 1121 1202 
4444 1784 1896 2431 
4445 1790 1792 1958 
4446 1264 686 1651 
4447 1251 1202 1337 
4448 1261 1262 1380 
4449 731 734 2819 
4450 1622 2005 2869 
4451 1227 1354 2879 
4452 917 916 918 
4453 1960 1139 2074 
4454 932 934 2753 
4455 1846 774 2069 
4456 652 650 653 
4457 137 138 305 
4458 49 50 306 
4459 268 2224 2225 
4460 828 827 829 
4461 281 2246 2247 
4462 704 1252 2805 
4463 1146 1173 1261 
4464 2551 2550 3088 
4465 2655 1593 2882 
4466 1852 846 2719 
4467 938 940 2755 
4468 1257 1258 1283 
4469 638 640 641 
4470 798 800 844 
4471 1850 846 1851 
4472 820 821 822 
4473 1119 920 2745 
4474 585 588 591 
4475 1972 1685 2969 
4476 846 763 2719 
4477 612 446 2874 
4478 1296 1210 1297 
4479 1073 1076 2894 
4480 554 552 2752 
4481 914 915 916 
4482 1111 921 2872 
4483 1465 1276 2759 
4484 273 2227 2228 
4485 1031 1032 2856 
4486 1199 1198 1200 
4487 515 1166 2740 
4488 1496 1397 2867 
4489 1935 2727 2865 
4490 2316 581 2650 
4491 1341 1187 1342 
4492 1958 1792 2361 
4493 1460 2120 2122 
4494 2214 1812 2215 
4495 1912 1554 1913 
4496 1235 1278 1460 
4497 417 415 2816 
4498 1723 1725 2788 
4499 47 48 368 
4500 2322 2863 2894 
4501 139 140 370 
4502 2232 2234 2235 
4503 888 1126 2751 
4504 427 425 2831 
4505 2050 1610 2994 
4506 906 904 2803 
4507 1209 1208 1210 
4508 1793 1796 2825 
4509 2249 2247 2250 
4510 1534 1536 2802 
4511 1383 658 2483 
4512 804 806 1180 
4513 1124 932 2753 
4514 1512 1514 2785 
4515 437 435 2762 
4516 1294 2323 2921 
4517 735 737 2760 
4518 2668 1756 2807 
4519 2306 1637 2881 
4520 648 591 1692 
4521 2000 1503 2001 
4522 1811 1809 1812 
4523 1739 1741 2801 
4524 967 969 2783 
4525 1141 887 2826 
4526 1165 512 2791 
4527 1516 1518 2796 
4528 1530 1532 2808 
4529 1522 1524 2792 
4530 1756 1758 2807 
4531 1817 1442 1899 
4532 1056 1058 1059 
4533 1526 1528 2806 
4534 1785 1787 2866 
4535 863 861 2927 
4536 1769 1920 2758 
4537 858 1309 2899 
4538 961 963 2786 
4539 1128 938 2755 
4540 2549 2548 3088 
4541 1160 1287 2870 
4542 1144 433 2748 
4543 1896 1785 2866 
4544 1672 1957 2833 
4545 741 743 2765 
4546 1727 1729 2810 
4547 1334 1347 2794 
4548 1060 1062 1063 
4549 2700 1868 2766 
4550 441 439 2789 
4551 1411 1803 2757 
4552 747 749 2782 
4553 543 540 2845 
4554 1710 1410 2846 
4555 552 1236 2752 
4556 1988 1760 2758 
4557 808 810 1179 
4558 912 910 2857 
4559 1449 1266 2908 
4560 561 558 2734 
4561 2519 1874 3121 
4562 1162 1249 1897 
4563 1457 1990 1991 
4564 993 995 2817 
4565 922 927 2745 
4566 1426 1334 2794 
4567 1121 735 2760 
4568 1680 2614 2987 
4569 2228 2229 2231 
4570 753 755 2804 
4571 1091 1188 2832 
4572 1329 1468 1484 
4573 576 575 623 
4574 1616 1618 2880 
4575 1341 1342 1445 
4576 1671 1167 2831 
4577 860 862 2754 
4578 2033 1683 2742 
4579 2 46 310 
4580 141 18 309 
4581 568 567 611 
4582 628 630 632 
4583 1047 1049 2865 
4584 1907 2593 2910 
4585 430 427 2831 
4586 919 1140 2781 
4587 2105 1670 3103 
4588 1651 686 2790 
4589 1142 901 2715 
4590 1883 1359 1908 
4591 1175 683 2454 
4592 1758 1988 2807 
4593 2116 1765 2999 
4594 1149 2729 2857 
4595 1252 1664 2805 
4596 1093 1194 1195 
4597 893 890 2751 
4598 1125 741 2765 
4599 1399 1887 1928 
4600 1213 1327 1329 
4601 3077 722 3570 
4602 1510 2032 2848 
4603 624 625 628 
4604 557 554 2752 
4605 2018 2090 2091 
4606 757 759 2814 
4607 1131 967 2783 
4608 765 767 2818 
4609 2334 1505 2337 
4610 910 1149 2857 
4611 934 937 2753 
4612 1931 1411 2757 
4613 931 1143 2784 
4614 1737 1723 2788 
4615 1509 1510 2848 
4616 812 814 1178 
4617 435 1144 2762 
4618 1677 1961 2966 
4619 1895 1068 2863 
4620 1139 747 2782 
4621 1593 1595 2882 
4622 1874 1872 3148 
4623 503 437 2762 
4624 940 943 2755 
4625 1935 2870 2890 
4626 416 606 2887 
4627 420 417 2816 
4628 769 771 2830 
4629 1124 2753 2907 
4630 1237 551 2813 
4631 564 562 2824 
4632 1741 2669 2801 
4633 1735 1806 2777 
4634 2546 2543 3029 
4635 1620 1849 2828 
4636 1445 1446 1845 
4637 2305 1597 2756 
4638 1894 1465 2759 
4639 2039 2038 2063 
4640 1121 2760 2913 
4641 508 1662 2791 
4642 773 776 2836 
4643 2104 2774 2775 
4644 1314 909 2803 
4645 1722 2009 2802 
4646 413 626 2944 
4647 774 753 2804 
4648 998 1714 2817 
4649 2084 2883 2884 
4650 1450 2798 2799 
4651 2348 1622 2869 
4652 1627 1339 2800 
4653 2750 1478 2885 
4654 680 686 1264 
4655 826 827 828 
4656 949 1091 2832 
4657 439 503 2789 
4658 1883 1908 2054 
4659 2183 1654 3040 
4660 1448 1482 2798 
4661 915 912 2857 
4662 1657 2178 3040 
4663 2709 2845 2899 
4664 1443 2343 2929 
4665 1813 1812 2214 
4666 2666 1620 2828 
4667 1576 1575 2132 
4668 1763 1520 2767 
4669 1138 913 2838 
4670 405 403 407 
4671 1806 1739 2801 
4672 737 740 2760 
4673 1787 1790 2866 
4674 909 906 2803 
4675 1551 1912 2887 
4676 1117 541 2889 
4677 2384 2382 2840 
4678 1725 2024 2788 
4679 1073 1072 1075 
4680 816 818 1245 
4681 1173 561 2734 
4682 2777 1806 2778 
4683 734 1145 2819 
4684 2032 1512 2785 
4685 1953 2803 2902 
4686 2380 2378 2837 
4687 37 156 345 
4688 211 23 344 
4689 1514 1900 2785 
4690 1900 1516 2796 
4691 969 1042 2783 
4692 1340 1929 2800 
4693 1388 2000 2888 
4694 2694 674 3010 
4695 743 746 2765 
4696 618 619 621 
4697 1267 1268 2918 
4698 1729 2041 2810 
4699 1357 1226 2907 
4700 2024 1727 2810 
4701 1147 441 2789 
4702 1524 1538 2792 
4703 585 584 588 
4704 1518 1763 2796 
4705 1538 1526 2806 
4706 963 966 2786 
4707 1536 1722 2802 
4708 1539 1530 2808 
4709 1450 1448 2798 
4710 1537 1534 2802 
4711 1528 1539 2806 
4712 610 617 618 
4713 2376 2374 2841 
4714 2361 1792 2825 
4715 1445 1342 1446 
4716 1532 1537 2808 
4717 1948 567 2824 
4718 749 752 2782 
4719 883 1936 2826 
4720 1339 1340 2800 
4721 2024 2810 2811 
4722 562 1146 2824 
4723 1103 949 2832 
4724 2322 1895 2863 
4725 1900 2796 2797 
4726 485 483 2852 
4727 2816 415 2944 
4728 692 694 2854 
4729 2870 1653 2890 
4730 2719 765 2818 
4731 866 864 2823 
4732 1507 2114 2291 
4733 1763 2767 2768 
4734 1682 1323 2849 
4735 830 829 831 
4736 1338 1202 2913 
4737 577 576 578 
4738 937 1937 2753 
4739 1231 1200 1232 
4740 1556 1392 2918 
4741 1551 1554 1912 
4742 567 564 2824 
4743 2808 1537 2809 
4744 2022 1672 2833 
4745 2051 1431 2829 
4746 917 918 2930 
4747 2213 2212 3247 
4748 995 998 2817 
4749 1323 1321 2849 
4750 966 1318 2786 
4751 820 822 1298 
4752 1167 430 2831 
4753 2268 1711 2978 
4754 902 1095 2902 
4755 1431 1378 2829 
4756 864 868 2823 
4757 1482 2299 2798 
4758 755 1158 2804 
4759 1378 1417 2829 
4760 1821 1890 2313 
4761 1827 1828 2020 
4762 1152 993 2817 
4763 2709 543 2845 
4764 1406 1856 2849 
4765 1224 1223 1225 
4766 1661 2916 3001 
4767 868 872 2891 
4768 2472 1710 2846 
4769 1408 420 2816 
4770 1365 1367 1398 
4771 1064 1065 1066 
4772 1067 1066 1068 
4773 1139 2782 2919 
4774 588 584 589 
4775 1404 1891 2843 
4776 3072 1959 3096 
4777 872 878 2891 
4778 1629 1627 2853 
4779 1158 757 2814 
4780 1060 1061 1062 
4781 1068 1069 1070 
4782 2505 1894 2759 
4783 2767 1522 2792 
4784 1417 2046 2829 
4785 759 762 2814 
4786 1403 1404 2843 
4787 767 837 2818 
4788 3046 1447 3065 
4789 1913 1915 2191 
4790 2466 2505 2960 
4791 393 391 631 
4792 1858 1629 2853 
4793 1031 2712 2924 
4794 913 914 2838 
4795 1618 2348 2880 
4796 837 769 2830 
4797 1316 866 2823 
4798 1975 1408 2816 
4799 796 798 2861 
4800 622 1326 2892 
4801 1719 1403 2843 
4802 1213 1106 1214 
4803 752 1846 2782 
4804 1264 1652 1951 
4805 1172 1223 1224 
4806 1063 1062 1064 
4807 1507 2291 2879 
4808 2155 1509 2848 
4809 1298 822 1750 
4810 599 605 610 
4811 1327 1214 1328 
4812 746 1960 2765 
4813 596 597 599 
4814 771 1190 2830 
4815 1264 1651 1652 
4816 596 599 608 
4817 2085 1422 2850 
4818 1027 1031 2924 
4819 1190 773 2836 
4820 740 1944 2760 
4821 1478 2659 2885 
4822 1321 1406 2849 
4823 683 684 685 
4824 593 594 596 
4825 1849 2310 2828 
4826 2820 2652 3002 
4827 399 397 609 
4828 1337 1451 2850 
4829 2834 693 2911 
4830 1422 1337 2850 
4831 671 673 2876 
4832 1702 2027 2143 
4833 776 840 2836 
4834 874 870 2858 
4835 1141 2826 2908 
4836 762 1850 2814 
4837 826 828 1239 
4838 582 580 583 
4839 381 325 2184 
4840 947 874 2858 
4841 590 485 2852 
4842 502 501 2967 
4843 2336 2335 3461 
4844 2121 2710 2926 
4845 571 570 572 
4846 1398 1462 1463 
4847 483 1157 2852 
4848 1827 627 1828 
4849 593 596 2896 
4850 2769 2767 2792 
4851 1451 2047 2850 
4852 1595 2305 2882 
4853 497 445 2904 
4854 870 1316 2858 
4855 1809 1454 2871 
4856 2565 1780 3041 
4857 2382 2426 2840 
4858 520 519 2962 
4859 443 1147 2904 
4860 2389 2384 2840 
4861 2426 2380 2837 
4862 1059 1058 1060 
4863 2753 1937 2907 
4864 823 826 2895 
4865 1864 2695 2864 
4866 581 582 2650 
4867 2374 2429 2841 
4868 1700 1701 1702 
4869 2378 2427 2837 
4870 822 823 2895 
4871 2079 1982 2080 
4872 1082 2915 2987 
4873 445 443 2904 
4874 2826 1936 2908 
4875 1254 1385 2898 
4876 2766 1864 2864 
4877 2427 2376 2841 
4878 574 572 575 
4879 582 583 584 
4880 588 589 593 
4881 1975 2816 2944 
4882 1612 1613 2955 
4883 1790 1958 2866 
4884 904 902 2902 
4885 2760 1944 2913 
4886 43 44 327 
4887 143 144 328 
4888 2902 1095 2980 
4889 1076 1075 1078 
4890 155 37 2300 
4891 2606 2605 3105 
4892 524 523 2972 
4893 1993 1907 2910 
4894 615 462 3064 
4895 573 572 574 
4896 1386 1232 1387 
4897 2786 2676 2915 
4898 2245 272 3232 
4899 1391 669 2991 
4900 389 387 1151 
4901 1665 1138 2838 
4902 831 833 1218 
4903 579 578 580 
4904 464 2561 3064 
4905 2388 2386 2906 
4906 1205 835 1206 
4907 295 2438 2917 
4908 581 580 582 
4909 683 664 684 
4910 1284 1469 2873 
4911 1978 1998 3039 
4912 2027 1701 2028 
4913 654 655 656 
4914 1215 692 2854 
4915 528 527 2976 
4916 574 575 576 
4917 1627 2800 2853 
4918 1082 959 2915 
4919 1070 1071 1072 
4920 1547 1382 2901 
4921 1682 2849 2938 
4922 2803 904 2902 
4923 1079 1078 1105 
4924 2823 868 2891 
4925 694 1235 2854 
4926 1888 2189 2936 
4927 1183 796 2861 
4928 1070 1073 2863 
4929 1957 1671 2943 
4930 1981 1979 1982 
4931 798 844 2861 
4932 828 829 830 
4933 333 2146 3375 
4934 1283 1284 2873 
4935 2386 2389 2906 
4936 1301 573 2835 
4937 1892 3112 3137 
4938 1235 1678 2854 
4939 1294 1491 2323 
4940 806 808 2878 
4941 2533 1976 3197 
4942 834 676 835 
4943 2310 1922 2912 
4944 618 621 622 
4945 2782 1846 2919 
4946 1897 1249 1901 
4947 1195 1196 1197 
4948 1922 1924 2912 
4949 1206 1208 1209 
4950 1924 2072 2912 
4951 2011 1591 3071 
4952 2953 1105 3007 
4953 923 2992 3053 
4954 856 858 2899 
4955 1261 1381 2946 
4956 1951 1652 1952 
4957 1209 1210 1296 
4958 1901 1249 1902 
4959 1685 2897 2969 
4960 673 680 2876 
4961 1296 1297 1364 
4962 1224 1299 1700 
4963 682 1176 2921 
4964 622 621 624 
4965 1915 2030 2886 
4966 2824 1146 2946 
4967 3165 1873 3174 
4968 1370 1369 1371 
4969 1370 1430 1703 
4970 2849 1856 2938 
4971 622 624 627 
4972 2831 425 2943 
4973 915 2857 2966 
4974 1359 1283 2873 
4975 2492 2466 2960 
4976 1442 2974 3003 
4977 596 608 2896 
4978 959 961 2915 
4979 215 312 2309 
4980 2215 1812 2871 
4981 2199 1641 2931 
4982 1702 1701 2027 
4983 713 712 3069 
4984 1122 2730 2897 
4985 961 2786 2915 
4986 2001 2175 2176 
4987 1454 2661 2871 
4988 2178 1673 3074 
4989 2863 1073 2894 
4990 1329 1327 1468 
4991 1274 1443 2929 
4992 2621 1391 3079 
4993 1675 2174 3074 
4994 2071 2070 3044 
4995 1812 1809 2871 
4996 1180 806 2878 
4997 2044 2094 3035 
4998 498 595 2941 
4999 2813 547 2916 
5000 2123 1468 2124 
5001 700 2805 2926 
5002 2425 2391 2940 
5003 2784 1691 2923 
5004 154 155 299 
5005 212 213 300 
5006 344 23 2301 
5007 1964 1416 3005 
5008 1195 1197 1418 
5009 927 2784 2923 
5010 1908 1359 2873 
5011 1216 1100 1217 
5012 826 1239 2895 
5013 808 1179 2878 
5014 1197 1198 1199 
5015 1364 1365 2905 
5016 632 635 636 
5017 1213 1214 1327 
5018 1209 1296 1373 
5019 2715 897 2942 
5020 1074 1093 2922 
5021 421 587 2990 
5022 1671 2831 2943 
5023 1492 3052 3092 
5024 1392 1267 2918 
5025 1266 1141 2908 
5026 447 497 2968 
5027 1901 1902 1934 
5028 2857 2729 2966 
5029 1226 1124 2907 
5030 671 2876 2991 
5031 1199 1200 1231 
5032 2685 2734 2933 
5033 1387 1390 1694 
5034 1385 1821 2898 
5035 869 863 2927 
5036 1398 1463 1985 
5037 666 665 675 
5038 1184 2529 2909 
5039 1920 2144 2935 
5040 573 574 2835 
5041 2160 830 3485 
5042 1148 449 2968 
5043 1105 1078 1106 
5044 320 2690 3278 
5045 2188 1993 2910 
5046 1162 641 1163 
5047 1978 1979 1980 
5048 1934 1902 2082 
5049 2391 2388 2940 
5050 1985 1463 2073 
5051 547 2708 2916 
5052 2565 3041 3069 
5053 654 653 655 
5054 666 676 677 
5055 2734 557 2933 
5056 1909 1301 2835 
5057 1081 1079 2953 
5058 1388 1502 1503 
5059 1365 1398 2905 
5060 2783 1042 2975 
5061 1662 1174 2934 
5062 1342 1187 2897 
5063 1094 1027 2924 
5064 2555 2554 3120 
5065 1948 2824 2946 
5066 2343 2434 2929 
5067 1068 1070 2863 
5068 385 383 1481 
5069 770 1185 2951 
5070 1932 2110 3063 
5071 1938 2744 2973 
5072 1474 2038 2039 
5073 1484 1468 2123 
5074 1174 506 2967 
5075 1202 1121 2913 
5076 280 2266 3336 
5077 1187 1122 2897 
5078 1105 1106 1213 
5079 1231 1386 1388 
5080 1537 2802 2949 
5081 656 657 659 
5082 1700 1299 1701 
5083 1659 2813 2916 
5084 501 498 2941 
5085 2973 2744 3035 
5086 326 2213 2218 
5087 2716 2745 2923 
5088 1205 1206 2855 
5089 1290 1369 1370 
5090 1382 1165 2932 
5091 1351 1346 1770 
5092 2001 1503 2175 
5093 2308 2002 3093 
5094 677 834 1186 
5095 638 641 1162 
5096 425 423 2943 
5097 2710 700 2926 
5098 2117 1771 2118 
5099 2074 1139 2919 
5100 1103 2832 2974 
5101 1224 1225 1299 
5102 214 215 2309 
5103 2802 2009 2949 
5104 662 657 665 
5105 1442 1273 2974 
5106 3216 322 3447 
5107 2553 2552 3120 
5108 648 1692 2963 
5109 918 948 2930 
5110 2123 2124 2304 
5111 2809 2949 2950 
5112 1981 2079 2081 
5113 3097 726 3562 
5114 680 1264 2876 
5115 1982 1979 2965 
5116 415 413 2944 
5117 321 3018 3019 
5118 2048 1430 2049 
5119 1750 822 2895 
5120 1702 2142 3494 
5121 591 588 2928 
5122 1813 2214 2977 
5123 2805 1664 2926 
5124 2670 2783 2975 
5125 2619 2715 2942 
5126 2915 2676 2987 
5127 1042 971 2988 
5128 2388 2906 2940 
5129 2745 927 2923 
5130 1302 1217 1346 
5131 2897 2730 2969 
5132 2607 1912 3045 
5133 1093 1195 2922 
5134 1079 1105 2953 
5135 2027 2028 2130 
5136 1934 2082 2083 
5137 897 2707 2942 
5138 2742 1682 2938 
5139 2393 2425 2983 
5140 3121 1874 3148 
5141 2752 1690 2933 
5142 923 916 2992 
5143 452 454 2964 
5144 1902 1249 2971 
5145 2402 2395 2983 
5146 834 835 1205 
5147 1981 1982 2079 
5148 1231 1232 1386 
5149 1162 1163 1249 
5150 2191 1915 2886 
5151 2832 2747 2974 
5152 844 3407 3418 
5153 1072 1074 2957 
5154 650 648 2963 
5155 1362 1932 3027 
5156 2701 1953 2980 
5157 666 675 676 
5158 3019 3157 3454 
5159 2221 1175 2454 
5160 1925 3330 3333 
5161 1953 2902 2980 
5162 587 1973 3043 
5163 557 2752 2933 
5164 1074 2922 2957 
5165 391 389 2893 
5166 1751 1429 1752 
5167 1821 2313 2898 
5168 772 2951 2979 
5169 1708 2651 3177 
5170 1162 1897 2937 
5171 975 1029 2995 
5172 1206 1209 2855 
5173 1978 1186 1979 
5174 613 468 3099 
5175 1703 1430 2048 
5176 1692 591 2928 
5177 1957 2943 2990 
5178 1100 1081 2953 
5179 449 447 2968 
5180 523 520 2962 
5181 1780 1781 3041 
5182 833 1172 2903 
5183 470 2566 3099 
5184 1146 1261 2946 
5185 1259 1363 1372 
5186 1972 2969 3006 
5187 506 502 2967 
5188 1293 1159 3080 
5189 1613 1780 2955 
5190 2174 1686 3100 
5191 1688 2166 3100 
5192 2699 2700 2954 
5193 1987 1986 2984 
5194 661 659 2947 
5195 1388 1386 1502 
5196 677 676 834 
5197 624 628 2900 
5198 595 493 3000 
5199 487 590 2998 
5200 2923 1691 3005 
5201 1156 489 2998 
5202 329 2948 3571 
5203 1828 627 2900 
5204 3034 2679 3488 
5205 495 453 3004 
5206 2812 1075 2957 
5207 1386 1387 2961 
5208 491 1156 3000 
5209 451 1148 3004 
5210 2809 1537 2949 
5211 593 2896 2928 
5212 363 2797 3186 
5213 876 879 3002 
5214 2730 408 2969 
5215 1370 1371 1430 
5216 1264 1951 2876 
5217 1217 1100 1947 
5218 653 650 2963 
5219 655 653 1243 
5220 662 2738 2947 
5221 527 524 2972 
5222 312 22 3049 
5223 2182 1813 2977 
5224 627 624 2900 
5225 340 2239 3269 
5226 41 42 374 
5227 145 146 373 
5228 2052 1772 2053 
5229 1712 2269 3162 
5230 2443 2442 3283 
5231 1980 1979 1981 
5232 2716 2923 3005 
5233 879 2820 3002 
5234 2119 2152 3346 
5235 608 599 2914 
5236 2030 2143 3499 
5237 38 152 311 
5238 215 22 312 
5239 81 288 3060 
5240 1165 2791 2932 
5241 531 528 2976 
5242 588 593 2928 
5243 2707 893 3026 
5244 2990 587 3043 
5245 1357 2973 3035 
5246 2933 1690 3031 
5247 2876 1951 2991 
5248 1172 1224 2903 
5249 221 372 2981 
5250 1771 1770 2948 
5251 1213 1329 3007 
5252 714 715 3062 
5253 1273 1103 2974 
5254 2685 2933 3031 
5255 1425 1429 1751 
5256 1271 1447 3046 
5257 662 665 666 
5258 659 657 662 
5259 1398 1985 2905 
5260 2791 1662 2932 
5261 2974 2747 3003 
5262 1357 2907 2973 
5263 1218 833 2903 
5264 1937 1938 2973 
5265 2397 2402 3030 
5266 1947 2953 3007 
5267 3302 2051 3575 
5268 2187 1646 2985 
5269 2729 1677 2966 
5270 1195 1418 2922 
5271 2557 2670 2975 
5272 3063 2110 3084 
5273 836 684 1421 
5274 1224 1700 2903 
5275 1075 1072 2957 
5276 3098 1450 3122 
5277 685 836 1204 
5278 656 655 657 
5279 2039 2063 2141 
5280 1209 1373 2855 
5281 599 610 2914 
5282 2395 2393 2983 
5283 3026 2714 3083 
5284 2049 1430 2959 
5285 1970 2707 3026 
5286 2342 2341 3270 
5287 628 632 2920 
5288 2943 423 2990 
5289 1912 1913 3045 
5290 1770 1772 2052 
5291 1770 1346 1772 
5292 2992 1961 3053 
5293 2121 2926 3009 
5294 2211 371 2925 
5295 2907 1937 2973 
5296 610 2892 2914 
5297 718 719 3077 
5298 1711 2307 2978 
5299 2661 2482 2993 
5300 2107 1987 2136 
5301 1472 1987 2107 
5302 2751 2714 3026 
5303 1095 1220 2980 
5304 971 973 2988 
5305 2916 2708 3001 
5306 1784 2431 3041 
5307 635 638 2937 
5308 288 2773 3060 
5309 2966 1961 2992 
5310 2764 3160 3183 
5311 1492 1356 3052 
5312 1480 2568 3094 
5313 2662 2266 3533 
5314 2409 2401 3050 
5315 1192 2500 3272 
5316 2176 301 3255 
5317 1029 977 3057 
5318 1082 2640 3072 
5319 2048 2049 2128 
5320 405 407 3006 
5321 455 495 3059 
5322 631 391 2893 
5323 1327 1328 2952 
5324 1225 1290 2945 
5325 2871 2661 2993 
5326 2578 2579 3163 
5327 2052 2053 2167 
5328 669 671 2991 
5329 1153 457 3059 
5330 2150 315 3453 
5331 2166 1695 3118 
5332 1964 3046 3065 
5333 2684 1969 3085 
5334 2926 1664 3009 
5335 1697 2161 3118 
5336 1754 2555 3156 
5337 1370 1703 2945 
5338 1670 3022 3103 
5339 2676 1680 2987 
5340 974 2531 3125 
5341 1088 976 3125 
5342 632 636 2920 
5343 2701 2980 3027 
5344 1243 653 2963 
5345 1387 1694 2961 
5346 1502 1386 2961 
5347 456 458 2997 
5348 22 216 3049 
5349 423 421 2990 
5350 2215 2871 2993 
5351 978 1088 3128 
5352 1610 2296 2994 
5353 685 684 836 
5354 1947 1100 2953 
5355 2142 1218 3494 
5356 659 662 2947 
5357 604 474 3131 
5358 389 1151 2893 
5359 1107 980 3128 
5360 476 1201 3131 
5361 315 2150 3451 
5362 1930 1499 3126 
5363 957 1082 3072 
5364 973 975 2995 
5365 2124 1468 2952 
5366 1765 2469 2999 
5367 2265 2169 3474 
5368 408 405 3006 
5369 800 802 3078 
5370 2080 1982 3073 
5371 123 293 3012 
5372 287 4 3011 
5373 2900 628 2920 
5374 293 15 3014 
5375 294 9 3015 
5376 16 291 3016 
5377 10 283 3013 
5378 11 289 3033 
5379 1371 1425 2959 
5380 489 487 2998 
5381 981 1024 3075 
5382 364 122 3012 
5383 58 362 3011 
5384 1087 984 3134 
5385 493 491 3000 
5386 982 1107 3134 
5387 124 359 3014 
5388 352 93 3013 
5389 88 365 3015 
5390 366 129 3016 
5391 636 635 2937 
5392 67 355 3017 
5393 115 354 3018 
5394 109 361 3020 
5395 121 364 3021 
5396 324 98 3034 
5397 316 66 3017 
5398 321 114 3018 
5399 322 108 3020 
5400 318 120 3021 
5401 119 318 3037 
5402 92 352 3023 
5403 359 125 3024 
5404 128 366 3025 
5405 303 91 3023 
5406 126 304 3024 
5407 304 127 3025 
5408 2969 408 3006 
5409 1299 1225 2945 
5410 2644 2658 3279 
5411 1663 3086 3175 
5412 2946 1381 3036 
5413 1899 3003 3042 
5414 1249 1163 2971 
5415 2269 2732 3106 
5416 453 451 3004 
5417 722 723 3097 
5418 590 2852 2989 
5419 3309 289 3514 
5420 916 915 2992 
5421 1163 1259 2971 
5422 2747 1882 3003 
5423 1663 2726 3086 
5424 2031 2076 3438 
5425 986 1087 3140 
5426 3003 1882 3042 
5427 1838 1840 3109 
5428 2988 973 2995 
5429 57 287 3032 
5430 1751 1752 2077 
5431 1108 988 3140 
5432 638 1162 2937 
5433 1373 1296 2958 
5434 2404 2409 3081 
5435 1204 836 1221 
5436 1125 2765 3022 
5437 1539 2808 3047 
5438 216 346 3049 
5439 1290 1370 2945 
5440 878 876 3002 
5441 2708 2709 3001 
5442 1679 2530 3135 
5443 2543 2544 3029 
5444 2980 1220 3027 
5445 2641 1896 3117 
5446 726 727 3101 
5447 1296 1364 2958 
5448 3105 2605 3112 
5449 2568 1955 3094 
5450 2528 3223 3245 
5451 216 217 346 
5452 150 151 347 
5453 1186 834 2965 
5454 990 1108 3147 
5455 1468 1327 2952 
5456 1086 992 3147 
5457 3437 2031 3438 
5458 2877 1125 3022 
5459 496 461 3090 
5460 459 1153 3090 
5461 122 123 3012 
5462 4 58 3011 
5463 15 124 3014 
5464 9 88 3015 
5465 129 16 3016 
5466 93 10 3013 
5467 99 11 3033 
5468 1418 1197 2996 
5469 1979 1186 2965 
5470 98 99 3034 
5471 2709 2868 3001 
5472 66 67 3017 
5473 114 115 3018 
5474 108 109 3020 
5475 120 121 3021 
5476 118 119 3037 
5477 91 92 3023 
5478 125 126 3024 
5479 127 128 3025 
5480 1899 1442 3003 
5481 1098 953 3096 
5482 2574 2575 3176 
5483 2462 1239 3476 
5484 3148 1872 3165 
5485 1706 2157 3151 
5486 2161 1704 3151 
5487 3096 1959 3109 
5488 1964 3005 3046 
5489 2414 2408 3091 
5490 1416 2716 3005 
5491 2126 3136 3185 
5492 3052 2094 3092 
5493 2399 2397 3030 
5494 1430 1371 2959 
5495 1970 3026 3083 
5496 1199 2888 2996 
5497 1948 2946 3036 
5498 1654 1657 3040 
5499 2732 535 3106 
5500 1420 2685 3031 
5501 994 1086 3154 
5502 360 56 3032 
5503 1803 2682 3095 
5504 292 2299 3227 
5505 56 57 3032 
5506 2198 2071 3044 
5507 915 2966 2992 
5508 1664 2331 3009 
5509 834 1205 2965 
5510 3415 2861 3418 
5511 535 532 3106 
5512 2173 2099 3115 
5513 1220 1362 3027 
5514 1882 1881 3042 
5515 568 611 3087 
5516 3027 1932 3063 
5517 2579 996 3154 
5518 1259 1372 2971 
5519 2811 285 3466 
5520 1575 2694 3010 
5521 2611 2168 3175 
5522 2795 2794 3084 
5523 1197 1199 2996 
5524 1363 1472 2986 
5525 347 151 2317 
5526 3213 1766 3221 
5527 893 2751 3026 
5528 1957 2990 3043 
5529 664 661 2956 
5530 611 1948 3038 
5531 1024 983 3104 
5532 2763 1055 3086 
5533 1690 1719 3031 
5534 2028 1701 3076 
5535 1377 1260 1461 
5536 1781 1784 3041 
5537 1968 3083 3085 
5538 684 664 2956 
5539 1691 1271 3046 
5540 2118 1771 2948 
5541 1926 1402 3495 
5542 1770 2052 2948 
5543 3053 2568 3080 
5544 2198 2261 3468 
5545 2530 2812 3082 
5546 2765 1960 3022 
5547 1425 1751 2959 
5548 2691 923 3053 
5549 463 496 3108 
5550 2401 2399 3050 
5551 1311 1450 3098 
5552 987 1021 3110 
5553 2411 2414 3107 
5554 661 2947 2956 
5555 184 185 3056 
5556 2744 2044 3035 
5557 80 81 3060 
5558 2808 2809 3047 
5559 1154 465 3108 
5560 1961 2568 3053 
5561 2598 2597 3169 
5562 3035 2094 3052 
5563 365 2848 3554 
5564 133 134 3055 
5565 383 381 2970 
5566 227 228 3153 
5567 2833 1957 3043 
5568 1916 1488 3123 
5569 1535 2580 3164 
5570 2018 2091 2098 
5571 871 875 3149 
5572 2157 1715 3166 
5573 1717 2154 3166 
5574 1105 1213 3007 
5575 1372 1363 2986 
5576 2399 3030 3050 
5577 1694 1390 3068 
5578 1892 1660 3112 
5579 1421 684 2956 
5580 1098 2624 3142 
5581 1356 1357 3052 
5582 1913 2191 3045 
5583 1977 1978 3039 
5584 2691 3053 3080 
5585 977 979 3057 
5586 2576 2577 3163 
5587 665 657 3028 
5588 457 455 3059 
5589 2424 2416 3114 
5590 358 80 3060 
5591 462 464 3064 
5592 1474 2039 3068 
5593 844 3078 3407 
5594 370 2455 3089 
5595 135 17 3054 
5596 2649 1796 3187 
5597 1745 2021 3127 
5598 1968 1970 3083 
5599 1299 2945 3076 
5600 2132 1575 3010 
5601 1716 2045 3129 
5602 2021 1718 3129 
5603 1263 3496 3509 
5604 715 718 3062 
5605 3083 1312 3085 
5606 712 2565 3069 
5607 1390 1474 3068 
5608 136 137 3058 
5609 951 1098 3142 
5610 2821 570 3087 
5611 2045 1707 3133 
5612 1705 2055 3133 
5613 2738 1977 3155 
5614 138 139 3061 
5615 1773 2598 3184 
5616 2503 2502 3184 
5617 134 297 3055 
5618 1696 2066 3138 
5619 3112 2605 3137 
5620 1347 2701 3063 
5621 2055 1698 3138 
5622 1447 2056 3065 
5623 217 218 2448 
5624 500 469 3139 
5625 149 150 2318 
5626 1591 2354 3071 
5627 1948 3036 3038 
5628 467 1154 3139 
5629 2572 2573 3176 
5630 236 2304 3273 
5631 1673 1675 3074 
5632 285 2811 3483 
5633 2660 3055 3386 
5634 1982 2965 3073 
5635 2861 844 3418 
5636 1021 989 3143 
5637 991 1152 3143 
5638 3390 2480 3493 
5639 1687 2075 3144 
5640 2066 1689 3144 
5641 1965 1964 3065 
5642 2684 3098 3122 
5643 955 957 3072 
5644 1746 2149 3181 
5645 2154 1744 3181 
5646 1326 1827 3295 
5647 1472 2107 2986 
5648 1391 2991 3079 
5649 979 981 3075 
5650 2277 2278 3119 
5651 3005 1691 3046 
5652 3203 2000 3222 
5653 2945 1703 3076 
5654 1481 383 2970 
5655 2649 3187 3199 
5656 3057 979 3075 
5657 2061 1831 3150 
5658 655 1243 3028 
5659 1674 2078 3152 
5660 2476 1263 3509 
5661 2075 1676 3152 
5662 950 2692 3160 
5663 297 135 3054 
5664 2701 3027 3063 
5665 719 722 3077 
5666 2570 2571 3193 
5667 2957 2922 3082 
5668 844 800 3078 
5669 99 3033 3034 
5670 2406 2404 3081 
5671 17 367 3054 
5672 2269 3106 3162 
5673 2585 2517 3219 
5674 381 2184 2970 
5675 3022 1960 3103 
5676 1159 2691 3080 
5677 2582 1112 3193 
5678 1347 3063 3084 
5679 1772 3113 3180 
5680 944 950 3160 
5681 730 2862 3101 
5682 365 89 3130 
5683 367 136 3058 
5684 2675 2674 3206 
5685 90 303 3130 
5686 1661 3001 3105 
5687 2965 1205 3073 
5688 1896 2866 3117 
5689 2550 2549 3088 
5690 2098 2091 2099 
5691 1999 1980 3132 
5692 1666 1667 3167 
5693 346 217 2448 
5694 150 347 2318 
5695 2516 2515 3200 
5696 1655 1656 3161 
5697 2078 1658 3161 
5698 137 305 3058 
5699 1947 2664 3113 
5700 657 655 3028 
5701 3055 2660 3543 
5702 1777 2503 3200 
5703 2976 527 3177 
5704 2823 2891 3121 
5705 2757 1803 3095 
5706 1204 1221 3048 
5707 471 500 3159 
5708 2097 368 3388 
5709 1155 473 3159 
5710 69 284 3141 
5711 305 138 3061 
5712 355 68 3141 
5713 139 370 3061 
5714 1969 1968 3085 
5715 1312 1311 3098 
5716 1951 1952 3079 
5717 1701 1299 3076 
5718 2714 1312 3083 
5719 461 459 3090 
5720 1927 2626 3225 
5721 2149 1749 3198 
5722 1205 2855 3073 
5723 1260 1204 3048 
5724 2177 275 3572 
5725 2408 2406 3091 
5726 42 43 3067 
5727 2794 1347 3084 
5728 2581 2582 3208 
5729 3558 2283 3567 
5730 1656 1649 3168 
5731 3086 2611 3175 
5732 955 3072 3096 
5733 2726 2763 3086 
5734 1357 3035 3052 
5735 2406 3081 3091 
5736 2925 267 3500 
5737 3233 2896 3259 
5738 953 955 3096 
5739 1981 2081 3132 
5740 1955 1956 3094 
5741 2057 1492 3092 
5742 1644 1645 3172 
5743 570 568 3087 
5744 3001 2868 3105 
5745 2602 1043 3208 
5746 468 470 3099 
5747 3332 1501 3356 
5748 148 149 376 
5749 218 219 375 
5750 729 728 3199 
5751 723 726 3097 
5752 1686 1688 3100 
5753 349 2363 3267 
5754 2098 2099 2158 
5755 2775 283 3481 
5756 2891 2519 3121 
5757 3295 1827 3303 
5758 2530 3082 3135 
5759 514 477 3173 
5760 2991 1951 3079 
5761 2764 943 3160 
5762 475 1155 3173 
5763 3039 1998 3202 
5764 1030 999 3178 
5765 332 2271 3334 
5766 1483 2731 3196 
5767 2028 3076 3116 
5768 2972 523 3197 
5769 1796 1797 3187 
5770 3094 1956 3102 
5771 1772 1346 3113 
5772 1001 1150 3178 
5773 2016 2480 3390 
5774 347 2317 2851 
5775 1217 1947 3113 
5776 727 730 3101 
5777 2684 3085 3098 
5778 1645 1642 3182 
5779 1956 2722 3102 
5780 1183 3415 3420 
5781 983 985 3104 
5782 1638 1814 3188 
5783 2601 2602 3218 
5784 2922 1418 3082 
5785 3160 2692 3183 
5786 1960 2074 3103 
5787 2158 2099 2172 
5788 2812 2957 3082 
5789 2085 2850 3158 
5790 3037 318 3426 
5791 790 792 3190 
5792 2080 3073 3136 
5793 111 290 3171 
5794 1461 1260 3048 
5795 1801 2366 3187 
5796 361 110 3171 
5797 1763 2768 3186 
5798 286 2144 3411 
5799 1959 1838 3109 
5800 2413 2411 3107 
5801 532 531 3106 
5802 479 514 3189 
5803 1157 481 3189 
5804 3051 2115 3545 
5805 2638 521 3520 
5806 2133 2013 3312 
5807 1827 2020 3303 
5808 465 463 3108 
5809 1005 1041 3194 
5810 2651 2976 3177 
5811 1150 1003 3194 
5812 985 987 3110 
5813 43 327 3067 
5814 1819 2092 3236 
5815 1634 1815 3205 
5816 3104 985 3110 
5817 1814 1636 3205 
5818 346 2448 3115 
5819 2153 2584 3219 
5820 2962 519 3213 
5821 2064 3124 3497 
5822 290 2864 3171 
5823 2868 2606 3105 
5824 2797 2796 3186 
5825 1873 1871 3211 
5826 1660 1661 3112 
5827 2554 2553 3120 
5828 2416 2413 3114 
5829 1695 1697 3118 
5830 3113 2664 3180 
5831 1343 2728 3297 
5832 260 307 3260 
5833 1499 1500 3126 
5834 2413 3107 3114 
5835 305 3061 3066 
5836 2135 1820 3236 
5837 3082 1418 3135 
5838 1183 2861 3415 
5839 976 974 3125 
5840 583 3257 3364 
5841 2731 1936 3174 
5842 2147 1788 3232 
5843 364 3012 3095 
5844 1488 1663 3123 
5845 2634 1775 3230 
5846 3312 2013 3316 
5847 1630 1816 3214 
5848 3145 2061 3535 
5849 2618 1317 3179 
5850 2442 2441 3258 
5851 1767 1615 3221 
5852 1041 1007 3209 
5853 3076 1703 3116 
5854 2616 1757 3231 
5855 2064 1747 3124 
5856 3303 2020 3313 
5857 980 978 3128 
5858 3342 2226 3550 
5859 2769 2792 3170 
5860 1747 1745 3127 
5861 1976 2972 3197 
5862 1998 1999 3111 
5863 474 476 3131 
5864 1815 1632 3214 
5865 2278 2283 3119 
5866 2594 3137 3149 
5867 1011 1083 3212 
5868 2092 2036 3559 
5869 1718 1716 3129 
5870 984 982 3134 
5871 89 90 3130 
5872 1450 2799 3122 
5873 3510 2023 3513 
5874 350 259 3260 
5875 3119 2283 3558 
5876 218 375 2448 
5877 616 2447 3499 
5878 1775 1420 3224 
5879 376 149 2318 
5880 2346 1750 3464 
5881 1755 1933 3231 
5882 2605 1118 3137 
5883 3137 1118 3149 
5884 1707 1705 3133 
5885 374 42 3067 
5886 2653 1129 3230 
5887 3124 1747 3127 
5888 2062 3435 3442 
5889 388 390 3263 
5890 3085 1312 3098 
5891 2453 3361 3379 
5892 1316 2823 3121 
5893 1661 3105 3112 
5894 2583 2634 3230 
5895 2594 1892 3137 
5896 2866 1958 3117 
5897 988 986 3140 
5898 3020 361 3302 
5899 3150 2085 3530 
5900 1698 1696 3138 
5901 1317 2330 3179 
5902 469 467 3139 
5903 3261 1877 3329 
5904 2888 2000 3203 
5905 1346 1217 3113 
5906 2740 1766 3213 
5907 2251 2250 3220 
5908 1316 3121 3148 
5909 68 69 3141 
5910 1703 2048 3116 
5911 950 951 3142 
5912 992 990 3147 
5913 989 991 3143 
5914 3073 2855 3136 
5915 2580 1754 3156 
5916 1689 1687 3144 
5917 2062 2061 3145 
5918 3117 1958 3146 
5919 1118 871 3149 
5920 2534 2962 3213 
5921 1083 1013 3226 
5922 784 786 3228 
5923 228 349 3153 
5924 1980 1981 3132 
5925 1704 1706 3151 
5926 1017 1089 3229 
5927 3106 531 3162 
5928 2717 1829 3239 
5929 1958 2361 3146 
5930 1818 2207 3284 
5931 1676 1674 3152 
5932 1831 2085 3150 
5933 290 13 3217 
5934 1775 2634 3238 
5935 996 994 3154 
5936 1768 1966 3249 
5937 2013 2618 3316 
5938 2106 345 3480 
5939 2858 1316 3148 
5940 2986 2107 3307 
5941 2034 2035 3157 
5942 3032 287 3353 
5943 314 250 3271 
5944 375 2981 3561 
5945 358 2950 3460 
5946 1419 1775 3238 
5947 106 107 3216 
5948 1333 2476 3524 
5949 1297 1210 3256 
5950 2088 1965 3235 
5951 2855 1373 3136 
5952 251 2537 3271 
5953 117 292 3227 
5954 1089 1019 3241 
5955 2956 2947 3155 
5956 354 116 3227 
5957 2086 1818 3284 
5958 1418 2996 3135 
5959 2476 3509 3524 
5960 2859 2644 3279 
5961 2177 1906 3269 
5962 2436 1243 3215 
5963 836 1421 3202 
5964 1025 1094 3244 
5965 473 471 3159 
5966 1658 1655 3161 
5967 2577 2578 3163 
5968 2950 358 3479 
5969 943 944 3160 
5970 3308 2196 3348 
5971 2850 2047 3158 
5972 3274 2336 3461 
5973 2797 363 3296 
5974 2690 1556 3206 
5975 1720 3164 3169 
5976 1720 1535 3164 
5977 291 130 3234 
5978 1421 2956 3155 
5979 3158 2047 3519 
5980 1556 2918 3206 
5981 2597 1720 3169 
5982 1715 1717 3166 
5983 2853 2800 3237 
5984 1421 3039 3202 
5985 1649 1647 3168 
5986 1667 2023 3167 
5987 576 623 3248 
5988 131 353 3234 
5989 303 3023 3319 
5990 2534 3213 3221 
5991 235 236 3273 
5992 778 780 3254 
5993 2687 2688 3492 
5994 2522 2523 3362 
5995 3250 324 3335 
5996 2062 3145 3435 
5997 947 2858 3165 
5998 2858 3148 3165 
5999 286 2687 3492 
6000 2756 1599 3272 
6001 947 3165 3174 
6002 3136 1373 3185 
6003 110 111 3171 
6004 3254 780 3432 
6005 2019 1808 3281 
6006 2919 1846 3246 
6007 531 2976 3162 
6008 1245 2475 3428 
6009 2773 2772 3502 
6010 1647 1644 3172 
6011 1679 3203 3222 
6012 3168 1647 3172 
6013 2573 2574 3176 
6014 356 96 3250 
6015 97 324 3250 
6016 2792 1538 3170 
6017 2853 3237 3350 
6018 477 475 3173 
6019 2947 2738 3155 
6020 2502 1773 3184 
6021 271 2290 3340 
6022 583 580 3257 
6023 1853 2102 3266 
6024 2664 1484 3180 
6025 1936 947 3174 
6026 1377 1461 3201 
6027 2444 2443 3315 
6028 999 1001 3178 
6029 1744 1746 3181 
6030 1642 1640 3182 
6031 2457 1678 3294 
6032 2165 2164 3204 
6033 1719 2653 3224 
6034 1923 1921 3288 
6035 1679 3135 3203 
6036 397 395 3274 
6037 2928 2896 3233 
6038 3167 2023 3510 
6039 202 203 3310 
6040 2692 1996 3183 
6041 1797 1801 3187 
6042 3261 2920 3359 
6043 1640 1638 3188 
6044 2271 268 3399 
6045 3182 1640 3188 
6046 2796 1763 3186 
6047 2053 1772 3180 
6048 1941 2764 3183 
6049 527 2972 3177 
6050 2967 501 3286 
6051 1243 2963 3215 
6052 1441 1440 3287 
6053 2250 2280 3220 
6054 481 479 3189 
6055 1941 3183 3195 
6056 2099 2091 3115 
6057 3183 1996 3195 
6058 1158 2814 3262 
6059 1112 2570 3193 
6060 1950 1949 3298 
6061 2193 3233 3259 
6062 2515 1777 3200 
6063 1152 2817 3268 
6064 841 790 3190 
6065 2290 2288 3410 
6066 47 368 3251 
6067 310 46 3251 
6068 2035 1483 3196 
6069 2932 1662 3276 
6070 2833 3265 3333 
6071 2170 2169 3384 
6072 1996 1997 3195 
6073 1003 1005 3194 
6074 2668 2807 3282 
6075 1749 2065 3198 
6076 45 2 3270 
6077 362 59 3278 
6078 60 320 3278 
6079 1942 1941 3195 
6080 728 2649 3199 
6081 2450 1215 3285 
6082 378 245 3354 
6083 3274 395 3522 
6084 2346 2345 3445 
6085 3056 274 3311 
6086 2446 2932 3276 
6087 1373 2958 3185 
6088 3089 1501 3332 
6089 2000 2001 3222 
6090 3196 1873 3211 
6091 24 334 3320 
6092 1636 1634 3205 
6093 1767 3221 3223 
6094 2722 2720 3291 
6095 841 3405 3424 
6096 2900 2920 3261 
6097 3068 2039 3267 
6098 3195 1997 3207 
6099 175 32 3331 
6100 1942 3195 3207 
6101 1997 2679 3207 
6102 2599 1496 3308 
6103 1807 1377 3201 
6104 3126 1500 3204 
6105 103 104 3280 
6106 2137 2967 3286 
6107 1043 2581 3208 
6108 1921 1848 3311 
6109 403 401 3293 
6110 3228 786 3429 
6111 523 2962 3197 
6112 2681 1343 3297 
6113 2884 2986 3307 
6114 3031 1719 3224 
6115 2210 2211 3516 
6116 2196 306 3352 
6117 2042 1942 3207 
6118 2580 3156 3268 
6119 2475 1245 3440 
6120 1678 1460 3294 
6121 1158 3262 3467 
6122 2222 2103 3587 
6123 1007 1009 3209 
6124 2355 1110 3330 
6125 2195 2196 3308 
6126 1057 1054 3305 
6127 2103 2698 3587 
6128 2109 3014 3583 
6129 246 330 3354 
6130 1364 2905 3283 
6131 1221 836 3202 
6132 1500 2599 3210 
6133 2918 2675 3206 
6134 2266 2267 3533 
6135 158 159 3345 
6136 2892 1326 3290 
6137 2695 1860 3302 
6138 3222 2001 3240 
6139 1009 1011 3212 
6140 2309 312 3463 
6141 1632 1630 3214 
6142 3209 1009 3212 
6143 87 294 3296 
6144 3502 2772 3548 
6145 363 86 3296 
6146 1871 1875 3211 
6147 519 2740 3213 
6148 3123 1663 3175 
6149 1215 2854 3285 
6150 347 2851 3243 
6151 2001 2176 3240 
6152 2139 2140 3320 
6153 1178 2428 3422 
6154 107 322 3216 
6155 1115 2601 3218 
6156 2821 3087 3312 
6157 1210 1208 3313 
6158 340 3269 3394 
6159 1446 1971 3304 
6160 13 112 3217 
6161 2451 248 3369 
6162 2584 2585 3219 
6163 2626 1115 3225 
6164 2996 2888 3203 
6165 2963 1692 3215 
6166 41 374 3253 
6167 373 146 3252 
6168 3065 2056 3235 
6169 2646 2743 3314 
6170 1580 1761 3342 
6171 3135 2996 3203 
6172 1615 2534 3221 
6173 1115 3218 3225 
6174 342 2216 3527 
6175 2090 2017 3463 
6176 1228 1898 3343 
6177 2363 3068 3267 
6178 3215 1692 3233 
6179 1766 1547 3223 
6180 269 182 3368 
6181 1328 1679 3222 
6182 2818 837 3298 
6183 1835 2033 3322 
6184 258 350 3374 
6185 3156 1152 3268 
6186 2919 3246 3486 
6187 1856 2155 3319 
6188 3346 2152 3542 
6189 3087 2133 3312 
6190 3058 305 3289 
6191 2500 2756 3272 
6192 2775 2774 3322 
6193 1013 1015 3226 
6194 2251 3220 3524 
6195 2833 3043 3265 
6196 2142 1702 3566 
6197 3257 1984 3364 
6198 116 117 3227 
6199 2948 329 3586 
6200 2851 1807 3243 
6201 249 314 3369 
6202 3190 792 3425 
6203 3345 2092 3559 
6204 2301 2351 3339 
6205 2163 1355 3343 
6206 1437 1886 3338 
6207 296 257 3374 
6208 300 213 3347 
6209 839 784 3228 
6210 174 175 3384 
6211 1015 1017 3229 
6212 3226 1015 3229 
6213 2014 1436 3338 
6214 2852 1157 3318 
6215 2559 2647 3365 
6216 2220 2213 3247 
6217 2026 2342 3528 
6218 214 2309 3347 
6219 1129 2583 3230 
6220 1788 1786 3232 
6221 3014 359 3583 
6222 2165 3204 3210 
6223 1757 1755 3231 
6224 45 3270 3449 
6225 1820 1819 3236 
6226 2428 1178 3427 
6227 2020 1828 3329 
6228 1878 2776 3335 
6229 3204 1500 3210 
6230 2353 1794 3393 
6231 2998 590 3349 
6232 130 131 3234 
6233 2673 2671 3353 
6234 1458 1459 3387 
6235 3042 1881 3323 
6236 617 605 3373 
6237 1328 3222 3240 
6238 2463 2346 3539 
6239 104 105 3328 
6240 1829 1830 3239 
6241 355 3141 3282 
6242 3223 1547 3245 
6243 1170 1927 3350 
6244 3255 301 3273 
6245 1250 807 3378 
6246 1420 3031 3224 
6247 2800 1929 3237 
6248 3237 1929 3242 
6249 292 14 3341 
6250 1699 1419 3238 
6251 1692 2928 3233 
6252 2129 3056 3311 
6253 1019 1022 3241 
6254 1218 2142 3549 
6255 102 323 3344 
6256 533 2494 3435 
6257 1179 2430 3419 
6258 597 602 3377 
6259 1929 2022 3242 
6260 2776 3250 3335 
6261 159 36 3402 
6262 2327 2177 3572 
6263 3241 1022 3244 
6264 55 360 3346 
6265 1022 1025 3244 
6266 3237 1170 3350 
6267 2116 2998 3349 
6268 3032 3353 3518 
6269 841 3190 3405 
6270 1994 2112 3394 
6271 2660 353 3543 
6272 1846 2069 3246 
6273 2067 1823 3412 
6274 839 3408 3431 
6275 1880 1768 3249 
6276 2952 1328 3240 
6277 146 147 3252 
6278 40 41 3253 
6279 2318 347 3243 
6280 298 2165 3370 
6281 1794 1791 3393 
6282 299 2314 3457 
6283 1547 2901 3245 
6284 3319 3023 3448 
6285 3006 407 3299 
6286 2475 2474 3428 
6287 621 619 3381 
6288 274 186 3436 
6289 1897 1901 3380 
6290 2351 1844 3339 
6291 1564 1565 3486 
6292 1789 2146 3393 
6293 1855 2193 3259 
6294 46 47 3251 
6295 578 576 3248 
6296 96 97 3250 
6297 2441 296 3258 
6298 1666 3167 3520 
6299 1965 3065 3235 
6300 3141 2669 3282 
6301 2038 2037 3555 
6302 51 369 3352 
6303 803 1233 3403 
6304 2419 2383 3407 
6305 1880 3358 3367 
6306 2430 2375 3419 
6307 3380 1901 3391 
6308 830 2160 3541 
6309 2420 2394 3405 
6310 306 50 3352 
6311 2428 2371 3422 
6312 2035 3196 3211 
6313 2370 2428 3428 
6314 2421 2400 3408 
6315 2422 3254 3432 
6316 3025 366 3291 
6317 2873 1469 3361 
6318 2381 2419 3416 
6319 3265 1345 3333 
6320 3198 2065 3318 
6321 2373 2430 3422 
6322 2059 2351 3552 
6323 118 3037 3341 
6324 639 388 3263 
6325 2392 2420 3420 
6326 2314 2204 3457 
6327 2422 2407 3414 
6328 1778 2289 3413 
6329 2758 1920 3392 
6330 2398 2421 3424 
6331 1366 1297 3256 
6332 2299 292 3578 
6333 1778 1476 3410 
6334 2405 2422 3431 
6335 2785 1900 3389 
6336 629 394 3563 
6337 2430 1179 3423 
6338 2007 2475 3444 
6339 2423 2418 3321 
6340 187 29 3478 
6341 2245 3232 3537 
6342 2539 2089 3570 
6343 2867 2195 3308 
6344 1854 1950 3400 
6345 106 3216 3507 
6346 52 298 3370 
6347 3078 802 3421 
6348 369 3 3370 
6349 1826 1855 3275 
6350 840 778 3254 
6351 1094 2924 3358 
6352 1097 2558 3497 
6353 2028 3116 3324 
6354 1931 2757 3397 
6355 578 3248 3257 
6356 3486 1565 3490 
6357 2984 1986 3430 
6358 275 206 3482 
6359 1244 2592 3469 
6360 3265 1973 3277 
6361 1983 3102 3406 
6362 203 25 3498 
6363 390 392 3579 
6364 157 276 3480 
6365 3470 2069 3475 
6366 1832 2062 3437 
6367 2421 3228 3429 
6368 1877 3261 3359 
6369 170 171 3536 
6370 3221 1766 3223 
6371 580 578 3257 
6372 1855 3259 3275 
6373 398 616 3573 
6374 328 144 3363 
6375 777 1244 3469 
6376 30 342 3527 
6377 259 260 3260 
6378 1561 1564 3470 
6379 1906 1992 3269 
6380 2037 2332 3538 
6381 2807 1988 3360 
6382 1435 2031 3442 
6383 345 156 3480 
6384 3262 1850 3264 
6385 1239 2462 3539 
6386 2332 2333 3526 
6387 2169 1798 3474 
6388 1461 3048 3247 
6389 3043 1973 3265 
6390 301 235 3273 
6391 1565 1917 3504 
6392 1345 1925 3333 
6393 3014 2109 3397 
6394 2006 1594 3475 
6395 401 399 3443 
6396 1850 1851 3264 
6397 154 299 3457 
6398 2814 1850 3262 
6399 804 1180 3421 
6400 794 1183 3425 
6401 1828 2900 3261 
6402 1851 1853 3266 
6403 788 841 3429 
6404 1263 781 3484 
6405 2677 1877 3359 
6406 49 306 3388 
6407 2336 3274 3522 
6408 782 839 3432 
6409 1901 1934 3391 
6410 2420 3190 3425 
6411 812 1178 3423 
6412 3101 2862 3438 
6413 3247 2212 3515 
6414 368 48 3388 
6415 2237 3390 3493 
6416 3264 1851 3266 
6417 3296 294 3389 
6418 1179 810 3423 
6419 1795 1794 3474 
6420 2896 608 3259 
6421 816 1245 3427 
6422 1713 2108 3580 
6423 1157 3198 3318 
6424 1058 1057 3327 
6425 3262 2501 3467 
6426 373 2984 3363 
6427 1178 814 3427 
6428 3078 2419 3407 
6429 2817 1714 3268 
6430 145 373 3363 
6431 250 251 3271 
6432 2 310 3270 
6433 1843 2101 3562 
6434 1336 797 3567 
6435 517 2638 3510 
6436 820 1298 3440 
6437 2886 2030 3499 
6438 793 1275 3558 
6439 3220 1333 3524 
6440 3259 608 3275 
6441 2687 286 3411 
6442 2501 2006 3467 
6443 791 789 3560 
6444 2261 2259 3468 
6445 787 1333 3529 
6446 2489 1134 3513 
6447 1245 818 3440 
6448 2937 1897 3371 
6449 1110 3242 3330 
6450 21 220 3501 
6451 267 39 3500 
6452 3290 1326 3295 
6453 2032 2785 3465 
6454 3145 533 3435 
6455 3095 2682 3450 
6456 2009 2150 3453 
6457 2419 3078 3421 
6458 522 525 3519 
6459 526 529 3530 
6460 530 533 3535 
6461 2039 2141 3267 
6462 2232 2235 3458 
6463 1783 1782 3537 
6464 77 315 3451 
6465 2340 1989 3355 
6466 3391 1934 3396 
6467 3093 2002 3395 
6468 285 7 3455 
6469 2069 774 3471 
6470 1875 2699 3473 
6471 634 630 3383 
6472 2089 3077 3570 
6473 2076 3101 3438 
6474 1910 1880 3367 
6475 2024 2811 3466 
6476 609 397 3274 
6477 79 358 3460 
6478 315 78 3460 
6479 2051 2829 3447 
6480 3283 2442 3584 
6481 1886 1834 3289 
6482 1910 3367 3372 
6483 2197 2198 3564 
6484 3246 1564 3486 
6485 1984 1776 3364 
6486 1973 1974 3277 
6487 2144 1910 3372 
6488 59 60 3278 
6489 1700 1702 3494 
6490 1662 2934 3276 
6491 2151 2788 3466 
6492 311 152 3551 
6493 2809 2950 3479 
6494 3167 2638 3520 
6495 283 94 3481 
6496 1934 2083 3396 
6497 2108 3062 3580 
6498 95 356 3481 
6499 2260 2257 3496 
6500 75 285 3483 
6501 3124 1097 3497 
6502 357 74 3483 
6503 608 2914 3275 
6504 2303 2043 3514 
6505 3058 3289 3385 
6506 830 831 3485 
6507 376 2925 3500 
6508 1239 828 3476 
6509 1539 3047 3502 
6510 2677 3359 3371 
6511 3304 2522 3362 
6512 3467 2006 3471 
6513 63 286 3492 
6514 2332 3526 3538 
6515 2950 2949 3453 
6516 3320 2140 3482 
6517 2683 2684 3426 
6518 2678 1878 3335 
6519 1808 1810 3281 
6520 2143 2030 3566 
6521 282 12 3507 
6522 171 33 3375 
6523 323 103 3280 
6524 1974 2859 3279 
6525 2766 2864 3503 
6526 393 631 3522 
6527 65 316 3557 
6528 113 321 3544 
6529 2811 2810 3506 
6530 291 3234 3406 
6531 2101 3097 3562 
6532 364 3095 3450 
6533 2795 3084 3357 
6534 2798 2299 3578 
6535 2864 290 3503 
6536 3216 2088 3507 
6537 327 44 3449 
6538 5 64 3546 
6539 2261 2198 3540 
6540 3336 2159 3489 
6541 2143 2027 3532 
6542 293 3014 3397 
6543 353 132 3543 
6544 2410 2412 3433 
6545 1750 2895 3464 
6546 3047 2773 3502 
6547 1275 3119 3558 
6548 1844 2068 3339 
6549 2669 2668 3282 
6550 3190 2420 3405 
6551 3201 2210 3516 
6552 2037 3538 3555 
6553 2127 1923 3288 
6554 346 3115 3472 
6555 321 2954 3544 
6556 64 2935 3546 
6557 3282 2807 3360 
6558 298 53 3542 
6559 1440 1817 3287 
6560 3270 2341 3449 
6561 3337 1845 3362 
6562 2461 2462 3541 
6563 1826 3275 3290 
6564 2925 376 3456 
6565 3066 1886 3289 
6566 2935 2144 3546 
6567 310 3251 3528 
6568 3287 1817 3292 
6569 3277 1974 3279 
6570 2854 1678 3285 
6571 839 3228 3408 
6572 533 3145 3535 
6573 3256 2020 3329 
6574 2105 3103 3490 
6575 3061 370 3332 
6576 501 2941 3286 
6577 529 3150 3530 
6578 2126 3185 3258 
6579 370 3089 3332 
6580 3522 631 3526 
6581 2958 1364 3283 
6582 2638 3167 3510 
6583 3457 2204 3551 
6584 2720 2721 3291 
6585 525 3158 3519 
6586 1817 2040 3292 
6587 143 328 3545 
6588 1989 2117 3355 
6589 2478 2019 3340 
6590 2948 2052 3571 
6591 3157 2035 3454 
6592 2525 3337 3362 
6593 3111 2220 3585 
6594 3371 1897 3380 
6595 1444 1441 3376 
6596 1190 2836 3434 
6597 3228 2421 3408 
6598 1824 1826 3295 
6599 598 2499 3404 
6600 2537 2073 3505 
6601 3239 1830 3386 
6602 2499 1192 3417 
6603 407 403 3293 
6604 1460 2122 3294 
6605 1218 2903 3494 
6606 2680 2681 3297 
6607 3275 2914 3290 
6608 2885 2660 3386 
6609 133 3055 3543 
6610 2914 2892 3290 
6611 86 87 3296 
6612 1972 3299 3301 
6613 2680 3297 3300 
6614 3102 2722 3521 
6615 19 244 3512 
6616 243 1 3511 
6617 305 3066 3289 
6618 2415 2417 3439 
6619 328 3051 3545 
6620 302 2444 3315 
6621 2981 375 3501 
6622 1824 3295 3303 
6623 2189 334 3556 
6624 3066 3332 3356 
6625 330 2451 3307 
6626 362 3278 3398 
6627 1949 2818 3298 
6628 3242 2022 3330 
6629 3249 1094 3358 
6630 3271 2537 3505 
6631 1053 2680 3300 
6632 3092 2094 3553 
6633 1333 3220 3529 
6634 1438 1824 3303 
6635 1971 1972 3301 
6636 3115 2091 3472 
6637 1053 3300 3305 
6638 3348 369 3547 
6639 3246 2069 3470 
6640 2173 3115 3561 
6641 1860 2051 3302 
6642 3254 2422 3414 
6643 3459 2065 3495 
6644 3404 2499 3417 
6645 39 148 3500 
6646 219 21 3501 
6647 3283 2905 3525 
6648 2274 271 3340 
6649 1061 1058 3327 
6650 1845 1446 3304 
6651 1054 1053 3305 
6652 2525 1061 3337 
6653 1564 3246 3470 
6654 2303 101 3344 
6655 1438 3303 3313 
6656 1880 3249 3358 
6657 1848 2129 3311 
6658 2012 1990 3452 
6659 616 3532 3573 
6660 3115 2448 3561 
6661 1972 3006 3299 
6662 837 2830 3441 
6663 277 202 3310 
6664 602 3292 3377 
6665 3170 1538 3548 
6666 1779 1778 3413 
6667 1496 2867 3308 
6668 1061 3327 3337 
6669 3025 3291 3477 
6670 3288 274 3436 
6671 3381 2054 3383 
6672 1208 1438 3313 
6673 2211 2925 3456 
6674 3236 2092 3402 
6675 1325 3312 3316 
6676 3301 1458 3387 
6677 2029 2160 3549 
6678 1 40 3511 
6679 147 19 3512 
6680 1325 2821 3312 
6681 2743 2010 3314 
6682 1925 2355 3330 
6683 3269 1992 3394 
6684 3044 2262 3540 
6685 3293 2067 3412 
6686 220 2981 3501 
6687 3234 2131 3406 
6688 2134 1325 3316 
6689 3324 629 3563 
6690 2040 1899 3382 
6691 3344 323 3553 
6692 3220 2280 3529 
6693 2025 2011 3351 
6694 207 24 3320 
6695 625 3381 3383 
6696 2032 3465 3554 
6697 2735 360 3518 
6698 334 2240 3556 
6699 2023 1669 3523 
6700 1881 1883 3323 
6701 1501 2163 3356 
6702 3251 2095 3528 
6703 3340 2019 3574 
6704 2774 1835 3322 
6705 2757 3095 3577 
6706 2989 2852 3318 
6707 2938 1856 3319 
6708 3323 1883 3325 
6709 1366 3256 3329 
6710 3360 1988 3462 
6711 2220 3111 3446 
6712 840 3254 3414 
6713 1883 2054 3325 
6714 3232 1786 3537 
6715 3095 3012 3577 
6716 1988 2758 3462 
6717 105 282 3328 
6718 2130 2028 3324 
6719 3394 2112 3498 
6720 1962 1963 3334 
6721 3260 307 3508 
6722 1461 3247 3515 
6723 32 332 3331 
6724 1776 1444 3376 
6725 619 3325 3381 
6726 2848 2032 3554 
6727 3207 2679 3309 
6728 373 3252 3306 
6729 3217 112 3544 
6730 3327 2010 3337 
6731 2167 2053 3326 
6732 2662 1859 3336 
6733 33 333 3375 
6734 2797 3296 3389 
6735 331 2238 3351 
6736 2022 2833 3333 
6737 2785 3389 3465 
6738 2346 3464 3539 
6739 2093 2303 3344 
6740 2318 3243 3456 
6741 3252 378 3306 
6742 1436 1437 3338 
6743 2289 3008 3413 
6744 2683 3021 3450 
6745 2010 1845 3337 
6746 1826 3290 3295 
6747 277 3310 3401 
6748 1582 1580 3342 
6749 3206 2674 3398 
6750 1355 1228 3343 
6751 1899 3042 3382 
6752 14 118 3341 
6753 2335 2012 3461 
6754 377 3253 3317 
6755 2036 3192 3559 
6756 344 2301 3339 
6757 2147 3232 3536 
6758 101 102 3344 
6759 54 55 3346 
6760 276 158 3345 
6761 3066 3061 3332 
6762 3253 374 3317 
6763 3289 1834 3385 
6764 3023 352 3448 
6765 3358 1946 3367 
6766 321 3019 3473 
6767 213 214 3347 
6768 3395 2003 3556 
6769 2679 2678 3488 
6770 3339 2068 3534 
6771 1057 3314 3327 
6772 50 51 3352 
6773 2042 3207 3309 
6774 2671 1954 3353 
6775 1898 2453 3379 
6776 2523 2525 3362 
6777 2025 3351 3517 
6778 2924 1946 3358 
6779 245 246 3354 
6780 1858 2853 3350 
6781 2954 321 3473 
6782 2274 3340 3574 
6783 300 3347 3552 
6784 3281 1810 3533 
6785 590 2989 3349 
6786 2647 583 3364 
6787 367 3058 3385 
6788 2795 304 3477 
6789 630 625 3383 
6790 275 3482 3572 
6791 3291 2721 3477 
6792 2686 2687 3411 
6793 2226 2273 3550 
6794 2560 2559 3365 
6795 144 145 3363 
6796 1908 3361 3366 
6797 2144 3372 3411 
6798 2442 3258 3584 
6799 1946 1624 3367 
6800 1908 2873 3361 
6801 3278 2690 3398 
6802 2053 3191 3326 
6803 2054 1908 3366 
6804 355 3282 3360 
6805 3406 3102 3521 
6806 1582 3342 3550 
6807 182 183 3368 
6808 248 249 3369 
6809 620 617 3373 
6810 3 52 3370 
6811 2920 636 3359 
6812 3367 1624 3372 
6813 307 2298 3508 
6814 2083 3271 3505 
6815 3359 636 3371 
6816 1624 2686 3372 
6817 207 3320 3482 
6818 2198 3468 3564 
6819 2146 2147 3375 
6820 3017 355 3360 
6821 1886 3066 3356 
6822 2447 2886 3499 
6823 257 258 3374 
6824 316 3392 3557 
6825 3247 3048 3585 
6826 2864 2695 3531 
6827 1782 1779 3413 
6828 605 597 3377 
6829 3191 313 3326 
6830 2126 3258 3576 
6831 3084 2110 3357 
6832 341 3236 3402 
6833 807 805 3378 
6834 3351 2238 3517 
6835 3067 327 3355 
6836 2496 598 3404 
6837 2443 3283 3525 
6838 636 2937 3371 
6839 1459 2522 3387 
6840 367 3385 3491 
6841 2345 2008 3445 
6842 609 3274 3461 
6843 1469 2014 3379 
6844 1221 3111 3585 
6845 625 621 3381 
6846 2068 3093 3534 
6847 3258 296 3576 
6848 2034 3157 3487 
6849 1834 2058 3385 
6850 1462 2677 3380 
6851 2938 3319 3448 
6852 2212 2210 3515 
6853 270 174 3384 
6854 3157 354 3487 
6855 1462 3380 3391 
6856 3366 634 3383 
6857 2220 3247 3585 
6858 1830 2885 3386 
6859 2480 1250 3493 
6860 2130 3563 3573 
6861 2994 2025 3517 
6862 3448 352 3569 
6863 2273 3071 3550 
6864 48 49 3388 
6865 2042 3309 3514 
6866 3008 1782 3413 
6867 2695 3302 3531 
6868 1900 2797 3389 
6869 3378 805 3403 
6870 1463 1462 3391 
6871 2002 2003 3395 
6872 2958 3283 3584 
6873 1992 1994 3394 
6874 1920 2935 3392 
6875 344 3339 3534 
6876 3354 330 3582 
6877 2056 2057 3568 
6878 3292 2040 3377 
6879 2003 2189 3556 
6880 1791 1789 3393 
6881 3211 1875 3454 
6882 3210 2599 3348 
6883 1463 3391 3396 
6884 1986 2292 3430 
6885 2109 1931 3397 
6886 2262 2261 3540 
6887 1828 3261 3329 
6888 2242 277 3401 
6889 360 3032 3518 
6890 407 3293 3412 
6891 3232 272 3536 
6892 2073 1463 3396 
6893 268 2225 3399 
6894 3171 2864 3531 
6895 1990 2067 3452 
6896 1945 1854 3400 
6897 3243 1807 3516 
6898 3368 183 3527 
6899 3307 2107 3582 
6900 2677 3371 3380 
6901 2462 3476 3541 
6902 296 3374 3576 
6903 292 3341 3578 
6904 2081 3260 3508 
6905 805 803 3403 
6906 3353 1954 3518 
6907 36 341 3402 
6908 1823 2458 3412 
6909 2394 2396 3405 
6910 3407 2385 3418 
6911 3397 2757 3577 
6912 2474 2370 3428 
6913 2383 2385 3407 
6914 3409 2379 3416 
6915 2377 3409 3419 
6916 329 2311 3586 
6917 2400 2403 3408 
6918 2298 3132 3508 
6919 3405 2396 3424 
6920 2387 3415 3418 
6921 2673 3011 3565 
6922 2131 1983 3406 
6923 2377 2379 3409 
6924 3415 2390 3420 
6925 2379 2381 3416 
6926 1476 1475 3410 
6927 3357 2110 3583 
6928 2387 2390 3415 
6929 3385 2058 3491 
6930 2375 2377 3419 
6931 1244 2197 3564 
6932 3408 2403 3431 
6933 2385 2387 3418 
6934 2407 2410 3414 
6935 3013 2033 3569 
6936 2371 2373 3422 
6937 2390 2392 3420 
6938 1971 3301 3387 
6939 2396 2398 3424 
6940 244 378 3512 
6941 377 243 3511 
6942 2494 1918 3435 
6943 1945 3404 3417 
6944 2102 1945 3417 
6945 2403 2405 3431 
6946 802 804 3421 
6947 2008 3444 3445 
6948 2093 3344 3553 
6949 2286 280 3489 
6950 54 3346 3542 
6951 792 794 3425 
6952 810 812 3423 
6953 2299 2034 3487 
6954 786 788 3429 
6955 2412 2415 3434 
6956 2219 2220 3446 
6957 814 816 3427 
6958 3318 2065 3459 
6959 2108 2222 3587 
6960 1833 3437 3438 
6961 2017 2347 3463 
6962 1833 1832 3437 
6963 2417 2423 3441 
6964 780 782 3432 
6965 186 187 3436 
6966 2008 2007 3444 
6967 1918 1435 3442 
6968 2674 2673 3565 
6969 2678 3335 3488 
6970 2836 840 3433 
6971 1845 3304 3362 
6972 818 820 3440 
6973 2862 1833 3438 
6974 2830 1190 3439 
6975 399 609 3443 
6976 2682 2683 3450 
6977 3435 1918 3442 
6978 44 45 3449 
6979 2829 2046 3447 
6980 76 77 3451 
6981 3314 2010 3327 
6982 3315 2443 3525 
6983 7 76 3455 
6984 369 3370 3547 
6985 2742 2938 3448 
6986 3017 3360 3462 
6987 153 154 3457 
6988 2504 2989 3459 
6989 3396 2083 3505 
6990 78 79 3460 
6991 1917 2489 3504 
6992 2949 2009 3453 
6993 3093 2302 3534 
6994 2231 2232 3458 
6995 76 3451 3455 
6996 3021 364 3450 
6997 290 3217 3503 
6998 3258 3185 3584 
6999 3373 2040 3382 
7000 2690 3206 3398 
7001 779 777 3469 
7002 2684 3122 3426 
7003 1563 1561 3470 
7004 3111 1999 3446 
7005 330 3307 3582 
7006 1563 3470 3475 
7007 2259 2592 3468 
7008 2125 2126 3576 
7009 1798 1795 3474 
7010 779 3469 3484 
7011 2091 2090 3472 
7012 1594 1563 3475 
7013 2788 2024 3466 
7014 2804 1158 3467 
7015 304 3025 3477 
7016 2895 1239 3464 
7017 2019 3281 3574 
7018 2160 3485 3549 
7019 352 3013 3569 
7020 3071 1582 3550 
7021 3049 346 3472 
7022 774 2804 3471 
7023 153 3457 3551 
7024 316 3017 3462 
7025 2721 2795 3477 
7026 2804 3467 3471 
7027 29 338 3478 
7028 781 779 3484 
7029 294 3015 3465 
7030 376 2318 3456 
7031 94 95 3481 
7032 2558 1926 3497 
7033 156 157 3480 
7034 828 830 3476 
7035 74 75 3483 
7036 2699 2954 3473 
7037 206 207 3482 
7038 2238 269 3517 
7039 3365 1776 3376 
7040 3054 3491 3581 
7041 2140 2327 3572 
7042 2905 1985 3525 
7043 2051 3447 3575 
7044 269 2994 3517 
7045 3325 2054 3381 
7046 2742 3448 3569 
7047 831 1218 3485 
7048 3054 367 3491 
7049 1669 2105 3523 
7050 62 63 3492 
7051 2058 2717 3491 
7052 2236 2237 3493 
7053 2065 2064 3495 
7054 2074 2919 3486 
7055 2074 3486 3490 
7056 2302 344 3534 
7057 2257 2255 3496 
7058 354 3227 3487 
7059 3047 2809 3479 
7060 3398 2674 3565 
7061 2590 3510 3513 
7062 25 340 3498 
7063 1134 2590 3513 
7064 1702 2143 3566 
7065 3491 2717 3581 
7066 3372 2686 3411 
7067 2590 517 3510 
7068 324 3034 3488 
7069 12 106 3507 
7070 2142 2029 3549 
7071 3227 2299 3487 
7072 3496 2255 3509 
7073 2806 1539 3502 
7074 2700 2766 3503 
7075 2060 2059 3552 
7076 2333 2336 3526 
7077 2160 2461 3541 
7078 521 522 3519 
7079 2255 2253 3509 
7080 2090 3049 3472 
7081 2903 1700 3494 
7082 2810 2041 3506 
7083 2095 2026 3528 
7084 1954 2735 3518 
7085 789 787 3529 
7086 2043 2042 3514 
7087 1810 2662 3533 
7088 3235 2056 3568 
7089 525 526 3530 
7090 2462 2463 3539 
7091 3509 2253 3524 
7092 395 393 3522 
7093 183 30 3527 
7094 2035 3211 3454 
7095 3563 396 3573 
7096 1786 1783 3537 
7097 2047 1666 3520 
7098 529 530 3535 
7099 2253 2251 3524 
7100 2210 3201 3515 
7101 394 396 3563 
7102 392 629 3579 
7103 2592 1244 3564 
7104 396 398 3573 
7105 286 5 3546 
7106 3132 2081 3508 
7107 2806 3502 3548 
7108 3526 631 3538 
7109 795 3558 3567 
7110 3103 2074 3490 
7111 112 113 3544 
7112 3217 2700 3503 
7113 132 133 3543 
7114 795 793 3558 
7115 53 54 3542 
7116 2717 3239 3581 
7117 272 170 3536 
7118 3210 3348 3547 
7119 2076 1843 3562 
7120 1275 791 3560 
7121 797 795 3567 
7122 3302 361 3531 
7123 2089 1713 3580 
7124 2027 2130 3532 
7125 64 65 3557 
7126 142 143 3545 
7127 2101 2539 3570 
7128 3389 294 3465 
7129 2094 2093 3553 
7130 2030 2142 3566 
7131 152 153 3551 
7132 3016 291 3521 
7133 3347 2060 3552 
7134 3335 324 3488 
7135 1538 2806 3548 
7136 361 3171 3531 
7137 2110 2109 3583 
7138 2935 64 3557 
7139 340 3394 3498 
7140 343 2274 3574 
7141 2198 3044 3540 
7142 2130 3324 3563 
7143 2799 2798 3578 
7144 2033 2742 3569 
7145 2336 3522 3526 
7146 631 2893 3538 
7147 2057 3328 3568 
7148 148 376 3500 
7149 375 219 3501 
7150 2052 2167 3571 
7151 3015 365 3554 
7152 2893 1151 3555 
7153 2560 3365 3376 
7154 3011 362 3565 
7155 3201 1461 3515 
7156 322 3020 3575 
7157 3012 293 3577 
7158 3465 3015 3554 
7159 3538 2893 3555 
7160 2107 2136 3582 
7161 2127 3288 3436 
7162 2054 3366 3383 
7163 282 3235 3568 
7164 2118 2948 3586 
7165 362 3398 3565 
7166 3048 1221 3585 
7167 620 3373 3382 
7168 378 3252 3512 
7169 3253 377 3511 
7170 297 3054 3581 
7171 2448 375 3561 
7172 3341 2799 3578 
7173 1807 3201 3516 
7174 3400 2496 3404 
7175 3192 276 3559 
7176 2989 3318 3459 
7177 280 3336 3489 
7178 2136 3354 3582 
7179 2165 3210 3547 
7180 3252 147 3512 
7181 40 3253 3511 
7182 3185 2958 3584 
7183 3281 343 3574 
7184 1985 3315 3525 
7185 2830 3439 3441 
7186 1945 3400 3404 
7187 3439 2417 3441 
7188 3239 297 3581 
7189 291 3406 3521 
7190 2067 3443 3452 
7191 3374 2125 3576 
7192 2836 3433 3434 
7193 3433 2412 3434 
7194 3370 2165 3547 
7195 293 3397 3577 
7196 2073 3396 3505 
7197 3482 2140 3572 
7198 3443 609 3452 
7199 3532 2130 3573 
7200 3328 282 3568 
7201 276 3345 3559 
7202 3392 2935 3557 
7203 2105 3504 3523 
7204 3464 1239 3539 
7205 3447 322 3575 
7206 3504 2489 3523 
7207 3476 830 3541 
7208 3468 2592 3564 
7209 3485 1218 3549 
$EndElements
