$MeshFormat
4.1 0 8
$EndMeshFormat
$PhysicalNames
2
1 102 "octagon"
1 103 "hole_round"
$EndPhysicalNames
$Entities
29 28 1 0
1 3 0 0 0 
2 2.121320343559643 2.121320343559642 0 0 
3 1.836909530733566e-16 3 0 0 
4 -2.121320343559642 2.121320343559643 0 0 
5 -3 3.673819061467132e-16 0 0 
6 -2.121320343559643 -2.121320343559642 0 0 
7 -5.510728592200698e-16 -3 0 0 
8 2.121320343559642 -2.121320343559643 0 0 
50 0 0 0 0 
60 0.8 0 0 0 
61 0.7608452130361228 0.2472135954999579 0 0 
62 0.647213595499958 0.4702282018339785 0 0 
63 0.4702282018339785 0.647213595499958 0 0 
64 0.247213595499958 0.7608452130361228 0 0 
65 4.898425415289509e-17 0.8 0 0 
66 -0.2472135954999579 0.760845213036123 0 0 
67 -0.4702282018339785 0.647213595499958 0 0 
68 -0.6472135954999579 0.4702282018339786 0 0 
69 -0.7608452130361228 0.247213595499958 0 0 
70 -0.8 9.796850830579018e-17 0 0 
71 -0.7608452130361231 -0.2472135954999575 0 0 
72 -0.647213595499958 -0.4702282018339785 0 0 
73 -0.4702282018339786 -0.6472135954999579 0 0 
74 -0.2472135954999581 -0.7608452130361228 0 0 
75 -1.469527624586853e-16 -0.8 0 0 
76 0.2472135954999578 -0.760845213036123 0 0 
77 0.4702282018339783 -0.647213595499958 0 0 
78 0.6472135954999579 -0.4702282018339787 0 0 
79 0.7608452130361228 -0.2472135954999581 0 0 
10 2.121320343559643 0 0 3 2.121320343559642 0 1 102 2 1 -2 
11 0 2.121320343559642 0 2.121320343559643 3 0 1 102 2 2 -3 
12 -2.121320343559642 2.121320343559643 0 2.220446049250313e-16 3 0 1 102 2 3 -4 
13 -3 4.440892098500626e-16 0 -2.121320343559642 2.121320343559643 0 1 102 2 4 -5 
14 -3 -2.121320343559642 0 -2.121320343559643 4.440892098500626e-16 0 1 102 2 5 -6 
15 -2.121320343559643 -3 0 -4.440892098500626e-16 -2.121320343559642 0 1 102 2 6 -7 
16 -4.440892098500626e-16 -3 0 2.121320343559642 -2.121320343559643 0 1 102 2 7 -8 
17 2.121320343559642 -2.121320343559643 0 3 0 0 1 102 2 8 -1 
200 0.7608452130361228 0 0 0.8 0.2472135954999579 0 1 103 2 60 -61 
201 0.6472135954999578 0.2472135954999579 0 0.7608452130361227 0.4702282018339785 0 1 103 2 61 -62 
202 0.4702282018339786 0.4702282018339787 0 0.6472135954999583 0.6472135954999583 0 1 103 2 62 -63 
203 0.2472135954999582 0.6472135954999582 0 0.4702282018339788 0.7608452130361232 0 1 103 2 63 -64 
204 2.220446049250313e-16 0.7608452130361227 0 0.2472135954999582 0.8 0 1 103 2 64 -65 
205 -0.2472135954999579 0.7608452130361228 0 5.551115123125783e-17 0.8 0 1 103 2 65 -66 
206 -0.4702282018339785 0.6472135954999582 0 -0.2472135954999579 0.7608452130361231 0 1 103 2 66 -67 
207 -0.647213595499958 0.4702282018339786 0 -0.4702282018339786 0.6472135954999582 0 1 103 2 67 -68 
208 -0.760845213036123 0.2472135954999583 0 -0.6472135954999579 0.4702282018339788 0 1 103 2 68 -69 
209 -0.8 8.326672684688674e-17 0 -0.7608452130361228 0.247213595499958 0 1 103 2 69 -70 
210 -0.8 -0.2472135954999575 0 -0.7608452130361231 9.71445146547012e-17 0 1 103 2 70 -71 
211 -0.7608452130361233 -0.4702282018339786 0 -0.6472135954999582 -0.2472135954999576 0 1 103 2 71 -72 
212 -0.6472135954999582 -0.647213595499958 0 -0.4702282018339786 -0.4702282018339786 0 1 103 2 72 -73 
213 -0.4702282018339788 -0.760845213036123 0 -0.2472135954999583 -0.6472135954999579 0 1 103 2 73 -74 
214 -0.2472135954999581 -0.8 0 -1.110223024625157e-16 -0.7608452130361228 0 1 103 2 74 -75 
215 -1.52655665885959e-16 -0.8 0 0.2472135954999578 -0.7608452130361228 0 1 103 2 75 -76 
216 0.2472135954999578 -0.760845213036123 0 0.4702282018339783 -0.647213595499958 0 1 103 2 76 -77 
217 0.4702282018339783 -0.647213595499958 0 0.6472135954999578 -0.4702282018339786 0 1 103 2 77 -78 
218 0.6472135954999579 -0.4702282018339788 0 0.760845213036123 -0.2472135954999581 0 1 103 2 78 -79 
219 0.7608452130361228 -0.2472135954999581 0 0.8 0 0 1 103 2 79 -60 
1 -3 -3 0 3 3 0 0 28 10 11 12 13 14 15 16 17 -219 -218 -217 -216 -215 -214 -213 -212 -211 -210 -209 -208 -207 -206 -205 -204 -203 -202 -201 -200 
$EndEntities
$Nodes
58 3444 1 3444
0 1 0 1
1
3 0 0
0 2 0 1
2
2.121320343559643 2.121320343559642 0
0 3 0 1
3
1.836909530733566e-16 3 0
0 4 0 1
4
-2.121320343559642 2.121320343559643 0
0 5 0 1
5
-3 3.673819061467132e-16 0
0 6 0 1
6
-2.121320343559643 -2.121320343559642 0
0 7 0 1
7
-5.510728592200698e-16 -3 0
0 8 0 1
8
2.121320343559642 -2.121320343559643 0
0 50 0 1
9
0 0 0
0 60 0 1
10
0.8 0 0
0 61 0 1
11
0.7608452130361228 0.2472135954999579 0
0 62 0 1
12
0.647213595499958 0.4702282018339785 0
0 63 0 1
13
0.4702282018339785 0.647213595499958 0
0 64 0 1
14
0.247213595499958 0.7608452130361228 0
0 65 0 1
15
4.898425415289509e-17 0.8 0
0 66 0 1
16
-0.2472135954999579 0.760845213036123 0
0 67 0 1
17
-0.4702282018339785 0.647213595499958 0
0 68 0 1
18
-0.6472135954999579 0.4702282018339786 0
0 69 0 1
19
-0.7608452130361228 0.247213595499958 0
0 70 0 1
20
-0.8 9.796850830579018e-17 0
0 71 0 1
21
-0.7608452130361231 -0.2472135954999575 0
0 72 0 1
22
-0.647213595499958 -0.4702282018339785 0
0 73 0 1
23
-0.4702282018339786 -0.6472135954999579 0
0 74 0 1
24
-0.2472135954999581 -0.7608452130361228 0
0 75 0 1
25
-1.469527624586853e-16 -0.8 0
0 76 0 1
26
0.2472135954999578 -0.760845213036123 0
0 77 0 1
27
0.4702282018339783 -0.647213595499958 0
0 78 0 1
28
0.6472135954999579 -0.4702282018339787 0
0 79 0 1
29
0.7608452130361228 -0.2472135954999581 0
1 10 0 15
30
31
32
33
34
35
36
37
38
39
40
41
42
43
44
2.9450825214726 0.132582521472184 0
2.89016504294514 0.2651650429445095 0
2.835247564417776 0.3977475644166044 0
2.780330085890424 0.5303300858886714 0
2.725412607363048 0.6629126073607966 0
2.670495128835679 0.7954951288329032 0
2.615577650308336 0.9280776503049486 0
2.560660171780931 1.060660171777141 0
2.505742693253282 1.193242693249926 0
2.450825214725625 1.32582521472273 0
2.395907736197906 1.458407736195681 0
2.340990257670249 1.590990257668484 0
2.286072779142605 1.723572779141257 0
2.231155300614899 1.856155300614177 0
2.176237822087267 1.988737822086919 0
1 11 0 15
45
46
47
48
49
50
51
52
53
54
55
56
57
58
59
1.988737822087379 2.176237822087076 0
1.856155300615108 2.231155300614513 0
1.723572779142985 2.286072779141888 0
1.590990257670764 2.340990257669304 0
1.458407736198771 2.395907736196626 0
1.325825214726655 2.450825214723998 0
1.193242693254625 2.505742693251336 0
1.060660171782435 2.560660171778739 0
0.92807765030953 2.615577650306438 0
0.7954951288368219 2.670495128834056 0
0.6629126073640215 2.725412607361712 0
0.5303300858911097 2.780330085889414 0
0.3977475644181985 2.835247564417116 0
0.2651650429454286 2.890165042944759 0
0.132582521472659 2.945082521472402 0
1 12 0 15
60
61
62
63
64
65
66
67
68
69
70
71
72
73
74
-0.1325825214721838 2.9450825214726 0
-0.2651650429445094 2.89016504294514 0
-0.3977475644166042 2.835247564417776 0
-0.5303300858886711 2.780330085890424 0
-0.6629126073607964 2.725412607363048 0
-0.795495128832903 2.670495128835679 0
-0.9280776503049484 2.615577650308336 0
-1.060660171777141 2.560660171780931 0
-1.193242693249926 2.505742693253282 0
-1.325825214722729 2.450825214725625 0
-1.45840773619568 2.395907736197906 0
-1.590990257668484 2.340990257670249 0
-1.723572779141257 2.286072779142605 0
-1.856155300614177 2.231155300614899 0
-1.988737822086919 2.176237822087267 0
1 13 0 15
75
76
77
78
79
80
81
82
83
84
85
86
87
88
89
-2.17623782208707 1.988737822087393 0
-2.231155300614547 1.856155300615025 0
-2.286072779141917 1.723572779142916 0
-2.340990257669312 1.590990257670746 0
-2.395907736196628 1.458407736198767 0
-2.45082521472401 1.325825214726628 0
-2.505742693251341 1.193242693254611 0
-2.560660171778754 1.060660171782398 0
-2.615577650306447 0.9280776503095072 0
-2.67049512883406 0.7954951288368128 0
-2.725412607361771 0.6629126073638785 0
-2.780330085889422 0.530330085891092 0
-2.835247564417072 0.3977475644183053 0
-2.890165042944771 0.2651650429454013 0
-2.945082521472409 0.1325825214726455 0
1 14 0 15
90
91
92
93
94
95
96
97
98
99
100
101
102
103
104
-2.945082521472597 -0.132582521472189 0
-2.890165042945139 -0.2651650429445129 0
-2.835247564417775 -0.3977475644166061 0
-2.780330085890416 -0.5303300858886901 0
-2.725412607363044 -0.6629126073608045 0
-2.670495128835673 -0.7954951288329187 0
-2.615577650308326 -0.9280776503049718 0
-2.560660171780926 -1.060660171777154 0
-2.505742693253274 -1.193242693249946 0
-2.450825214725613 -1.325825214722757 0
-2.395907736197953 -1.458407736195569 0
-2.340990257670246 -1.590990257668491 0
-2.286072779142553 -1.723572779141382 0
-2.231155300614905 -1.856155300614162 0
-2.17623782208727 -1.988737822086912 0
1 15 0 15
105
106
107
108
109
110
111
112
113
114
115
116
117
118
119
-1.988737822087393 -2.17623782208707 0
-1.856155300615025 -2.231155300614547 0
-1.723572779142916 -2.286072779141917 0
-1.590990257670746 -2.340990257669312 0
-1.458407736198767 -2.395907736196628 0
-1.325825214726628 -2.45082521472401 0
-1.193242693254611 -2.505742693251341 0
-1.060660171782398 -2.560660171778754 0
-0.9280776503095072 -2.615577650306447 0
-0.7954951288368128 -2.67049512883406 0
-0.6629126073638785 -2.725412607361771 0
-0.530330085891092 -2.780330085889422 0
-0.3977475644183053 -2.835247564417072 0
-0.2651650429454013 -2.890165042944771 0
-0.1325825214726455 -2.945082521472409 0
1 16 0 15
120
121
122
123
124
125
126
127
128
129
130
131
132
133
134
0.1325825214721835 -2.9450825214726 0
0.265165042944509 -2.89016504294514 0
0.3977475644166038 -2.835247564417776 0
0.5303300858886708 -2.780330085890424 0
0.662912607360796 -2.725412607363048 0
0.7954951288329026 -2.670495128835679 0
0.928077650304948 -2.615577650308336 0
1.060660171777141 -2.560660171780931 0
1.193242693249926 -2.505742693253282 0
1.325825214722729 -2.450825214725625 0
1.45840773619568 -2.395907736197906 0
1.590990257668484 -2.340990257670249 0
1.723572779141256 -2.286072779142605 0
1.856155300614177 -2.231155300614899 0
1.988737822086919 -2.176237822087267 0
1 17 0 15
135
136
137
138
139
140
141
142
143
144
145
146
147
148
149
2.176237822087079 -1.988737822087371 0
2.231155300614532 -1.856155300615062 0
2.286072779141898 -1.723572779142962 0
2.340990257669304 -1.590990257670764 0
2.39590773619668 -1.458407736198641 0
2.450825214724004 -1.32582521472664 0
2.505742693251345 -1.193242693254602 0
2.560660171778764 -1.060660171782374 0
2.615577650306428 -0.9280776503095529 0
2.670495128834075 -0.7954951288367753 0
2.725412607361721 -0.6629126073639982 0
2.780330085889414 -0.5303300858911097 0
2.835247564417106 -0.3977475644182216 0
2.890165042944753 -0.2651650429454442 0
2.945082521472399 -0.1325825214726668 0
1 200 0 5
150
151
152
153
154
0.7989036277966023 0.0418687651290086 0
0.7956175162656755 0.08362277088949954 0
0.7901506724027186 0.1251475724955606 0
0.782518080517689 0.1663293529804998 0
0.7727406609780165 0.2070552362807043 0
1 201 0 5
155
156
157
158
159
0.7468643411486191 0.2866943597642604 0
0.7308363660048776 0.3253893147059142 0
0.7128052191590607 0.3631924001677395 0
0.6928203228463206 0.4000000003139002 0
0.6709364542591169 0.4357112281617309 0
1 202 0 5
160
161
162
163
164
0.6217167691330209 0.5034563128800736 0
0.5945158602632131 0.5353044852189193 0
0.565685424829441 0.5656854250690357 0
0.535304485002856 0.5945158604577575 0
0.5034563127025306 0.6217167692767924 0
1 203 0 5
165
166
167
168
169
0.4357112280524794 0.6709364543300661 0
0.3999999994500227 0.6928203233450809 0
0.3631923992597757 0.7128052196216917 0
0.3253893141273881 0.7308363662624544 0
0.2866943592060199 0.746864341362908 0
1 204 0 5
170
171
172
173
174
0.2070552361627477 0.7727406610096228 0
0.1663293519620863 0.7825180807341594 0
0.1251475714349085 0.7901506725707096 0
0.08362277022276002 0.7956175163357526 0
0.04186876458098338 0.798903627825323 0
1 205 0 5
175
176
177
178
179
-0.04186876512900856 0.7989036277966023 0
-0.08362277088949949 0.7956175162656755 0
-0.1251475724955606 0.7901506724027186 0
-0.1663293529804997 0.782518080517689 0
-0.2070552362807043 0.7727406609780165 0
1 206 0 5
180
181
182
183
184
-0.2866943597490285 0.7468643411544662 0
-0.3253893146927657 0.730836366010732 0
-0.3631924002495657 0.7128052191173684 0
-0.4000000003421978 0.6928203228299832 0
-0.4357112281948098 0.6709364542376355 0
1 207 0 5
185
186
187
188
189
-0.5034563128693533 0.6217167691417017 0
-0.5353044852161782 0.594515860265681 0
-0.5656854252803557 0.5656854246181207 0
-0.5945158606252656 0.5353044848168189 0
-0.6217167693635335 0.5034563125954141 0
1 208 0 5
190
191
192
193
194
-0.6709364542977504 0.435711228102241 0
-0.6928203233172469 0.3999999994982322 0
-0.7128052195919817 0.3631923993180847 0
-0.7308363662648059 0.3253893141221064 0
-0.7468643413378879 0.2866943592711986 0
1 209 0 5
195
196
197
198
199
-0.772740661063634 0.2070552359611752 0
-0.7825180806384749 0.1663293524122467 0
-0.790150672548328 0.1251475715762187 0
-0.7956175163309054 0.08362277026887757 0
-0.7989036278134932 0.04186876480670801 0
1 210 0 5
200
201
202
203
204
-0.7989036277996768 -0.04186876507034373 0
-0.7956175162753116 -0.08362277079781695 0
-0.7901506724260059 -0.1251475723485311 0
-0.7825180805479536 -0.1663293528381161 0
-0.7727406610140427 -0.2070552361462527 0
1 211 0 5
205
206
207
208
209
-0.7468643411206387 -0.2866943598371525 0
-0.7308363659718534 -0.3253893147800885 0
-0.7128052191256004 -0.3631924002334097 0
-0.6928203228395021 -0.4000000003257106 0
-0.6709364542329123 -0.435711228202083 0
1 212 0 5
210
211
212
213
214
-0.6217167691417017 -0.5034563128693533 0
-0.594515860265681 -0.5353044852161782 0
-0.5656854246181207 -0.5656854252803557 0
-0.5353044848168189 -0.5945158606252656 0
-0.5034563125954141 -0.6217167693635335 0
1 213 0 5
215
216
217
218
219
-0.435711228102241 -0.6709364542977504 0
-0.3999999994982322 -0.6928203233172469 0
-0.3631923993180847 -0.7128052195919817 0
-0.3253893141221064 -0.7308363662648059 0
-0.2866943592711986 -0.7468643413378879 0
1 214 0 5
220
221
222
223
224
-0.2070552359548291 -0.7727406610653345 0
-0.16632935239449 -0.7825180806422493 0
-0.1251475715606991 -0.7901506725507862 0
-0.08362277029477561 -0.7956175163281834 0
-0.04186876477795065 -0.7989036278150004 0
1 215 0 5
225
226
227
228
229
0.04186876512900846 -0.7989036277966023 0
0.08362277088949939 -0.7956175162656755 0
0.1251475724955605 -0.7901506724027186 0
0.1663293529804996 -0.782518080517689 0
0.2070552362807042 -0.7727406609780165 0
1 216 0 5
230
231
232
233
234
0.2866943597869011 -0.7468643411399282 0
0.3253893147229789 -0.7308363659972801 0
0.3631924002771245 -0.7128052191033264 0
0.4000000002432366 -0.6928203228871183 0
0.4357112281581145 -0.6709364542614654 0
1 217 0 5
235
236
237
238
239
0.5034563128927576 -0.6217167691227492 0
0.5353044851439185 -0.5945158603307439 0
0.5656854250343578 -0.5656854248641182 0
0.5945158604067609 -0.535304485059493 0
0.6217167691850813 -0.5034563128157838 0
1 218 0 5
240
241
242
243
244
0.6709364543817017 -0.4357112279729671 0
0.6928203231016981 -0.3999999998715735 0
0.7128052195000426 -0.3631923994985251 0
0.7308363662432472 -0.3253893141705281 0
0.7468643412900917 -0.2866943593957116 0
1 219 0 5
245
246
247
248
249
0.7727406610724253 -0.2070552359283658 0
0.7825180806391254 -0.1663293524091857 0
0.7901506725348858 -0.1251475716610904 0
0.7956175163149569 -0.08362277042061814 0
0.7989036278089009 -0.04186876489433558 0
2 1 0 3195
250
251
252
253
254
255
256
257
258
259
260
261
262
263
264
265
266
267
268
269
270
271
272
273
274
275
276
277
278
279
280
281
282
283
284
285
286
287
288
289
290
291
292
293
294
295
296
297
298
299
300
301
302
303
304
305
306
307
308
309
310
311
312
313
314
315
316
317
318
319
320
321
322
323
324
325
326
327
328
329
330
331
332
333
334
335
336
337
338
339
340
341
342
343
344
345
346
347
348
349
350
351
352
353
354
355
356
357
358
359
360
361
362
363
364
365
366
367
368
369
370
371
372
373
374
375
376
377
378
379
380
381
382
383
384
385
386
387
388
389
390
391
392
393
394
395
396
397
398
399
400
401
402
403
404
405
406
407
408
409
410
411
412
413
414
415
416
417
418
419
420
421
422
423
424
425
426
427
428
429
430
431
432
433
434
435
436
437
438
439
440
441
442
443
444
445
446
447
448
449
450
451
452
453
454
455
456
457
458
459
460
461
462
463
464
465
466
467
468
469
470
471
472
473
474
475
476
477
478
479
480
481
482
483
484
485
486
487
488
489
490
491
492
493
494
495
496
497
498
499
500
501
502
503
504
505
506
507
508
509
510
511
512
513
514
515
516
517
518
519
520
521
522
523
524
525
526
527
528
529
530
531
532
533
534
535
536
537
538
539
540
541
542
543
544
545
546
547
548
549
550
551
552
553
554
555
556
557
558
559
560
561
562
563
564
565
566
567
568
569
570
571
572
573
574
575
576
577
578
579
580
581
582
583
584
585
586
587
588
589
590
591
592
593
594
595
596
597
598
599
600
601
602
603
604
605
606
607
608
609
610
611
612
613
614
615
616
617
618
619
620
621
622
623
624
625
626
627
628
629
630
631
632
633
634
635
636
637
638
639
640
641
642
643
644
645
646
647
648
649
650
651
652
653
654
655
656
657
658
659
660
661
662
663
664
665
666
667
668
669
670
671
672
673
674
675
676
677
678
679
680
681
682
683
684
685
686
687
688
689
690
691
692
693
694
695
696
697
698
699
700
701
702
703
704
705
706
707
708
709
710
711
712
713
714
715
716
717
718
719
720
721
722
723
724
725
726
727
728
729
730
731
732
733
734
735
736
737
738
739
740
741
742
743
744
745
746
747
748
749
750
751
752
753
754
755
756
757
758
759
760
761
762
763
764
765
766
767
768
769
770
771
772
773
774
775
776
777
778
779
780
781
782
783
784
785
786
787
788
789
790
791
792
793
794
795
796
797
798
799
800
801
802
803
804
805
806
807
808
809
810
811
812
813
814
815
816
817
818
819
820
821
822
823
824
825
826
827
828
829
830
831
832
833
834
835
836
837
838
839
840
841
842
843
844
845
846
847
848
849
850
851
852
853
854
855
856
857
858
859
860
861
862
863
864
865
866
867
868
869
870
871
872
873
874
875
876
877
878
879
880
881
882
883
884
885
886
887
888
889
890
891
892
893
894
895
896
897
898
899
900
901
902
903
904
905
906
907
908
909
910
911
912
913
914
915
916
917
918
919
920
921
922
923
924
925
926
927
928
929
930
931
932
933
934
935
936
937
938
939
940
941
942
943
944
945
946
947
948
949
950
951
952
953
954
955
956
957
958
959
960
961
962
963
964
965
966
967
968
969
970
971
972
973
974
975
976
977
978
979
980
981
982
983
984
985
986
987
988
989
990
991
992
993
994
995
996
997
998
999
1000
1001
1002
1003
1004
1005
1006
1007
1008
1009
1010
1011
1012
1013
1014
1015
1016
1017
1018
1019
1020
1021
1022
1023
1024
1025
1026
1027
1028
1029
1030
1031
1032
1033
1034
1035
1036
1037
1038
1039
1040
1041
1042
1043
1044
1045
1046
1047
1048
1049
1050
1051
1052
1053
1054
1055
1056
1057
1058
1059
1060
1061
1062
1063
1064
1065
1066
1067
1068
1069
1070
1071
1072
1073
1074
1075
1076
1077
1078
1079
1080
1081
1082
1083
1084
1085
1086
1087
1088
1089
1090
1091
1092
1093
1094
1095
1096
1097
1098
1099
1100
1101
1102
1103
1104
1105
1106
1107
1108
1109
1110
1111
1112
1113
1114
1115
1116
1117
1118
1119
1120
1121
1122
1123
1124
1125
1126
1127
1128
1129
1130
1131
1132
1133
1134
1135
1136
1137
1138
1139
1140
1141
1142
1143
1144
1145
1146
1147
1148
1149
1150
1151
1152
1153
1154
1155
1156
1157
1158
1159
1160
1161
1162
1163
1164
1165
1166
1167
1168
1169
1170
1171
1172
1173
1174
1175
1176
1177
1178
1179
1180
1181
1182
1183
1184
1185
1186
1187
1188
1189
1190
1191
1192
1193
1194
1195
1196
1197
1198
1199
1200
1201
1202
1203
1204
1205
1206
1207
1208
1209
1210
1211
1212
1213
1214
1215
1216
1217
1218
1219
1220
1221
1222
1223
1224
1225
1226
1227
1228
1229
1230
1231
1232
1233
1234
1235
1236
1237
1238
1239
1240
1241
1242
1243
1244
1245
1246
1247
1248
1249
1250
1251
1252
1253
1254
1255
1256
1257
1258
1259
1260
1261
1262
1263
1264
1265
1266
1267
1268
1269
1270
1271
1272
1273
1274
1275
1276
1277
1278
1279
1280
1281
1282
1283
1284
1285
1286
1287
1288
1289
1290
1291
1292
1293
1294
1295
1296
1297
1298
1299
1300
1301
1302
1303
1304
1305
1306
1307
1308
1309
1310
1311
1312
1313
1314
1315
1316
1317
1318
1319
1320
1321
1322
1323
1324
1325
1326
1327
1328
1329
1330
1331
1332
1333
1334
1335
1336
1337
1338
1339
1340
1341
1342
1343
1344
1345
1346
1347
1348
1349
1350
1351
1352
1353
1354
1355
1356
1357
1358
1359
1360
1361
1362
1363
1364
1365
1366
1367
1368
1369
1370
1371
1372
1373
1374
1375
1376
1377
1378
1379
1380
1381
1382
1383
1384
1385
1386
1387
1388
1389
1390
1391
1392
1393
1394
1395
1396
1397
1398
1399
1400
1401
1402
1403
1404
1405
1406
1407
1408
1409
1410
1411
1412
1413
1414
1415
1416
1417
1418
1419
1420
1421
1422
1423
1424
1425
1426
1427
1428
1429
1430
1431
1432
1433
1434
1435
1436
1437
1438
1439
1440
1441
1442
1443
1444
1445
1446
1447
1448
1449
1450
1451
1452
1453
1454
1455
1456
1457
1458
1459
1460
1461
1462
1463
1464
1465
1466
1467
1468
1469
1470
1471
1472
1473
1474
1475
1476
1477
1478
1479
1480
1481
1482
1483
1484
1485
1486
1487
1488
1489
1490
1491
1492
1493
1494
1495
1496
1497
1498
1499
1500
1501
1502
1503
1504
1505
1506
1507
1508
1509
1510
1511
1512
1513
1514
1515
1516
1517
1518
1519
1520
1521
1522
1523
1524
1525
1526
1527
1528
1529
1530
1531
1532
1533
1534
1535
1536
1537
1538
1539
1540
1541
1542
1543
1544
1545
1546
1547
1548
1549
1550
1551
1552
1553
1554
1555
1556
1557
1558
1559
1560
1561
1562
1563
1564
1565
1566
1567
1568
1569
1570
1571
1572
1573
1574
1575
1576
1577
1578
1579
1580
1581
1582
1583
1584
1585
1586
1587
1588
1589
1590
1591
1592
1593
1594
1595
1596
1597
1598
1599
1600
1601
1602
1603
1604
1605
1606
1607
1608
1609
1610
1611
1612
1613
1614
1615
1616
1617
1618
1619
1620
1621
1622
1623
1624
1625
1626
1627
1628
1629
1630
1631
1632
1633
1634
1635
1636
1637
1638
1639
1640
1641
1642
1643
1644
1645
1646
1647
1648
1649
1650
1651
1652
1653
1654
1655
1656
1657
1658
1659
1660
1661
1662
1663
1664
1665
1666
1667
1668
1669
1670
1671
1672
1673
1674
1675
1676
1677
1678
1679
1680
1681
1682
1683
1684
1685
1686
1687
1688
1689
1690
1691
1692
1693
1694
1695
1696
1697
1698
1699
1700
1701
1702
1703
1704
1705
1706
1707
1708
1709
1710
1711
1712
1713
1714
1715
1716
1717
1718
1719
1720
1721
1722
1723
1724
1725
1726
1727
1728
1729
1730
1731
1732
1733
1734
1735
1736
1737
1738
1739
1740
1741
1742
1743
1744
1745
1746
1747
1748
1749
1750
1751
1752
1753
1754
1755
1756
1757
1758
1759
1760
1761
1762
1763
1764
1765
1766
1767
1768
1769
1770
1771
1772
1773
1774
1775
1776
1777
1778
1779
1780
1781
1782
1783
1784
1785
1786
1787
1788
1789
1790
1791
1792
1793
1794
1795
1796
1797
1798
1799
1800
1801
1802
1803
1804
1805
1806
1807
1808
1809
1810
1811
1812
1813
1814
1815
1816
1817
1818
1819
1820
1821
1822
1823
1824
1825
1826
1827
1828
1829
1830
1831
1832
1833
1834
1835
1836
1837
1838
1839
1840
1841
1842
1843
1844
1845
1846
1847
1848
1849
1850
1851
1852
1853
1854
1855
1856
1857
1858
1859
1860
1861
1862
1863
1864
1865
1866
1867
1868
1869
1870
1871
1872
1873
1874
1875
1876
1877
1878
1879
1880
1881
1882
1883
1884
1885
1886
1887
1888
1889
1890
1891
1892
1893
1894
1895
1896
1897
1898
1899
1900
1901
1902
1903
1904
1905
1906
1907
1908
1909
1910
1911
1912
1913
1914
1915
1916
1917
1918
1919
1920
1921
1922
1923
1924
1925
1926
1927
1928
1929
1930
1931
1932
1933
1934
1935
1936
1937
1938
1939
1940
1941
1942
1943
1944
1945
1946
1947
1948
1949
1950
1951
1952
1953
1954
1955
1956
1957
1958
1959
1960
1961
1962
1963
1964
1965
1966
1967
1968
1969
1970
1971
1972
1973
1974
1975
1976
1977
1978
1979
1980
1981
1982
1983
1984
1985
1986
1987
1988
1989
1990
1991
1992
1993
1994
1995
1996
1997
1998
1999
2000
2001
2002
2003
2004
2005
2006
2007
2008
2009
2010
2011
2012
2013
2014
2015
2016
2017
2018
2019
2020
2021
2022
2023
2024
2025
2026
2027
2028
2029
2030
2031
2032
2033
2034
2035
2036
2037
2038
2039
2040
2041
2042
2043
2044
2045
2046
2047
2048
2049
2050
2051
2052
2053
2054
2055
2056
2057
2058
2059
2060
2061
2062
2063
2064
2065
2066
2067
2068
2069
2070
2071
2072
2073
2074
2075
2076
2077
2078
2079
2080
2081
2082
2083
2084
2085
2086
2087
2088
2089
2090
2091
2092
2093
2094
2095
2096
2097
2098
2099
2100
2101
2102
2103
2104
2105
2106
2107
2108
2109
2110
2111
2112
2113
2114
2115
2116
2117
2118
2119
2120
2121
2122
2123
2124
2125
2126
2127
2128
2129
2130
2131
2132
2133
2134
2135
2136
2137
2138
2139
2140
2141
2142
2143
2144
2145
2146
2147
2148
2149
2150
2151
2152
2153
2154
2155
2156
2157
2158
2159
2160
2161
2162
2163
2164
2165
2166
2167
2168
2169
2170
2171
2172
2173
2174
2175
2176
2177
2178
2179
2180
2181
2182
2183
2184
2185
2186
2187
2188
2189
2190
2191
2192
2193
2194
2195
2196
2197
2198
2199
2200
2201
2202
2203
2204
2205
2206
2207
2208
2209
2210
2211
2212
2213
2214
2215
2216
2217
2218
2219
2220
2221
2222
2223
2224
2225
2226
2227
2228
2229
2230
2231
2232
2233
2234
2235
2236
2237
2238
2239
2240
2241
2242
2243
2244
2245
2246
2247
2248
2249
2250
2251
2252
2253
2254
2255
2256
2257
2258
2259
2260
2261
2262
2263
2264
2265
2266
2267
2268
2269
2270
2271
2272
2273
2274
2275
2276
2277
2278
2279
2280
2281
2282
2283
2284
2285
2286
2287
2288
2289
2290
2291
2292
2293
2294
2295
2296
2297
2298
2299
2300
2301
2302
2303
2304
2305
2306
2307
2308
2309
2310
2311
2312
2313
2314
2315
2316
2317
2318
2319
2320
2321
2322
2323
2324
2325
2326
2327
2328
2329
2330
2331
2332
2333
2334
2335
2336
2337
2338
2339
2340
2341
2342
2343
2344
2345
2346
2347
2348
2349
2350
2351
2352
2353
2354
2355
2356
2357
2358
2359
2360
2361
2362
2363
2364
2365
2366
2367
2368
2369
2370
2371
2372
2373
2374
2375
2376
2377
2378
2379
2380
2381
2382
2383
2384
2385
2386
2387
2388
2389
2390
2391
2392
2393
2394
2395
2396
2397
2398
2399
2400
2401
2402
2403
2404
2405
2406
2407
2408
2409
2410
2411
2412
2413
2414
2415
2416
2417
2418
2419
2420
2421
2422
2423
2424
2425
2426
2427
2428
2429
2430
2431
2432
2433
2434
2435
2436
2437
2438
2439
2440
2441
2442
2443
2444
2445
2446
2447
2448
2449
2450
2451
2452
2453
2454
2455
2456
2457
2458
2459
2460
2461
2462
2463
2464
2465
2466
2467
2468
2469
2470
2471
2472
2473
2474
2475
2476
2477
2478
2479
2480
2481
2482
2483
2484
2485
2486
2487
2488
2489
2490
2491
2492
2493
2494
2495
2496
2497
2498
2499
2500
2501
2502
2503
2504
2505
2506
2507
2508
2509
2510
2511
2512
2513
2514
2515
2516
2517
2518
2519
2520
2521
2522
2523
2524
2525
2526
2527
2528
2529
2530
2531
2532
2533
2534
2535
2536
2537
2538
2539
2540
2541
2542
2543
2544
2545
2546
2547
2548
2549
2550
2551
2552
2553
2554
2555
2556
2557
2558
2559
2560
2561
2562
2563
2564
2565
2566
2567
2568
2569
2570
2571
2572
2573
2574
2575
2576
2577
2578
2579
2580
2581
2582
2583
2584
2585
2586
2587
2588
2589
2590
2591
2592
2593
2594
2595
2596
2597
2598
2599
2600
2601
2602
2603
2604
2605
2606
2607
2608
2609
2610
2611
2612
2613
2614
2615
2616
2617
2618
2619
2620
2621
2622
2623
2624
2625
2626
2627
2628
2629
2630
2631
2632
2633
2634
2635
2636
2637
2638
2639
2640
2641
2642
2643
2644
2645
2646
2647
2648
2649
2650
2651
2652
2653
2654
2655
2656
2657
2658
2659
2660
2661
2662
2663
2664
2665
2666
2667
2668
2669
2670
2671
2672
2673
2674
2675
2676
2677
2678
2679
2680
2681
2682
2683
2684
2685
2686
2687
2688
2689
2690
2691
2692
2693
2694
2695
2696
2697
2698
2699
2700
2701
2702
2703
2704
2705
2706
2707
2708
2709
2710
2711
2712
2713
2714
2715
2716
2717
2718
2719
2720
2721
2722
2723
2724
2725
2726
2727
2728
2729
2730
2731
2732
2733
2734
2735
2736
2737
2738
2739
2740
2741
2742
2743
2744
2745
2746
2747
2748
2749
2750
2751
2752
2753
2754
2755
2756
2757
2758
2759
2760
2761
2762
2763
2764
2765
2766
2767
2768
2769
2770
2771
2772
2773
2774
2775
2776
2777
2778
2779
2780
2781
2782
2783
2784
2785
2786
2787
2788
2789
2790
2791
2792
2793
2794
2795
2796
2797
2798
2799
2800
2801
2802
2803
2804
2805
2806
2807
2808
2809
2810
2811
2812
2813
2814
2815
2816
2817
2818
2819
2820
2821
2822
2823
2824
2825
2826
2827
2828
2829
2830
2831
2832
2833
2834
2835
2836
2837
2838
2839
2840
2841
2842
2843
2844
2845
2846
2847
2848
2849
2850
2851
2852
2853
2854
2855
2856
2857
2858
2859
2860
2861
2862
2863
2864
2865
2866
2867
2868
2869
2870
2871
2872
2873
2874
2875
2876
2877
2878
2879
2880
2881
2882
2883
2884
2885
2886
2887
2888
2889
2890
2891
2892
2893
2894
2895
2896
2897
2898
2899
2900
2901
2902
2903
2904
2905
2906
2907
2908
2909
2910
2911
2912
2913
2914
2915
2916
2917
2918
2919
2920
2921
2922
2923
2924
2925
2926
2927
2928
2929
2930
2931
2932
2933
2934
2935
2936
2937
2938
2939
2940
2941
2942
2943
2944
2945
2946
2947
2948
2949
2950
2951
2952
2953
2954
2955
2956
2957
2958
2959
2960
2961
2962
2963
2964
2965
2966
2967
2968
2969
2970
2971
2972
2973
2974
2975
2976
2977
2978
2979
2980
2981
2982
2983
2984
2985
2986
2987
2988
2989
2990
2991
2992
2993
2994
2995
2996
2997
2998
2999
3000
3001
3002
3003
3004
3005
3006
3007
3008
3009
3010
3011
3012
3013
3014
3015
3016
3017
3018
3019
3020
3021
3022
3023
3024
3025
3026
3027
3028
3029
3030
3031
3032
3033
3034
3035
3036
3037
3038
3039
3040
3041
3042
3043
3044
3045
3046
3047
3048
3049
3050
3051
3052
3053
3054
3055
3056
3057
3058
3059
3060
3061
3062
3063
3064
3065
3066
3067
3068
3069
3070
3071
3072
3073
3074
3075
3076
3077
3078
3079
3080
3081
3082
3083
3084
3085
3086
3087
3088
3089
3090
3091
3092
3093
3094
3095
3096
3097
3098
3099
3100
3101
3102
3103
3104
3105
3106
3107
3108
3109
3110
3111
3112
3113
3114
3115
3116
3117
3118
3119
3120
3121
3122
3123
3124
3125
3126
3127
3128
3129
3130
3131
3132
3133
3134
3135
3136
3137
3138
3139
3140
3141
3142
3143
3144
3145
3146
3147
3148
3149
3150
3151
3152
3153
3154
3155
3156
3157
3158
3159
3160
3161
3162
3163
3164
3165
3166
3167
3168
3169
3170
3171
3172
3173
3174
3175
3176
3177
3178
3179
3180
3181
3182
3183
3184
3185
3186
3187
3188
3189
3190
3191
3192
3193
3194
3195
3196
3197
3198
3199
3200
3201
3202
3203
3204
3205
3206
3207
3208
3209
3210
3211
3212
3213
3214
3215
3216
3217
3218
3219
3220
3221
3222
3223
3224
3225
3226
3227
3228
3229
3230
3231
3232
3233
3234
3235
3236
3237
3238
3239
3240
3241
3242
3243
3244
3245
3246
3247
3248
3249
3250
3251
3252
3253
3254
3255
3256
3257
3258
3259
3260
3261
3262
3263
3264
3265
3266
3267
3268
3269
3270
3271
3272
3273
3274
3275
3276
3277
3278
3279
3280
3281
3282
3283
3284
3285
3286
3287
3288
3289
3290
3291
3292
3293
3294
3295
3296
3297
3298
3299
3300
3301
3302
3303
3304
3305
3306
3307
3308
3309
3310
3311
3312
3313
3314
3315
3316
3317
3318
3319
3320
3321
3322
3323
3324
3325
3326
3327
3328
3329
3330
3331
3332
3333
3334
3335
3336
3337
3338
3339
3340
3341
3342
3343
3344
3345
3346
3347
3348
3349
3350
3351
3352
3353
3354
3355
3356
3357
3358
3359
3360
3361
3362
3363
3364
3365
3366
3367
3368
3369
3370
3371
3372
3373
3374
3375
3376
3377
3378
3379
3380
3381
3382
3383
3384
3385
3386
3387
3388
3389
3390
3391
3392
3393
3394
3395
3396
3397
3398
3399
3400
3401
3402
3403
3404
3405
3406
3407
3408
3409
3410
3411
3412
3413
3414
3415
3416
3417
3418
3419
3420
3421
3422
3423
3424
3425
3426
3427
3428
3429
3430
3431
3432
3433
3434
3435
3436
3437
3438
3439
3440
3441
3442
3443
3444
0.02127242613404186 0.8361517478847724 0
-0.1455097697217737 0.820871599797631 0
0.1946239843238147 0.8111807924076243 0
-0.3179403499718234 0.7724953029069157 0
0.3590766164294519 0.754179587599771 0
0.5089231564933933 0.6632415705203071 0
0.6364063692680504 0.5405767217113544 0
0.7378201799387181 0.3974823784441195 0
-0.4734080266358383 0.6879601074398993 0
-0.6087140029240675 0.5767412752047741 0
0.8027695049936552 0.2377681995353797 0
0.8322706189114508 0.06560278613901716 0
0.8288456271862699 -0.1091195966329168 0
0.7880461216576453 -0.2790617675469499 0
0.710980479543778 -0.4355514732984323 0
0.6057179374065494 -0.574156672859534 0
0.4723265917921669 -0.6873335951683324 0
0.3199779368694817 -0.7722397223985873 0
0.1523484812071847 -0.8219988445332354 0
-0.02136663783065976 -0.8329247819268226 0
-0.7108430733883657 0.4354745807297283 0
-0.7867431734778246 0.27824267561025 0
-0.8280012031198367 0.1084118986931922 0
-0.8334206016932136 -0.06559162399274492 0
-0.8015710963768633 -0.2374361759546164 0
-0.7292265856587273 -0.396799277752897 0
-0.6375220627510917 -0.5380194698911932 0
-0.508923156364715 -0.663241570470912 0
-0.3580817698868163 -0.7544364464882509 0
-0.1951597879115076 -0.8128990206076986 0
1.624806890499773 2.188164518772634 0
-2.685680766531651 0.3985460759416455 0
-1.6109367472927 -2.200189025137917 0
2.675363554092776 -0.4033969105421019 0
-0.4164788936361637 2.692968993461494 0
1.609721586888143 -2.19871168671321 0
-1.589613863323216 2.199424122670464 0
0.4114613447157057 -2.696657522252667 0
0.5656331801871353 2.650089093238034 0
2.269868022948278 -1.473466112738053 0
-2.256809516270762 1.475109347400487 0
-0.5499458526953231 -2.643456994621197 0
2.655922433981862 0.5528686243291416 0
-2.265766290030416 -1.490285044817632 0
2.258541610859338 1.456995719476997 0
-2.647037076896993 -0.5403755732374678 0
-0.9584058836526662 2.474979999332236 0
0.9596262517007209 -2.480344856663574 0
1.075424122860542 2.428498858891031 0
-2.476553676716392 0.94474265052588 0
2.47632670817926 -0.9461417962860056 0
-1.079402532415132 -2.422101581882153 0
2.471886366075013 0.9521276854006386 0
-2.420497355185558 -1.07330541025825 0
2.105470792862636 1.860444278807367 0
-2.802803950516197 -0.1513138506918514 0
-2.082403008562838 -1.847378693542424 0
2.791728540765058 0.1593858934371822 0
0.1472930563466176 2.800530076320632 0
2.087282064096875 -1.883065930670115 0
-2.097575361269192 1.84768547049865 0
-0.1506397781294448 -2.80868245028043 0
0.1079847120229913 0.8302007868281219 0
0.5417731378172299 -0.6341212394086251 0
0.6633007126992387 -0.5094837728050334 0
0.4360625526485212 0.7117160984952053 0
-0.8380236300304948 0.02055536121403526 0
-0.5429370771079222 0.6356976409879445 0
-0.4034306894605938 0.7344221896897267 0
0.2371568228282449 -0.7998492747453021 0
-0.06369947858585064 0.8311342805956217 0
-0.2352158063634575 0.8021972812023287 0
0.3989036280754125 -0.7346890876182106 0
0.5743437277063925 0.6056802218389818 0
0.7739474867270846 0.3196381360588024 0
-0.770875098778277 -0.3184266968985462 0
0.8251982307358183 0.1537335111782652 0
-0.6880123548475205 -0.4731410120268867 0
0.2784872818184203 0.789116605565215 0
-0.8153886800241287 0.1938839712391596 0
-0.7553492184058335 0.3553467810890364 0
-0.2782261299005079 -0.7877278613267438 0
0.7578259328089026 -0.3611183928484226 0
-0.4396013394165595 -0.7140370229315685 0
0.8150004635527802 -0.1937140931737219 0
-0.5761402201277563 -0.6036725222393697 0
0.834823889428054 -0.0218392677867118 0
0.6894326299638067 0.4726092764090152 0
-0.8219988445640346 -0.1523484810564361 0
-0.6626252028806532 0.5083111958809778 0
0.06638390572139843 -0.8369272843900349 0
-0.1078812365540597 -0.8319655666257316 0
-1.201654695033301 2.36681313438648 0
-0.6829396401483152 2.594735064437979 0
1.218560581722803 -2.365695965194579 0
0.6816439365803718 -2.58313403640675 0
1.352506106568674 2.315629732284921 0
-2.58572599733602 0.6812993648508638 0
-1.342470599110653 -2.304934136255515 0
2.583134036404677 -0.6816439365836579 0
2.357996273264074 1.221161596822244 0
-2.527231172096304 -0.8180548241455782 0
0.8245417232212077 2.532087091648735 0
2.372482280193497 -1.200223560599642 0
-2.347463315074248 1.213121716370596 0
-0.8267031101515965 -2.536295769129595 0
1.874886629834724 2.08887672965808 0
-2.798444246984677 0.1772453734171877 0
-1.873849582984071 -2.091346884656856 0
2.812264221519913 -0.1558181415337804 0
-0.1372779779979122 2.799083142389176 0
1.87623281537758 -2.092828751203206 0
-1.875379524771023 2.089070612198408 0
0.1528070837886898 -2.802928533589504 0
0.06443855746033222 0.834987282071152 0
0.04387493159323491 0.8734638254220147 0
-0.0004757362366432175 0.8741025421401006 0
0.02210810759575535 0.9137039484021632 0
0.06888897378230598 0.9130435723763901 0
0.04620855182870515 0.9538275921938038 0
0.09505750893491363 0.9537237388531221 0
0.06618350515267465 1.002920909614624 0
0.1231292364802247 0.9975988086724661 0
0.09827262864203232 1.04424137987434 0
0.1531415812218203 1.042307882601342 0
0.1260076537837489 1.091329380717042 0
0.07163334831879556 1.093580534802365 0
0.1823766860780579 1.089894556843988 0
0.09881592398794217 1.142302137862732 0
0.03946684240743832 1.14216142440753 0
0.06974719077578746 1.19490506980583 0
0.005937241950189786 1.195037083959106 0
0.0392921713856094 1.250688407077946 0
-0.02641991714219778 1.251472623600503 0
0.006170918980490441 1.308298674496531 0
0.06810808778538506 1.311386379272894 0
-0.06080464636498358 1.309699265555594 0
-0.02711009885993179 1.36925141378729 0
-0.09751457447429812 1.370901327116482 0
-0.05993286908168603 1.433741797354651 0
-0.135297466498654 1.434951914353255 0
-0.09618890186031775 1.501099345845758 0
-0.1740793003245321 1.501800304851536 0
-0.2131824109088448 1.439142894083989 0
-0.2533239316376761 1.502778602646775 0
-0.2928973071360192 1.438407406383809 0
-0.3336759753793492 1.502702864868613 0
-0.3734025051223767 1.431416292618559 0
-0.4148693526894288 1.500922121017402 0
-0.4554790359218939 1.428879387506088 0
-0.1342210786809338 1.571180576144962 0
-0.0532440177219882 1.569462791625226 0
-0.4980336872641539 1.497579198110039 0
-0.5375002404793465 1.428883962183285 0
-0.09248603883956079 1.642433529639418 0
-0.005465559287113099 1.640187953021654 0
-0.4603398265485614 1.561902308417012 0
-0.5822886866897808 1.500924689187831 0
-0.6222062782296873 1.431920052761909 0
-0.6638108185133684 1.505364429126184 0
-0.7105659623095849 1.430507133173478 0
-0.7565463842025372 1.503210640310699 0
-0.8002926144320194 1.425053169300425 0
-0.7543686727629503 1.347129673257203 0
-0.8456689319425643 1.347256029206764 0
-0.8898071321074676 1.422008326837479 0
-0.9327627174555069 1.343105759884027 0
-0.8913046038610897 1.269392766782958 0
-0.9744880558395819 1.264295399279947 0
-1.022544462866487 1.339781112434896 0
-1.064069204912043 1.2594105028347 0
-1.016296753742856 1.186693300914376 0
-1.104483598592113 1.17970111546299 0
-1.056432213400268 1.107964490445566 0
-1.143681252540381 1.101021117157987 0
-1.098257036240577 1.026271541412905 0
-1.182532102040871 1.023011551491645 0
-1.138807529887577 0.9485699847836352 0
-1.220811939078832 0.9466235879847075 0
-1.17626995396258 0.8755214516866057 0
-1.258253918610497 0.8719679779105709 0
-1.212958173335621 0.8030062060379877 0
-1.29944363591894 0.8002936135311307 0
-1.250976446080708 0.7301142814275742 0
-1.33727874913703 0.7272645108522875 0
-1.287228197610781 0.6556823936916878 0
-1.370194826546326 0.6518419057145224 0
-1.31617092828971 0.5714513416758713 0
-1.405244639140584 0.5765058450241846 0
-1.361363999559314 0.509512690602122 0
-1.44345681783155 0.5047619463679589 0
-1.402123857821887 0.4377976174476145 0
-1.481739671873141 0.4317907551117262 0
-1.435586335316728 0.3621732893874416 0
-1.518903135559085 0.3575138267738825 0
-1.477165716556362 0.2893194608490351 0
-1.558082194246882 0.2829880360494902 0
-1.510780904647545 0.2117562462672862 0
-1.596578515496411 0.206796634678996 0
-1.549223378141717 0.1352360226137825 0
-1.635863280628091 0.1296145901656474 0
-1.589242558577442 0.05613722640380329 0
-1.677373067222683 0.05044833474864986 0
-1.627992356856218 -0.02397301192273562 0
-1.349341101436397 0.8781223289859691 0
-1.19082045495008 1.180839981881725 0
-1.543794975817742 -0.01637228056934528 0
-1.579934102902961 -0.09835975267542368 0
-0.04823827283048882 1.717252955463009 0
0.04245790683877974 1.714656756756707 0
-1.487619300699383 0.573444022912443 0
-1.667337585205303 -0.1044252283010471 0
-1.615799560013688 -0.1777039156303271 0
-1.529731397998447 -0.1720284548968794 0
-1.564435143243618 -0.2497309827476647 0
-1.479067039126806 -0.2434889766312252 0
-1.515150510876251 -0.3206173210222905 0
-1.431031076411414 -0.3139646461342437 0
-1.465659469801048 -0.3910702088551035 0
-1.551611317832876 -0.398524107329414 0
-1.500922979983189 -0.4682327442623493 0
-1.416040090100079 -0.4603397267861795 0
-1.450482586628282 -0.5371042939072925 0
-1.366612956275667 -0.5282602255582658 0
-1.400562731520246 -0.6048696628040269 0
-1.3030726646461 -0.5914407966780326 0
-1.348712034705355 -0.671201007798601 0
-1.260519274215549 -0.6652339540660039 0
-1.300002489373272 -0.7384060958716684 0
-1.216837882097762 -0.7308014541979082 0
-1.252330341905785 -0.8045071091675455 0
-1.171923293094532 -0.7959109057844931 0
-1.205163936050737 -0.8706753837232709 0
-1.123912486931248 -0.8624869970224744 0
-1.156942913993007 -0.936788002964455 0
-1.076164036936875 -0.9279027199529433 0
-1.108943177146478 -1.003228107338186 0
-1.027573895760937 -0.9941046148340545 0
-1.06036319577706 -1.069925465954647 0
-0.9641261506856177 -1.055845092384282 0
-1.009129272210013 -1.136434997858643 0
-0.9207905358952144 -1.130102658373344 0
-0.9604284522970776 -1.205530830284503 0
-0.8746303804890868 -1.197565774128382 0
-1.144708047733894 -1.081270410000632 0
-0.9113298600288169 -1.274605269390581 0
-0.8250358985369359 -1.265615308749826 0
-1.384598073364814 -0.7438467960108037 0
-0.8613481431786765 -1.342395774883344 0
-0.7742061469848568 -1.334705159489369 0
-1.706750951212535 -0.1837558351581524 0
-0.9487672482037426 -1.353743241050474 0
-0.8151548397269661 -1.410955625826158 0
-0.7212166825790074 -1.405339147197253 0
-0.7638828902465006 -1.485605839677285 0
-0.6687112810825709 -1.477444010469402 0
-0.6317008144668395 -1.396347322023949 0
-0.5791680550408731 -1.46681075320381 0
-0.5460956773780621 -1.386353000510816 0
-0.4929859666773878 -1.455436378191074 0
-0.5261295585719276 -1.537035230127196 0
-0.4380611013631435 -1.525585286602702 0
-0.409165785197606 -1.449185040654463 0
-0.350245935920381 -1.517303260612289 0
-0.3833589940798188 -1.597298751095479 0
-0.294431663073318 -1.58241275498095 0
-0.2608575303362061 -1.504057687248996 0
-0.2060072603738783 -1.567689977927957 0
-0.1739030300962349 -1.487158984960856 0
-0.119942057977264 -1.553463002927941 0
-0.0904277749323566 -1.473002960751152 0
-0.0350656833435124 -1.538959039126945 0
-0.06514239121581912 -1.621656284453151 0
0.02214211920196965 -1.606517846996895 0
0.05156969442946183 -1.525015443557093 0
0.1088447956411248 -1.590858187570096 0
0.1387404565905911 -1.509992864297082 0
0.1950129257825793 -1.575106401083955 0
0.2238173739859701 -1.493728908663744 0
0.2799833010927442 -1.556629092011576 0
0.3135799491589409 -1.46318688193612 0
0.3657599585443826 -1.541150086708503 0
0.3963292412562823 -1.46148383917694 0
0.4510993871657052 -1.52515284376694 0
0.4804116378246968 -1.449507177464844 0
0.5367424707015125 -1.511108304443406 0
0.5639041342599079 -1.438048237204502 0
0.6224312366748607 -1.495789715308778 0
0.6503663966042885 -1.419086550237048 0
0.7096777458494716 -1.481851538275635 0
0.73905356273988 -1.396930934664306 0
0.7979884354986406 -1.465995706417028 0
0.8257000080353498 -1.376493596675109 0
0.8869685947457857 -1.449718140271377 0
0.9178326141120466 -1.364349860706702 0
-0.3289002631851252 -1.666922453758503 0
-0.008142529724375265 -1.692029912768952 0
0.9783514799197838 -1.434446006347245 0
1.009272086534853 -1.346563933680004 0
0.942928777159219 -1.274583679068929 0
1.028703771767522 -1.244067147421335 0
1.099073751325421 -1.325649146210544 0
1.127872294186977 -1.236842440341177 0
1.074331850952421 -1.160388557350315 0
1.157608450544404 -1.150899656840594 0
1.102021408649731 -1.079851080155345 0
1.184380937137249 -1.065678245830846 0
1.126694027272076 -1.003102891504161 0
1.210406219281977 -0.9825388371740399 0
1.154845400424556 -0.9269134749530661 0
1.238453846544063 -0.901961543954664 0
1.295757651406723 -0.9646695785909467 0
1.320976417421628 -0.8809632123296249 0
1.252311937403298 -0.8128525839926178 0
1.343467873461118 -0.7969314864061112 0
1.286030125445617 -0.7351793562731411 0
1.368348222106385 -0.7158692739142825 0
1.314465087608174 -0.6568586601500879 0
1.392601601926475 -0.63603922202676 0
1.339165610869344 -0.5771859793695586 0
1.416008843558682 -0.5567905102918952 0
1.363934820950863 -0.4984853150090582 0
1.439478188014895 -0.4782094014826114 0
1.382148980885015 -0.4184611336225385 0
1.46088383731605 -0.3991917529215477 0
1.406071157293108 -0.3392653827937702 0
1.484302812418312 -0.3203174703023068 0
1.429030414941693 -0.2607680265884802 0
1.509320161122066 -0.2415559188703917 0
1.451607630772812 -0.1823081196446824 0
1.533172467511166 -0.1618895209576275 0
1.47567163979782 -0.1009948151610182 0
1.55785881995173 -0.08125221489304792 0
1.498767759748066 -0.02093024471442914 0
1.58216503186279 0.0001444881801055675 0
1.523393377804264 0.06287102998118403 0
1.60750892671873 0.08277476644487815 0
1.547629041209792 0.1459498892121998 0
1.633126990670672 0.1664379500614253 0
1.572245659967478 0.2310789809703635 0
1.618936567505532 -0.1455317074869669 0
1.520866236001363 -0.4532906757430922 0
1.659515777521985 0.2521468800198983 0
1.596823042820233 0.3162394387224203 0
1.511548095174144 0.295519241289403 0
1.535172455567832 0.3792375988046001 0
1.722119117736927 0.1858134919596342 0
1.451494017260347 0.3587531549451982 0
1.473824053111573 0.4418305516502435 0
1.559022338597892 0.4632812170838553 0
1.496604405273755 0.5248937992239602 0
1.749638780584716 0.2750302750144532 0
1.412847856323715 0.5032396817948983 0
1.434704816258715 0.5854070694731401 0
1.352738121251579 0.5625406204913638 0
1.373682482554152 0.6452578930317447 0
1.45679306506129 0.6690263666637697 0
1.393273471872927 0.7284190193723881 0
1.31144124702825 0.7046699420160027 0
1.330184071880163 0.7870809250227184 0
1.249329358152236 0.7637677334619687 0
1.268743872023412 0.8457475263565729 0
1.188621437112747 0.8216888528920574 0
1.207439212260318 0.9038653911506833 0
1.289161840411933 0.9289836457274691 0
1.225658622816207 0.9874218890363533 0
1.145203087032731 0.9625091454478661 0
1.162132542997129 1.045473781021579 0
1.081449417667002 1.020362524826374 0
1.098704714912343 1.102969684773371 0
1.01948860013123 1.080108766603932 0
1.035680804626504 1.160798434732807 0
1.180498450030029 1.129970083816481 0
0.9592127172378171 1.139397496371801 0
0.9729183548261682 1.218806986050805 0
1.478825126206922 0.7519201671647178 0
1.224091849078649 -1.223512161217739 0
1.42819238160292 -0.7774067463853307 0
0.8943046816158815 1.194343380859519 0
0.9093310069359709 1.276293125178433 0
0.2564586811556649 -1.63287784971571 0
-1.64387309444523 0.2794827689270304 0
-1.588409220127859 -0.4780829605730593 0
-0.7071607076008988 1.584148777702392 0
0.8342625696722692 1.250775005139569 0
0.849198166334623 1.333944885353605 0
0.9293503634709646 1.361822090829153 0
0.8615484893685819 1.421507957191161 0
0.671267032237535 -1.325235522383961 0
0.4936075798981972 -1.59032461350834 0
0.7667022803872033 -1.547754321215265 0
-0.00248549550721619 1.795260826560897 0
0.08940928670274056 1.792884270390049 0
1.051619198747896 -1.019220312521555 0
-0.4916353281249625 1.358553257463757 0
-1.416702481920714 0.2263114681849328 0
0.9491260397706625 1.450973959576605 0
0.8777341213103163 1.514315684386019 0
1.815050043664516 0.2056774669545729 0
-1.006278240439073 1.026071860266872 0
1.448054042826453 0.03648199734305497 0
-1.396424163335389 -0.2394544782306798 0
-0.7899367678803882 -1.188984028664984 0
0.7778413975345623 1.390312790184969 0
0.4319942887337632 -1.397522294470305 0
0.1724551391347957 -1.434188794366697 0
-0.0574672334390153 1.194227808972287 0
-0.1434059553955033 -1.411188983005639 0
1.230695923314545 -0.6741775192999966 0
0.8133889650575297 1.169166555982051 0
0.1348530247621227 1.710670405419143 0
0.1827348209285059 1.789586264905808 0
0.9997618672037589 0.9943975338764464 0
0.0461158352958748 1.876843925319277 0
-0.05193146693609099 1.876725907913109 0
-1.329949631271431 0.4439988908314622 0
-1.284373107931882 -0.5205947713561496 0
-1.132521655137759 0.8069760859655913 0
1.170430565972074 0.7424083385677511 0
1.372448133936143 -0.2038354370774523 0
1.304203945977954 -0.4377258647092406 0
1.842789565182154 0.2985102914531084 0
-0.9454948003335604 -0.9856250346010873 0
1.912321292837697 0.2265697010622797 0
0.9704972721339776 1.544591462534834 0
0.8988232839647474 1.606998629240842 0
-1.136886410631707 -0.7249738636473723 0
-0.000210055518219468 1.963575260445526 0
-0.1058478080574691 1.961276489536893 0
1.941801324862445 0.3262620270445342 0
0.2269290357086432 1.706444793456305 0
0.2777102837721631 1.786758302063458 0
2.012823017779202 0.2486990698986295 0
1.982140892275086 0.1489746365473008 0
0.9937583661905984 1.639771317170657 0
1.067557331791479 1.573068815992998 0
0.916980978167844 1.713684735428239 0
-0.05126566293663538 2.052822416229991 0
0.05547413296683929 2.051643460124446 0
-0.1565235130430339 2.051934496199583 0
1.092040979566361 1.672142040861287 0
1.169867088792509 1.600969942422765 0
2.085240923964449 0.1701199408938026 0
2.05326845639716 0.06581954020553465 0
0.2096325944301987 1.039495233580557 0
0.2398788577037162 1.08800183289917 0
0.2677791120092662 1.035885120472876 0
0.2986082504152916 1.08610640462982 0
0.3271866173378195 1.032747574767289 0
0.3584301995866471 1.084171141695595 0
0.3862039418428833 1.030335237321638 0
0.3299614958881386 1.139350257896993 0
0.39291550246 1.138070625597771 0
0.3631308851858526 1.195837793397138 0
0.3218641353478412 1.702583558968132 0
0.3735311939970862 1.783271582103176 0
-0.003669781260751142 0.9520090495219007 0
2.044755399396385 0.347967191202768 0
1.969679210418347 0.4280678742290873 0
0.0009766354612880551 2.144901630701033 0
0.1129181250267644 2.143173668058782 0
2.160206782407667 0.08898363964814478 0
2.127239699279956 -0.01812915659975186 0
1.193089893549933 1.706988535594802 0
1.274378694190508 1.631588870011947 0
2.074757834633473 0.4544280319552231 0
1.998377875101658 0.5343973889129379 0
0.4305361641560267 1.194551247976565 0
0.3986323857980119 1.256182279328444 0
0.41685301051747 1.698676186540339 0
0.4759338294927414 1.778357924692539 0
0.4237301342261114 1.868756633429855 0
0.5323062636132203 1.863198440161522 0
0.4766239942386324 1.958600771721434 0
0.5851662505101478 1.95430743884457 0
-0.2122323046042307 1.959726191514842 0
-0.2631388909256276 2.052512493573677 0
0.5346971277433668 2.051714996252474 0
-0.3170204135252894 1.961130643057192 0
-0.3701864950134638 2.052053968585746 0
-0.4241105908047814 1.960082264242177 0
-0.4785120236463247 2.051962675532137 0
0.2652308876206094 1.614799660278525 0
0.6484106516059567 2.047114883729055 0
2.236010555066237 0.004417646905176737 0
2.204306686577301 -0.1017307892355963 0
2.092198128287068 -0.1265303673955506 0
2.167509500051478 -0.2105707191386179 0
2.057042601444337 -0.2342082816577136 0
2.131969989286887 -0.3185881855905305 0
2.022568351716439 -0.3408332345485106 0
2.096386103544987 -0.4252054161743764 0
1.987780895678744 -0.447438096699653 0
2.061101715960839 -0.5318197704911701 0
1.931924751712935 -0.5531472791716453 0
2.021144294788872 -0.6370745183946128 0
1.908054606187456 -0.6652766798976213 0
1.98759626529658 -0.7434081270884048 0
1.878363750920365 -0.7691189429055088 0
1.952701493872981 -0.8496445890406623 0
1.846487051623561 -0.8731404830767958 0
1.921039353865096 -0.9568337022496856 0
1.811271281863068 -0.9803736366655494 0
1.886602029042871 -1.064384747238426 0
1.775419818383801 -1.087978390479442 0
1.851389557606723 -1.172759640999898 0
1.73902990864792 -1.196564987672659 0
1.81583022328177 -1.282285645340001 0
1.701294032669395 -1.306702188910929 0
1.779709167570132 -1.393166245287314 0
1.663708261494827 -1.417874444218797 0
-1.205097106492431 0.6637860405918411 0
0.05617179133499087 2.241666117761079 0
-0.3255926337686442 2.146785478581723 0
-1.04403445954474 -0.8516706068350174 0
0.172804370065453 2.238997725713206 0
1.331937330207582 0.483145685981007 0
1.300318221072825 1.735934114325288 0
1.380696052359182 1.664582392583295 0
1.355606525965332 1.554669489323268 0
1.462227381357277 1.586231070775717 0
1.43723510796766 1.476951554158286 0
1.544436041164764 1.508703380239978 0
1.519188713901368 1.399043773842077 0
1.626737201230526 1.430875223257439 0
1.601236429508161 1.320845586715313 0
1.709827072561999 1.353293052796827 0
1.683711870320243 1.242210475478283 0
1.793188726940021 1.274960539876517 0
1.7639971114379 1.164407064809587 0
1.235211453979177 1.810219362210737 0
-0.5331171507323993 1.958861680214711 0
-0.5883439754477966 2.053832799280384 0
-0.6419146024133364 1.957741873578859 0
2.273571794053384 0.09706754274260135 0
-0.3247450845321241 1.360157100303913 0
1.575627766546976 1.624153480435298 0
-0.7051540778678125 -1.56216969417389 0
-0.803909325050199 -1.570517107838088 0
-0.7417785248001766 -1.650232383779713 0
-0.8389267672292882 -1.660768152170661 0
-0.7792186153457196 -1.744033461068247 0
-0.8847902928773813 -1.753447080879927 0
-0.8220838689295851 -1.838949942688333 0
-0.9286786656634054 -1.850181288652498 0
-0.9923747304837379 -1.761841334266775 0
-0.7163056030630215 -1.826947584172086 0
-0.7598454479175741 -1.925783788997166 0
-0.6546155813608887 -1.916283501323108 0
-1.037736401852234 -1.860947133544055 0
-1.101681409893873 -1.769861851505856 0
-0.696388703513972 -2.015631155842263 0
-0.5879500845758054 -2.005542419367125 0
1.382454710989622 -0.9453034913663467 0
1.74331326277273 -1.505470847798368 0
1.627345271653879 -1.529275328068965 0
-1.115065910432127 1.33655558239511 0
-0.6992292023417327 2.053789799546539 0
-0.75287752995576 1.96291113331716 0
2.107065489307659 0.5620613589881328 0
2.028230079200459 0.6426303866692666 0
1.912979940650807 0.6236224100138528 0
1.309620041455963 1.014636118571189 0
-1.14925872043772 -1.871883983541775 0
-1.213556852904406 -1.778574102746453 0
-1.165396248687308 -1.677455720934686 0
-1.276813372938475 -1.685440860118862 0
-1.228454369269155 -1.585226230892934 0
-1.339838385506956 -1.59284300790739 0
-1.389544605668567 -1.694365095528806 0
-1.452805469353911 -1.59973569373551 0
-1.403222291401487 -1.499572222797569 0
-1.514495504899707 -1.504308134378645 0
-1.465332533974026 -1.405063386203412 0
-1.575988609629199 -1.410639170076142 0
-1.525856128989125 -1.311765153860904 0
-1.636483123506319 -1.317263848666602 0
-1.586740987285583 -1.219033509277533 0
-1.696985268260468 -1.224272134717519 0
-1.647550134664445 -1.126898507469227 0
-1.757930439180154 -1.132268286186106 0
-1.708253133581756 -1.034608872554125 0
-1.818608165998205 -1.039821074872542 0
-1.769048916198442 -0.9407338842936199 0
-1.879626624200912 -0.9471651641428039 0
-1.690909033777657 -1.414534579430241 0
-1.830206582482427 -0.8476289129681335 0
-1.94076523372415 -0.8541073528986659 0
-1.891128723038114 -0.7541051821197687 0
-2.002834950496528 -0.7608611227574149 0
-1.952495244957531 -0.6598758770435508 0
-2.0650570563298 -0.6665794497365251 0
-2.013978550562093 -0.5657631467921462 0
-2.12730704816574 -0.5715101144753403 0
-2.075512041565308 -0.4712445221788494 0
-1.930360487463849 -1.048414516117152 0
-1.505287328826193 -1.703224393764564 0
1.951635293504514 0.7287805024977101 0
-1.071693806029794 1.420610897436489 0
-1.167865745523382 1.417180172079181 0
-1.122214973651893 1.504310134872181 0
-1.22309555770692 1.501267252123208 0
-1.175290470699559 1.592583657195163 0
-1.280048603361618 1.588707481791211 0
-1.328258302905039 1.49485678973332 0
-1.387336664252913 1.585471995069604 0
-1.437600217078991 1.485670511799952 0
-1.231404146531884 1.683836717291163 0
-1.498141287647875 1.58136006377516 0
-1.549879304276439 1.4779068426305 0
-1.612857780436758 1.575299294130061 0
-1.66487756732759 1.471668679098763 0
-1.600584912784262 1.375066610204685 0
-1.713674443603719 1.367092785166292 0
-1.652031287076636 1.27262997699849 0
-1.764653328249061 1.264585690722696 0
-1.687361256071648 1.157136609077478 0
-1.811040189378335 1.160119313655058 0
-1.749570047783503 1.059470580352846 0
-1.864342222054122 1.060109443688518 0
-1.802094972086073 0.9642910399480976 0
-1.91505131258085 0.9604349473627487 0
-1.852992540416117 0.867675457219662 0
-1.960674737403563 0.8584396373112609 0
-1.902662208341013 0.7666094707453893 0
-2.009484926425967 0.7572671794298552 0
-1.947689161635539 0.6691963310076418 0
-2.063356268832568 0.6591938808489175 0
-1.99007877736785 0.5595914855844679 0
-2.113090655051836 0.5568669150898089 0
-2.050225121432355 0.4568691696077115 0
-2.165508432559763 0.4544924953168028 0
-2.102329572775204 0.3619248851446449 0
-2.217179304376298 0.3526782599201818 0
-2.153228475076387 0.2591554129824894 0
-2.269833487949433 0.249043272085785 0
-2.209219527732773 0.1530293591732007 0
-1.760256546522557 -0.1104615732141722 0
-1.537675971734246 -1.123797227249585 0
-2.324741159556809 0.1435408046790684 0
-2.246345572749675 0.0300348850514679 0
0.4701294395544252 1.253416100371104 0
0.4363371989284827 1.31921061965762 0
0.5021996244177498 1.190104254001317 0
0.3619655000938818 1.320713758640667 0
-0.9712455188569817 -1.950717004403062 0
0.007561597719738883 1.432187225358038 0
-1.559145127304111 1.680223923587648 0
-2.190894030321306 -0.4754761557744229 0
-1.574486595645747 1.185171740153018 0
-1.48231034434211 -0.6197985081091392 0
1.733685636772683 1.469148551178101 0
-1.127104023499568 1.688933561079155 0
-1.181292639325527 1.781556887551449 0
-1.266229084906155 1.019899503436156 0
-0.8127556657323153 2.054386063838605 0
0.8042239054325988 1.577893327857588 0
-1.743355151386279 0.8723062401299687 0
-1.808937851636413 -1.23164750412226 0
-0.6286882891999055 -2.107303285076318 0
-0.5153434648102775 -2.093054665544734 0
1.543595863528728 0.6929323512161314 0
1.566697393707772 0.7807801698852861 0
1.668403378779604 0.02048237252431523 0
-0.5261963908963183 2.143750738901117 0
-1.430252462548461 0.7221773140835455 0
-1.565286726248292 0.4280033017117288 0
1.049872528754341 1.247658846284373 0
-1.726983643357317 0.1265470121512533 0
0.9467363879117878 -1.523459776562096 0
1.042320530382573 -1.507271444887899 0
1.008664387766594 -1.600365441315875 0
1.108988557762789 -1.582773598711837 0
1.073773157353879 -1.681095780459232 0
1.181745202920922 -1.660601615479639 0
1.14416129620527 -1.763637323060729 0
1.034737022488657 -1.790759668953243 0
1.255560689646223 -1.743456534459918 0
1.215925515780047 -1.851345941125939 0
1.326786929331638 -1.832943878491986 0
1.212996320212976 -1.560988129348615 0
-1.049330913934959 -1.217365771064506 0
1.475431748803973 -0.6127219157069056 0
1.56371007740879 -0.3086310276275397 0
-1.289986041609655 -0.8779607797676781 0
-0.2935181138847757 1.569217332739545 0
1.874621663232305 1.198624186613418 0
-1.784766898691304 1.45056665535452 0
0.3549658328864983 0.980078397711429 0
0.4125735819355219 0.9769604376783823 0
2.187602459198472 0.4777035488788879 0
0.2175388563825816 1.139734272362499 0
1.706268428053727 -1.620095941388427 0
2.206132231177302 -0.4063467305091447 0
1.41113759884068 1.764461233210264 0
2.308480259715204 -0.08357926322419441 0
2.057901992487095 0.7519836676370427 0
0.593974561147515 2.148843181039612 0
-1.802628610544255 -0.1932394512942605 0
-1.857585010027839 -0.1148512936391272 0
-1.26250037085662 -1.883421740469802 0
1.627395447143183 -1.228665513703018 0
-2.138409469041068 -0.3733619548935734 0
-2.255683346168289 -0.3781767993359526 0
1.549057911875727 -1.442068373236697 0
0.70991837560719 2.144663690863549 0
2.130975989657857 -0.626359146280078 0
1.65802360327152 1.133491247620173 0
1.747096136466938 1.050288067384443 0
-1.833868583669483 0.6841319257502627 0
0.1174084081388071 2.34196100242895 0
-0.003064825318105836 2.343357985643183 0
2.027686303511262 -0.9220877224240436 0
-1.921492770300555 1.1590069573469 0
-0.7440407181010129 -2.119932212892919 0
-2.376218517172197 0.03199564657038348 0
1.428621733239877 0.277807415005528 0
1.874041892206822 -0.4499167430361994 0
-0.5976286858058857 -1.318006553749932 0
-0.5144692009827376 -1.308296681234494 0
-0.5636732587314639 -1.24407409422597 0
-0.4853167931446787 -1.234887958696503 0
-0.528968151249891 -1.175280323057913 0
-0.4571111966796826 -1.166037794858904 0
-0.4982202997812097 -1.109593420337581 0
-0.4308360819528286 -1.101145947810118 0
-0.4705157618843189 -1.047730403323134 0
-0.5361759132641546 -1.054723514023721 0
-0.4056854248002127 -1.040953126324172 0
-0.3663415938871813 -1.091520909297039 0
-0.5085928893358233 -0.9943730608707554 0
-0.5724638018180948 -1.000863995058491 0
-0.5473404321430592 -0.9430024438348933 0
-0.6083815500832553 -0.9490737246185488 0
-0.3427277979465477 -1.033445080758106 0
-0.3042327496713768 -1.082402962280566 0
-0.5825764413626979 -0.8935761262038252 0
-0.6431624777757451 -0.8987707586856948 0
-0.2838877607177738 -1.029356015325102 0
-0.242833428623015 -1.076528448505372 0
-0.2659710470507679 -1.132403107890067 0
-0.2039025870104461 -1.122059640106266 0
-0.1810847766000321 -1.067173352973549 0
-0.1421586648945638 -1.111810185470453 0
-0.1183714900918529 -1.055332241486147 0
-0.08182973269889422 -1.101738587693144 0
-0.05788947527760753 -1.04641031399682 0
-0.02170189337235888 -1.091903392666546 0
-0.6178417885572319 -0.8445335290286724 0
-0.6773475402341879 -0.8495113561444558 0
-0.0435063863536098 -1.14953889771201 0
0.01755307949513164 -1.13841320157244 0
0.03814020703886664 -1.080614422291056 0
0.07820982593455257 -1.127054491469863 0
0.09816011306640821 -1.069489737644298 0
0.1384923056329702 -1.115262470498911 0
0.1573214515119021 -1.058155668557976 0
0.1981789883727747 -1.104136966788837 0
0.2174247628966021 -1.046878000403183 0
0.258107606923863 -1.09249739607741 0
0.2766167351498943 -1.036748018865729 0
0.3178655839876136 -1.081261073840494 0
0.336398738782492 -1.025485602694588 0
0.3779280342371302 -1.070062299111499 0
0.3981340462080426 -1.012752374941739 0
0.4384873401684573 -1.058843262415176 0
0.4594611588114595 -1.000610712215324 0
0.4999978778998234 -1.047835786131386 0
0.5211514791579149 -0.9885289604503815 0
0.562250976190609 -1.036557270925491 0
0.5836292329872086 -0.9761367216950101 0
0.6227715220203306 -1.024104340042767 0
0.6467135189924813 -0.963534280934359 0
0.6819406641718848 -1.009675348487427 0
0.7073564563726875 -0.9492388157734928 0
0.668999202801777 -0.9008134588421115 0
0.730129679817726 -0.8884078982671852 0
0.6907770756523306 -0.8405489749181305 0
0.7499855155623045 -0.8287159712050132 0
0.5420663542238418 -0.9349106071666556 0
0.7101437879529306 -0.7830945142352368 0
0.7700262067603988 -0.7706480596019871 0
0.8096066732903846 -0.8178980866152019 0
0.8298636719391217 -0.7574723558211069 0
0.7868535990696643 -0.7134329955781673 0
0.8482227061242297 -0.6975529158354339 0
0.8911395473267639 -0.7436292551022026 0
0.9083360319350562 -0.6831125644212541 0
0.8661149914606519 -0.6380771616554359 0
0.9249717159700761 -0.6235173602575268 0
0.8837133554206256 -0.5792328247563509 0
0.9411050723246914 -0.5651374525260169 0
0.9006054720585857 -0.5217112305522251 0
0.9568580525653188 -0.5079160291322435 0
0.2366885354418872 -1.140248454427011 0
0.9159547377983115 -0.466287627953419 0
0.9726602653886713 -0.4513386953277673 0
1.014707767876722 -0.49375236677599 0
1.030126910477764 -0.4354365860625143 0
0.9886107497779749 -0.3938776222728912 0
1.045312659981421 -0.3771734358964709 0
1.003508555995487 -0.3355066912868001 0
1.060128986484377 -0.3191008848848967 0
1.016890201651559 -0.2771344966211125 0
1.074645227920835 -0.2611800431337934 0
1.034398766119919 -0.220074096282611 0
1.089847369157002 -0.2035051113589067 0
1.048383844371476 -0.162806688887894 0
1.104751699689299 -0.1457057477316817 0
1.064542080657495 -0.1044148902969681 0
1.12007786383114 -0.08738718670273188 0
1.079538539701992 -0.04570980560315904 0
1.135501049828872 -0.02854410873926634 0
1.091796375186032 0.01458801940860721 0
1.150440445698482 0.03115260217804586 0
1.10618968618668 0.0749675527781917 0
1.167036415199375 0.09144212376466017 0
1.120965317799525 0.1353702726571154 0
1.06513915319392 0.1172139494870313 0
1.076047237034642 0.1772751182846943 0
1.136589632611955 0.1981621872460934 0
1.089638183772812 0.2377430486780647 0
-0.003428791936764292 -1.198748342563129 0
-0.3785071478851632 -0.9892708536660649 0
1.030484849972877 0.2212063377541544 0
1.043982958039292 0.2787498948145156 0
1.100243426532848 0.2960581719018497 0
1.055325585733046 0.3379238055301522 0
0.7648516318044021 -0.9442306076624698 0
0.9989115689657219 0.3186849977523687 0
1.008877228960055 0.3786869002732555 0
1.067273638490308 0.3987451438156638 0
1.019067861258685 0.4397193598596791 0
1.078891609718736 0.460586011911149 0
1.029888792219262 0.5008248184322164 0
0.971097848804648 0.4798367633855356 0
0.98128223508932 0.5401121789166828 0
0.9237300616844113 0.519773625942656 0
0.9337341341622573 0.5783777090596214 0
0.8774511445904083 0.5584834745951593 0
0.8872418486910305 0.6157365974784019 0
-0.6525670417930541 -0.7963317108418516 0
-0.7110162975165123 -0.8011792443733832 0
0.9534388421226245 -0.7288666826623298 0
0.4824708276622863 -1.104677825652416 0
-0.6866224718084514 -0.7488759473922144 0
-0.7441733134542515 -0.7536344706731488 0
0.8325927624016082 0.5947613150112925 0
0.841535239300077 0.652800800240569 0
0.8972435710965061 0.6745102331252483 0
0.8498390503569603 0.7117820649367259 0
0.7938725384382169 0.6890599247130946 0
0.8023076772328612 0.7484744071776768 0
0.7477034555838156 0.7259695317934416 0
0.7550172292647064 0.7842950166903404 0
0.7011471971438503 0.7623095990837427 0
0.7083553917972207 0.8203888903232226 0
0.6537498095053884 0.7994312575694426 0
0.662033941700767 0.8572651434666243 0
0.6069202215877768 0.835892448562484 0
0.6153576343474865 0.893862394254939 0
0.7198039194416299 0.8781762561742184 0
0.9071528333632375 0.7350017194777038 0
-0.668471512377514 -0.9532451390498291 0
0.3573947876966284 -1.126301101219034 0
0.8059014585886717 0.8095090263014073 0
0.4225596927874339 -0.9595654351004278 0
0.6528081881795862 -0.7942454264199688 0
-0.523476740651279 -0.8875356398044965 0
1.193982200748597 -0.01567194739178813 0
1.034375844688244 -0.006965269323201777 0
-0.7200809462213693 -0.7017750841221939 0
-0.7775256499141406 -0.7063590152786079 0
-0.802588736588608 -0.7594600382422413 0
-0.8361074424253331 -0.7103878389312006 0
-0.8098144432930348 -0.6568771663728755 0
-0.869071639004644 -0.660978191009995 0
-0.8428993793577128 -0.6079133744653986 0
-0.9012271276341648 -0.6122054546968175 0
-0.87610043876379 -0.5589686226754045 0
-0.9351808328782645 -0.5662855553618846 0
-0.90820793813689 -0.5100727313100386 0
-0.9669699216876164 -0.5138684543087295 0
-0.9398630343138175 -0.4599463537707721 0
-0.9999022988790273 -0.4647465389250863 0
-0.9724633432648921 -0.4102563925737315 0
-1.036627276839656 -0.414482594401882 0
-1.007266186741932 -0.3616026612902385 0
-1.068091923356424 -0.3645158423710587 0
-1.04010174219604 -0.3107711103141383 0
-1.102033711228149 -0.3142025984907277 0
-1.073863340031475 -0.259776986954606 0
-1.013118027024564 -0.2561211327222105 0
-1.046928574917286 -0.203915200103834 0
-1.106333581797587 -0.2085456320191361 0
-1.078378073559653 -0.153338291061742 0
-1.139815493631991 -0.1566832971191248 0
-1.110817534304485 -0.1014865454929799 0
-1.173919012067921 -0.1041509763473778 0
-1.144143676345879 -0.04679661492148336 0
-1.208921322334415 -0.05009972041633071 0
-1.178138881138238 0.007022194261172692 0
-1.11430668527943 0.009985734235378551 0
-1.147315495930692 0.06332179300203529 0
-1.085234024932435 0.06466617008938663 0
-1.117236217232616 0.1174727029470319 0
-1.056692423398492 0.1188482281565408 0
-1.087790141579102 0.1706098539266299 0
-1.048676328945224 0.01013632662402982 0
-1.028623432850165 0.1719675601794203 0
-1.059187914754738 0.2231798010216718 0
-1.119745547660947 0.2221635422996917 0
-1.089832214121383 0.2795702897144067 0
-1.029387018294621 0.2761870621546976 0
-1.057948067782575 0.3335122108881511 0
-0.9995853486795767 0.3286690001660134 0
-1.027553391360835 0.381261305853915 0
-0.9701776841312262 0.3796327602142781 0
-0.9980399944543105 0.4300179490937506 0
-0.9413379872270334 0.4300640749080252 0
-0.9678438866785496 0.4795516163518383 0
-0.9122987835435344 0.4803322640911309 0
-0.940005257699923 0.5304253541390463 0
-0.8832098269669066 0.5311238278895738 0
-0.9119892764759713 0.5812295542209327 0
-0.854870134872964 0.581045858765975 0
-0.8831980377461635 0.6315285403025332 0
-0.8258153498526841 0.6313112200181559 0
-0.8544115927191818 0.6822395136797903 0
-0.7974901974103117 0.6833315020950785 0
-0.8254694369152813 0.7336424330766107 0
-0.7678390371932844 0.7347388625541766 0
-0.7960184459935291 0.7855377947715385 0
-0.7355385764662563 0.7854981722504578 0
-0.7655438668586987 0.8375784182896383 0
-0.7043343208804496 0.838268374193739 0
-0.7352972384443414 0.8915864781465768 0
-0.6727374994699653 0.8918803198306338 0
-0.7044024909304386 0.9463983680838812 0
-0.6404062337120515 0.9466123197394785 0
-0.6727299612036406 1.002858521115533 0
-0.6079635075237498 1.001993144999661 0
-0.5761194624467019 0.9456616312300695 0
-0.5443592020681179 1.000358060169361 0
-0.5127215021040047 0.9471228546105093 0
-0.4824301718230461 0.9992100090096466 0
-0.5740654543217959 1.057059720298937 0
-0.8563338174230788 0.7853345692786112 0
-0.4529052005828342 0.9464963719561612 0
-0.4217792047780285 0.9983925411420878 0
-0.6482042407802507 0.8399350878783673 0
-1.179162795962027 0.1153996149660467 0
-1.050411105841396 0.4342758567861532 0
-0.4513021578009376 1.052142360689773 0
-0.3896533950742471 1.050069922281125 0
-0.3609307701819595 0.9967323367313783 0
-0.3288928980958921 1.047606063459141 0
-0.3004540917801108 0.9944692341651602 0
-0.2694486782051326 1.044888300264589 0
-1.244422651617582 0.00502514364487008 0
-0.7388679247492318 1.002609474448539 0
-0.7056699471832643 1.06200862835641 0
-0.9136286274910582 0.6825398015331302 0
-0.972503717989992 0.5778968698368068 0
-0.2410355036920125 0.9940910492154433 0
-0.2958795213349508 1.098495619387838 0
-0.4189397459470727 1.105993932238329 0
-1.023250899840718 -0.1482396623350422 0
1.134100430189162 -0.2385254800242921 0
0.9082355609741498 0.4555125509929862 0
0.9846188485047975 -0.6073728199075414 0
-1.033042607293256 -0.5228637163974436 0
-0.4819319666296512 0.8967040187590589 0
-0.1584895613870757 -1.00824461448027 0
1.074535153741805 -0.4786485988593666 0
0.1214636784493276 -1.17243326852647 0
-0.2112706756650709 1.042503962337531 0
-0.7367995106523839 -0.8548746827479131 0
0.05751863901722226 -1.025768296463478 0
-0.7982189288215873 0.8914914194900518 0
-0.7087748531871114 0.7296702811889464 0
0.2361788566374307 -0.9936626050919637 0
-1.350085267823928 -0.3054077758617445 0
-1.678362642316262 1.674492931928989 0
0.4002207092653631 1.386524417340339 0
0.4784417507061303 1.384355100667574 0
-0.9412344415359725 -0.3582114653651405 0
-1.399603194124847 -1.30202752137194 0
-0.1856444499947823 0.9918253033591187 0
0.3227983179428268 1.387606774621317 0
-0.4842245143821514 -1.981166153115459 0
-0.4080180293585949 -2.079994478822894 0
-0.445370737181376 -2.183950741026624 0
-0.3315256241923935 -2.168391810764382 0
-0.2972531713863238 -2.051747306476831 0
-0.2163589169661891 -2.150669900086835 0
-0.2591899605446738 -2.252942960435914 0
-0.1431011826869021 -2.23500280168695 0
-0.0997011672514318 -2.131464785127394 0
-0.02652948100646926 -2.221258345205456 0
0.01425948711662926 -2.113913756789135 0
0.08791799745495256 -2.203211588245532 0
0.1281676639345319 -2.095921241812733 0
0.2015291047710261 -2.184661190710534 0
0.2432405545399663 -2.074771237351184 0
0.3148391553046891 -2.165601126619222 0
0.3566444331526898 -2.055810741372464 0
0.4281133990907517 -2.146976393488683 0
0.4681876861825889 -2.04026973091108 0
0.5410970571114845 -2.128894419562369 0
0.5812986631095681 -2.021977153924374 0
0.6549384086115917 -2.111119845488514 0
0.168015752512469 -2.29112784415754 0
-0.07108499264546453 -2.319791205581748 0
0.694319730934805 -2.002759188002734 0
0.7694673285427314 -2.092103572257692 0
0.7646898047176887 2.040594830416339 0
0.2308299192302399 0.9806890857962565 0
-2.113025716313198 -0.7662310706640986 0
0.823104937576086 -0.5923749284332661 0
2.220018711698331 0.5915820959985 0
0.5964814845475754 -1.086387697575838 0
-1.152534994463038 0.2804635742339917 0
-2.088194449894053 0.160594487641075 0
0.3876744515492583 -2.256081428298454 0
0.9349476032271584 -0.7922945781379478 0
1.982827259563207 -0.1491989967104562 0
0.2366106452786328 2.337929850265064 0
1.771440547908722 -0.793988191087958 0
-1.990123725514603 0.3646819835321741 0
1.286984747112631 -1.944222074222538 0
1.169834166449467 -1.948610623599772 0
0.1628520215447229 -1.992650405395816 0
0.6712659187812069 -0.7406852562092002 0
-2.015593409916408 0.9512572051386541 0
-0.2284586670434865 -1.181325502935301 0
1.086574672002376 0.5194501457357018 0
-0.9985468121529995 0.1221569521950072 0
1.00845747084014 -0.1174043128493959 0
-0.9720176690025577 0.2751998840271631 0
-2.170821186242927 0.6548347280844905 0
0.3799765920813831 0.9293370851055409 0
-0.8044508256475282 1.581395595910403 0
-0.9241177672698686 -0.6646587001598967 0
0.4009822817167442 -1.948058695732479 0
0.5435543744198603 1.249961321027077 0
-0.1296284942822036 1.311346557014835 0
1.332437444385807 1.444914575606665 0
0.9570982696961519 -0.2936517865950382 0
0.9890020398690517 0.5986767443701297 0
-0.3305568622331833 0.9386362855084039 0
-1.658042399663577 -0.9389357798971296 0
-0.7758004123782916 1.061484127952088 0
0.5609920273517581 0.871293326908717 0
0.5693514454007883 0.9295749985086659 0
0.6250689764003521 0.9540044865423228 0
-0.05772588989447736 -2.030239960295466 0
-0.1547722420895594 1.039661217130836 0
-0.4196995895817156 -1.682394651068414 0
0.6221997172199945 -1.916171831730984 0
-1.62256571071553 1.776157852611243 0
1.495474368371481 1.288916297632633 0
0.5752022377592825 1.185625980112748 0
1.962082053824965 -1.151724098555448 0
-1.784410371187305 -0.7507190573949877 0
-1.901298740145645 -0.5599509875281686 0
-0.7558628328425431 2.155081279902481 0
1.160678521205362 -0.1357121246404414 0
-0.7672694714124639 0.6319177543507125 0
-0.1805538075032864 1.091217450986269 0
-0.5984112134650084 -1.057829120461373 0
1.127941181849662 0.4169418226607167 0
-1.081870700753791 1.786165944857461 0
-1.132868482697784 1.878711061009873 0
-1.243634313984911 1.877587066963293 0
-0.5847840914384381 1.864944375402025 0
-0.3697774263338772 1.869148098664444 0
1.100856541873782 -0.3603169989597438 0
1.904946566857078 1.310755353171682 0
-0.7850036691172037 -0.6069200689442041 0
1.826051300804499 -1.594947054139165 0
0.5172093863791963 1.693066537605553 0
-1.276422560605788 -0.05488443383285145 0
-1.314193191098723 0.00362744549549416 0
-0.9127410175496897 0.3800831825434859 0
1.702702743707534 -1.003482861330526 0
0.7363215305409475 0.6607951421023975 0
1.113040715547444 0.7974383101962492 0
-1.130268146979359 -0.3699223546850314 0
-0.8822485514870236 -0.4593594483015679 0
-0.874715451424033 2.155296937270612 0
1.977269905828409 0.8347458206630913 0
2.088908934832166 0.8647565655134418 0
0.446226541735775 1.027312423586219 0
-1.366469130973943 1.3824774228048 0
-1.196026997433203 -1.97916846753994 0
0.8272949579848733 2.139141638617414 0
0.8824379628605863 2.033322867127456 0
-0.5917236553333168 -0.7919131226170283 0
1.774430160833408 0.3695231277238248 0
0.2854956862984654 1.321473026229177 0
0.2447258373794016 1.387997669424727 0
0.8232390791692979 0.5392155982741071 0
-2.285334223430997 0.4465315133574364 0
0.00873066877144498 1.084580826749715 0
-1.19056152981468 1.9772416945223 0
0.8613959214609925 -0.479852154218775 0
0.8766988952885391 -0.4276551794622022 0
0.615348049503486 -0.7510896138263106 0
0.5531436382265652 0.8145792698238917 0
0.651137700619713 0.7411674964916457 0
0.6406915689559007 1.853087669972545 0
-1.640791331273821 -0.4049416785785276 0
-0.8632498876965946 -0.7652133877794812 0
-0.0687998200112013 -1.397257944964528 0
1.635402884239715 0.7162549603581551 0
0.2336045215401918 1.870021336842575 0
-0.8495237638194478 0.4742797535269034 0
-0.09906803512838974 -1.706863012436466 0
-1.195288323520474 -0.1554633777843089 0
1.375311559403758 0.9531464971976767 0
1.00055359554536 -0.7771542441179393 0
0.7322219743175609 -1.896883314948323 0
-0.414849586441087 -1.221174881569305 0
-0.9101934511901566 -1.570179511732056 0
-1.306847428301592 1.978032848766169 0
0.7285037031359947 -2.203906429949478 0
1.895327167333328 -1.36666516205954 0
-0.6734573363539536 -2.215315526575687 0
1.991896724079537 1.230707999943058 0
1.355431087199455 -1.032605850878468 0
0.8473983209318484 -2.184488288366975 0
1.787889494324942 -1.712989022272312 0
1.665554428426657 -1.737676193508161 0
-0.1346249229330178 1.716870683371253 0
-2.24414451318803 -0.5798033167189692 0
1.403077631374317 -1.922944332512367 0
-0.06787897541272406 -1.209737787692673 0
-0.2136347547622147 0.9452507016774598 0
-0.1611435357528035 0.9433241850735916 0
-0.7403160428042999 1.12405826026607 0
-0.7583387913464662 1.661894188304399 0
0.06014446667107241 2.447952949227902 0
-0.06222128489210647 2.449067256312315 0
-2.446740362808619 0.1369428558509272 0
0.5093671889951488 0.8487361073965568 0
1.512873521779918 -1.551747790734524 0
-1.314800287448846 -1.991777900582325 0
1.398726432452163 1.038461053665153 0
2.302150754137804 0.5058398186029296 0
2.336938818117762 0.6225366761141335 0
0.2252895653960261 2.138589939314472 0
1.466487005215998 0.9771873337298788 0
0.4407737367706661 1.456539822126595 0
0.5232133365161307 1.455077247647503 0
0.947286454563094 2.13394089342946 0
-1.166262441586662 -0.3171032531732627 0
0.6633281925136649 -1.812876882566592 0
0.7697211981847034 -1.794563064654056 0
-1.74464400143652 1.775223527286916 0
-0.3625059136730377 -1.756987672508737 0
-1.900743446405788 -0.2034230116794708 0
-1.958848360433749 -0.1193210829894242 0
-1.842766055563081 -0.2789336191295064 0
-1.348164783574009 -0.05819143098805714 0
-2.205043009308004 -0.2739363715037231 0
-2.321864842158678 -0.2795428681408765 0
-0.7933358785446543 -2.228715288486779 0
-1.911752089703491 -0.03169380666745501 0
0.6550618455809238 2.250069936516898 0
1.36414315886275 -2.040400131926988 0
0.6186940932595648 1.24569132790586 0
1.443219051703136 -1.016545611357869 0
1.420287636018621 -1.102803537602385 0
-2.502274556390462 0.02305964386841589 0
1.661018893643984 0.8069183002777002 0
0.5355857400272872 2.253077984038639 0
0.5745802029795182 0.9909989376629179 0
0.6343766329954599 1.016771612957175 0
0.597525270728914 -0.8031785684182349 0
-0.6645268323422655 -0.6975551979706676 0
1.001889078192573 2.02619372158638 0
1.068686141444512 2.128506709921129 0
0.6333742108391673 -0.7008536027896959 0
1.275454066896856 0.5396316633827571 0
0.8881654481597168 -2.070853168749494 0
0.967835256277825 -2.164075454939649 0
-1.195485334395798 -0.376426818880966 0
-1.156125623433389 -0.4328392870463194 0
0.9808181137131259 -0.8435048564863927 0
-0.04036799633362854 -1.779389340230285 0
0.05367085313623047 -1.764100129412414 0
-0.1325639974389554 -1.791914913232193 0
1.436835104282141 -1.464474287789908 0
0.3235970159267915 0.9331443828801802 0
0.3494921061245103 0.8845455659442103 0
-0.6630968975545206 1.672527723703163 0
0.2972949668109306 0.8860373611171466 0
-1.679534507171269 -0.4878318117500237 0
0.5621220444279056 -0.7620972583869819 0
0.5442469322094436 -0.8112354685216437 0
2.00475891009633 0.9451418786695914 0
2.121102512256101 0.9730866997559302 0
-2.377088957517292 -0.3873400545465804 0
-2.441172008392092 -0.2866084001534721 0
-0.4260189510093045 0.8964437996982727 0
-0.4543257712021943 0.8486841733126341 0
-0.5082662334803902 0.848342567392377 0
-0.8550787578702302 1.662186119692161 0
0.5545497448428586 -1.83055907185238 0
-0.8710140045723616 1.952936308714167 0
-0.1249811411302064 2.342984270843657 0
-0.1854183580897723 2.448787610223551 0
-0.4810704093444658 0.8021865821692205 0
-0.5329083438134037 0.8013961479763203 0
-0.4548519564060425 -1.769867157139051 0
0.8246577884748223 -0.4412026669690313 0
0.809904458596782 -0.4909256063347792 0
1.47371306531925 -1.361143285450265 0
-1.119764458320179 -1.577952806169068 0
-1.180637255404061 -1.489935310919649 0
0.0006624509980966998 2.557843585591319 0
-1.361412443309557 1.870303995102787 0
-1.427581700063007 1.973380512626378 0
-1.370433206193632 2.085064439211072 0
0.7814568642267166 0.5741068009984824 0
0.6867582839631826 -0.6891274005179129 0
-0.4008428295228107 0.8486489014053999 0
-0.9724329528262319 0.1724010517701655 0
-0.9438285639799897 0.1257085216954683 0
-0.9680852929128455 0.07710421967004827 0
2.268505224793308 0.3895988379418607 0
2.386248392799698 0.4176497694770434 0
-1.671655091127392 1.898008138084978 0
0.9534644702248234 0.357674979867635 0
0.9438739531606505 0.3014146060288266 0
0.9018512898976991 0.3371776640534779 0
-0.6963263147807206 -0.6534460180675709 0
1.370236631663547 0.3407357974828685 0
1.348866218844629 0.2605039684809702 0
1.295083452841383 0.3169860973545104 0
-0.918967557968277 0.1726943806073339 0
0.1276852445583923 2.555351794967386 0
0.896019284848718 2.248115221797119 0
1.951822830828164 0.05114983116879226 0
1.095849832668163 0.7215522362140214 0
1.146435598175508 0.6692790978285514 0
0.5976980702154477 2.357526573749277 0
1.143731059525009 1.499708777884405 0
2.205270082831566 0.8953033065732835 0
0.8390089793328347 -0.3911062308471093 0
1.274748359117161 0.2442120925920048 0
1.325792591032656 0.1892980048076789 0
1.365605066166163 -1.381303669136989 0
0.8183155551225896 1.935667910919124 0
1.74828424335197 -1.83314339118166 0
-0.8139279440972631 1.12432174678716 0
-0.8487884577835816 1.059989978733755 0
0.1467599618916051 0.9510837151253095 0
-0.5988308717696992 -1.176298130262678 0
0.8911595384080994 0.2849960952640079 0
0.9315031271782758 0.2491017329004925 0
-0.1221035054554162 1.088831038068747 0
-0.09911916427731474 1.036008713690592 0
0.5029090120791869 0.7942702381321994 0
0.4616212843360728 0.8235300825441327 0
0.544226181280465 0.7620362770734532 0
0.842329873513339 -1.876181087056529 0
0.6523224454558796 1.167013622699246 0
-2.017272576232507 -0.03636218233478129 0
2.021543840547071 1.347497520016831 0
0.8883700350421231 -0.3768378252588057 0
0.4744418062859824 2.351585749257881 0
-0.9149225600572303 0.08147459307407365 0
-0.9383909274334576 0.03596110108957137 0
0.510431192488775 -0.7706957097311615 0
0.4927042581864829 -0.8193591888286936 0
1.039408904619697 0.7737486181997922 0
-0.8145445774010801 2.260175734168774 0
1.756349139671992 0.7420059813025921 0
1.707265279021782 0.6492377708451207 0
1.756745983005005 0.8381873039448695 0
-1.388001623693411 0.001969250068797403 0
-1.352856915615366 0.06758296568871913 0
1.055587675176058 0.8469650011110572 0
-0.1493471100691942 1.141894981209127 0
-0.8064474545233616 1.748636173930475 0
-0.6455020321195126 -1.63935167058747 0
0.9824798763836393 0.8228435134186204 0
0.03218770461659756 1.565059947512124 0
1.911733692080447 -1.687029021072863 0
0.5361224625692516 1.122509421247502 0
0.7720486008767034 0.52040724616551 0
0.8126616732011713 0.4873948136153301 0
0.7323315990609341 0.5548441305926157 0
-1.208415829711439 1.332295010703571 0
0.2828988895807688 1.460506862626387 0
0.2036748335047951 1.45614522531259 0
1.46428734856291 -0.9369593580269682 0
-1.028526392808289 1.502154869905121 0
1.01906145943476 -0.7110134197142238 0
1.068454816218402 -0.7612335847225487 0
1.087451272077472 -0.6938937359579601 0
-0.6683227830148144 1.124020814861178 0
-0.7035500729421612 1.187850620392371 0
-0.62853347906599 1.187622871618985 0
-1.62544587856493 -0.5655639316885188 0
-1.716005738202917 -0.5724739389410101 0
-1.804632129859452 1.665351433574414 0
1.122598055814923 2.020684139580245 0
0.8524196789827378 -0.3422219701993075 0
1.337261006500143 1.093512429415859 0
0.9119461120931078 -0.8579920133629095 0
-0.9355608652111522 2.258581456503537 0
-0.9985775442268778 2.158584527334511 0
2.11177170139282 1.261399796214409 0
1.950170602921583 -1.565685630111344 0
-1.439603971010562 -1.798979894718549 0
-1.558855657745067 -1.808783928591989 0
-1.626179811959845 -1.708992491719695 0
-1.682176904663902 -1.814901924261871 0
-1.75166156210319 -1.713585044370764 0
-1.812500670106952 -1.825158977011744 0
-1.880137716079665 -1.720696939006721 0
-1.629793443166296 -1.928134690691172 0
-1.82315350796326 -1.607619534873657 0
-1.950163172669774 -1.613311940064832 0
-1.89345854192038 -1.500072469206315 0
-0.02596065197167262 -1.261800912570831 0
-0.09218591376300481 -1.271468354482396 0
1.365558824599198 -1.718603402577139 0
-1.244645178931258 -2.09058193287233 0
-1.121600466300254 -2.077716070185121 0
0.4605191126050707 0.8794443677026911 0
1.932202697737617 1.432134974853984 0
1.792403632435461 0.1040342057634652 0
0.02056239027300805 -1.851986385876885 0
0.421038419711662 2.052333092609017 0
-0.6948985487079538 2.252556961526503 0
0.03871061625873499 -1.24888445894616 0
-1.945330740274388 -0.2956373180743497 0
1.254498058935925 0.4626030470474896 0
1.028654513562253 1.391323608214299 0
0.9140827898690415 -1.611536684030215 0
-1.364884299129921 -2.099089171214804 0
-1.318069848279075 -0.1134880508938739 0
1.191654588425 2.122590199748176 0
1.246580698036296 2.013913192483407 0
-1.172757910545708 -2.185051600640613 0
-1.049503147150118 -2.177599052465767 0
0.5897513997228871 1.311267649683876 0
0.2088748542464784 1.321359619079777 0
2.038164684165451 -1.660167613891172 0
-0.4818787673493418 1.106554729633629 0
-0.4478792885678989 1.163172629394563 0
-0.3828707257791731 1.161964139042101 0
-0.4150668496865469 1.22346878898259 0
-0.3485401410074368 1.222619691510451 0
-0.482955190705105 1.217683869243414 0
1.055579034744057 1.915122772284716 0
0.6858867347261538 0.9763654763672629 0
0.6961756161515587 1.042517669616036 0
0.7502998326406514 1.001225955927933 0
-1.075397146431923 -1.4808534853744 0
-1.135235697114167 -1.396936340102496 0
-1.235266681937193 -1.403022038454243 0
-1.19048571534848 -1.31399364535732 0
0.2961154308505568 1.196822152179758 0
0.8826048339126418 0.2360697503048823 0
0.918937263632997 0.2003966760500429 0
-0.2474302181531575 2.3454440777726 0
-0.3096072975811441 2.449680715198708 0
-0.3716540540883176 2.345319949531997 0
-0.4345245215241459 2.450095773540561 0
-0.2476021740249642 2.552448131864829 0
-0.2086809718987634 1.144828946288318 0
1.628818887604402 -1.857012589952461 0
0.4100392594281705 2.245263849820896 0
0.6512026114681624 -0.6515277344354099 0
0.7007461876753888 -0.639769125374261 0
1.057098010702527 -0.5383463450733267 0
1.120154522185423 -0.5220273472521173 0
1.135117651986222 -0.4616441057243748 0
1.185706078175984 -0.5076520816621013 0
0.1341200298403182 1.197639420181491 0
-1.183006491979263 0.2200915424400015 0
-1.218533406308915 0.276962591662536 0
-1.185711704184136 0.3403545471680781 0
-1.251022103017513 0.217165655657135 0
-1.288051317192531 0.2762895869226435 0
0.9558707997634674 0.6945216372227596 0
-0.1880939221763845 0.9008347931726719 0
-0.2391040167132205 0.9008008412743528 0
-0.1371131155681369 0.8995545096927653 0
-0.1100901371239178 0.9406674867649754 0
-0.8284917109495729 -0.8152804470884863 0
-0.8925785213216462 -0.8231165888605486 0
-0.8554927108510593 -0.8772823427476921 0
-0.9286219269990196 -0.772605493355497 0
0.4868577386631939 1.530890376888089 0
0.5726705866659773 1.527654720839258 0
0.610767125201476 1.451040313545398 0
0.7005792411092769 -1.71612206399772 0
-0.2907314001558201 -1.192848854284302 0
-0.2520438430809673 -1.245726559710321 0
1.212695367421125 0.2957216887789154 0
-2.018481225204741 -1.504557471092859 0
-1.963203184903243 -1.39231464731935 0
0.9593579891529342 -0.9109077115321419 0
0.8038829735739885 -2.297524411635602 0
0.6849270904456637 -2.315985115012851 0
-0.1789979815482307 1.197286443622282 0
2.246252855786054 1.007077423482645 0
1.488252997842368 1.071021980208785 0
1.55408876181996 1.007999840813303 0
-1.422507534741699 -0.06519782000950283 0
-0.6652229420679099 1.252130010400785 0
-2.265025194420252 -0.1766003577247504 0
-0.7184250913407959 -2.326304985438356 0
-0.6001700286557823 -2.311538073287553 0
1.510926272071351 -1.082778315397505 0
-1.872687175905748 1.770739504252749 0
-1.939562230499912 1.638190491308301 0
-2.063164644184234 -0.1310384219539991 0
-0.6407071718808448 -2.431488116546399 0
-0.5243646072617736 -2.414799481865082 0
0.4044499384705136 1.537919704336434 0
-0.7524181491490137 2.36718977147803 0
-2.571365573884307 0.1291628873008038 0
-2.514574665934163 0.2392273157433487 0
-2.627849442554991 0.00706777270002884 0
1.137355753803237 -0.7450303306263769 0
1.477309153259733 -2.010520341046008 0
-2.544310163540459 -0.0802288642885628 0
-0.5004679660014985 2.343515849047383 0
-1.662370685077389 -0.651836315586906 0
1.253554740504457 0.1734117172973968 0
1.302816654188837 0.1190788991257939 0
-1.728458036409323 -0.4103551293898551 0
0.1181716393274743 -1.836826051204115 0
0.4670502342054687 0.973306745217559 0
1.409254935807819 -1.269606747661985 0
0.01940100456567859 -1.314890293692947 0
0.08429757483758117 -1.298081987372349 0
0.06472821179683354 -1.359681347867215 0
2.35376451226271 0.3028055695341104 0
2.472751732155328 0.3284611581420868 0
2.439243524765371 0.2107477008695654 0
2.560648443857696 0.2359178668446046 0
2.521128556208586 0.115421879864875 0
-1.428020352012549 0.06554618888059263 0
0.892460788628076 -0.9276902601052971 0
1.702995686318733 -1.948411642984053 0
-1.886255014128104 -0.3810095622485355 0
0.8539136653887184 0.3211414067076606 0
0.8660780749217654 0.3717212279092623 0
-0.8345121353961816 -2.336469275190949 0
-0.8895810362984113 1.123442300954189 0
-0.6429380339110417 -0.6498650597673505 0
-0.6198335215840555 -0.689655336482994 0
-2.079415548005619 -1.620441867720321 0
2.046735430802951 1.470574674754238 0
1.956911262874205 1.555462779575869 0
2.079212134833297 1.593465180042386 0
1.982234671324164 1.681096762788185 0
1.86096541365073 1.644778598253094 0
1.885114781534837 1.769172578948904 0
1.764807683752427 1.733411743254302 0
1.7894867798849 1.857985309432713 0
1.668584306762267 1.82119585007998 0
1.693160719642025 1.945414309149168 0
1.569574050231052 1.910942060819116 0
-1.32255976807073 -0.2261112423665101 0
1.316422273755605 2.113295579717509 0
1.371391291231417 2.004433829897048 0
0.7659765003410886 0.4755474209527025 0
0.803099768402203 0.4411078247806397 0
-0.6754221077518228 -0.6084278576652977 0
0.6913837460948257 1.240711202145331 0
-1.232518848617354 -0.3206135749656184 0
-1.257507036425617 -0.3843034154286964 0
-0.5066348450682866 0.7596746095178792 0
-0.557047695531393 0.7568878160778736 0
0.4641286499639812 -0.7828742487680527 0
0.4459258955370314 -0.8293070621427271 0
0.4728036246510832 -0.8666506361774706 0
0.6578836957662277 1.527090790567731 0
1.582299958859069 0.5475551872871313 0
1.642417453203662 0.4851969875550944 0
-0.8547382663152749 -2.132563686891979 0
1.159379739669655 -0.582021788306029 0
-1.768867431517454 0.04570845538606483 0
-1.820878786999615 0.1246409395727863 0
-1.777070157856297 0.20599532780832 0
-1.874218232849749 0.2059818559789662 0
-1.828690553251333 0.2892486497664124 0
-1.917693988342452 0.1231527311017291 0
0.9368553512918578 -0.9803866550763749 0
0.8683158854617221 -0.9977970667085592 0
0.9143397836010336 -1.052215503621523 0
0.8412104107689374 -1.068227037004662 0
0.8926867248736738 -1.12608725650725 0
0.8162732527843007 -1.142293749501146 0
-0.2428091299318197 1.20133546574964 0
1.026249637856602 -0.8963181828164744 0
0.7201969948313068 2.354976991744964 0
-1.091540102567815 1.972489399860577 0
1.684272148788359 0.8946272692459237 0
0.4201067383204696 -0.8748937259575453 0
0.3946170130923677 -0.828972017449341 0
0.3718197161662504 -0.8816396978643872 0
0.3410211720038344 -0.8431941873450786 0
0.3220960418310705 -0.8885247230272448 0
0.2928716095668454 -0.8535462431196305 0
0.2730881629179332 -0.8969764958397232 0
0.3082222494895042 -0.9337991834581714 0
1.205219281817538 0.5058217556628675 0
-0.3964860548709833 -1.845378624765728 0
-0.3029925892272842 -1.830656707226799 0
-0.6058937045606861 -1.81977935925996 0
-2.502552693224087 -0.3927348368688368 0
-2.437679353915192 -0.490906657200762 0
-2.573775613822505 -0.2900382617367739 0
1.374247791703588 0.1339478026961405 0
-0.5995495334854024 1.245594365515889 0
0.6223760252415164 1.589204826460476 0
0.5775153146075991 -0.8533261458138854 0
2.234735061630517 0.2850978614123322 0
-0.56122817372517 0.84587203049781 0
-0.9153854160964685 1.735274234340131 0
-0.9387568133155423 1.651133811465068 0
-0.9203129367739225 -0.8837588097530371 0
-0.5310167149814895 0.7214866062046325 0
-0.581201936231123 0.7148717611709855 0
-0.6066303332053631 0.753611366462404 0
-0.6299800882459312 0.7085967822804871 0
-0.6045937680565544 0.6722442599034071 0
-0.6529932235174212 0.6658357041793836 0
0.8739948612741897 -1.775696061641843 0
0.6683225891529966 -0.6053270086105367 0
0.7159094341170343 -0.5921665843469102 0
0.7500779755519541 -0.6281268392978397 0
-2.083908510064125 -1.394082125334553 0
-2.032185301026129 -1.284141806558701 0
-2.154805261959547 -1.287067983075787 0
-2.101560692085677 -1.175885250091776 0
-2.226843489152817 -1.182611071360086 0
-2.169469549530531 -1.067698007202431 0
0.1435297271449012 -1.745250351876621 0
0.2047025833078005 -1.808258618628644 0
2.596447817060139 0.3593326784181557 0
2.250681424823179 0.708634198830427 0
2.370528572897936 0.7420451964488076 0
2.456476525171513 0.6531551512499687 0
0.3256973842858951 0.8428416385525292 0
0.3784064846100554 0.8418421838519939 0
-0.3196086500740337 -1.255537472477934 0
-0.2793065903196303 -1.31224670018302 0
-0.3491055247707888 -1.323357240260283 0
-0.2053674083579909 -1.304262588673703 0
-0.3026103724684525 -1.381298865067656 0
1.551839401952194 -1.766586027780987 0
1.005557242615445 -2.052144031103211 0
1.089279074270191 -2.142252288021248 0
1.044327261426499 -2.252225717080209 0
1.892643609112825 0.9149190462433401 0
1.926608097630571 1.021075122321327 0
-1.689802064208264 -0.3332821107740387 0
1.435176379036845 -2.13954493301528 0
1.319641839365096 -2.151933061177994 0
-0.1862386559036465 -1.719305957454134 0
-2.654213604407078 0.2403714602999949 0
-0.1766564801659588 2.243907060658136 0
-0.08810776059071578 0.8950854583272676 0
0.5303472186373916 -0.7258698159082423 0
1.135348646980327 2.232201310548609 0
1.440393578615656 0.8903343871011501 0
1.191787333618135 -0.4422890731702257 0
-1.431207489991771 -2.000589932790325 0
1.076740614084645 0.6486377765584698 0
0.7663442322813407 -1.08916260712131 0
0.7401031773431775 -1.158168959700589 0
0.7918038031285285 -1.219094934729733 0
1.336467760427477 -1.117970960378859 0
-1.32920966475379 0.2018969606180469 0
-1.280309878355165 0.1504446438214758 0
-1.203928444195715 -0.2626523696247504 0
0.5021522229120901 0.7431631650716626 0
-0.2066169795668462 1.255386083669665 0
-0.5071951226552547 -1.692708937727754 0
0.7605611065154256 1.067152375020412 0
0.8171561269392815 1.025011873225817 0
0.8054014558600798 0.9562378083369319 0
0.8721137448779881 0.98010057516144 0
0.8639097898508954 0.9075301058850445 0
0.7598931844766488 -2.417821340039317 0
1.221400358346894 0.5851838732053745 0
-0.1290078471495384 -1.218350975951194 0
1.435096626648477 2.113380501728407 0
1.901898594149154 1.890099114649324 0
2.077926629022787 -1.530981244379914 0
0.6462361640686206 2.461123033588974 0
1.401385350397099 -1.577069755572881 0
-0.551325349006896 2.446605889777199 0
0.776560873634454 -0.4573374483063493 0
0.7571781398983677 -0.5028244298141702 0
-1.0750569595592 2.279295763864944 0
-1.120611585360561 2.151254649853488 0
0.601199999240462 -0.666914554500557 0
1.118538993652802 -0.80930823682834 0
0.967581291710346 -1.108695912192337 0
-0.4486162765119549 0.7591031285052996 0
1.483330267460895 -1.178970240000333 0
-1.508057710053104 1.77447283989055 0
0.8827955758519732 1.049815520159781 0
2.076867022383191 1.148891191889619 0
0.711471787505819 -1.236581665341862 0
0.6641065874503661 -1.177177606502441 0
0.6344270464616628 -1.249076873112807 0
0.5881619890549032 -1.188864036186389 0
0.5616329263159471 -1.258129945533081 0
0.5125100564058643 -1.206467904405369 0
0.487698671147238 -1.269693994676692 0
0.4390906395766586 -1.219045649578423 0
0.4133833529084054 -1.281529005268993 0
0.3702921756200981 -1.230980720847822 0
0.3399140108740711 -1.295139358648665 0
0.2980639505780412 -1.245086731941485 0
0.2610914475541123 -1.324487341651135 0
0.2226355340939051 -1.255830006131593 0
0.1964786205347373 -1.319156412680768 0
0.3169996847441097 -1.365451394687144 0
2.505222979489648 0.7643993958549482 0
1.243028292437384 0.3680518271636312 0
0.644735704709447 1.086604774418778 0
-2.134452041693475 -0.03979314487229061 0
-0.6239142153930426 1.313941245292177 0
0.2744517533759381 0.836501122887604 0
0.2448903150702578 0.8836316497312646 0
0.9305599041547357 0.9389545773753724 0
1.348237629160653 0.06418497030817055 0
1.279361790279583 0.05081116990071612 0
1.326701205835867 -0.006340182469825685 0
-2.085463250684389 -0.2673937798996452 0
-0.06187309497243951 1.086454073442832 0
-0.04146698060227167 1.034630669815697 0
0.901051180903337 -0.3274249110417351 0
0.8655304841484772 -0.2974807389412508 0
-0.4967928086096564 -1.862467174581936 0
-0.2217889859049141 0.8513979651738355 0
-0.2645535082598051 0.8662296732677792 0
1.231760109456548 -0.553758529914993 0
-1.83423301967759 -1.385097860204667 0
0.2457817435874146 -0.8620016395362351 0
0.2246044785601399 -0.9042618258923101 0
0.1948938468826718 -0.859311351106355 0
0.1713990871672676 -0.9093356012976983 0
1.828991480826602 -1.921991178786839 0
0.5365194163102208 -1.323861090739057 0
0.8646442235799116 0.1863669911032567 0
0.9072717830407852 0.1517070072259764 0
0.9572259355806942 0.16150376759874 0
0.9434276837393181 0.1153761142667921 0
0.8964400078825517 0.1015583519691004 0
0.929606488832601 0.06537123967075151 0
0.9769765168355132 0.07810087328250964 0
0.9633061364531792 0.02916035080901518 0
0.916086631449111 0.01512118305294267 0
0.9506782034555024 -0.01856380772380124 0
0.9064002978102442 -0.03251275198132095 0
0.9383319787800111 -0.06669758166668034 0
0.8957432727993213 -0.07936761154553787 0
0.9252163391606107 -0.114084709567975 0
0.9892000662661522 -0.05406404997196931 0
-0.3266523327685605 -1.935509377964863 0
-0.2293384133822907 -1.907781307961247 0
-0.3765591695539572 1.288866706045913 0
-0.3085951375539453 1.287402492235279 0
-0.2537339890794233 1.337094379744379 0
-1.354243191567228 0.2697030288489979 0
-1.327420588946385 0.3263202254853111 0
2.206462864149086 1.188805111614696 0
2.235298960612117 1.305019628619743 0
0.6239999268599623 -2.434475881315191 0
0.54946613836071 -2.531873932441894 0
0.4985026778066698 -2.423990817424107 0
0.4228302552606538 -2.550093601424608 0
0.3682894637401524 -2.388928912878908 0
0.2996853860424347 -2.498320679337665 0
1.607386525535296 2.03832181099907 0
-0.3717374628868374 0.8952027213273863 0
-0.3484701016584185 0.8448180958033913 0
-0.3788138944890156 0.8040361838021128 0
-1.379380410577694 0.1456305996130605 0
-1.290078476126331 -1.319201506654618 0
-1.23648370015423 -1.236089978853314 0
1.174199280637552 0.3611642272409387 0
0.5151507669172253 1.022486111819326 0
0.5413183596591182 0.7134927073583325 0
0.5747118877385065 0.7304759670181524 0
0.5772592263367797 0.6902815237262919 0
1.129197440503946 0.5977948977668016 0
-1.504211530541523 2.076009657942688 0
-1.435451943357717 2.195323803831838 0
-1.312953948998283 2.192547107555245 0
-1.640380101970921 2.044073204072436 0
0.7643631795116825 -1.305645210724943 0
-1.013776625719383 -1.573201732995131 0
-0.9660545167789737 -1.465826432627767 0
-0.7366272176235699 1.259004507879641 0
-0.05999859067368592 0.9368481950994564 0
0.7931202664607292 -0.5384005743830668 0
1.812152768406876 0.6461291805737277 0
1.767105984039868 0.5693236743733534 0
-0.882166718720183 0.04131809482175722 0
-0.911093420110496 -0.004769797960499305 0
-0.9604869100995376 -0.009032742734834655 0
-0.9326097934215892 -0.05091633340166751 0
-0.9813651198759109 -0.05473606721101457 0
-0.9527275723904675 -0.09725040064873132 0
-0.905411931136809 -0.09307652544983576 0
-0.9246908165907852 -0.1382917364884434 0
-0.8706573112853386 -0.1349401058796877 0
-0.8962358515816889 -0.179861596917791 0
-0.9449150403976787 -0.1845167561957829 0
-0.9166484593164584 -0.2254745968099323 0
-0.8707710389851778 -0.2227829105050941 0
-0.8866876832061904 -0.2652825610340613 0
-0.9367405523493303 -0.271775275512486 0
-0.2896326792187643 0.9007295758033895 0
-0.9454853308351159 0.2234139143323535 0
-0.8931478067484757 0.2184074837066279 0
-0.8677086183317305 0.1748897209527419 0
0.7396030052011699 0.6045048283587913 0
0.6970113762277387 0.5859568455683913 0
0.8504405185035666 -1.287199492850837 0
0.7940770099621567 0.8811717690486329 0
0.8510928150300754 0.4531563521134487 0
-0.9059636648023617 -0.3128596325296664 0
-0.8580815153780966 -0.3075456760505413 0
-0.8759846160532712 -0.3526620854528116 0
-0.8247937869671524 -0.3455396647413388 0
-0.8449720963753427 -0.3908222742367805 0
-0.7973194987094034 -0.3839163158428998 0
-0.8122064846808625 -0.4292943373159264 0
-0.9014672046804687 -0.4088314056063272 0
-2.282979103191973 -1.295124134121443 0
0.8727970893689864 -0.125677047791514 0
0.9117417197484061 -0.1614343113439904 0
0.8623440932292504 -0.1766954340316274 0
0.8994794113889352 -0.2085663915939827 0
0.9476338583782667 -0.1969264763181097 0
-0.7289806956990595 -0.5980507207698594 0
-0.6952460739755036 -0.5713111557988 0
0.01286592025468635 1.02511685628786 0
0.2942266786796574 0.983733700894071 0
0.8059675196402549 -0.6505892997384901 0
2.682146369156092 0.2699485094604205 0
0.06860806295113482 2.672933765715475 0
0.8137348818987451 0.3532858273500866 0
-0.6211697952625932 0.6245796338997089 0
-0.6768452717996442 0.622148982476507 0
-0.7072626328944099 0.6648898850568404 0
-0.4123826425600242 1.360008471835398 0
0.8387999180250155 0.2711485140423734 0
-0.4936398661475093 2.559835217680006 0
1.202703933269365 0.2255227959647031 0
0.243785480791598 1.525359620565678 0
0.1750271895649125 1.51388535372364 0
0.1223076832494607 1.455581510806687 0
1.736289444039105 1.604895003436964 0
-0.9972080645142388 -0.9175250049834709 0
-0.5589761120885397 -0.839844844978161 0
-0.5019465953495976 -0.8351766461253366 0
-0.4685421526990468 -0.8802623561043179 0
-0.4473073259662861 -0.8305633978697592 0
-0.4153989039554636 -0.8726834579207523 0
-0.4775577570678141 -0.7877135039590425 0
-0.3973516123427004 -0.8261091710302645 0
-0.3647807727164639 -0.8660629983428916 0
-0.3461837914383616 -0.8182454784598603 0
-0.3159086025279424 -0.860501410137526 0
-0.3326458872876318 -0.9043803157771092 0
-0.2820591583762705 -0.8983498811410424 0
-0.2701594412179087 -0.8566682825662602 0
-0.2344665889970205 -0.8932421704244728 0
-0.2508342842386732 -0.9374909722020499 0
-0.2010317294235976 -0.9303073283585716 0
-0.1865915363361618 -0.8863843250346825 0
-0.1503612185988207 -0.922753915021852 0
-0.4348661055653299 -0.9223146235046237 0
-0.2119900512429195 -0.9749929462584302 0
-0.5324271859793726 -0.7895059432539374 0
-0.5041935925210079 -0.7477941853577883 0
-0.5575395879856918 -0.7392843371980751 0
0.2502408401099843 1.248212205883104 0
0.1722649005783847 1.257953653677148 0
0.6935067398483482 0.7044522555920236 0
0.6479694495050472 0.6857361134940746 0
0.6811488644327294 0.6535299743780951 0
0.6350326284170706 0.6373271836087419 0
-0.06216524146526509 2.67197448952082 0
0.008767685304906805 2.783650587514214 0
-0.9421088333175801 0.327392902650722 0
-0.8871151946108095 0.330553661650797 0
-0.8603114743318516 0.377328974304156 0
-0.837408914900698 0.3368843915839224 0
-0.8582628273844519 0.2937112550194917 0
-0.8122717273266209 0.3769319204850519 0
-0.8329583541327478 0.4199084799393581 0
-0.7842611027231947 0.416872365835423 0
1.543663747330862 1.780033893633898 0
-0.138269327178955 -0.8710144923741616 0
-0.1025568001888688 -0.913804207308342 0
-0.1222631919409403 -0.9599319498640858 0
-0.06938569669074594 -0.9522248002168668 0
-0.05423232356526015 -0.9068403145276602 0
-0.01944250613011184 -0.9434860055661628 0
-0.006792450700150916 -0.8992543278625746 0
0.03041873691787409 -0.9320372189852668 0
0.04065724791244463 -0.8804515135337443 0
0.07851009844682963 -0.922210575500082 0
0.09402594844738635 -0.8754956816735429 0
0.01828419913924321 -0.984606286779882 0
1.728346831709372 2.070257083481743 0
-1.082573622906335 -0.04624289423556636 0
-1.054302630270579 -0.101240472047617 0
-0.4287912846368019 -0.7797277348695079 0
0.4636596922550438 0.7721805478027438 0
0.4144840771974395 0.8025393356861721 0
2.123056461078971 1.728690582776273 0
-0.8948168935921812 0.130077824019421 0
-0.117267350847843 0.8574872459247229 0
0.9608778799145437 0.4179898834897258 0
-1.169994830888301 0.735577543372434 0
-1.092013253294426 0.741060891441518 0
-1.056856086289709 0.8085460103788635 0
-1.018146014791263 0.746197870983953 0
-0.9843370093097654 0.8095872715607693 0
-1.021951075832425 0.8743192619329763 0
-0.9476569605634629 0.873094496205328 0
-1.051751504357936 0.6812130464203073 0
-0.9846692402050335 0.9370728182709124 0
-0.9120382647193901 0.9367374495344341 0
-0.8736390639996707 0.8720804122501182 0
-1.126462626752199 0.6727131421693461 0
-1.155773071464206 0.6034728641749029 0
-1.078666416064472 0.6143643788436266 0
-1.109678012932323 0.5470462077861323 0
-1.17994574616867 0.5335614518954279 0
-1.136061377641953 0.4818527773459629 0
-1.198799034338698 0.4649468774564994 0
-1.248684219252304 0.5180363565885049 0
-1.149792969608409 0.4084149664928113 0
-1.039134746340203 0.5658820584470834 0
-0.9497935074636984 0.7443977266613203 0
0.78366364619937 -0.4050908339824162 0
-1.944074635247263 -1.834488594350566 0
-1.092520103495165 -1.304193562318247 0
-1.091699198304829 -0.7895641359812523 0
-1.062085955360884 -0.7190574879392537 0
-1.103643653677955 -0.6574733935752319 0
-1.035143528834899 -0.6543925743498418 0
-1.071244147843046 -0.5918909459954466 0
-1.14272619828664 -0.5970749691376747 0
-1.109402616740453 -0.5349178846805749 0
-1.178452348697576 -0.5407757671247979 0
-0.9966543060776296 -0.5897883549152546 0
-1.079683549149542 -0.4699951972657603 0
-1.006764483860515 -0.7079890359718033 0
-0.685324714029625 -1.326457868684491 0
-0.7395831039669887 -1.256657754415319 0
-0.7138285077972483 -1.178498299888835 0
-0.7594888250498545 -1.115699089807009 0
-0.6903094104065498 -1.111409665756676 0
-0.7292764750045899 -1.05501462013275 0
-0.8039404586786165 -1.056748430584953 0
-0.7686683710298922 -0.988714711313859 0
-0.8412001887329692 -1.000253300005042 0
-0.3213509924393703 -0.9865467874887571 0
1.587713686003241 -1.337729198097985 0
-0.6215828908387828 -0.7385685660709168 0
-1.976507603019086 0.2020211082725111 0
-1.139635480245553 -1.228306926241907 0
0.6831136215815216 0.5465050485739442 0
0.1998287978121031 2.667070193960988 0
0.2593535581714779 2.550946028888659 0
0.3307505968124764 2.665766285227549 0
0.3793619891300709 2.558518850434202 0
0.512432254102504 -1.933342236876733 0
0.4474737120180927 -1.846156772837414 0
0.4919594589340229 -1.751237931465528 0
0.3894658397249563 -1.761859096102525 0
0.3474962634995341 -1.859491698437043 0
0.2843503478153839 -1.956668652116693 0
0.4283807682714516 -1.666105774719667 0
-0.4416092041211424 -0.9825407894217886 0
-0.9102090018616795 0.2743832213479848 0
1.390235622917925 0.4229165483129836 0
0.5820523028115604 -0.7143203871461702 0
-0.4274183717046408 0.8061611083269629 0
0.4824730903243882 -0.9500456713872851 0
0.116988481611497 -1.014797261012553 0
0.1781222071717523 -1.003787707696935 0
0.1361873650500998 -0.9551795800587959 0
1.055063974132863 0.05518730583986048 0
0.998308263292929 0.8978548627537427 0
1.48758543538703 0.2139019882391563 0
1.455271370706612 0.1261755910773235 0
-0.6805878283651063 0.7889522209305868 0
-1.475248250616456 -1.215272021428651 0
-1.431801594056082 -1.119793525872673 0
-1.488309941804288 -1.032750802313066 0
-1.387455834666657 -1.03083901652898 0
-1.439570306645476 -0.9474466287937742 0
-1.33369831690168 -1.109242118460505 0
-1.288386069413463 -1.025531236350341 0
-1.547746241269808 -0.9242377048300431 0
-1.470172999432857 -0.851794584607374 0
-1.388160331312152 -0.8673969895741938 0
-1.23696619888311 -1.094883376511833 0
-0.818429080587452 -0.5570236859721889 0
-0.7655584317271602 -0.5533991530376877 0
-0.7938923379820066 -0.5104173094534397 0
-0.7472637148136914 -0.5090138931300103 0
-0.7675846280090453 -0.4654071139672254 0
-0.8497419271923073 -0.5116747340047442 0
1.297503035138429 -1.299481772096003 0
1.262109121359133 -1.391891093619505 0
-1.791051772971827 0.7782374083580188 0
-1.685902164281538 0.7854007242574325 0
-1.638497647904368 0.8746670723622938 0
-1.585229344420976 0.7896304515796763 0
-1.630246847541007 0.7025086954920072 0
-1.538751307446173 0.8780368646927307 0
-1.589787583156081 0.9623255032477003 0
-1.491099357735178 0.9648451102268754 0
-1.541874476421687 1.048912401661213 0
-1.442929005788009 1.037689569373192 0
-1.52517190213688 0.7017416184181854 0
-1.394961894209886 0.9544389774418358 0
-1.581832009228841 0.6238170624553678 0
-1.673106662542922 0.6164447027073958 0
-1.614959216718542 0.5336317556962358 0
-1.713930011925114 0.5302229313676744 0
-1.659296070079986 0.442440453435315 0
-1.756641253353651 0.4448881738984807 0
-1.811794845173768 0.522129789476818 0
-1.850406432278506 0.4402169345435828 0
-1.698393896050285 0.3624970541425565 0
-0.5529987093878299 1.184681187113554 0
0.5967352242112292 -1.73674906372229 0
0.6390579111067107 -1.64815096377479 0
-1.437968817226285 -0.1575791847459821 0
0.05224699207686052 -2.01590864886211 0
-1.341037063560305 -0.4563077911655031 0
-1.387730617833046 -0.3844034173376439 0
-1.461155846822673 0.1422825647552813 0
-0.4332184491634545 2.233214832428855 0
-1.721030072780482 -0.8449187103418854 0
-1.618599405207677 -0.8379125343152098 0
1.414086310744403 1.367422779168128 0
1.310227987057557 1.338290664784223 0
1.230089944754866 1.415375067359554 0
1.213707422171109 1.313710121441198 0
1.293565256121847 1.241860777917162 0
1.134578822694622 1.37791214291578 0
-0.9242024119690855 1.053983721429585 0
-1.005687069288691 -0.7702080637341897 0
-0.8269214189899232 0.5296986344182382 0
-0.7966114622781324 0.4870222810979646 0
-0.7738886410603474 0.5294576337850687 0
-0.7480337609460357 0.4871732340185647 0
-0.7225896935339502 0.5340686370958289 0
-0.7466327218648405 0.5704422496604912 0
-0.6986428741971391 0.5779065263025169 0
-1.961601349296 -0.4684437933870153 0
0.6797718987140882 -0.5548295028686898 0
0.731809042071986 -0.5454114054130843 0
0.6010324293629754 -0.9093926842267331 0
-0.4658102013946464 -1.377868389929375 0
-1.98253742031929 -1.166006863686844 0
-1.486869573323337 0.7966912880446425 0
-1.024172898347146 0.07088585924346247 0
0.8040534392827051 -0.355084024487449 0
-1.22051546992925 0.3982990705723878 0
0.7906143832638406 -1.013964750014201 0
-1.847595581969913 -0.6596085873892452 0
1.73873536593326 -0.8977612628703509 0
1.669138224875253 -0.8164625970361039 0
1.699867551804374 -0.7176126465699948 0
1.602784629523467 -0.7412904526817936 0
1.631870539437732 -0.6466244936632881 0
1.72816383674629 -0.6218018060961088 0
1.662207631415 -0.5507878285166937 0
1.575475988480078 -0.8376761933936785 0
1.752638165792397 -0.5294203702913474 0
1.686602155447525 -0.4572520901116807 0
1.567008643740831 -0.5845186746921768 0
1.57910588530754 1.21448350017743 0
1.476037068503119 1.175280927876715 0
1.394803675444427 1.261215638203119 0
-0.6055012137582162 0.8860699205233361 0
0.3574201934290229 -0.9655847221512133 0
2.330668551004694 0.9272986005424874 0
2.362271319622698 1.029762482741687 0
-1.443774021205183 0.8796400850065683 0
0.9215935047389461 0.8640117123561495 0
-0.4786105476647689 1.866267665024697 0
-0.4225237074329146 1.77972376446283 0
-0.3211517539081357 1.781478255837847 0
-0.3717952813620155 1.702705829245794 0
-0.2795136722084427 1.700502278339558 0
-0.4707868105607 1.698194731949672 0
-0.2328854850703443 1.783347805321179 0
1.94917099154308 -0.2567497303331116 0
1.877838510773152 -0.1732618688518704 0
1.845645298774429 -0.2755877030004794 0
1.777151793209938 -0.1987842078138035 0
1.806398067425065 -0.09925279180246194 0
1.746673669096493 -0.2906803777854707 0
1.81058428392891 -0.3655512537772558 0
1.680406921859601 -0.2204083060739698 0
1.351621763000358 -0.2795318168401547 0
1.298082851494376 -0.2234309584265258 0
1.277076165236475 -0.295281696944631 0
1.316735349422421 -0.1509885507967004 0
1.225644882598622 -0.2408399011668975 0
1.211701828748233 -0.3132575611279174 0
1.260189341501327 -0.3657214806405862 0
1.393329173885797 -0.1273573138856847 0
1.411308812822945 -0.04586508611551837 0
0.1422296030754463 -0.8690573491011817 0
1.668325086787627 -1.115032373570421 0
-0.6244083945797159 -0.6088108325312913 0
-1.538098105394274 1.280046069876336 0
-1.468651857036663 1.193925598606874 0
-1.430315238952129 1.283291457579955 0
-1.371147709180158 1.19464712402731 0
-1.327783113243748 1.276312935951725 0
-1.48715781824334 1.380743152482705 0
-0.009749819858720681 -1.460195302525956 0
-0.52584203532098 1.777230826679604 0
-0.6241674488160875 1.766195786499227 0
-1.37269716735414 -1.193973879913828 0
-0.1726048216721581 -2.05083046877258 0
1.224257288113253 0.6727897750699281 0
0.2671032652887883 0.931755127625738 0
0.2155702808177479 0.9218573202459952 0
0.2062070978367503 0.8798698497179395 0
1.639420936609788 -0.9208955933536385 0
-0.02719277442499265 1.139429440832603 0
0.9858464782835981 0.2639609374030679 0
2.188077452573932 -1.601833506519677 0
2.091779125168954 -1.409814677870912 0
-0.2336757550719941 -1.423481720167088 0
2.019204200101834 -0.03868557672220759 0
1.904199324161749 -0.05022819501580249 0
1.810632945384733 0.001896337067824759 0
0.9376826832044991 1.926715970649062 0
0.9909769281527578 1.821295149429069 0
0.8692477476761163 1.829658402436962 0
0.801753900649663 1.742523303876174 0
-0.9797887975385718 -0.3103665139132219 0
0.3636324440258694 1.619981679248228 0
0.5739772412392766 -0.6041606652647071 0
0.6343835444097394 -0.542440021723534 0
0.5412218965442207 0.6344900989046907 0
0.4728441590343223 0.6879932653251899 0
-0.8236996525477847 0.1514190442866372 0
-0.5084587620878983 0.6608193776858348 0
-0.4403336907656616 0.7120908173862014 0
0.1106263803060793 -0.8315412247277314 0
0.5073515286790957 -0.6610810176468132 0
0.7880461217638424 0.2790617678033736 0
0.8147842792858826 0.1964090213267195 0
-0.7563526298772136 -0.363648946309822 0
0.3970349823398608 0.7320154468385833 0
-0.771310739122368 0.3159711819477219 0
-0.8009519298825392 0.236820152432397 0
0.8015710964165553 -0.2374361758434501 0
0.845197954035767 -0.2252647473577607 0
0.7741345472556188 -0.3198216646900088 0
-0.4009617604676774 -0.7406031644175251 0
0.8237076311639477 -0.1514383065893021 0
-0.5430646262390767 -0.6355992793528776 0
-0.5478213657144403 -0.6823160308530782 0
-0.4747345524377216 -0.6864954290086366 0
0.8306150911230814 -0.0653497095178386 0
0.7565767512066141 0.360844725215608 0
-0.7894489539885337 -0.276463596291325 0
-0.5773789477516533 0.6066848642328472 0
0.02188386874066605 -0.8357112279729897 0
-0.06460525316069207 -0.8329605474258714 0
0.4796840842134603 1.079329550811178 0
1.864942240793118 0.803611966638837 0
-0.8789364872416733 -0.04664680426208344 0
0.1514756465810455 0.8204990835239745 0
0.1350996448055387 0.864262647075317 0
1.201665920054055 2.353546911634615 0
-2.531514604936438 0.8129461663553071 0
-2.394665300294029 0.8316283441539725 0
-2.340878349206346 0.9575523754048901 0
-2.268899740067704 0.8524108480546567 0
-2.216681977361444 0.9648144659969435 0
-2.326249296789242 0.7321403147853768 0
-2.284908730854203 1.081508004549068 0
-2.157612327966741 1.07967587319943 0
-2.157864146255994 0.8573175653790657 0
2.530653104991836 -0.8153392102316867 0
2.393877387505491 -0.8354210740220349 0
2.341099562430831 -0.9600974847645914 0
2.262572289917439 -0.8525434251677988 0
2.311091266553963 -0.732976887524913 0
2.215171598703363 -0.974151514566459 0
2.179692748210908 -0.7502226374851828 0
2.288324842895478 -1.078732537331808 0
2.188499229021017 -1.105031800071681 0
2.446295588514432 -0.7062423526212483 0
2.491128742332292 -0.579397942955277 0
2.360779672279211 -0.6088818898797901 0
2.402900308366089 -0.4819168734470561 0
2.531963479719794 -0.4493924795331628 0
2.440182841956639 -0.3569576673319366 0
2.56302025168754 -0.327552356915804 0
2.474065047263109 -0.2377752855496731 0
2.595688610039571 -0.201547369305326 0
2.513080763688049 -0.1016522504853217 0
2.637266601942463 -0.07657348682884722 0
2.356595704820939 -0.2700591669603934 0
2.631222084300112 -0.5511789938115511 0
-1.211465063568649 -2.374626300681151 0
-2.626856019779562 -0.4064829185496792 0
-2.733447621007642 -0.3017313615717844 0
0.950894001933976 2.478991549761339 0
1.086330245046384 -2.426362748348168 0
-1.082098404367135 2.4187379714133 0
-0.9531493410255565 -2.487647135980812 0
-0.8089264843788999 2.504063488463502 0
-2.475387490441556 -0.9476454605874591 0
-2.39175082039842 -0.8386125853845564 0
-2.446869203575388 -0.7127875955930028 0
-2.303952574850156 -0.7265410905430731 0
-2.271537235239892 -0.8540272142621936 0
-2.589952469938558 -0.6847370626998213 0
1.484607158809581 2.239434364594034 0
-2.638711683405401 0.5491523599601805 0
-2.478323615232559 0.5644686725221942 0
-2.44575465082015 0.7017080927155277 0
-2.351191506347878 0.6093645599546587 0
-2.546278565402789 0.4437805441114406 0
-2.422198083112653 0.4629117814381383 0
-1.482560680044251 -2.259342302855318 0
0.6880933596340019 -0.4729781653915304 0
0.8279053308669103 0.1094897022500164 0
-0.662604216842172 -0.5056287291360215 0
-0.720863684847914 -0.4378589055082782 0
-1.055991803236268 -1.670974065486799 0
0.8353379112603732 0.02189329573334766 0
0.8776936558255561 0.05137264886696138 0
0.6048842467843315 0.5737004202093201 0
-0.8357112279616027 -0.02188386870966294 0
-0.8350653160761426 0.0645822782405116 0
2.308274465502809 -1.333980996907722 0
2.182266240846444 -1.250368183730618 0
-2.309281541210094 1.353920852937161 0
-2.174863526158164 1.373945753941754 0
-2.120717112154438 1.490407295735614 0
-2.041727803234367 1.382903218992379 0
-2.099131178568645 1.274931681354213 0
-1.989457118063286 1.505041216605309 0
-1.90829224496669 1.395193069041242 0
-2.074974322561395 1.617447922619992 0
-2.019541021574877 1.740194404652627 0
-0.6860907935149617 -2.565728980727018 0
1.2461564242005 -0.1718414748989891 0
1.266953574756922 -0.1003582837229589 0
0.2783953611591289 -0.7858853532122343 0
0.196623543044734 -0.814156004864085 0
-0.3616245857948333 0.7609861803105687 0
-0.2778502075881198 0.7865979794329023 0
-0.1898402304351445 0.8155424494188714 0
0.7366029285309661 -0.3986604348406111 0
0.318975379063524 0.7710565070308328 0
0.2374361759194214 0.8015710962266275 0
0.3608997797424192 -0.755093449921582 0
0.3954061200028461 -0.7774952787646721 0
0.4361130125402169 -0.7116718042784888 0
0.4790855993748649 -0.732414095191964 0
0.71284772503551 0.4344779429236296 0
-0.830252754405547 -0.1104392306993857 0
-0.8105354343123481 -0.194552569568359 0
-0.740520718106185 0.3983085224578832 0
-0.6349531617922225 0.5420385243628175 0
-0.6860672429013862 0.4715070581090393 0
-0.6966909376349304 1.859756606357239 0
0.1703127209261268 1.633243908112604 0
-2.231594239060065 1.16778094811473 0
-0.5664231872318155 1.685642032103856 0
-2.345540533397878 -0.9588886088204958 0
-0.1517176184019633 -0.8238233259817302 0
-0.3212612359388535 -0.7779180156651215 0
-0.2356288430307165 -0.8004741924522145 0
0.7230680773322654 0.5070378840374593 0
-0.0002982616801112785 -1.037391407787669 0
-0.6507709358604566 -1.237156088630043 0
-1.235418436816854 0.5917520630753614 0
0.726677698830914 -0.7289396573806783 0
0.921497052581144 -1.961494244421788 0
-1.98062088386255 1.268713731185757 0
0.4040810558614945 0.8837410081036858 0
1.824439391484944 -0.5979335473420413 0
-0.8855459205404941 0.4279158049866708 0
-1.214498971495081 -0.601625003935059 0
1.251018459602338 1.524537787101434 0
-1.743254779388362 -2.144880124595451 0
-1.750282655513069 -2.014718422290454 0
-1.629227031714065 -2.067749924367056 0
2.760118809162991 -0.2781610288535682 0
-1.642445377206005 1.048013719704944 0
-0.2852977165148323 2.753566718896842 0
1.745591742093932 -2.152716073576347 0
0.2848466441112385 -2.752627197499653 0
0.1708535451902982 -2.666522227500745 0
0.04691681505928733 -2.712552323330773 0
0.05978225092595813 -2.581082206575489 0
-0.05815988900923591 -2.626045839897132 0
-0.03369792754331295 -2.506385665180937 0
-0.1667112865439521 -2.549221974710402 0
0.07765951221889861 -2.449683421010243 0
1.711410309501029 -0.127312372348858 0
-0.001978125382854556 -2.850628652592363 0
-1.494283594757196 -2.118543400527277 0
1.899118766699401 0.5057285960973787 0
-0.8460703777699005 0.224059319114889 0
2.284694270870279 -0.504321730895092 0
-0.3943764927805221 0.9468879505882233 0
1.042130234757233 -1.930225481839634 0
1.310041341114345 0.4057281890172301 0
1.315516706314526 -1.497272373754711 0
-1.119281818693975 0.3377815202197678 0
1.399872348409432 -2.262543919137757 0
0.9116987536215136 0.3935466594793856 0
-0.4286097603910051 -1.301699960623137 0
2.396398634424845 0.1072334087993982 0
0.2501365283296633 -1.413941041458145 0
-2.422137300885304 1.07650965098444 0
2.140841845150916 -0.8866919039420649 0
1.018495642145891 0.1602250889136515 0
-0.4183489409730581 -2.695453670497784 0
-0.4450045488028397 -2.53430382900565 0
-0.2947456387322692 -2.595763560452988 0
-0.3385217279789943 -2.473146057528748 0
-0.2011560654430228 -2.409331568816608 0
-0.2847338618034191 -2.749922594765222 0
-0.270115852238434 1.868828088454846 0
-0.1603496228377637 1.860804760984359 0
-0.3914881844942606 -1.153722354626468 0
1.782761098579938 0.9401342773617221 0
0.8021126330536814 -1.698356548418865 0
1.59423393560711 -1.033774666844945 0
-0.07999278723293464 0.9870651106049225 0
-1.597929637119687 -1.030204815718863 0
0.1165466024266004 0.9103356019173138 0
1.296523590036504 1.91008076137877 0
-0.8726188389635549 1.835791493099705 0
-0.9485365886457791 1.88590711279862 0
-0.9809751608089867 0.68604188148721 0
1.293162260698497 0.6183456278661952 0
0.308861319868913 2.442045574585374 0
1.021334909731141 0.7088714192132333 0
-0.8729675667878827 -1.484820555977543 0
1.330218558982373 -0.3559978959251535 0
-1.001648947947118 0.2234159072687827 0
0.1680311362434375 1.386915671867426 0
0.09211525625906154 1.381820639918875 0
-1.69463323650598 -1.607560020834605 0
0.9460925060289713 -1.186796854053541 0
-1.037086218878828 -1.383958977441151 0
0.7880526121089753 0.6299028490855224 0
-0.8772385942356797 -1.063439725426457 0
1.914965285641404 -0.3560127935658683 0
0.6932299451408429 -1.114783236396631 0
-2.202397134560525 1.606893643294197 0
0.6002480812170002 0.7713236061767526 0
-0.7999914465964311 0.5791345665929377 0
0.07949783373411454 1.637901095087908 0
2.424106043121529 -1.073183040669837 0
-1.290931895834224 -1.495928296116826 0
-2.149479983669368 -1.729415795650751 0
-0.5903533267401045 -0.6537547673172214 0
2.014209276229725 2.051388659716684 0
-2.854969056859588 0.01857363939638624 0
-2.00690381865822 -2.04394673972564 0
2.850766309519668 -0.004689782257612498 0
2.722120183534353 0.03182192471562142 0
2.006775004836487 -2.034863880422546 0
-2.010838546463622 2.043152305490565 0
-1.900437973140386 1.956855863093917 0
-1.770101859246913 2.001925194236158 0
-1.544901828260985 1.953690508496429 0
-1.677198914360881 -0.7507476769861106 0
-1.571555237173815 -0.746212318625362 0
-0.0582832215181634 2.243133031266397 0
0.9321597050601074 -0.4120865778254261 0
-0.6064692942200658 1.588050801348466 0
-0.7529552865042547 -0.6539046789258852 0
1.130152587498632 0.8786575090833175 0
-0.4505304584744844 1.28887318560797 0
0.932076432790286 -0.2451350974440586 0
0.1619104826687313 2.048348744999767 0
0.2809288471661582 2.034427776143364 0
0.341150543829062 2.133979976001251 0
0.3681771151913332 1.953738912640588 0
0.2877568190931912 2.237745752613089 0
1.589832966182272 -1.644260642761061 0
1.233872824759995 0.1059219818604775 0
0.1749465895332523 0.9940909443786836 0
0.434004969120304 0.9263621517009444 0
0.2460587807343798 -2.386563531706405 0
1.185787144024112 0.1549718464650744 0
0.7036857195011064 1.441814764030679 0
0.6464784344270886 1.369855237452219 0
0.7928118839421755 1.479744018677672 0
0.7212024764856052 1.324681775181749 0
-1.746318481330071 2.143835693030446 0
0.1516322724301628 -1.272362386787813 0
-0.3099178467285417 0.8136272496512268 0
-2.020119480067814 -0.375215042862089 0
-1.097813015991311 0.8760726375111291 0
-1.730061230075348 0.6960095750102833 0
0.7051416336532952 1.94463333335653 0
0.7519287592937869 1.841078826397591 0
0.6966877429415868 1.75452841567014 0
0.586522128844699 1.768709224271966 0
-2.43404243429548 -0.07547657219599921 0
-0.02172846642170176 0.8356846373419262 0
-0.04839131982416869 0.8782214999361088 0
-0.600579044128895 1.118983220291337 0
0.7317915747405057 1.174546602420723 0
2.144594026980728 -1.748379335266067 0
-0.09025640063825936 1.250919635407346 0
-1.350322762140025 -1.403235839122352 0
1.329915583401557 -0.07546374994571445 0
1.140118082401489 -1.487479067726095 0
-0.8525025462700542 1.195763417682079 0
0.5170443309028987 0.9029375855228061 0
-0.894520405471063 1.57847171628605 0
0.7060897050270327 1.600125499005017 0
-0.0893464829484604 1.139147229464036 0
-1.281391460269681 0.07436184517508838 0
0.1012376295934093 1.961459630678253 0
0.7866204859747519 0.3967583527287754 0
0.8080002346748827 -1.983379095906093 0
0.8463986729099535 -0.5320708016484699 0
-1.5652464760537 -0.642548081115992 0
-1.567597764352032 -1.606574035146414 0
1.476119422023103 -1.67288756299516 0
1.297717663461843 -1.627874421249574 0
-0.9318329754543839 1.193592234970699 0
-0.3726840665076248 -2.272710296363351 0
2.590133119030809 0.6652285807647021 0
-0.2666246326750937 0.946852583098984 0
-1.360444649368302 -0.1706582786128213 0
-0.9805728711472589 1.420278304006951 0
-0.1832914798296458 1.372224278357199 0
1.195480253660016 -1.312291823703608 0
0.3539974683294563 -0.7983243354902918 0
1.427073630864853 1.891954024028284 0
-0.4721179441267757 -1.608847323684985 0
1.165428628330153 -2.244102062535196 0
1.653418286780286 -2.067686960658914 0
-0.8079872012096765 1.001113996265393 0
1.527852796321005 0.9174504270805426 0
0.8651249615398362 0.5045475880445095 0
-0.3117853598130868 1.165133630436595 0
0.07979258908172537 -1.675038692234351 0
-0.9645175390195837 -0.2324019086116629 0
0.2001013038824058 -0.9513678553664666 0
1.066965062907738 0.9389264082595167 0
-0.9623965549999727 -0.8288559036459953 0
-0.03614124662603337 -0.9950457345282342 0
0.8514625852340619 -0.8712259816441488 0
1.197806836592419 0.4215088201881829 0
-2.645616480202298 -0.1483496966264991 0
-1.446660310063971 1.680739453076066 0
-1.234854485187354 2.098581076799694 0
-0.1355009826927718 -1.95206694847974 0
-0.4901364831071097 -0.9339201618141411 0
0.9698241810163285 2.347110730617367 0
0.846836162413814 2.390014795325726 0
-1.008946865935423 -2.062626118988035 0
-0.6513686171912845 0.5823424271217231 0
0.9481642214792938 -0.353976416242022 0
-0.914312498576289 -2.24020639777943 0
0.4537978039153115 1.614253058952554 0
1.86973804971643 0.3995799185704039 0
1.798858165414155 0.4784507794779881 0
-0.9503792857043633 -1.666797500981853 0
-1.078949511223505 1.594982916785945 0
0.9702711901062209 0.7555229091996459 0
2.153867966200889 0.3706968558966245 0
0.3215808733752011 -1.692398204099423 0
1.402071771851301 0.2050200368459599 0
-1.265585838203965 1.412356372651375 0
1.108859073734835 1.791667902653431 0
0.9219854817192947 -2.274498584026526 0
1.620707305269365 0.4007361105812033 0
1.033466036039349 -0.649402496333262 0
1.101157874557013 -0.6261776518241317 0
1.163261807674723 -0.6689103836140579 0
-2.047449489982228 -1.061572617976324 0
-2.106649457499975 -0.9616585096806127 0
0.7650909996729698 -0.5801417173988257 0
-1.326335839629121 -1.789293767418869 0
-0.5382801663068782 0.8963473041036857 0
-1.339307347500377 -0.9497932611769286 0
-0.9323135997247889 2.062403666917922 0
-0.681027045966595 -1.73098693157802 0
-0.6138264265961495 -1.547988079451361 0
-0.8050686277161132 -2.026432194184966 0
0.07809295274293018 -0.974317248847722 0
-2.389591243506788 0.2437399089686375 0
1.887519840800425 0.1323496289914691 0
-2.014279010705754 -1.727622305055936 0
-1.135379504896028 -0.2627458382923504 0
0.7758879368778043 2.254497045810945 0
1.873000323883242 -1.807507030158052 0
-1.294324157411172 1.777234151223412 0
-0.9170796211359636 0.807110804719071 0
0.8171810822511208 -0.3115821296909915 0
0.9786722911949364 -1.691348165298036 0
0.05389619326337056 -2.326207863207415 0
-1.601142952452519 -0.3275469910532388 0
0.6335405712085311 -0.8480885602301479 0
0.8636794468277893 0.1321528748749804 0
2.501149347323453 0.443184819860044 0
-0.5643060254738781 -1.11452678709371 0
-1.152168101141615 1.257393777546044 0
1.519368882003659 0.6086301028109453 0
-0.1719547112844764 1.639406489007433 0
1.239873176336059 -2.044968101329286 0
1.684637959274028 0.3387401428550501 0
-0.2131480702282623 1.568937367468185 0
-1.62607543896331 -1.509937001571908 0
0.2743349925753584 -2.272762190376527 0
1.404146330127721 -0.8627696124828508 0
-0.123444281109139 2.556517535368555 0
-0.5582090055064 -2.199887855821959 0
1.268520838900036 -1.046076584888932 0
2.647183539994584 0.1411791540419851 0
2.003018517283842 -1.782269442075194 0
-1.068028597273866 0.4968593532679606 0
0.4824491904210868 2.148557545529528 0
-0.8385074233240998 -0.2623810080938302 0
2.418372146148889 0.534151135377429 0
1.071894566905935 -1.416297321264744 0
-1.253417805346787 0.335137874888341 0
-0.5345707943553681 1.282489741448261 0
0.6136899906411213 -2.218662789501933 0
0.5000847562311073 -2.233272614037156 0
-1.210867161011652 0.06220249297141767 0
-1.868081619467276 1.54335149498531 0
2.137230496391546 1.392144179835329 0
0.08914642295741997 0.8714822746633507 0
0.5827214600460101 1.057217635394278 0
-1.972459292659138 1.053304383198415 0
-2.0471592082149 1.149236846169594 0
1.246033533152257 1.071487980433466 0
-2.051561802224773 -0.8601576542932228 0
-1.230985967958906 1.10295426079441 0
-1.316080166467294 1.104232374231842 0
1.350077013468786 0.8699227703544055 0
1.04329528175706 1.483567314590955 0
2.1381688915774 0.6732458330558974 0
-0.3546702743407371 1.104877217807521 0
0.5374393644202307 2.453346100233561 0
1.818599782203975 1.385622165703068 0
-1.735596439683107 1.563455081512009 0
-2.24343846001622 0.5548260793307381 0
1.864121605218431 -1.479026348673873 0
1.996167573646452 -1.040025448303405 0
1.200825331081869 -0.3802087080053567 0
0.6167629545130985 -0.6170020661412013 0
-1.433276816382377 -0.6809515515472231 0
-1.473791731948984 -0.7606463935000978 0
0.1682303139514738 0.9047046706467154 0
-0.3286002662259179 -1.142600172160388 0
-0.1514699967819104 -1.634909165503549 0
-0.6323530125848592 -1.003883442997451 0
-1.992735515849314 -0.9555126358514636 0
0.1685794808931045 -1.656387552459272 0
-0.3717828521626426 2.556093665235204 0
-0.6382217828960266 1.061154008320509 0
1.928505667397547 -1.258296160348003 0
2.041414201781512 -1.240283810318838 0
-2.177833779686275 -0.6753899558548687 0
-0.8470358751192195 1.500857940282872 0
0.1365586399658624 -1.358920407048756 0
-1.148865037547011 0.1691346486146863 0
-1.305415221293635 0.9487621659340819 0
-1.277828503342012 1.18575785814753 0
-1.71821838062524 -0.02993861602195136 0
-0.5118453171399645 1.052253525712578 0
-0.8761561616308353 2.370828377361004 0
-0.2384985083379736 1.094251407287748 0
-1.195691970787809 -1.014488004117092 0
1.035661927422129 0.5574695596626214 0
0.9706488223344436 -0.6672142238826895 0
0.9915866629388275 1.303748483216307 0
0.8685530532679713 -1.201425392710366 0
-0.3835610167233825 -0.9122680199080779 0
-1.535469580950012 -0.5518884199427251 0
-1.010946573673704 0.627405485837358 0
-1.525460723098007 0.5005132524202095 0
-1.391159923928225 0.8006981900840239 0
0.07924107162573572 -1.432183601526162 0
-1.450892523086836 0.6467687108624156 0
-0.7764505572393668 1.195018244482152 0
0.9427056651849282 0.6362208512772738 0
-0.1321969729410351 0.9889743288537785 0
1.114798703760301 1.19174432537517 0
1.450935755387744 -0.6962966835780686 0
1.539770812295442 -0.6733942834817046 0
0.9986449306896491 -0.5506797455383481 0
0.7428468774552265 -0.6749975529812249 0
0.1850106071145492 2.446031200060555 0
0.3259301213894588 1.256540202609715 0
-1.931528950143077 0.2836020322375502 0
-0.5831573003424543 0.7990226919406029 0
-1.245913046559174 -0.9458727780166274 0
-0.1038459237218596 -1.158660068986167 0
0.8714943655184331 -0.8067520451139196 0
0.2925048747690966 -1.787009876758818 0
-2.309415980666665 -0.06182304665997017 0
-0.0215113809000074 1.497336962714231 0
0.5120334549678505 1.3171609643354 0
-1.094250918315762 -1.145967981344257 0
1.646978738986366 -0.06272321669689279 0
1.982967057470463 -1.448430109161764 0
1.801721614175358 -0.6942886356498721 0
-1.768174549540565 -0.4878490892867582 0
0.8560060380107487 -1.534368249532627 0
-0.643506296846115 2.149353066824796 0
0.5251835128169858 -0.858755939950906 0
-2.310562083219549 -0.4889123993880345 0
-1.694291796587051 0.963512359290975 0
-1.46283134122875 -0.001409843784603557 0
-1.507120752701845 0.06414385900669081 0
1.590837533641904 -0.2246663082354372 0
-0.7026505617190859 -0.9032081326649779 0
-0.7620437688762791 -0.9133057064140244 0
1.653278016769719 -0.3031030221286076 0
1.610387804650264 -0.3936114484042672 0
0.3617900800522681 1.463459247910743 0
-0.9999104661397645 -1.289899608591577 0
0.8184510224622279 -2.538415558572603 0
-1.057962689765999 0.9480630173630715 0
1.087439168700999 -0.4191629070494469 0
0.4189452256717094 1.081773662177617 0
0.5494440264856546 -0.6775818187871467 0
-0.09144910386600014 1.793762720544786 0
-0.8376709270381399 -1.125423284497521 0
-1.080802495135969 -1.967176463033664 0
0.05792033146774714 -1.184874274067387 0
0.3258887976335906 1.867277458491801 0
-0.8942292615577221 -0.71592623227443 0
-2.11230942626875 0.7550787865436532 0
-1.496735179879843 -0.09035692399521968 0
0.1848842925412671 -1.159633428508525 0
-1.221082378820106 -0.4330563249371686 0
-1.097635711649162 -2.293884821764661 0
1.148376695762447 0.2566633938299436 0
-0.7693929881376407 -0.8077364894127286 0
0.8734968275820472 -1.969696981930465e-11 0
1.694980002591395 0.1002575873199944 0
1.116567772346168 -0.2974314172986579 0
-0.3749806473139989 1.566756524204635 0
-1.607305852771627 0.3588209068400006 0
-0.9707706052173461 1.115291318163548 0
0.8574193109283745 0.7710830097084458 0
0.917415878949243 0.7962773779241847 0
-1.771431981863077 0.6068632957040886 0
-1.685149074779905 0.2051774083649733 0
1.048049474266352 -0.8273779216192634 0
0.2926962936363352 -1.137511021054201 0
0.2552648067187252 -0.9442923782713106 0
0.1398370921155996 1.873515090798594 0
1.245092154949295 -0.4803276072792944 0
0.1592793635180285 1.142703616512438 0
1.137629277247325 -0.1837501265039508 0
0.1972886111475932 1.194504837130507 0
-0.9455402323643125 0.6311070222029951 0
-0.04788029169787434 -1.326977688014741 0
1.176094897348399 -0.07556628801214556 0
0.959295718845486 -0.1457127284914424 0
-1.773131333694241 -1.498652017325196 0
-0.8834385683099403 0.7327137063877065 0
-1.874613696948738 -1.948872330050208 0
-1.179185398400782 -0.6628637730932082 0
-1.86781963175896 -1.138136532232331 0
-2.377646226602043 -0.5962912844121662 0
-1.89767053652476 0.5133630887673685 0
0.6700655381350943 0.9154282061265772 0
0.1041296018329988 1.254832133930172 0
0.4182438907570434 -1.114971636971711 0
1.209629332724028 0.0476863998457246 0
-0.969504946838008 -2.352622768760356 0
-2.338953413543211 0.3505814503570069 0
1.841062639751112 1.524818134430855 0
0.5368083169984946 -1.085333014234363 0
-0.7709115783809812 0.9457974127187347 0
-0.8179508246193129 0.8344045228159915 0
-1.339519059237461 1.681857102049537 0
-2.209982365653114 -1.610034132011945 0
-1.248368719957804 -0.1214838712023852 0
-1.91393078073249 -1.279176019939032 0
1.138456213051402 0.4814975069132358 0
-0.8662195491853071 -1.936891390020132 0
0.8216741558635694 1.092635114545597 0
1.198130082114293 1.221340020279199 0
-0.1286906932847948 -1.335692546572895 0
1.20730089772264 -0.7372145501229965 0
1.012148000894771 2.234519637583586 0
0.6919534826872576 2.575986596757637 0
2.210677039928361 1.600540248445438 0
2.321833791683326 -0.3857544378782716 0
0.1244704204374059 -0.9062557575262602 0
0.64782708730508 0.5872927738819581 0
1.437632891537966 -1.809549729528024 0
1.596967471604476 -0.4890524208499786 0
1.960371595279816 -1.906595508484225 0
1.112570452260575 0.3528047612143683 0
-1.733509659371689 -1.314563185428258 0
0.3567189290322695 0.7990488860769986 0
0.2720650946160912 1.138466795689101 0
-2.066955504574275 0.05286897132207403 0
2.241842744500875 -0.295563660075231 0
-2.362767794598178 -1.191409482474717 0
-1.998797142322121 -0.2088265289412583 0
1.500102794852514 -0.5312788661378403 0
0.5974038076186691 -1.305246158881263 0
-2.465880348918612 0.3459267956898204 0
0.9737488827990554 0.2093990901033582 0
-1.345997366203917 2.305269472783291 0
1.174786541493812 1.912242166258833 0
0.1383585344718531 1.317759062031027 0
1.262323416163574 -0.02254595639656331 0
-0.8891513678412353 -0.9476978232996026 0
-0.8684699754883761 0.09328865373180048 0
-0.01808546407989872 0.910977047019946 0
2.171158264925122 -0.5222579398904375 0
-1.3759958643961 -1.89498091093074 0
-0.1194246154982259 1.19529111695039 0
0.7086293470357463 1.110845051168354 0
-0.1696535754360621 -2.678284773017833 0
0.18790733214605 -2.513963876486685 0
-0.9915829951274275 0.02873191104365425 0
-0.08520784566430037 -0.8705615944480308 0
-0.07758849761634069 -1.864625366621554 0
-0.5603724799966791 -1.621918062029902 0
-0.09375677700237595 -1.002864942428737 0
-0.1021453092909884 2.141981121991298 0
0.9830376229197632 -0.2330580443544429 0
-0.8805684935975756 0.9976540887386443 0
-0.8406956861306123 0.9415847398779663 0
0.8804297773817489 -0.2549833753531353 0
-0.7193305944336995 0.6134610795694138 0
-0.2240960881915551 -0.8450498462930188 0
0.2229166644994723 0.8429240009199696 0
-0.4854342527204305 -2.294013943635122 0
1.165921204648751 -1.4016715463654 0
-0.6133189342844816 2.344970614209222 0
0.7360839037983891 0.9396731297315425 0
-1.166325578909057 -0.2107209970004153 0
0.8310965425110255 -0.2684983454724091 0
1.643355217950811 1.527555127709556 0
-0.5502243436107231 0.6775706760365358 0
0.6775883869944823 -1.561867723816992 0
2.169505021111817 0.7842251542503672 0
1.812644062562343 1.981018325823286 0
2.276837113862832 -0.1870426641588761 0
1.25795883657312 2.224954903458129 0
-1.812086385077521 -0.03430894858450816 0
1.172452157760302 -0.8529919442169095 0
0.2962640845777301 -2.613030850750337 0
-2.291578351484495 -1.072550865235112 0
1.657794589686327 1.712737994168089 0
-2.77275024505705 0.295815103404507 0
2.706931715336734 0.4134998388173779 0
0.9962283472708093 -0.1840648106380859 0
-1.733660218785791 0.2837692282997586 0
1.607850552938536 0.6315249878410149 0
0.9436848774705062 -1.851888904299604 0
-1.337438033328415 -0.8073641860979444 0
-2.380658800813424 -0.1821654673399355 0
2.11604849394352 0.2688220672448354 0
1.414239883265313 0.8099030709944868 0
-0.240847301442789 -1.651419577407209 0
-0.4636936351843345 -0.7467173968840448 0
-2.039427115072549 0.2821448252422282 0
-2.160883175880739 -0.1627692650104897 0
-1.296396833091207 -2.198741045059305 0
-0.7676689231191058 -0.4166116328197898 0
0.4554455912180753 1.136528853224337 0
-0.8504646426949682 -0.184596219129375 0
1.318375120589901 -1.203710892064332 0
0.3199555541712942 1.544181659515909 0
1.273439495343191 1.154649310446653 0
2.244770341414086 -0.6339100030344855 0
1.4892670146295 -0.8538572464036853 0
1.514404430319858 -0.7633202676540436 0
0.05213169149395606 1.491701829080831 0
1.851793597485783 1.094039345681186 0
-2.730370664055476 -0.03350115558653137 0
1.516026716864804 -1.888317755740863 0
-0.1666022291090328 0.8576147605300829 0
-0.2874398156454041 -2.371602898814997 0
-0.9376465328093206 1.500706218515198 0
-1.65435206905659 -0.255501532128466 0
0.3089217019388576 -0.8126253420761327 0
1.474670509286996 1.683892414127695 0
0.5571129357516491 1.383073578423269 0
2.46407913697526 0.01683864972519961 0
-1.205404198702144 2.23842639885145 0
1.248240826112953 -1.134641416870217 0
-1.002241898425698 -0.01577394405057275 0
0.7064055560183026 -0.5108280280187842 0
-0.5699249212556297 -2.520612911942897 0
1.731690234880629 -0.03748448901497073 0
1.492704490497586 2.013196720490218 0
-0.3065780429564277 0.8584058280150818 0
-0.1914754431022701 2.661917069331618 0
0.2893937888249381 -0.9856863039792291 0
1.710548353445438 -0.3729099396260687 0
-0.1669131046778092 -1.170446683154988 0
0.6668251771297703 0.5067355742409707 0
-0.2221356028144767 2.148692590128064 0
-1.496718132723215 -1.90586056536549 0
0.7352512239423075 -1.630820903625535 0
-0.01750829604718816 -1.940398088811999 0
-2.151952653287076 1.731991586803901 0
-2.142005366730233 -1.501451577041812 0
-0.8697208657012558 -0.001166021921232331 0
1.707178128592547 0.4305057132906159 0
0.5633675387115739 -2.325852572513474 0
0.7899945057339892 -0.8828516594389628 0
-1.965988065337977 1.845386960221056 0
0.8600528255030478 0.8382638335373107 0
0.8333852120039402 0.4062055392409064 0
1.128413461596322 1.27982528317275 0
-1.213469502331143 0.1642259713985767 0
0.2681570116669649 2.771755832574209 0
-0.4103280398881392 -2.387438134069972 0
-0.5711634390539446 1.362770794385626 0
-2.224351387042012 -0.9613926112946948 0
0.8126398069881631 0.3110345667348962 0
0.7310309273555868 -0.4685236920360163 0
-0.9731723250750455 -0.143933512612757 0
0.1974458154719675 1.957915908536234 0
0.8408349749102049 0.2272008368822115 0
-1.752099527413933 -0.6570756432367774 0
2.387262120407136 -0.1638679236558291 0
-0.3054659169658948 2.252134824275522 0
-1.748181743208916 -0.2609893574073747 0
-2.519309909121658 -0.580310230153068 0
-0.9415513301860314 0.9903039876480894 0
1.671492825937264 0.5655376232420415 0
0.7585437412484077 0.8373124220303656 0
0.5356498878517891 1.602088593430939 0
-0.3535734016167491 -1.206191454406977 0
2.008133862807526 -1.338030052762233 0
-1.86396556619736 0.044347280933086 0
1.957856243741664 1.127568715386659 0
0.5213338392358829 0.9584765860201417 0
-0.5127020336886898 -0.7065703613464361 0
-0.9470936396028048 -0.6189647275410879 0
-1.185251912288573 -1.15700083775487 0
2.288586195601753 0.8167178812976561 0
-0.7199017021302491 1.756185295075514 0
-1.812421900199797 1.875707073725986 0
1.518134044195396 -1.262227217831415 0
1.076415335339747 -0.9479839441857703 0
-1.094159303951674 -0.4103510551540104 0
-0.2768402003436981 -1.737339159518125 0
-0.02815977761206125 0.9874228613846314 0
-0.7184365455101215 -0.9529763237858963 0
0.0862314468307442 -1.923229745069968 0
-0.8179426491189464 -0.9366456671944834 0
-0.8111827809921721 1.276460072047871 0
-0.7932883596645162 -0.8619900533511994 0
0.1055219245462922 -1.232262184538957 0
1.00337076848786 -0.9632573825852359 0
-1.273176467334777 -0.2715248512778575 0
-1.252223127089041 -0.2009181703789518 0
-1.862028342646107 -0.4764628490453216 0
-0.9993553774128241 0.5233010375861082 0
-2.706202098124352 0.08981999625464504 0
-0.5686010976499702 2.244560343822979 0
-0.7497272384195162 0.6889096570491509 0
-1.002319447588852 -0.09989487713831009 0
1.273574323284275 -2.252594839000601 0
1.639348184588785 1.039385577670645 0
1.528030153558956 -0.3750084749997507 0
1.019668887649682 1.728780467307051 0
-0.6102963701997626 -0.5701450742553593 0
1.739622038814364 0.03783720273212577 0
2.073690013848614 -0.7157457794871637 0
0.866528035517773 -0.0482096852271815 0
0.9111730583092592 -0.2840554281668297 0
0.9267156378858292 1.006494783202703 0
-0.8245421426138384 -0.4696203116362347 0
0.7550538515017342 0.4362334448571462 0
1.50373230975092 0.8345034201436313 0
-0.8274206713542369 0.2669175010885874 0
-1.807461802680184 1.345689762898994 0
2.200476792637849 0.1850435228479587 0
-2.491376587189674 -0.1836973453263262 0
1.566067829676931 1.115597521654163 0
-0.8638802633184832 -0.09021263223356607 0
-0.4267411984976411 2.125553538805915 0
-0.3821159852363775 -0.784518204373614 0
-2.161594953311412 -0.8623064677301767 0
0.8260571073057874 -1.616087692377449 0
1.09942516655006 -0.8768156174366373 0
2.04094181096205 1.04817761104117 0
0.186708926830097 -1.899748547237601 0
2.000594482699017 1.80506017905726 0
-0.5605494360261511 2.659760329467903 0
2.584143130390549 0.02117264517225202 0
-1.401983618990191 1.777193825984575 0
-2.220060542199851 -0.08380827963329902 0
-2.576285742174062 0.3340702484038503 0
0.5364946656459819 -1.669861502596738 0
-0.3034874825656588 -0.8205203453505493 0
0.8752433793082216 -2.395884452251245 0
0.5843203751702908 -1.579517137241507 0
-1.865802359800769 1.256309741979249 0
0.4455922430214845 2.69680183861942 0
1.375787428372689 1.171174474800811 0
-1.788476828602855 0.3654162179898516 0
1.121357647136135 -1.856915807715863 0
-1.234586030311632 0.113267716302405 0
-0.6669955721851202 2.466475877222964 0
0.3964808127821827 -1.171574239806335 0
-0.2595306982633189 1.140809013830028 0
-1.773456778817035 -0.339303014073048 0
0.3568461564196839 2.343671935010883 0
0.4338343459147085 -0.7525763082493916 0
-0.53768254776584 1.112912814311483 0
-0.9943170677124791 -0.1948546954302149 0
-0.1688271505186708 -0.959246150796642 0
-0.7053498015118725 -0.5069794050902914 0
-0.4008410491574043 0.7743076807671102 0
0.5973502180318359 1.125343660385422 0
-0.2148552995364738 -1.809740275667925 0
-0.7592450198512654 -2.437206096312808 0
0.5332062163634956 -2.658394932209801 0
1.777105053643368 -0.4499483661479471 0
0.9836406184509896 0.1223445334754147 0
-0.9854556548841978 2.360484713695004 0
-0.6889611072789283 1.309134780264396 0
-0.5224944594741072 1.615819433195428 0
-0.9103285259462048 -2.039267338939037 0
-0.3830108213730682 -1.379303054735649 0
-0.2234360493457551 -1.024882189872831 0
2.53781785096105 0.5509172634783684 0
-0.6252297033133065 -1.113436214418997 0
1.045588362660325 -0.5907838104901089 0
1.586358729102275 -1.979494427354449 0
2.417034517536106 0.8451214976712731 0
-0.1914910583657375 -1.231447634379224 0
-0.813719394141337 -0.3086575567399563 0
0.229566671767766 -1.719790725122612 0
1.56783578830519 -1.152929930310997 0
-1.966541772274092 0.04321064152006082 0
0.6566151819351247 1.299793033427565 0
1.004337134510546 0.6500028024590927 0
0.006156726070075257 -1.381864363098591 0
2.337407859641035 1.356511250983442 0
-1.806802452869497 -0.5709095905067387 0
-0.4841685512678094 0.7225650920923058 0
-1.293830167662351 0.3883020379937194 0
0.350897084758379 -0.9177339815381957 0
0.4585746315682758 -1.334264475551158 0
1.550644976462807 -0.9432555534920034 0
-0.1544200671917382 1.254638428416078 0
-1.145371743527181 -0.4932609160063767 0
-1.016735792332189 0.4728011626171622 0
-0.03870075181836301 -0.8672772287264989 0
-0.1981768170327804 1.306989509042573 0
2.053168810778537 -0.8178873757642091 0
-0.3293950297907262 0.8875585012915308 0
0.8740980833102889 0.4160284659471978 0
0.6323583977868061 1.677954480064397 0
-0.8928584629352483 -1.411548326073057 0
0.1144382681104767 1.555769699262241 0
-0.747470479619681 0.4411528629031487 0
-1.289009279802353 -0.3312530373716618 0
-0.3522745224240132 -0.9471595810709569 0
0.7527556799068109 1.675931632534799 0
-1.377431126637874 -0.1130229530500475 0
-0.4196757494746409 1.630863378130914 0
0.8899535261755441 1.117429100050591 0
0.4590007902849195 -2.328728217789611 0
1.148399354732043 0.5504058875162242 0
0.5808816219826055 0.6439691654323068 0
-0.5919432247337049 -1.710732604627243 0
1.214316793189122 -0.6147688884939899 0
0.9840635458116714 -1.034559751038693 0
-0.317193309831044 -1.449967517707745 0
-0.6917002211452524 -1.00516137465151 0
0.9641003147784801 -0.09959267650949258 0
0.7624056829935441 1.238377137189232 0
2.316365053295779 0.1979992677009944 0
0.830029085425988 -0.9430575896526057 0
-0.985416520202626 1.580466153772719 0
-0.6715331655257397 0.7028262475892525 0
0.3276793681800025 -1.186042317160405 0
-1.399028531446257 1.113010348105599 0
-1.875422314372413 0.5925459860484412 0
-0.6297945753905827 0.7938067838059792 0
-0.7774591028475096 1.822003967960216 0
2.076043216366888 -1.133028852463609 0
-1.029098138080391 -0.05396914797469857 0
2.107401627733316 -1.01016954029521 0
-0.6537185140610389 -0.57263243103381 0
1.373723764795404 2.20147635740813 0
1.720818431401993 0.5091938329346675 0
1.387130464820323 0.01924882934167299 0
-0.1910959319992059 -1.36450905576304 0
-1.466216558803826 1.870201285802851 0
1.221480619916843 -1.470306266021447 0
-0.2643534353204973 -0.9824228540472123 0
0.4652727743127024 -1.161323957883489 0
-1.266006099450276 0.4519348127796176 0
1.593527179137164 0.8587682596227952 0
-2.003178663620792 0.11636958797149 0
1.140125652431617 -0.4014861265654305 0
0.9483470973406904 1.069205709440475 0
1.511257267967131 -2.253714722187412 0
-1.085505650705767 0.388604210226613 0
0.01868568367265075 0.9842594538005642 0
-0.6545501406533056 0.7462439470429426 0
-0.3318791249668422 1.633214373679884 0
-0.7258148368060087 -0.4784800659445385 0
0.391836366381725 0.7670567149550239 0
-1.015401051922954 1.691119129410414 0
0.03465306042085468 1.367467516698838 0
0.9976717720078201 -2.360994015128137 0
0.4145045935136974 -1.586254243070043 0
-0.1501345692083761 -1.27279836032455 0
0.4217272869140453 0.8432892718829105 0
-0.8688230553406113 0.2544979537678652 0
1.114231285527006 -2.043958752492657 0
-1.35090333797135 1.027343145970394 0
-1.505755486217446 -0.692848066120179 0
0.5034230122081895 -0.9026513631005593 0
-0.5333594287891358 -1.77137183454633 0
-2.205588851880186 -0.7768991598108821 0
-0.8562002773092232 0.1327193737433326 0
1.035222800430805 -0.06571166560893883 0
0.4493822301946019 -0.9121547354855416 0
2.165016199856046 1.082596932487144 0
-0.6646724885471693 1.373468464492175 0
0.8595978120628516 0.09203527282001514 0
-0.1053498105330067 0.8233711386957367 0
-0.9803243783691766 1.800877283572417 0
0.8327757138559038 1.658919508439137 0
-1.941304981366686 0.4396556781265119 0
2.146479342563098 1.502744000510878 0
-0.250844619778102 1.63180584474342 0
-0.2988821211355759 -0.9423088218159259 0
0.3444446959921902 -1.612569208387487 0
0.2645397159085652 -0.8241225996133732 0
-0.3025274158881746 2.643398915757997 0
1.781129697223205 -2.035358372976741 0
-1.886074643085691 0.3620122078232505 0
0.1791070738341996 -1.216936731533564 0
1.021107990955595 0.09602976802935988 0
-1.536245938470509 -2.004175702748264 0
-0.179567923524166 -0.8475164486715404 0
0.5284196934364868 1.070385679818071 0
-1.240263186359896 1.262285703779681 0
-2.2074687485466 -1.394038088129872 0
-1.374164414827988 0.3775754039920778 0
-0.5848092775589094 -0.7023296654156376 0
2.267969411691849 -1.193667415728294 0
-0.2929787571103589 1.232454333498148 0
0.5090961209108074 -1.385521773011212 0
-0.6579262710623742 -1.056576202575025 0
0.2488221497579482 -1.191612670108112 0
-2.154034713237432 0.06977091310553107 0
-0.5783603931664493 0.6427998028030241 0
1.27414082118813 -0.6037904716529976 0
0.2804577387360798 1.937945337199553 0
-0.500678900755203 1.157001045939329 0
-0.5658953386978376 -1.917047721529517 0
1.757196162182073 2.179746806488222 0
1.066621197909273 1.320093672760702 0
-0.06293099839805159 -2.740072218000825 0
1.030671961799748 -1.091147463262633 0
-0.03832182609529111 2.878443870928663 0
-1.281687419527464 -1.16853773074499 0
-0.3750643129614732 -1.267739922279758 0
-1.492475466717867 2.290654513263386 0
0.4246064753944869 2.449775381017391 0
1.396535547495653 -1.176743927999442 0
0.3949272228760469 -0.9191215811899619 0
-1.803674544308227 -0.4189959288087037 0
-0.2686278499250448 0.827372179670105 0
0.5428500611438312 -1.138968330499327 0
2.298893093934762 1.120352808634209 0
1.22638986673552 -0.06351716529510909 0
0.1798906604706514 0.8447894945487583 0
-0.8530872959675071 -0.4315855554193673 0
-0.8135479229479541 0.305578426821898 0
1.616866408975733 0.950573690469201 0
2.698098515811097 -0.173150862093829 0
1.009835019517434 0.0365339759806777 0
2.401092274885346 -0.0632245510427093 0
-2.066672571478724 1.038612374972359 0
-1.738346050650131 -1.904550749695227 0
0.8878094333853119 -1.693589270936025 0
0.6108842054104635 0.672656725576097 0
1.296115370674539 -0.5245739646509907 0
1.194898174845485 -2.143468193271318 0
1.096675701954989 -0.5718713885891428 0
0.3837359947568162 -1.346737499902231 0
-0.1588804389303955 -1.86700228988468 0
0.3083814622977308 0.8078118164215352 0
1.185888960833654 -0.1947238574159318 0
2.336215473503367 0.01535386434324314 0
1.214982818346102 -0.1265619113291941 0
0.3685278317299825 -1.406876382034548 0
0.7277565261158104 0.4671370668294248 0
-1.495945069398204 1.110977169970717 0
-0.6764150851042444 0.5421116534778121 0
1.078882174361204 2.319175489855041 0
0.6733891596897161 0.6168447657757805 0
-2.219149108402269 0.7533086520087672 0
-1.044583193530723 2.063520206604287 0
0.6412780880467185 -0.5774093839326705 0
0.858301503261016 -0.08897988869998127 0
-2.554762672116739 -0.4824208158135737 0
0.4286670001530767 0.7512647150977383 0
0.9894790540761025 -0.002779760045855888 0
-0.9567982227985008 -2.152152663228372 0
-0.8071783772414777 0.4499474235354688 0
-1.322530739301502 -0.3793303552230896 0
-0.2046347917276933 1.708983204064616 0
-0.7904684917352336 -0.3472939425098836 0
-1.409490223349869 0.30556424617977 0
0.1486725748743199 -2.39100862405568 0
-1.213995960443614 -0.4905110006915071 0
0.7871644014607472 1.303266819304477 0
0.7329552725667713 -0.9946590982398433 0
-2.010987130352465 -1.931316580713955 0
-0.9850769614826247 1.969354163094221 0
0.7475390237247699 -0.4326298710339269 0
1.545540233839069 -2.108278845162545 0
-0.3906515641778014 -1.992894615632487 0
2.447560689622325 1.096423453023738 0
-0.9782881641540961 -0.6618855725715859 0
0.7329389819338282 1.525333680027738 0
-1.274244240534313 -0.4495261490908091 0
0.1861862439454249 0.9533709404961712 0
2.788632438847711 0.3007739042490256 0
0.7878595087863511 -0.6135451279060409 0
0.5831726167679797 -1.369927362637408 0
1.537141308231421 2.119307017840554 0
-1.327855935252277 0.1213471147711666 0
1.158413465633053 -0.3362502411712515 0
1.870627933651016 0.05410170983678665 0
-0.01391575947879864 -2.406332513780304 0
-0.1053332040580108 -2.42230165630292 0
1.180403667316649 -0.2648006350704029 0
1.038519352561819 0.6054903934917242 0
-0.8325893754412214 -0.2230916508488822 0
-0.2531640172455056 1.285780387558774 0
-1.304434975564607 0.4989868184955156 0
-2.735582936334125 -0.4341301667202122 0
0.6182449790249913 -1.139723877557428 0
-0.6557938858294521 -1.163359679791446 0
-1.396119201226646 -2.196130011182444 0
1.240419621425716 -0.4212545467609408 0
-2.056422258712166 0.8480588007814733 0
1.863146477079099 0.7141553763621532 0
0.7672090298425553 1.122869139827427 0
-1.036702869086162 1.882250827532195 0
1.149617044522909 0.3124824485932031 0
-0.2344678744128247 -1.987608022658682 0
0.4777568838425605 0.9290608331789839 0
-0.5384262979891318 1.552169768077051 0
-1.238878610642851 -0.5489894679571091 0
0.2030969609721583 -1.372763869466719 0
0.4936627446370975 2.555038990568986 0
0.5064026335174914 -0.6970034292159795 0
0.2633791486472606 -1.867556145028506 0
0.7498592931408792 2.457843444700492 0
-0.7972950386739088 0.3437805611800253 0
0.6085938624390961 0.6095939529942617 0
-0.1896552657642234 -2.319040719461436 0
-0.9528339580252387 -0.7173078780776934 0
0.6140314640388174 0.7154738763830477 0
1.840180507855211 1.004091171798404 0
-0.7027790188247273 0.5018929533079479 0
-0.4012124322590213 -0.9497653799280082 0
-1.551796915383427 0.5635816893526761 0
-1.541201301763143 -0.8208031805923488 0
2.737542990228555 -0.07039893109860287 0
-1.102900320981528 0.4392477846418493 0
-0.603006619623362 0.8350001937309444 0
-0.0008637447392126019 -0.863123816004526 0
1.420348241640027 1.109395008472307 0
-2.266632178599454 0.654649946375657 0
-0.6794160751083375 -0.5390801960609194 0
0.5529702866394068 -0.8899843258185152 0
-0.2464713905351351 -1.361215673520444 0
1.008069188543095 -1.159392133921035 0
-2.136050762500726 1.177025352965557 0
0.7056179457463179 0.6231236655809843 0
-2.113921605355252 0.9558672671745957 0
-0.350765804387325 -0.7867952704277525 0
1.403571956966769 0.08270098009614932 0
1.348710908359049 -2.351124434236948 0
0.05153721422792678 1.050088101465781 0
0.4685526693125448 0.7246308783799189 0
1.115286482721668 -2.32547323693486 0
-0.4319334760676251 -0.7453248249656825 0
-1.002828108719556 -2.25710186274465 0
-1.5629579889936 1.853823267465721 0
-0.5910899727027984 2.54548247571721 0
-0.4189614549618306 -1.923483189212094 0
-0.8686229106525216 -2.430048209074904 0
-0.3425750929436148 0.7986086273365605 0
0.2484316000098844 1.182195139106482 0
0.5417165911188961 0.6717961729850815 0
-1.230213630255708 -2.270269356209228 0
1.842447850413615 0.5669528157139997 0
-0.7767110365617044 0.4564336334781139 0
0.5058550497984236 0.6984861894134935 0
-1.284563115770482 1.341114658447491 0
1.91261493809752 -1.995004707584986 0
-2.315347959303311 -1.396217664388008 0
-0.7227603988981708 -0.5449667654506596 0
0.7194861559856334 -1.050639495800442 0
-0.2623195969812694 -0.8220881055977571 0
2.604853534109773 0.4569152692889256 0
1.696366106256858 0.9779186312708472 0
1.33225336694898 1.819661590095422 0
0.5756422150375246 -0.639518443384995 0
0.9551890652127178 -1.770977952543742 0
-1.514170396036562 0.6341181361824446 0
0.6505674675241405 -1.068280398236394 0
2.652708368685884 -0.2826362049076307 0
-0.08236906988169117 0.8610790216304194 0
-1.419294535356351 -0.8031248588197161 0
-2.346842843047613 0.5135475226125107 0
0.05957582844232793 2.873147137950927 0
1.087564919384736 1.43812796090136 0
0.06756005518657268 1.433670872907625 0
-1.30033322255299 -0.1665319226909085 0
2.535314440147595 0.8681402264831021 0
-2.224008185532428 1.273567292192233 0
0.1937589094027447 1.568611648388538 0
-1.147361139240888 2.061111998167031 0
1.516255682489933 -1.009484734478082 0
-0.1579853390917769 1.781966123604856 0
-0.9451363220160097 -0.9316679957034353 0
-0.7190387151360391 0.4674401378136858 0
1.08584889355116 0.5798747767885905 0
-1.589631439974187 1.108234685372727 0
-0.4829999471085626 -0.7202906151901272 0
2.107835567283497 -1.314098471662425 0
1.175505153939809 0.6207361961585208 0
2.194246986883698 -1.370113562552404 0
-2.030215553659649 1.936363684278316 0
0.5876265087860554 2.541466665116242 0
-0.9735412289830123 -0.2676662076898954 0
2.018948017100441 1.932436348051787 0
-1.315219791917977 -1.246269416527108 0
-0.7776053632000415 0.3822836308043628 0
-0.2524734150913782 1.393197560259276 0
0.4291039311342817 -0.795515361216083 0
-0.9011978575472194 -1.011924863625574 0
1.826297188275959 0.8721403996725843 0
-0.5094552797167516 0.6940803718918417 0
2.161708357492373 -1.48117751798931 0
-0.2523862340689954 -2.483538430232751 0
1.177591948068456 -0.7914795291574482 0
1.830940028131242 -0.5185208437256346 0
0.2254551081491163 -0.8312141987014797 0
-0.8023318164134582 1.89465061507748 0
1.924517315975278 1.988763835579832 0
$EndNodes
$Elements
58 6915 1 6915
0 1 15 1
1 1 
0 2 15 1
2 2 
0 3 15 1
3 3 
0 4 15 1
4 4 
0 5 15 1
5 5 
0 6 15 1
6 6 
0 7 15 1
7 7 
0 8 15 1
8 8 
0 50 15 1
9 9 
0 60 15 1
10 10 
0 61 15 1
11 11 
0 62 15 1
12 12 
0 63 15 1
13 13 
0 64 15 1
14 14 
0 65 15 1
15 15 
0 66 15 1
16 16 
0 67 15 1
17 17 
0 68 15 1
18 18 
0 69 15 1
19 19 
0 70 15 1
20 20 
0 71 15 1
21 21 
0 72 15 1
22 22 
0 73 15 1
23 23 
0 74 15 1
24 24 
0 75 15 1
25 25 
0 76 15 1
26 26 
0 77 15 1
27 27 
0 78 15 1
28 28 
0 79 15 1
29 29 
1 10 1 16
30 1 30 
31 30 31 
32 31 32 
33 32 33 
34 33 34 
35 34 35 
36 35 36 
37 36 37 
38 37 38 
39 38 39 
40 39 40 
41 40 41 
42 41 42 
43 42 43 
44 43 44 
45 44 2 
1 11 1 16
46 2 45 
47 45 46 
48 46 47 
49 47 48 
50 48 49 
51 49 50 
52 50 51 
53 51 52 
54 52 53 
55 53 54 
56 54 55 
57 55 56 
58 56 57 
59 57 58 
60 58 59 
61 59 3 
1 12 1 16
62 3 60 
63 60 61 
64 61 62 
65 62 63 
66 63 64 
67 64 65 
68 65 66 
69 66 67 
70 67 68 
71 68 69 
72 69 70 
73 70 71 
74 71 72 
75 72 73 
76 73 74 
77 74 4 
1 13 1 16
78 4 75 
79 75 76 
80 76 77 
81 77 78 
82 78 79 
83 79 80 
84 80 81 
85 81 82 
86 82 83 
87 83 84 
88 84 85 
89 85 86 
90 86 87 
91 87 88 
92 88 89 
93 89 5 
1 14 1 16
94 5 90 
95 90 91 
96 91 92 
97 92 93 
98 93 94 
99 94 95 
100 95 96 
101 96 97 
102 97 98 
103 98 99 
104 99 100 
105 100 101 
106 101 102 
107 102 103 
108 103 104 
109 104 6 
1 15 1 16
110 6 105 
111 105 106 
112 106 107 
113 107 108 
114 108 109 
115 109 110 
116 110 111 
117 111 112 
118 112 113 
119 113 114 
120 114 115 
121 115 116 
122 116 117 
123 117 118 
124 118 119 
125 119 7 
1 16 1 16
126 7 120 
127 120 121 
128 121 122 
129 122 123 
130 123 124 
131 124 125 
132 125 126 
133 126 127 
134 127 128 
135 128 129 
136 129 130 
137 130 131 
138 131 132 
139 132 133 
140 133 134 
141 134 8 
1 17 1 16
142 8 135 
143 135 136 
144 136 137 
145 137 138 
146 138 139 
147 139 140 
148 140 141 
149 141 142 
150 142 143 
151 143 144 
152 144 145 
153 145 146 
154 146 147 
155 147 148 
156 148 149 
157 149 1 
1 200 1 6
158 10 150 
159 150 151 
160 151 152 
161 152 153 
162 153 154 
163 154 11 
1 201 1 6
164 11 155 
165 155 156 
166 156 157 
167 157 158 
168 158 159 
169 159 12 
1 202 1 6
170 12 160 
171 160 161 
172 161 162 
173 162 163 
174 163 164 
175 164 13 
1 203 1 6
176 13 165 
177 165 166 
178 166 167 
179 167 168 
180 168 169 
181 169 14 
1 204 1 6
182 14 170 
183 170 171 
184 171 172 
185 172 173 
186 173 174 
187 174 15 
1 205 1 6
188 15 175 
189 175 176 
190 176 177 
191 177 178 
192 178 179 
193 179 16 
1 206 1 6
194 16 180 
195 180 181 
196 181 182 
197 182 183 
198 183 184 
199 184 17 
1 207 1 6
200 17 185 
201 185 186 
202 186 187 
203 187 188 
204 188 189 
205 189 18 
1 208 1 6
206 18 190 
207 190 191 
208 191 192 
209 192 193 
210 193 194 
211 194 19 
1 209 1 6
212 19 195 
213 195 196 
214 196 197 
215 197 198 
216 198 199 
217 199 20 
1 210 1 6
218 20 200 
219 200 201 
220 201 202 
221 202 203 
222 203 204 
223 204 21 
1 211 1 6
224 21 205 
225 205 206 
226 206 207 
227 207 208 
228 208 209 
229 209 22 
1 212 1 6
230 22 210 
231 210 211 
232 211 212 
233 212 213 
234 213 214 
235 214 23 
1 213 1 6
236 23 215 
237 215 216 
238 216 217 
239 217 218 
240 218 219 
241 219 24 
1 214 1 6
242 24 220 
243 220 221 
244 221 222 
245 222 223 
246 223 224 
247 224 25 
1 215 1 6
248 25 225 
249 225 226 
250 226 227 
251 227 228 
252 228 229 
253 229 26 
1 216 1 6
254 26 230 
255 230 231 
256 231 232 
257 232 233 
258 233 234 
259 234 27 
1 217 1 6
260 27 235 
261 235 236 
262 236 237 
263 237 238 
264 238 239 
265 239 28 
1 218 1 6
266 28 240 
267 240 241 
268 241 242 
269 242 243 
270 243 244 
271 244 29 
1 219 1 6
272 29 245 
273 245 246 
274 246 247 
275 247 248 
276 248 249 
277 249 10 
2 1 2 6638
278 1834 645 1943 
279 2414 2367 3173 
280 1034 2006 2775 
281 1348 2044 2131 
282 2113 1221 2115 
283 1272 1162 2490 
284 2006 1791 2775 
285 2542 2964 3047 
286 2200 1608 2708 
287 1354 1894 1895 
288 2172 2002 3395 
289 1906 2154 2628 
290 2175 2406 2953 
291 1685 2552 2605 
292 2571 2572 2574 
293 342 1856 2386 
294 1988 1236 1990 
295 2345 1529 3337 
296 1990 1236 1995 
297 1531 1529 2345 
298 1301 2167 2210 
299 321 1899 3260 
300 1675 2500 3003 
301 2291 2766 3128 
302 1740 2659 2660 
303 1914 1913 2409 
304 2736 2348 3264 
305 1677 2388 2754 
306 1836 2924 3044 
307 1980 1981 2147 
308 2487 926 2943 
309 3044 2865 3412 
310 2495 1878 3345 
311 357 2542 3047 
312 645 1834 1929 
313 1911 2498 2893 
314 1957 1374 1958 
315 326 1909 2325 
316 2092 649 2807 
317 305 91 2383 
318 345 1845 1933 
319 2131 2044 3236 
320 2210 2167 3359 
321 2498 1074 2893 
322 337 2453 2986 
323 2634 1772 3067 
324 1197 2094 2679 
325 2880 591 2890 
326 1236 1988 2313 
327 2489 930 2608 
328 2633 1766 2867 
329 2962 2019 3146 
330 1861 318 3103 
331 2094 1197 2862 
332 530 1881 2495 
333 311 119 2481 
334 662 1889 2156 
335 1683 1680 2634 
336 1881 1878 2495 
337 653 2571 2574 
338 1329 2002 2172 
339 2924 1369 3044 
340 1774 2200 2708 
341 1685 2551 2552 
342 2189 915 2232 
343 1955 1483 2550 
344 1886 1774 2708 
345 2299 2736 3264 
346 2426 2593 2897 
347 3019 1775 3144 
348 318 1861 2321 
349 1331 3019 3144 
350 2388 1677 3093 
351 2284 1708 2540 
352 1587 2561 2563 
353 638 1866 1868 
354 1609 2655 2895 
355 1221 2113 2117 
356 633 409 2555 
357 1988 1978 2313 
358 944 2061 2618 
359 1881 530 3284 
360 1627 2562 2703 
361 1844 1986 2998 
362 2020 786 2926 
363 1385 2392 2746 
364 1937 1274 2695 
365 2061 1721 2618 
366 1986 1115 2998 
367 2218 1648 3353 
368 1223 994 2911 
369 2634 1680 2964 
370 90 305 2542 
371 30 307 2544 
372 135 309 2546 
373 1354 1895 2004 
374 437 2102 2456 
375 2248 2880 2890 
376 2154 2153 2628 
377 3055 276 3176 
378 2019 2018 3146 
379 42 43 2080 
380 2059 1367 2462 
381 1289 1980 2147 
382 1964 316 2412 
383 1856 342 2974 
384 2004 3035 3192 
385 281 1821 3082 
386 2453 2134 2986 
387 788 504 2521 
388 1369 2865 3044 
389 2245 2960 3135 
390 2500 2502 3003 
391 2193 916 2764 
392 2745 2414 3173 
393 324 2009 2339 
394 2215 2958 3089 
395 1886 2708 3004 
396 2960 1548 3135 
397 1483 1955 2549 
398 1958 1374 2521 
399 91 92 2383 
400 275 2326 2953 
401 2865 1595 3412 
402 1997 262 2334 
403 1740 2660 3158 
404 1845 345 2806 
405 104 2543 3307 
406 1447 1444 2297 
407 1810 3114 3160 
408 2064 1223 2911 
409 1936 287 3107 
410 915 2189 2767 
411 2167 2168 3359 
412 306 104 3307 
413 786 2020 2937 
414 286 1952 1953 
415 1609 2310 2655 
416 1634 2839 2841 
417 1964 2412 2899 
418 1683 2634 3067 
419 268 1905 2428 
420 1982 329 2484 
421 2406 275 2953 
422 916 2193 2195 
423 1960 1823 2587 
424 1932 294 2713 
425 434 432 2765 
426 786 2061 2971 
427 335 2284 2540 
428 1162 1164 2490 
429 2069 2073 2671 
430 2119 2218 3353 
431 1590 1893 2578 
432 2391 2851 3015 
433 2561 1587 2562 
434 2115 1221 2118 
435 1821 281 2938 
436 1580 1852 2608 
437 1852 1580 2607 
438 764 2021 2630 
439 1960 2587 2900 
440 2721 2720 2751 
441 2208 1684 3048 
442 280 1939 2074 
443 2421 937 2712 
444 2004 1895 3035 
445 549 550 2527 
446 1493 2640 2676 
447 2284 3055 3176 
448 1899 2431 2966 
449 1905 268 2282 
450 1958 501 2528 
451 1899 1900 3260 
452 649 425 2807 
453 655 2748 2766 
454 2061 786 2937 
455 2527 550 3369 
456 332 2106 2234 
457 2216 1498 3410 
458 1490 1488 2488 
459 2154 2071 2671 
460 2012 1318 2917 
461 1917 1914 2409 
462 3115 2041 3183 
463 1546 2804 2957 
464 2021 1781 2630 
465 670 2279 3335 
466 1574 2466 2467 
467 591 2803 3053 
468 2748 1694 2766 
469 2803 591 2880 
470 626 2956 2975 
471 329 1982 2319 
472 1999 334 2331 
473 475 2463 3344 
474 343 2388 3093 
475 2297 1267 2298 
476 2336 2044 3025 
477 2431 251 2966 
478 2372 283 2374 
479 1130 1132 2117 
480 475 477 2463 
481 1866 638 1956 
482 2213 1498 2216 
483 544 549 1985 
484 722 720 2584 
485 1985 549 2760 
486 2070 340 2342 
487 926 2487 3091 
488 542 544 1985 
489 2071 2154 2877 
490 2973 2377 3079 
491 57 2137 3088 
492 3114 512 3160 
493 2906 2473 2935 
494 256 2134 2878 
495 1947 1427 2715 
496 2137 57 3002 
497 763 2987 3013 
498 2326 1993 2953 
499 328 1887 2434 
500 1999 1997 2334 
501 1885 890 3081 
502 2312 2311 2582 
503 1367 2059 3298 
504 1518 1884 2904 
505 1591 1766 2633 
506 2224 1318 2535 
507 2424 1674 3106 
508 1298 1896 2643 
509 686 2310 2311 
510 2298 1267 3316 
511 42 2080 2875 
512 1934 1936 3107 
513 2392 1385 2851 
514 2851 1771 3015 
515 3168 2835 3241 
516 1939 280 3320 
517 1135 1133 1995 
518 1134 1136 2118 
519 914 2208 3048 
520 2987 1822 3013 
521 2406 2175 3195 
522 1344 2287 2289 
523 1940 1300 2486 
524 2839 941 2841 
525 2000 1999 2331 
526 1961 1269 2604 
527 1300 1979 2612 
528 1318 2012 3049 
529 638 2891 3319 
530 664 678 2506 
531 1902 908 2866 
532 1821 357 3047 
533 43 304 2080 
534 294 1932 3129 
535 357 1821 2938 
536 409 407 2555 
537 2023 2027 2042 
538 2279 670 2522 
539 785 1926 1927 
540 2534 1949 3354 
541 1556 2605 2762 
542 1987 1219 2624 
543 2106 332 2432 
544 890 1885 3242 
545 260 2014 2324 
546 2367 2414 3237 
547 1899 321 2431 
548 2203 1665 2818 
549 2311 1504 2582 
550 2569 1937 2695 
551 2636 1857 2974 
552 2104 1213 2763 
553 1888 1447 2297 
554 1132 1221 2117 
555 1961 1855 2228 
556 2253 1765 2983 
557 1883 1591 2633 
558 876 878 3170 
559 2607 1580 2879 
560 2102 437 3330 
561 1591 1883 2488 
562 908 1902 2883 
563 988 3115 3183 
564 1700 1533 1943 
565 2266 1276 2307 
566 1894 1354 2301 
567 1133 1339 1995 
568 2377 2378 3079 
569 2281 1892 2593 
570 2582 1361 2583 
571 1521 2554 2643 
572 662 2156 2629 
573 504 502 2521 
574 2283 2510 3124 
575 1374 1957 2648 
576 1221 1134 2118 
577 2583 1361 2584 
578 2195 2199 2828 
579 2544 307 2545 
580 1529 1962 3337 
581 2409 1913 3215 
582 1931 350 1932 
583 1938 2906 2935 
584 1282 1254 2144 
585 1360 2534 3354 
586 2303 1602 2590 
587 2103 1637 2490 
588 2510 1670 3124 
589 2874 1851 3349 
590 1893 1590 2889 
591 1992 1990 1995 
592 1012 2253 2983 
593 934 2169 2666 
594 2288 2721 2751 
595 2420 1672 2422 
596 878 880 3219 
597 1111 1986 2923 
598 1852 2489 2608 
599 2167 1301 2512 
600 2339 2009 2602 
601 866 868 2469 
602 2399 2397 3408 
603 2083 1219 2492 
604 2293 1446 2448 
605 2466 1574 3272 
606 1773 2158 2653 
607 2146 2040 2638 
608 454 2190 2256 
609 1637 1272 2490 
610 2012 1230 3049 
611 2252 1778 2665 
612 340 2070 2072 
613 501 1958 3145 
614 1956 542 1985 
615 2042 2027 2043 
616 1972 338 2440 
617 1534 2557 2629 
618 1665 2203 3151 
619 1230 2012 3167 
620 2576 1693 2748 
621 2045 1617 2777 
622 1896 1298 3059 
623 2593 1892 2897 
624 1776 2229 2684 
625 866 2469 3422 
626 2414 2413 3237 
627 1433 1858 2149 
628 746 744 2461 
629 2388 296 2754 
630 119 7 2481 
631 2956 1833 2975 
632 2271 967 2531 
633 1336 1983 2529 
634 1850 1602 2303 
635 1538 2156 2257 
636 1637 2103 2235 
637 1952 286 1955 
638 2595 2768 3039 
639 2852 878 3219 
640 283 2372 2380 
641 1878 1880 3345 
642 1980 1289 2523 
643 44 2541 3430 
644 1884 1518 3104 
645 2562 1587 2703 
646 1753 2625 3095 
647 423 649 2829 
648 334 1999 2334 
649 1350 2045 2777 
650 1438 2118 3033 
651 2850 2231 2866 
652 2269 2266 2307 
653 2071 2069 2671 
654 2296 1846 2518 
655 2547 75 3427 
656 1488 2148 2488 
657 2485 2901 2959 
658 2461 744 3441 
659 2226 1703 2578 
660 538 638 3319 
661 2958 1561 3089 
662 878 2852 3170 
663 3083 2202 3086 
664 963 2459 2717 
665 649 2217 2829 
666 2520 1527 2650 
667 2346 273 2411 
668 678 725 2506 
669 916 2195 2828 
670 908 2850 2866 
671 549 2527 2760 
672 1926 785 2013 
673 1254 1256 2144 
674 2156 1889 2257 
675 352 2874 3349 
676 2602 2009 2999 
677 2325 1909 3010 
678 1672 2420 2712 
679 1880 2576 2748 
680 720 1331 2584 
681 306 2107 2674 
682 835 1902 2846 
683 124 345 3107 
684 2720 455 2751 
685 2248 932 2773 
686 311 2481 3250 
687 287 1936 2935 
688 649 2092 3016 
689 2894 1954 2974 
690 2640 1755 2676 
691 489 491 2530 
692 1895 1513 2511 
693 2072 2282 2322 
694 1944 1237 2592 
695 1909 326 2685 
696 583 650 2281 
697 2002 1329 2556 
698 2365 3057 3141 
699 2010 259 2341 
700 1321 1946 2633 
701 342 2894 2974 
702 99 1996 2888 
703 2426 2897 3263 
704 489 2530 3435 
705 1498 2213 2464 
706 2901 956 2959 
707 1947 2715 3232 
708 1954 2636 2974 
709 1269 1961 2663 
710 2097 2096 2098 
711 2492 1219 3143 
712 1722 1232 3043 
713 2546 309 2881 
714 2154 1906 2877 
715 540 542 1956 
716 2242 2248 2773 
717 1094 3184 3261 
718 1700 1943 2207 
719 2062 341 2450 
720 35 1882 2611 
721 2655 780 2895 
722 2397 2401 3408 
723 639 3083 3086 
724 2997 1671 3030 
725 3043 1232 3148 
726 2158 2157 2653 
727 1811 2607 2879 
728 2166 2170 2756 
729 1197 2679 2847 
730 2073 1228 2671 
731 2649 3166 3197 
732 2542 305 2964 
733 477 479 2849 
734 2016 1070 2570 
735 2108 2528 2805 
736 2016 1655 2822 
737 1348 2042 2044 
738 2079 1805 2884 
739 1008 1231 2153 
740 2134 1984 2878 
741 1672 1671 2423 
742 1686 2016 2570 
743 1730 3299 3315 
744 2679 2105 2847 
745 1780 1779 3197 
746 696 1267 2005 
747 338 1972 2955 
748 1236 1135 1995 
749 2605 900 2762 
750 1893 1673 2951 
751 1271 2860 3261 
752 1314 2551 3011 
753 1703 1590 2578 
754 1835 1834 3321 
755 1640 2520 2650 
756 1777 3066 3164 
757 2118 1438 3137 
758 2287 1344 2290 
759 2632 2996 3165 
760 1044 2819 3241 
761 2097 2104 2763 
762 1992 1995 3265 
763 2459 2419 2717 
764 2356 354 2496 
765 2413 353 3237 
766 2229 1025 2684 
767 2147 1981 3203 
768 3046 2702 3138 
769 1808 2493 3114 
770 355 2424 3106 
771 1219 1087 2624 
772 2282 268 2322 
773 2497 2365 3141 
774 1673 1893 2889 
775 2538 1615 2592 
776 2251 2215 3089 
777 1192 2252 2665 
778 1207 1300 2612 
779 2551 1685 3011 
780 1759 2436 2617 
781 1896 1521 2643 
782 1883 1490 2488 
783 1961 2228 2663 
784 3166 1780 3197 
785 2420 2421 2712 
786 1446 633 2555 
787 1845 2806 3085 
788 1269 1040 2604 
789 2057 2054 2147 
790 2822 1655 3340 
791 2171 2173 2176 
792 2500 1675 2978 
793 2625 1753 3238 
794 968 970 2455 
795 5 90 2542 
796 1 30 2544 
797 8 135 2546 
798 4 75 2547 
799 2562 1627 2564 
800 1353 2401 2858 
801 980 2146 2638 
802 1981 1982 2484 
803 44 2 2541 
804 2211 2212 2251 
805 257 2339 2602 
806 2340 274 2704 
807 3036 2127 3161 
808 2208 763 3013 
809 1348 2022 2042 
810 2022 2023 2042 
811 2046 1634 2841 
812 2439 3062 3285 
813 305 2383 2634 
814 2212 2215 2251 
815 1228 2073 2454 
816 2324 2014 3006 
817 686 2311 2312 
818 286 1953 3255 
819 2934 1859 3074 
820 2795 1771 2851 
821 3031 951 3124 
822 1212 2105 2517 
823 2526 2694 2846 
824 1374 788 2521 
825 350 1931 3262 
826 1834 1943 3321 
827 2819 3228 3241 
828 2153 1231 2628 
829 1145 1217 2076 
830 1882 35 3413 
831 924 927 2608 
832 2840 1218 3281 
833 345 1934 3107 
834 104 6 2543 
835 3144 2598 3150 
836 2906 2569 3303 
837 1709 1430 2131 
838 930 2489 3182 
839 1523 1964 2899 
840 3132 665 3235 
841 2548 2997 3030 
842 1986 1842 2923 
843 1647 3038 3040 
844 1952 1955 2550 
845 1902 835 2883 
846 2149 1858 2810 
847 2047 1360 2048 
848 1334 2053 2054 
849 1244 1924 3311 
850 1360 1107 2534 
851 1862 1691 3031 
852 2091 2085 2095 
853 2095 2096 2097 
854 3197 1779 3217 
855 2190 454 2750 
856 1648 2218 2630 
857 2062 2450 3231 
858 2156 1534 2629 
859 868 870 2796 
860 1924 1244 3341 
861 3134 1874 3278 
862 2366 353 2537 
863 2826 3322 3326 
864 1708 1709 2540 
865 307 2007 2700 
866 3066 784 3164 
867 98 99 2888 
868 1484 1080 2083 
869 1444 2005 2297 
870 2539 306 2674 
871 1287 1156 2233 
872 1895 2511 3035 
873 1673 1885 2951 
874 2054 2053 2147 
875 1709 2131 3236 
876 1691 1862 3257 
877 1877 3168 3241 
878 3026 2117 3313 
879 2340 2704 3122 
880 2996 1078 3165 
881 1225 3041 3228 
882 915 434 2765 
883 1348 998 2022 
884 1120 1923 3211 
885 2528 501 2805 
886 1558 2712 2728 
887 145 146 2380 
888 310 76 2991 
889 1938 2569 2906 
890 2104 2702 3046 
891 1430 1095 2131 
892 2694 835 2846 
893 2771 2870 3000 
894 1271 3261 3332 
895 3281 1218 3326 
896 559 2934 3074 
897 3155 1846 3425 
898 1294 2140 2143 
899 652 496 2121 
900 432 454 2765 
901 2009 1705 2999 
902 1480 1287 2233 
903 1665 2797 2818 
904 2806 297 3085 
905 2170 494 2756 
906 1237 1944 3431 
907 2312 2582 2583 
908 1367 1171 2462 
909 2150 1861 3103 
910 379 381 2301 
911 1143 1142 3100 
912 2011 2225 2642 
913 884 1273 2950 
914 2122 2121 2455 
915 1850 2304 2789 
916 2398 2397 2399 
917 1273 2132 2950 
918 2463 477 2849 
919 2525 385 2896 
920 1923 1288 3211 
921 2797 456 2818 
922 1339 3061 3265 
923 785 1927 1928 
924 2119 2110 2218 
925 2075 1147 2076 
926 2127 2125 3161 
927 1930 3235 3302 
928 1473 1952 2550 
929 970 1509 2455 
930 1358 1433 2149 
931 1105 1360 2047 
932 638 540 1956 
933 2079 2884 3196 
934 1334 1167 2053 
935 652 2121 2122 
936 1725 1542 2453 
937 3299 2205 3315 
938 1951 3155 3425 
939 676 2109 2110 
940 2117 2112 3313 
941 2169 2164 2666 
942 2524 2525 2896 
943 1930 3132 3235 
944 2084 761 2095 
945 1300 1940 3142 
946 1339 2176 3061 
947 1318 2224 2917 
948 1929 1930 3302 
949 1525 1824 2438 
950 3065 2421 3087 
951 2976 1158 3174 
952 1887 328 3280 
953 295 94 2394 
954 1982 1491 2081 
955 2421 2459 3087 
956 1361 722 2584 
957 360 2051 2052 
958 1892 2281 3179 
959 146 283 2380 
960 2106 1500 2234 
961 1942 1477 2150 
962 1318 1177 2535 
963 2108 931 2133 
964 2351 2350 2398 
965 354 2356 2447 
966 1321 2633 2867 
967 2615 1928 3140 
968 304 44 3430 
969 763 2208 3070 
970 345 1933 1934 
971 2355 2351 2398 
972 967 2271 3108 
973 2005 1267 2297 
974 1960 706 3035 
975 1541 893 2954 
976 2094 1229 2915 
977 75 310 3427 
978 2091 2095 2097 
979 1615 1944 2592 
980 1957 2407 2648 
981 1158 2075 3174 
982 2044 2043 3025 
983 664 2506 2811 
984 435 437 2456 
985 748 746 2790 
986 2588 1553 2743 
987 3051 1819 3276 
988 590 2272 2480 
989 2110 2109 2218 
990 1946 1321 2882 
991 2085 2084 2095 
992 2207 449 2798 
993 340 2072 2322 
994 2478 2501 2905 
995 1354 379 2301 
996 2620 3051 3276 
997 1493 2639 2640 
998 499 2120 2121 
999 978 1073 2146 
1000 2233 1158 2907 
1001 1129 2171 2176 
1002 758 951 2130 
1003 2423 1671 2997 
1004 2070 2342 3363 
1005 1223 2041 3115 
1006 1923 1120 3296 
1007 2292 2293 2448 
1008 670 573 2522 
1009 1232 467 2206 
1010 1196 2588 2743 
1011 1427 1947 3024 
1012 1488 597 2148 
1013 2804 1676 2957 
1014 3262 2255 3312 
1015 1288 1923 3162 
1016 280 2074 3248 
1017 2017 1546 2957 
1018 1600 2572 2972 
1019 1309 1459 2139 
1020 2344 1541 2954 
1021 3112 406 3152 
1022 3038 2801 3040 
1023 1294 2139 2140 
1024 257 2602 3062 
1025 491 493 2812 
1026 3238 1753 3329 
1027 2572 1651 2972 
1028 3184 1871 3261 
1029 2423 310 2991 
1030 2519 2136 2776 
1031 2008 308 2052 
1032 2469 868 2796 
1033 399 644 2013 
1034 1282 2144 3076 
1035 433 761 2084 
1036 930 924 2608 
1037 2731 3173 3175 
1038 2094 2090 2679 
1039 2280 581 2281 
1040 2113 2112 2117 
1041 1485 1511 2302 
1042 1893 952 2578 
1043 2666 2166 2780 
1044 3136 1296 3140 
1045 2020 901 2859 
1046 1298 1053 2913 
1047 2310 686 3054 
1048 676 481 2109 
1049 2493 1808 3254 
1050 2263 2259 2292 
1051 3356 2222 3420 
1052 2010 2341 3243 
1053 1928 2615 3433 
1054 2712 937 2728 
1055 2079 3196 3295 
1056 956 2365 2959 
1057 888 2160 2161 
1058 349 145 2380 
1059 1809 2871 3201 
1060 2165 2161 2294 
1061 1829 3127 3327 
1062 2263 3112 3152 
1063 352 54 2874 
1064 308 2008 2135 
1065 638 1868 2891 
1066 967 742 2531 
1067 907 2179 2180 
1068 1753 1838 3329 
1069 2247 2803 2880 
1070 2171 1329 2172 
1071 2514 1597 2895 
1072 350 3262 3312 
1073 2280 2281 2593 
1074 1276 2306 2307 
1075 2228 1855 2977 
1076 650 585 2158 
1077 1116 1016 2151 
1078 698 696 2005 
1079 746 2461 2790 
1080 2199 631 2828 
1081 284 2015 2742 
1082 1300 1205 2486 
1083 706 1960 2900 
1084 2139 1459 2140 
1085 1080 1082 2083 
1086 1862 3031 3124 
1087 2333 2077 3071 
1088 2130 951 3031 
1089 2239 2245 2300 
1090 2660 1681 2872 
1091 1120 1063 2155 
1092 2141 1459 2201 
1093 1829 2520 3127 
1094 2122 2455 3333 
1095 487 672 2021 
1096 1142 1139 2313 
1097 1149 1147 2075 
1098 2652 630 3123 
1099 2211 1297 2212 
1100 1183 1230 2159 
1101 2209 1301 2210 
1102 654 3134 3278 
1103 2225 2011 2917 
1104 2044 2336 3236 
1105 2559 1298 2913 
1106 658 2660 2872 
1107 2169 934 2944 
1108 1057 1288 2940 
1109 1301 831 2512 
1110 2161 2160 2294 
1111 2219 1367 2220 
1112 3062 1725 3285 
1113 1142 2627 3100 
1114 780 2514 2895 
1115 2309 1504 2311 
1116 102 2539 2864 
1117 1079 1485 2302 
1118 2259 2258 2292 
1119 1147 1145 2076 
1120 251 2082 2966 
1121 1101 1336 2529 
1122 459 405 2536 
1123 2140 2142 2143 
1124 1838 3136 3140 
1125 2530 491 2812 
1126 2218 764 2630 
1127 1513 1307 2770 
1128 1277 2519 2776 
1129 1034 1035 2006 
1130 2727 1584 2859 
1131 1889 662 3060 
1132 1329 1125 2556 
1133 397 399 2013 
1134 2349 1825 2932 
1135 1336 2047 2049 
1136 2216 1592 3249 
1137 2269 2307 2308 
1138 1983 1336 3371 
1139 2951 1885 3081 
1140 2291 524 2766 
1141 721 723 2563 
1142 3088 2138 3346 
1143 1289 1163 2523 
1144 2238 1278 2239 
1145 1385 2795 2851 
1146 447 449 2207 
1147 2097 2098 2104 
1148 2799 933 2802 
1149 2918 2452 3397 
1150 668 1496 2296 
1151 2238 2239 2300 
1152 581 583 2281 
1153 2272 2799 2802 
1154 888 827 2160 
1155 1029 1020 2229 
1156 1326 2258 2259 
1157 2768 1959 3039 
1158 2175 1994 3061 
1159 2249 1311 2250 
1160 1435 2458 2603 
1161 579 581 2280 
1162 1613 1958 2528 
1163 2078 2079 3295 
1164 1634 2046 2854 
1165 2300 2245 3135 
1166 2854 2046 2896 
1167 2916 2331 2925 
1168 1700 2207 2798 
1169 2055 2059 2462 
1170 1962 811 3337 
1171 2025 2028 2077 
1172 2336 2540 3236 
1173 907 872 2179 
1174 2803 2247 2984 
1175 2467 282 2482 
1176 499 503 2120 
1177 1252 1282 2204 
1178 1484 2083 2492 
1179 2254 302 2255 
1180 1187 1200 2252 
1181 2370 2369 2371 
1182 2314 1676 2645 
1183 405 1539 2536 
1184 2434 1887 2919 
1185 2308 1585 3056 
1186 2485 2371 2876 
1187 2273 669 2274 
1188 1476 1283 2457 
1189 1572 2848 3272 
1190 2789 2304 3021 
1191 1674 2424 2978 
1192 2179 959 2580 
1193 1463 1861 2150 
1194 639 2145 3083 
1195 1766 1846 3155 
1196 2458 1517 2603 
1197 2856 1119 2897 
1198 1334 2055 2462 
1199 2166 2756 2780 
1200 496 499 2121 
1201 2436 1759 3434 
1202 1127 1329 2171 
1203 1256 1294 2144 
1204 608 2296 2518 
1205 1002 1228 2454 
1206 833 1301 2209 
1207 693 1494 2306 
1208 2539 1710 2864 
1209 937 2421 3065 
1210 2223 2222 3356 
1211 1006 1008 2153 
1212 1618 1510 2014 
1213 2545 307 2700 
1214 771 1297 2211 
1215 2871 1809 3180 
1216 597 598 2148 
1217 2231 845 2661 
1218 626 2177 2956 
1219 2835 1044 3241 
1220 994 996 2911 
1221 467 468 2206 
1222 931 2108 2805 
1223 2907 1158 2976 
1224 1477 1456 2150 
1225 2184 2232 2256 
1226 1832 1866 1956 
1227 1957 1469 2407 
1228 2964 1680 3047 
1229 1288 2845 2940 
1230 838 1314 2237 
1231 2250 1663 3068 
1232 1455 1940 2486 
1233 1173 1367 2219 
1234 3322 2278 3326 
1235 1326 730 2258 
1236 2178 2177 2616 
1237 750 1278 2238 
1238 2305 1810 3160 
1239 2363 2360 2368 
1240 723 1587 2563 
1241 1260 1309 2139 
1242 465 651 2203 
1243 1846 2296 3425 
1244 2346 2411 2993 
1245 473 666 2205 
1246 1891 2856 2897 
1247 1995 1339 3265 
1248 2383 1772 2634 
1249 1733 1525 2438 
1250 2386 1856 3110 
1251 2283 1335 2510 
1252 725 2505 2506 
1253 2446 3146 3415 
1254 2051 360 2982 
1255 1994 2175 2953 
1256 775 1311 2249 
1257 976 978 2146 
1258 94 95 2394 
1259 2355 2398 2399 
1260 628 659 3153 
1261 2227 314 2316 
1262 2574 1728 3163 
1263 374 372 2567 
1264 1955 286 2575 
1265 1014 1116 2253 
1266 1491 1479 2081 
1267 2511 1513 2770 
1268 1156 1154 2233 
1269 1800 2007 2939 
1270 998 986 2022 
1271 1334 2054 2055 
1272 943 2485 2876 
1273 610 668 2296 
1274 2000 2331 2916 
1275 2265 1276 2266 
1276 2285 899 2286 
1277 316 1964 2993 
1278 1959 413 3039 
1279 856 859 2290 
1280 2517 2763 2842 
1281 1413 1703 3096 
1282 2137 2138 3088 
1283 2368 2369 2370 
1284 2458 2487 2943 
1285 984 988 2129 
1286 3071 2030 3373 
1287 2393 2390 2449 
1288 509 512 2230 
1289 754 1335 2283 
1290 1898 1769 3247 
1291 934 2666 2780 
1292 299 2350 2351 
1293 1283 1030 2457 
1294 1585 2308 3323 
1295 1466 1500 2106 
1296 913 2788 2979 
1297 332 2234 2332 
1298 652 2122 2123 
1299 2200 2588 3099 
1300 351 2389 2390 
1301 1469 815 2407 
1302 785 397 2013 
1303 1074 2302 2893 
1304 2120 968 2455 
1305 372 1508 2567 
1306 811 1962 3389 
1307 577 669 2273 
1308 2078 1515 2079 
1309 3207 1735 3212 
1310 2102 2099 2456 
1311 290 2415 2416 
1312 1556 1685 2605 
1313 2977 1855 3007 
1314 2099 2096 2456 
1315 1979 1300 3142 
1316 1095 1091 2131 
1317 2055 2054 2056 
1318 2493 2230 3114 
1319 1805 1804 2884 
1320 1592 2216 3410 
1321 3043 1836 3044 
1322 2263 2292 2448 
1323 594 966 2157 
1324 2049 2048 2050 
1325 2182 2189 2232 
1326 1516 1514 1837 
1327 762 961 2553 
1328 1032 2632 2782 
1329 1686 1501 2016 
1330 1898 1240 3383 
1331 2293 2445 3029 
1332 2015 284 3078 
1333 381 656 2301 
1334 712 693 2306 
1335 2232 915 2765 
1336 2152 1006 2153 
1337 2460 1583 2568 
1338 2566 1686 2570 
1339 1344 856 2290 
1340 2152 2153 2154 
1341 760 758 2130 
1342 666 475 3344 
1343 744 967 3441 
1344 1888 2297 2298 
1345 1617 2045 3386 
1346 2047 2048 2049 
1347 2105 2087 2517 
1348 1510 1704 2014 
1349 2080 1713 2875 
1350 1347 1504 2309 
1351 2145 3200 3223 
1352 899 866 3422 
1353 2041 1223 3101 
1354 1996 99 3394 
1355 1485 1486 1510 
1356 425 427 2807 
1357 1198 1455 2486 
1358 2173 2172 2174 
1359 2390 2389 2449 
1360 2363 2368 2370 
1361 137 2303 2590 
1362 353 141 2537 
1363 901 2727 2859 
1364 2360 2359 2368 
1365 2783 2652 3123 
1366 2306 1494 2307 
1367 1311 2211 2251 
1368 259 2010 2642 
1369 1487 1430 1708 
1370 2359 349 2368 
1371 1352 1475 1542 
1372 1510 1486 1704 
1373 273 2346 3069 
1374 1274 1937 3154 
1375 2221 2220 2222 
1376 1389 1388 1641 
1377 2022 1118 2023 
1378 2584 1331 3144 
1379 1358 1283 1433 
1380 2513 2348 2736 
1381 341 2062 2908 
1382 1359 1395 1514 
1383 1117 1283 1358 
1384 927 1580 2608 
1385 1455 1222 1456 
1386 1356 1357 1466 
1387 1769 1898 3208 
1388 691 1498 2464 
1389 1967 1970 2346 
1390 2788 2480 2979 
1391 2027 2025 2077 
1392 1516 1949 2534 
1393 1478 1287 1479 
1394 2140 1459 2141 
1395 1485 1484 1486 
1396 2260 2264 2505 
1397 864 899 2285 
1398 2203 651 2613 
1399 1240 1898 3247 
1400 1514 1515 2078 
1401 2721 2288 3169 
1402 1167 1165 2053 
1403 1445 1447 1804 
1404 1478 1980 2523 
1405 2396 281 2400 
1406 733 724 2581 
1407 1291 1444 1445 
1408 2053 1289 2147 
1409 1117 1030 1283 
1410 2123 2122 2124 
1411 2927 2320 3437 
1412 2394 2391 3015 
1413 1244 1245 2295 
1414 1455 1456 1477 
1415 1983 1475 2529 
1416 676 2110 2111 
1417 354 81 2496 
1418 940 715 2651 
1419 2275 2279 2522 
1420 894 1350 2777 
1421 974 975 976 
1422 2095 761 2096 
1423 1583 2460 3202 
1424 1846 1434 2518 
1425 2365 956 3057 
1426 792 790 2648 
1427 1676 1649 2645 
1428 2111 2110 2112 
1429 1932 350 3129 
1430 1079 1484 1485 
1431 1433 1628 1858 
1432 738 1276 2265 
1433 521 524 2291 
1434 789 791 2668 
1435 732 2017 2957 
1436 1544 1984 2134 
1437 2213 1297 2464 
1438 1945 3027 3253 
1439 1525 1449 1824 
1440 976 975 978 
1441 1941 1477 1942 
1442 1582 2641 2813 
1443 2858 2401 2892 
1444 282 2402 2482 
1445 671 679 2646 
1446 286 72 2575 
1447 972 973 974 
1448 1091 998 1348 
1449 2281 650 3179 
1450 1103 1105 2047 
1451 2162 2167 2512 
1452 1953 1954 2894 
1453 888 2162 2512 
1454 974 973 975 
1455 1198 1222 1455 
1456 2352 2356 2496 
1457 714 691 2464 
1458 859 862 2290 
1459 2200 3099 3246 
1460 1601 1351 2524 
1461 2077 2333 3379 
1462 2272 2268 2480 
1463 1344 2289 3392 
1464 2549 1955 2575 
1465 1779 2515 3217 
1466 1027 1030 1117 
1467 1198 1194 1222 
1468 1229 2094 2862 
1469 3096 1703 3259 
1470 1326 2260 2505 
1471 986 982 1118 
1472 1463 1731 1861 
1473 2220 1367 3298 
1474 1089 1097 1352 
1475 1503 2178 2489 
1476 2133 931 2787 
1477 1207 1205 1300 
1478 972 971 973 
1479 2023 2025 2027 
1480 1085 1087 1219 
1481 1981 1491 1982 
1482 587 2157 2158 
1483 1038 1040 1269 
1484 1121 1095 1430 
1485 1727 1708 2284 
1486 2143 2142 2783 
1487 970 971 972 
1488 986 1118 2022 
1489 1456 1463 2150 
1490 299 2352 2496 
1491 1542 1475 1544 
1492 1115 1986 3018 
1493 2105 1212 2847 
1494 2275 2274 2277 
1495 1445 1444 1447 
1496 1934 1933 1935 
1497 1159 1156 1287 
1498 1359 1516 2534 
1499 1823 1643 2082 
1500 992 994 1223 
1501 1042 1045 1356 
1502 709 762 2553 
1503 3146 2018 3415 
1504 2221 2224 2535 
1505 1154 1152 1158 
1506 1804 1447 1887 
1507 1478 1479 1491 
1508 978 984 1073 
1509 299 83 2350 
1510 1467 1466 1854 
1511 1775 2598 3144 
1512 668 1337 1495 
1513 2273 2275 2522 
1514 2171 2172 2173 
1515 346 50 2349 
1516 144 349 2359 
1517 348 110 2381 
1518 297 127 2385 
1519 298 52 2384 
1520 296 67 2386 
1521 1101 1103 1336 
1522 301 112 2387 
1523 1073 984 2129 
1524 645 1929 3302 
1525 351 96 2389 
1526 49 346 2395 
1527 109 348 2402 
1528 343 65 2388 
1529 1888 2298 2299 
1530 86 281 2396 
1531 1986 1111 3018 
1532 2219 2221 2535 
1533 1238 1214 1388 
1534 1091 1348 2131 
1535 1069 1074 2498 
1536 2554 1049 2643 
1537 2177 626 2616 
1538 140 353 2413 
1539 766 1434 1591 
1540 355 114 2424 
1541 1291 938 1444 
1542 1501 1655 2016 
1543 2652 2145 3223 
1544 290 79 2415 
1545 1543 1542 1725 
1546 1070 2016 2822 
1547 2350 347 2398 
1548 2109 764 2218 
1549 1004 1006 2152 
1550 1165 1163 1289 
1551 1159 1287 1478 
1552 1352 1097 1475 
1553 980 976 2146 
1554 2028 2030 3071 
1555 1002 1004 1228 
1556 1516 1837 1948 
1557 970 969 971 
1558 1487 1708 1727 
1559 1641 1642 1899 
1560 1127 1125 1329 
1561 1326 2259 2260 
1562 1489 1490 1501 
1563 667 2084 2085 
1564 1389 1641 1643 
1565 2981 2577 3260 
1566 1169 1167 1334 
1567 1835 2600 3092 
1568 2791 3045 3130 
1569 1501 1490 1655 
1570 724 1361 2581 
1571 637 647 2573 
1572 2103 2490 3191 
1573 1109 1303 1359 
1574 1459 1407 2201 
1575 1159 1478 2523 
1576 2557 616 2629 
1577 2123 2124 2125 
1578 2093 2094 2915 
1579 1479 1523 2081 
1580 1359 1514 1516 
1581 1219 1987 3143 
1582 1105 1107 1360 
1583 555 557 643 
1584 1475 1097 2529 
1585 2466 2465 2467 
1586 2501 2499 2504 
1587 1466 1357 1500 
1588 2540 1709 3236 
1589 2260 2259 2261 
1590 585 587 2158 
1591 1854 1466 2106 
1592 1314 2209 2551 
1593 518 520 657 
1594 1356 1045 1357 
1595 651 1232 1722 
1596 2055 2056 2058 
1597 1051 1053 1298 
1598 602 604 766 
1599 2042 2043 2044 
1600 1238 1388 1389 
1601 610 612 668 
1602 1495 1527 2520 
1603 465 467 651 
1604 2457 1034 2775 
1605 1434 604 2518 
1606 1154 1158 2233 
1607 2884 1804 3280 
1608 2219 2220 2221 
1609 423 425 649 
1610 968 969 970 
1611 1664 3052 3068 
1612 3041 2576 3228 
1613 1121 1430 1487 
1614 2239 1278 2240 
1615 2641 895 2813 
1616 1022 1025 2229 
1617 1350 1601 2045 
1618 651 467 1232 
1619 1487 2002 2556 
1620 1489 1488 1490 
1621 473 475 666 
1622 2273 2274 2275 
1623 2239 2240 2241 
1624 1192 1189 2252 
1625 1173 1171 1367 
1626 2257 1844 2998 
1627 463 465 2203 
1628 1500 1560 2234 
1629 1129 1127 2171 
1630 2501 2478 3439 
1631 1521 1357 2554 
1632 565 567 658 
1633 1165 1289 2053 
1634 917 2771 3000 
1635 968 508 969 
1636 2267 2271 2531 
1637 766 604 1434 
1638 2045 1601 2046 
1639 1200 1185 2159 
1640 888 2161 2162 
1641 2625 1605 2725 
1642 1008 1010 1231 
1643 1591 1434 1766 
1644 907 2180 2181 
1645 2181 2180 2182 
1646 1443 1503 2489 
1647 2086 2085 2087 
1648 1479 1480 1523 
1649 1943 645 2207 
1650 1917 2409 2824 
1651 506 508 968 
1652 471 473 2205 
1653 1018 1029 2151 
1654 1336 2049 3371 
1655 2465 282 2467 
1656 2267 2266 2268 
1657 2162 2161 2163 
1658 1065 1068 2155 
1659 2023 2024 2025 
1660 1051 1298 2643 
1661 2013 644 2558 
1662 429 431 667 
1663 1133 1131 1339 
1664 2007 307 3317 
1665 1945 1616 2133 
1666 431 433 2084 
1667 2088 2087 2105 
1668 1832 1956 1985 
1669 1336 1103 2047 
1670 2157 966 2653 
1671 2250 1311 2251 
1672 2142 2141 2145 
1673 1131 1129 2176 
1674 1830 1750 2236 
1675 2589 1518 2904 
1676 479 481 676 
1677 657 520 1364 
1678 3097 1522 3256 
1679 2025 2026 2028 
1680 2173 2174 2175 
1681 1016 1018 2151 
1682 939 938 1291 
1683 659 2869 3153 
1684 1523 1524 1964 
1685 1063 1065 2155 
1686 2270 2268 2272 
1687 1496 1495 1829 
1688 1185 1183 2159 
1689 966 1488 1489 
1690 2201 1652 2202 
1691 2057 3064 3266 
1692 526 528 655 
1693 364 312 2714 
1694 668 612 1337 
1695 516 2305 3160 
1696 2241 2242 2773 
1697 2499 117 2504 
1698 1495 1337 1527 
1699 1057 1059 1288 
1700 2265 2267 2531 
1701 1175 1173 2219 
1702 2632 1562 2782 
1703 783 808 2445 
1704 1215 2625 2725 
1705 1228 1004 2152 
1706 1534 1337 2557 
1707 2121 2120 2455 
1708 2212 2213 2214 
1709 2182 2183 2189 
1710 2056 2057 3266 
1711 290 2417 2533 
1712 1357 1045 2554 
1713 1020 1022 2229 
1714 2212 1297 2213 
1715 1511 1510 1618 
1716 1844 1842 1986 
1717 1171 1169 2462 
1718 1349 671 2646 
1719 1068 1069 2498 
1720 1538 2257 2831 
1721 2038 2062 3231 
1722 2184 2182 2232 
1723 790 1374 2648 
1724 1189 1187 2252 
1725 2265 2266 2267 
1726 1121 1487 2556 
1727 1012 1014 2253 
1728 1179 1177 1318 
1729 1837 1514 2078 
1730 1075 1079 2302 
1731 618 620 662 
1732 571 573 670 
1733 2515 2516 3217 
1734 647 906 2573 
1735 966 597 1488 
1736 1470 1469 1613 
1737 1339 1131 2176 
1738 2260 2261 2262 
1739 594 597 966 
1740 1456 1457 1463 
1741 618 662 2629 
1742 433 435 761 
1743 1035 1038 2006 
1744 346 2349 2932 
1745 2160 1237 2294 
1746 481 483 2109 
1747 2258 1325 2292 
1748 1078 2236 3165 
1749 1494 683 2673 
1750 1137 1135 1236 
1751 1014 1016 1116 
1752 1537 789 2668 
1753 2152 2154 2671 
1754 2352 2351 2353 
1755 821 2538 2592 
1756 2221 2222 2223 
1757 1433 1476 1628 
1758 1946 1883 2633 
1759 2275 2277 2278 
1760 628 634 659 
1761 1082 1085 2083 
1762 1429 1358 1449 
1763 2087 2085 2091 
1764 1704 1705 2009 
1765 2163 2165 2166 
1766 479 676 2849 
1767 107 282 2465 
1768 1463 1464 1731 
1769 589 594 2157 
1770 1750 1748 2236 
1771 1514 1395 1515 
1772 1061 1063 1120 
1773 385 2854 2896 
1774 2361 2366 2537 
1775 1449 1358 2149 
1776 2417 2422 2533 
1777 532 534 654 
1778 1550 2658 2758 
1779 2308 2307 3323 
1780 608 610 2296 
1781 1025 1026 1027 
1782 667 431 2084 
1783 300 2359 2360 
1784 487 489 672 
1785 483 485 764 
1786 62 284 2470 
1787 3004 408 3214 
1788 1503 1691 2177 
1789 1407 1408 1652 
1790 122 287 2472 
1791 715 707 2651 
1792 1609 2309 2310 
1793 2354 2353 2358 
1794 2112 2110 2119 
1795 2391 2390 2392 
1796 1335 2238 2300 
1797 2658 1220 2758 
1798 1027 1028 1030 
1799 1470 1615 2538 
1800 2242 2244 2248 
1801 862 2285 2290 
1802 1193 1192 1194 
1803 1359 1303 1395 
1804 1542 1544 2453 
1805 1867 1831 2532 
1806 468 471 2206 
1807 1608 1606 2558 
1808 2939 2007 3317 
1809 2274 669 2276 
1810 575 577 2273 
1811 1250 1252 2204 
1812 2028 2029 2030 
1813 300 2361 2537 
1814 1337 612 2557 
1815 577 579 669 
1816 1572 2107 2848 
1817 1628 1629 1789 
1818 732 680 2446 
1819 1970 1971 1972 
1820 347 2396 2397 
1821 1079 1080 1484 
1822 1183 1181 1230 
1823 2140 2141 2142 
1824 1446 2293 3029 
1825 854 1344 2654 
1826 2361 2360 2362 
1827 1616 1614 2108 
1828 439 441 665 
1829 2590 1602 2701 
1830 1470 1613 1614 
1831 1940 1477 1941 
1832 827 825 2160 
1833 2418 2419 2459 
1834 1450 1449 1525 
1835 666 3304 3315 
1836 660 459 2536 
1837 1945 2133 3027 
1838 1152 1149 2075 
1839 645 447 2207 
1840 1309 1372 1407 
1841 417 2595 3039 
1842 864 866 899 
1843 2362 2363 2365 
1844 1503 1468 1691 
1845 977 976 980 
1846 1619 1618 1909 
1847 2111 2112 2113 
1848 1972 1973 2955 
1849 2168 2164 2169 
1850 2287 2286 2288 
1851 516 518 2305 
1852 2451 2030 3084 
1853 483 764 2109 
1854 1107 1109 2534 
1855 279 2452 2918 
1856 1443 1468 1503 
1857 2310 2309 2311 
1858 1018 1020 1029 
1859 1708 1430 1709 
1860 2285 2287 2290 
1861 738 736 1276 
1862 594 595 597 
1863 1897 2916 2925 
1864 1065 1067 1068 
1865 2241 2240 2242 
1866 299 2351 2352 
1867 862 864 2285 
1868 2364 2362 2497 
1869 1606 1926 2558 
1870 1141 1139 1142 
1871 3332 2532 3404 
1872 825 823 1237 
1873 3169 2188 3205 
1874 2056 2054 2057 
1875 1731 1732 1782 
1876 2370 2371 2485 
1877 1886 3004 3214 
1878 870 872 907 
1879 1237 823 2592 
1880 587 589 2157 
1881 2267 2268 2270 
1882 598 602 2148 
1883 817 815 1469 
1884 817 1470 2538 
1885 672 489 3435 
1886 1187 1185 1200 
1887 1789 1790 2227 
1888 1248 1250 1306 
1889 2715 1541 3232 
1890 1145 1143 1217 
1891 817 1469 1470 
1892 829 827 888 
1893 2662 2661 2740 
1894 1212 2517 2842 
1895 314 2227 2977 
1896 1031 1034 2457 
1897 1407 1652 2201 
1898 1616 2108 2133 
1899 761 435 2456 
1900 1690 939 2568 
1901 740 738 2265 
1902 1541 2715 3104 
1903 744 742 967 
1904 1825 2349 3288 
1905 2093 2090 2094 
1906 716 811 2483 
1907 583 585 650 
1908 700 698 938 
1909 730 781 2258 
1910 463 2203 2818 
1911 2455 1509 3333 
1912 493 496 652 
1913 1155 1154 1156 
1914 978 979 984 
1915 696 694 1267 
1916 1153 1152 1154 
1917 528 530 2495 
1918 781 1325 2258 
1919 1426 1627 2703 
1920 526 655 2766 
1921 351 2390 2391 
1922 2274 2276 2425 
1923 1309 1407 1459 
1924 973 1373 2507 
1925 1195 1194 1198 
1926 1655 1883 1946 
1927 680 660 2446 
1928 874 876 959 
1929 553 554 555 
1930 2186 2184 2256 
1931 833 831 1301 
1932 1560 1897 2680 
1933 2188 2186 2190 
1934 2106 2432 3309 
1935 2503 2478 3325 
1936 870 907 2796 
1937 2417 2416 2418 
1938 538 540 638 
1939 2425 2276 2426 
1940 1936 1938 2935 
1941 2397 2400 2401 
1942 1613 1957 1958 
1943 2580 959 2832 
1944 1069 1071 1074 
1945 1085 1086 1087 
1946 969 2230 2493 
1947 503 506 2120 
1948 1252 1254 1282 
1949 506 507 508 
1950 981 980 982 
1951 1965 1967 2346 
1952 312 2348 2714 
1953 2162 2163 2164 
1954 901 2020 2926 
1955 2038 2039 2062 
1956 1443 954 1468 
1957 983 982 986 
1958 2277 2274 2425 
1959 1526 1525 1733 
1960 1502 1501 1686 
1961 1315 840 2237 
1962 463 464 465 
1963 836 833 2209 
1964 872 874 2179 
1965 555 556 557 
1966 360 2470 2982 
1967 1831 1830 2532 
1968 1157 1156 1159 
1969 1356 1466 1467 
1970 938 698 2005 
1971 1667 2784 2945 
1972 951 756 2283 
1973 984 985 988 
1974 465 466 467 
1975 2389 303 2449 
1976 840 838 2237 
1977 771 769 1297 
1978 2708 644 3004 
1979 2143 2783 3348 
1980 1022 1024 1025 
1981 1256 1258 1294 
1982 3045 1315 3130 
1983 750 748 1278 
1984 291 2499 2500 
1985 1641 1388 1642 
1986 1504 2581 2582 
1987 1341 1815 2345 
1988 2182 2180 2183 
1989 445 447 645 
1990 2181 2182 2184 
1991 2533 2422 2991 
1992 1206 1205 1207 
1993 1335 752 2238 
1994 2420 2418 2421 
1995 825 1237 2160 
1996 148 359 2468 
1997 1609 1431 2309 
1998 773 771 2211 
1999 1208 1207 1214 
2000 2190 2186 2256 
2001 775 773 1311 
2002 736 712 2306 
2003 752 750 2238 
2004 1967 1969 1970 
2005 557 558 559 
2006 1306 1250 2204 
2007 1087 1088 1089 
2008 1314 836 2209 
2009 957 777 2249 
2010 667 2085 2086 
2011 764 485 2021 
2012 777 775 2249 
2013 987 986 998 
2014 1963 2647 3389 
2015 838 836 1314 
2016 1786 1787 2010 
2017 133 361 2471 
2018 756 754 2283 
2019 1431 1347 2309 
2020 485 487 2021 
2021 742 740 2531 
2022 1352 1542 1543 
2023 815 800 2407 
2024 1641 1899 2966 
2025 728 730 1326 
2026 874 959 2179 
2027 3213 1662 3262 
2028 2189 2183 2191 
2029 2348 2513 2714 
2030 704 680 732 
2031 1461 1620 1822 
2032 1715 1717 2020 
2033 1260 1264 1309 
2034 1089 1090 1097 
2035 769 714 2464 
2036 290 2416 2417 
2037 1795 1793 2231 
2038 2286 899 3286 
2039 2477 2475 2479 
2040 1038 1039 1040 
2041 1980 1491 1981 
2042 1657 1577 1902 
2043 1312 893 1541 
2044 1213 2104 3046 
2045 842 840 1315 
2046 2500 2501 2502 
2047 1245 1248 2295 
2048 2212 2214 2215 
2049 1066 2566 2570 
2050 2401 2400 2892 
2051 1205 1199 2486 
2052 2352 2353 2354 
2053 1719 1721 2061 
2054 1075 1077 1079 
2055 2374 283 3405 
2056 395 397 785 
2057 399 403 644 
2058 1311 773 2211 
2059 2647 2483 3389 
2060 516 517 518 
2061 2422 1672 2423 
2062 2285 2286 2287 
2063 2368 349 2369 
2064 1191 1189 1192 
2065 2583 3144 3150 
2066 1544 1983 1984 
2067 1040 1041 1042 
2068 2600 1835 3321 
2069 602 603 604 
2070 1467 1854 1855 
2071 2163 2161 2165 
2072 3029 2445 3172 
2073 421 422 423 
2074 590 2480 2788 
2075 1074 1075 2302 
2076 2214 2213 2216 
2077 2098 2096 2099 
2078 573 575 2522 
2079 754 752 1335 
2080 880 882 1279 
2081 300 2360 2361 
2082 1810 1808 3114 
2083 1226 1214 1238 
2084 2551 2210 2552 
2085 347 2397 2398 
2086 1989 1990 1991 
2087 1082 1084 1085 
2088 2086 2087 2088 
2089 668 1495 1496 
2090 992 993 994 
2091 2361 2362 2364 
2092 781 783 1325 
2093 999 998 1091 
2094 1991 1992 1993 
2095 2392 2390 2393 
2096 2353 2351 2355 
2097 1137 1236 2313 
2098 358 2465 2466 
2099 1887 1888 2919 
2100 779 777 957 
2101 994 995 996 
2102 1899 1642 1900 
2103 2066 2067 2068 
2104 1761 1759 2617 
2105 1622 1684 2208 
2106 589 593 594 
2107 2421 2418 2459 
2108 363 2472 2473 
2109 2362 2360 2363 
2110 1479 1287 1480 
2111 2418 2416 2419 
2112 1214 1207 2612 
2113 1031 1033 1034 
2114 2014 260 3010 
2115 758 756 951 
2116 1042 1043 1045 
2117 655 528 2495 
2118 1760 1759 1761 
2119 2098 2099 2100 
2120 3270 2973 3282 
2121 656 383 2591 
2122 2497 962 3175 
2123 2783 1799 3348 
2124 2373 2375 2379 
2125 2166 2165 2170 
2126 2422 2423 2991 
2127 2272 590 2799 
2128 1498 685 2723 
2129 423 424 425 
2130 1040 1042 2604 
2131 1092 1091 1095 
2132 1973 1975 1976 
2133 2476 2475 2477 
2134 2239 2241 2245 
2135 1918 1917 1919 
2136 725 728 2505 
2137 1087 1089 2624 
2138 1575 1571 2526 
2139 932 2248 2890 
2140 51 298 2349 
2141 1151 1149 1152 
2142 300 143 2359 
2143 111 301 2381 
2144 84 347 2350 
2145 1644 1643 1823 
2146 66 296 2388 
2147 97 303 2389 
2148 53 352 2384 
2149 128 344 2385 
2150 68 342 2386 
2151 113 355 2387 
2152 2384 352 2640 
2153 347 85 2396 
2154 280 48 2395 
2155 282 108 2402 
2156 1350 1351 1601 
2157 1920 1919 1921 
2158 2763 1213 2842 
2159 2307 1494 3323 
2160 2474 2473 2475 
2161 80 354 2415 
2162 2498 1911 3109 
2163 662 620 3189 
2164 831 829 2512 
2165 289 139 2413 
2166 115 291 2424 
2167 1868 1867 1869 
2168 563 564 565 
2169 1396 954 1443 
2170 518 657 2305 
2171 1177 1175 2535 
2172 2031 2033 2034 
2173 2505 2264 2506 
2174 1543 1725 1726 
2175 2268 2266 2269 
2176 2035 2037 2038 
2177 2655 2310 3054 
2178 471 2205 2206 
2179 1912 1910 1913 
2180 1139 1137 2313 
2181 95 351 2394 
2182 3370 2419 3414 
2183 1038 1269 2006 
2184 1935 1933 2995 
2185 694 374 2567 
2186 1204 1199 1205 
2187 2201 2202 3083 
2188 451 453 456 
2189 1783 1785 1786 
2190 667 2086 2579 
2191 425 426 427 
2192 2023 1118 2024 
2193 1169 1334 2462 
2194 1035 1037 1038 
2195 2261 2259 2263 
2196 1811 1383 2565 
2197 1294 1258 2139 
2198 1347 1266 1504 
2199 1774 1555 2200 
2200 1096 1095 1121 
2201 518 519 520 
2202 7 120 2481 
2203 1762 1761 1763 
2204 2126 2125 2127 
2205 2383 92 3331 
2206 2397 2396 2400 
2207 1258 1260 2139 
2208 1559 1431 1609 
2209 1445 1804 1805 
2210 1496 1829 1951 
2211 2027 2077 2949 
2212 1164 1163 1165 
2213 565 566 567 
2214 1351 1547 2524 
2215 608 609 610 
2216 421 423 2829 
2217 1297 769 2464 
2218 1265 1435 2603 
2219 1725 2453 3285 
2220 1752 1750 1830 
2221 1677 1588 2922 
2222 2068 2069 2070 
2223 427 429 2579 
2224 1407 1372 1408 
2225 2784 2585 2945 
2226 1977 1988 1989 
2227 2973 2494 3282 
2228 1866 1831 1867 
2229 1445 1805 2460 
2230 884 886 1273 
2231 2395 1848 3320 
2232 1890 1687 1891 
2233 544 548 549 
2234 1936 1935 1937 
2235 2446 2536 3146 
2236 982 980 2638 
2237 1894 1513 1895 
2238 550 552 553 
2239 2526 1569 2606 
2240 1758 1734 1759 
2241 503 505 506 
2242 1652 1408 2509 
2243 1795 2231 2661 
2244 961 1461 2553 
2245 1764 1763 1903 
2246 457 462 463 
2247 1953 2894 3255 
2248 1583 1395 2596 
2249 2164 2163 2666 
2250 2040 2146 3357 
2251 2288 2286 3169 
2252 1500 1521 1560 
2253 610 611 612 
2254 2002 1727 2003 
2255 1571 1569 2526 
2256 1614 1613 2528 
2257 2524 2019 2525 
2258 1166 1165 1167 
2259 1922 1921 1997 
2260 2087 2091 2517 
2261 997 1002 2454 
2262 427 428 429 
2263 2148 766 2488 
2264 1085 1219 2083 
2265 454 2256 2765 
2266 2063 2065 2066 
2267 2103 3191 3361 
2268 2268 2269 2480 
2269 410 412 413 
2270 1916 1914 1917 
2271 805 760 954 
2272 1294 2143 2144 
2273 1395 1303 2596 
2274 605 608 2518 
2275 1824 1449 2149 
2276 1870 1869 1871 
2277 989 991 992 
2278 291 116 2499 
2279 1904 1903 1905 
2280 1309 1264 1372 
2281 1558 1672 2712 
2282 2209 2210 2551 
2283 471 472 473 
2284 1276 736 2306 
2285 954 760 2130 
2286 1356 1467 2604 
2287 2362 2365 2497 
2288 138 289 2303 
2289 1485 1510 1511 
2290 1926 2013 2558 
2291 1544 2134 2453 
2292 1415 952 1893 
2293 1248 1306 2295 
2294 2287 2288 2289 
2295 894 1239 1350 
2296 2050 3156 3351 
2297 1101 1102 1103 
2298 1523 1480 1524 
2299 2061 944 2971 
2300 1456 1222 1457 
2301 2086 2089 2579 
2302 66 67 296 
2303 126 127 297 
2304 51 52 298 
2305 82 83 299 
2306 142 143 300 
2307 111 112 301 
2308 1435 1812 2458 
2309 816 815 817 
2310 1335 2300 2510 
2311 36 37 302 
2312 97 98 303 
2313 1025 1027 2684 
2314 1539 401 2785 
2315 49 50 346 
2316 84 85 347 
2317 109 110 348 
2318 144 145 349 
2319 550 553 3369 
2320 2248 2244 2880 
2321 473 474 475 
2322 38 39 350 
2323 95 96 351 
2324 2059 2058 2060 
2325 53 54 352 
2326 140 141 353 
2327 128 129 344 
2328 47 48 280 
2329 86 87 281 
2330 80 81 354 
2331 113 114 355 
2332 68 69 342 
2333 107 108 282 
2334 146 147 283 
2335 1950 3274 3354 
2336 2446 660 2536 
2337 64 65 343 
2338 124 125 345 
2339 567 568 569 
2340 33 34 292 
2341 100 101 293 
2342 1194 1192 2665 
2343 40 41 294 
2344 93 94 295 
2345 1872 1871 1873 
2346 414 416 417 
2347 1642 1388 2612 
2348 2417 2418 2420 
2349 704 732 2314 
2350 1891 1687 2566 
2351 2249 2250 3068 
2352 55 56 288 
2353 138 139 289 
2354 78 79 290 
2355 115 116 291 
2356 890 2784 3081 
2357 509 511 512 
2358 3119 1682 3310 
2359 1168 1167 1169 
2360 62 63 284 
2361 131 132 285 
2362 71 72 286 
2363 122 123 287 
2364 598 600 602 
2365 283 147 2468 
2366 1163 1160 2523 
2367 1068 1067 1069 
2368 602 766 2148 
2369 1103 1104 1105 
2370 1615 1614 1616 
2371 317 2320 2927 
2372 513 515 516 
2373 560 562 563 
2374 2014 1704 3006 
2375 1158 1152 2075 
2376 1141 1142 1143 
2377 2070 2071 2072 
2378 1527 1534 1538 
2379 285 132 2471 
2380 362 2549 2575 
2381 2025 2024 2026 
2382 2292 1325 2293 
2383 2091 2097 2763 
2384 303 98 2888 
2385 1512 1307 1513 
2386 669 579 2280 
2387 1030 1031 2457 
2388 475 476 477 
2389 1964 1524 1965 
2390 1162 1160 1163 
2391 418 420 421 
2392 2439 257 3062 
2393 1560 1896 1897 
2394 362 2547 2548 
2395 605 607 608 
2396 1695 1481 1777 
2397 1818 3190 3310 
2398 1547 2019 2524 
2399 842 1315 2226 
2400 1874 1873 1875 
2401 700 938 939 
2402 653 637 2573 
2403 1829 1495 2520 
2404 1613 1469 1957 
2405 2501 2504 2905 
2406 429 430 431 
2407 1944 1616 1945 
2408 1117 1358 1429 
2409 1002 1003 1004 
2410 468 470 471 
2411 1296 388 2615 
2412 1626 1383 1811 
2413 1441 1798 2626 
2414 1098 1101 2529 
2415 524 525 526 
2416 708 716 2483 
2417 2515 1460 2516 
2418 2500 2499 2501 
2419 417 418 2609 
2420 2067 2065 2631 
2421 1998 1997 1999 
2422 45 356 2541 
2423 1949 1948 1950 
2424 1433 1283 1476 
2425 796 798 1769 
2426 2581 1361 2582 
2427 1704 1486 1705 
2428 862 863 864 
2429 737 736 738 
2430 779 957 958 
2431 974 976 977 
2432 2074 356 3248 
2433 677 663 2601 
2434 2730 1566 2789 
2435 477 478 479 
2436 616 617 618 
2437 970 972 1509 
2438 1126 1125 1127 
2439 952 844 2578 
2440 716 810 811 
2441 2618 1721 2980 
2442 2579 2089 2807 
2443 1547 2018 2019 
2444 822 821 823 
2445 569 570 571 
2446 844 842 2226 
2447 847 1341 2345 
2448 1352 1543 2624 
2449 802 910 1240 
2450 1467 1961 2604 
2451 1004 1005 1006 
2452 1170 1169 1171 
2453 1248 1249 1250 
2454 358 106 2465 
2455 728 1326 2505 
2456 1049 1050 1051 
2457 800 795 2407 
2458 739 738 740 
2459 309 2590 2701 
2460 2682 2479 3303 
2461 2364 2497 3175 
2462 360 61 2470 
2463 1555 1553 2588 
2464 2448 1446 2555 
2465 363 121 2472 
2466 2204 1282 3037 
2467 1527 1538 2650 
2468 814 800 815 
2469 1291 1445 2460 
2470 1098 1100 1101 
2471 1489 1501 1502 
2472 2028 2026 2029 
2473 2082 1643 2966 
2474 1341 1451 1815 
2475 1655 1490 1883 
2476 451 456 2798 
2477 431 432 433 
2478 864 865 866 
2479 1575 2526 2846 
2480 2034 2918 3397 
2481 362 2548 2549 
2482 1715 2020 2859 
2483 118 311 2504 
2484 508 509 2230 
2485 1876 1875 1877 
2486 3304 666 3344 
2487 1266 733 2581 
2488 2369 349 2380 
2489 1852 1443 2489 
2490 1074 1071 1075 
2491 824 823 825 
2492 719 704 2314 
2493 526 527 528 
2494 1902 1577 2846 
2495 1455 1477 1940 
2496 1731 1782 3131 
2497 1331 719 2645 
2498 2255 302 3312 
2499 1051 1052 1053 
2500 3229 1915 3269 
2501 997 1001 1002 
2502 1250 1251 1252 
2503 2100 2101 2103 
2504 1906 1905 2282 
2505 973 971 1373 
2506 1377 2730 2789 
2507 829 888 2512 
2508 1979 1642 2612 
2509 996 997 2454 
2510 978 975 979 
2511 1025 1024 1026 
2512 1006 1007 1008 
2513 1934 1935 1936 
2514 1463 1457 1464 
2515 2242 2243 2244 
2516 1408 1788 2509 
2517 506 968 2120 
2518 105 358 2543 
2519 594 593 595 
2520 575 2273 2522 
2521 1503 2177 2178 
2522 2231 1793 2866 
2523 2134 256 2986 
2524 766 1591 2488 
2525 1128 1127 1129 
2526 1241 1243 1244 
2527 2458 1812 2487 
2528 1172 1171 1173 
2529 866 867 868 
2530 741 740 742 
2531 353 2366 3237 
2532 363 2473 2474 
2533 1191 1192 1193 
2534 1657 1902 2866 
2535 82 299 2496 
2536 1124 1122 1125 
2537 1909 1618 3010 
2538 1027 1026 1028 
2539 854 856 1344 
2540 826 825 827 
2541 1511 1618 1619 
2542 2474 2475 2476 
2543 1046 1048 1049 
2544 1109 1359 2534 
2545 1878 1877 1879 
2546 1030 1028 1031 
2547 2553 1822 2912 
2548 2167 2164 2168 
2549 292 34 2611 
2550 2104 2098 2702 
2551 1130 2117 3026 
2552 2136 1492 2776 
2553 693 683 1494 
2554 1429 1449 1450 
2555 433 434 435 
2556 83 84 2350 
2557 127 128 2385 
2558 67 68 2386 
2559 52 53 2384 
2560 112 113 2387 
2561 50 51 2349 
2562 110 111 2381 
2563 143 144 2359 
2564 1278 748 2790 
2565 48 49 2395 
2566 521 523 524 
2567 108 109 2402 
2568 96 97 2389 
2569 85 86 2396 
2570 65 66 2388 
2571 139 140 2413 
2572 114 115 2424 
2573 1970 1969 1971 
2574 1053 1054 1055 
2575 740 2265 2531 
2576 1426 1522 1627 
2577 79 80 2415 
2578 969 508 2230 
2579 1628 1476 1629 
2580 1444 938 2005 
2581 1245 1247 1248 
2582 2574 3163 3305 
2583 3173 2367 3175 
2584 479 480 481 
2585 710 688 2560 
2586 1963 1530 3017 
2587 2848 2466 3272 
2588 1105 1106 1107 
2589 2009 324 3006 
2590 820 818 821 
2591 613 615 616 
2592 2138 2136 2519 
2593 868 869 870 
2594 1199 1198 2486 
2595 859 861 862 
2596 2746 2392 3209 
2597 821 818 2538 
2598 2178 2616 2921 
2599 1046 1049 2554 
2600 1731 1464 1732 
2601 173 312 364 
2602 557 559 3032 
2603 1401 710 2560 
2604 571 572 573 
2605 1317 3281 3283 
2606 2371 2372 2373 
2607 2017 732 3415 
2608 528 529 530 
2609 743 742 744 
2610 1252 1253 1254 
2611 1079 1077 1080 
2612 735 712 736 
2613 2414 2745 3424 
2614 1715 1716 1717 
2615 1125 1122 2556 
2616 1972 1971 1973 
2617 613 616 2557 
2618 413 1959 3111 
2619 2476 2477 2478 
2620 465 464 466 
2621 106 107 2465 
2622 555 554 556 
2623 1008 1009 1010 
2624 563 2872 3440 
2625 117 118 2504 
2626 61 62 2470 
2627 121 122 2472 
2628 1843 1842 1844 
2629 151 261 2404 
2630 1543 1987 2624 
2631 1193 1194 1195 
2632 1786 2010 3243 
2633 171 252 2347 
2634 2244 2246 2247 
2635 126 297 2806 
2636 549 548 550 
2637 2870 2214 3000 
2638 1830 2236 3396 
2639 1717 1718 1719 
2640 198 272 2412 
2641 828 827 829 
2642 1174 1173 1175 
2643 1130 1129 1131 
2644 1396 1443 1852 
2645 618 619 620 
2646 1663 1664 3068 
2647 805 954 1396 
2648 345 125 2806 
2649 1576 1575 1577 
2650 870 871 872 
2651 2089 2092 2807 
2652 456 453 457 
2653 228 268 2428 
2654 1619 1909 1910 
2655 2356 2354 2357 
2656 435 436 437 
2657 2030 2029 2031 
2658 2224 2223 2225 
2659 178 251 2431 
2660 1789 1629 1790 
2661 1254 1255 1256 
2662 1107 1108 1109 
2663 2108 1614 2528 
2664 208 275 2406 
2665 2571 1651 2572 
2666 1153 1154 1155 
2667 1034 1033 1035 
2668 241 264 2432 
2669 553 552 554 
2670 161 256 2410 
2671 481 482 483 
2672 2371 2369 2372 
2673 236 313 2315 
2674 1468 954 2130 
2675 2661 845 2740 
2676 597 595 598 
2677 2366 2364 2367 
2678 1502 1686 1687 
2679 1628 1789 2733 
2680 1656 1577 1657 
2681 181 253 2429 
2682 201 273 2440 
2683 2236 3306 3396 
2684 168 254 2433 
2685 745 744 746 
2686 1175 2219 2535 
2687 231 267 2435 
2688 2659 1740 3277 
2689 506 505 507 
2690 1085 1084 1086 
2691 1441 1689 1798 
2692 1768 1925 3105 
2693 563 565 2872 
2694 1155 1156 1157 
2695 78 290 2533 
2696 191 270 2442 
2697 1055 1056 1057 
2698 977 980 981 
2699 158 257 2439 
2700 2 45 2541 
2701 1151 1152 1153 
2702 463 462 464 
2703 1887 1447 1888 
2704 557 556 558 
2705 2082 251 3216 
2706 1109 1110 1303 
2707 188 259 2443 
2708 1450 1525 1526 
2709 830 829 831 
2710 2114 2113 2115 
2711 530 531 532 
2712 163 323 2317 
2713 116 117 2499 
2714 1782 1732 1783 
2715 1766 1434 1846 
2716 153 326 2325 
2717 984 979 985 
2718 1712 1714 1715 
2719 196 329 2319 
2720 2185 2184 2186 
2721 1142 2313 3429 
2722 183 318 2321 
2723 1632 1827 3188 
2724 137 138 2303 
2725 45 46 356 
2726 88 89 357 
2727 105 106 358 
2728 148 149 359 
2729 226 340 2322 
2730 213 335 2335 
2731 657 1364 2871 
2732 1949 1950 3354 
2733 1461 1822 2553 
2734 60 61 360 
2735 133 134 361 
2736 992 1223 3115 
2737 73 74 362 
2738 120 121 363 
2739 1752 1830 1831 
2740 2145 2141 3083 
2741 1792 1657 1793 
2742 1573 1571 1575 
2743 298 2384 2639 
2744 508 507 509 
2745 1068 2498 3229 
2746 1478 1491 1980 
2747 357 89 2542 
2748 359 149 2544 
2749 559 558 560 
2750 795 792 2648 
2751 243 332 2332 
2752 770 769 771 
2753 988 985 989 
2754 166 315 2327 
2755 2810 1858 3401 
2756 691 685 1498 
2757 1719 1720 1721 
2758 361 134 2546 
2759 362 74 2547 
2760 186 317 2341 
2761 206 325 2326 
2762 1401 2560 2561 
2763 1267 694 2567 
2764 2021 672 3419 
2765 43 44 304 
2766 90 91 305 
2767 103 104 306 
2768 30 31 307 
2769 193 330 2328 
2770 2024 1118 2638 
2771 1724 1597 2514 
2772 467 466 468 
2773 1976 1977 2704 
2774 872 873 874 
2775 1256 1257 1258 
2776 1132 1131 1133 
2777 1889 1844 2257 
2778 216 333 2333 
2779 58 59 308 
2780 135 136 309 
2781 75 76 310 
2782 118 119 311 
2783 246 334 2334 
2784 156 324 2339 
2785 747 746 748 
2786 1195 1198 1199 
2787 981 982 983 
2788 483 484 485 
2789 437 438 439 
2790 2076 1217 3050 
2791 2038 2037 2039 
2792 1880 1879 2576 
2793 1972 2440 3069 
2794 2123 2125 2126 
2795 142 300 2537 
2796 1010 1011 1012 
2797 832 831 833 
2798 1699 1697 2494 
2799 2034 2033 2035 
2800 620 621 623 
2801 1627 1522 3097 
2802 2062 2039 2063 
2803 2191 2192 2193 
2804 2225 2223 3287 
2805 1204 1205 1206 
2806 1811 2565 2607 
2807 623 624 628 
2808 628 629 634 
2809 2236 1748 3165 
2810 413 412 414 
2811 147 148 2468 
2812 1544 1475 1983 
2813 132 133 2471 
2814 772 771 773 
2815 532 533 534 
2816 874 875 876 
2817 1976 1975 1977 
2818 1208 1214 1226 
2819 1206 1207 1208 
2820 2370 2485 2959 
2821 679 708 2646 
2822 604 605 2518 
2823 2473 2472 2935 
2824 1087 1086 1088 
2825 2256 2232 2765 
2826 2227 1790 2228 
2827 1841 1612 1842 
2828 1858 1628 2733 
2829 1176 1175 1177 
2830 768 714 769 
2831 493 652 2812 
2832 417 416 418 
2833 983 986 987 
2834 81 82 2496 
2835 410 413 3214 
2836 152 151 2404 
2837 1526 1733 1734 
2838 1888 2299 2919 
2839 174 173 364 
2840 172 171 2347 
2841 1906 2282 2877 
2842 199 198 2412 
2843 229 228 2428 
2844 6 105 2543 
2845 179 178 2431 
2846 573 574 575 
2847 1805 2079 3202 
2848 242 241 2432 
2849 2180 2179 2580 
2850 169 168 2433 
2851 162 161 2410 
2852 182 181 2429 
2853 209 208 2406 
2854 202 201 2440 
2855 232 231 2435 
2856 192 191 2442 
2857 159 158 2439 
2858 189 188 2443 
2859 520 521 2291 
2860 604 603 605 
2861 2187 2186 2188 
2862 356 2074 2930 
2863 1778 2252 3362 
2864 102 103 2539 
2865 1230 1181 3049 
2866 1057 1058 1059 
2867 774 773 775 
2868 834 833 836 
2869 1508 370 2513 
2870 1912 1913 1914 
2871 439 440 441 
2872 2802 2803 2984 
2873 1461 1462 1620 
2874 237 236 2315 
2875 1089 1088 1090 
2876 516 515 517 
2877 1157 1159 1160 
2878 791 796 2668 
2879 1481 940 2651 
2880 749 748 750 
2881 2073 2067 2631 
2882 485 486 487 
2883 3027 2170 3253 
2884 1389 1643 1644 
2885 1866 1867 1868 
2886 423 422 424 
2887 154 153 2325 
2888 2260 2262 2264 
2889 512 511 513 
2890 1794 1793 1795 
2891 1470 1614 1615 
2892 2595 417 2609 
2893 219 218 2451 
2894 197 196 2319 
2895 218 278 2451 
2896 214 213 2335 
2897 184 183 2321 
2898 164 163 2317 
2899 227 226 2322 
2900 244 243 2332 
2901 1460 905 2667 
2902 194 193 2328 
2903 187 186 2341 
2904 207 206 2326 
2905 1038 1037 1039 
2906 1134 1133 1135 
2907 421 420 422 
2908 217 216 2333 
2909 247 246 2334 
2910 167 166 2327 
2911 2176 2173 3061 
2912 2892 2400 3082 
2913 157 156 2339 
2914 120 363 2481 
2915 2118 1136 3033 
2916 1012 1013 1014 
2917 2343 341 2908 
2918 103 306 2539 
2919 602 600 603 
2920 2020 1717 2937 
2921 575 576 577 
2922 534 535 536 
2923 1936 1937 1938 
2924 278 2333 3071 
2925 2245 2241 2961 
2926 876 877 878 
2927 1040 1039 1041 
2928 1509 972 2687 
2929 2010 1787 2011 
2930 1796 1795 1797 
2931 1786 1785 1787 
2932 858 855 2635 
2933 2373 2374 2375 
2934 776 775 777 
2935 1890 1891 1892 
2936 1160 1159 2523 
2937 487 488 489 
2938 1178 1177 1179 
2939 2667 3291 3308 
2940 360 2052 3252 
2941 1719 2061 2937 
2942 1364 520 2291 
2943 1097 1090 1098 
2944 1226 1238 1307 
2945 2454 2073 2631 
2946 2438 1824 3347 
2947 1258 1259 1260 
2948 1240 910 1241 
2949 1931 3213 3262 
2950 563 562 564 
2951 1059 1060 1061 
2952 565 564 566 
2953 518 517 519 
2954 425 424 426 
2955 141 142 2537 
2956 987 998 999 
2957 577 578 579 
2958 1042 1041 1043 
2959 1097 1098 2529 
2960 837 836 838 
2961 1350 1239 1351 
2962 405 401 1539 
2963 2193 2194 2195 
2964 751 750 752 
2965 1815 1451 1816 
2966 1620 1621 1622 
2967 441 442 443 
2968 811 810 847 
2969 814 815 816 
2970 89 5 2542 
2971 149 1 2544 
2972 1408 1517 1788 
2973 134 8 2546 
2974 74 4 2547 
2975 1179 1318 3049 
2976 994 993 995 
2977 2137 2136 2138 
2978 2861 2622 2915 
2979 1349 2646 2647 
2980 2195 2196 2199 
2981 961 1393 1461 
2982 224 223 2343 
2983 77 78 2533 
2984 2294 1237 3431 
2985 2646 2483 2647 
2986 1867 2532 3332 
2987 1989 1988 1990 
2988 1457 1222 2665 
2989 1913 1910 2685 
2990 536 537 538 
2991 1991 1990 1992 
2992 1637 2235 2707 
2993 1487 1727 2002 
2994 1527 1337 1534 
2995 1014 1015 1016 
2996 376 379 1354 
2997 2621 3119 3310 
2998 342 69 2894 
2999 725 726 728 
3000 878 879 880 
3001 2878 2050 3351 
3002 579 580 581 
3003 1901 3244 3275 
3004 456 457 2818 
3005 2089 2088 2090 
3006 688 677 2601 
3007 1136 1135 1137 
3008 992 991 993 
3009 785 1928 3433 
3010 2135 1492 2136 
3011 427 426 428 
3012 1325 783 2445 
3013 1260 1261 1264 
3014 996 995 997 
3015 1758 1759 1760 
3016 1500 1357 1521 
3017 72 73 2575 
3018 2066 2065 2067 
3019 839 838 840 
3020 325 3122 3301 
3021 816 817 818 
3022 608 607 609 
3023 2375 2376 2377 
3024 2267 2270 2271 
3025 1644 1823 1960 
3026 999 1091 1092 
3027 2145 639 3200 
3028 1868 1869 1870 
3029 2096 761 2456 
3030 567 566 568 
3031 1061 1062 1063 
3032 2600 1209 2711 
3033 818 817 2538 
3034 2253 1116 3258 
3035 1180 1179 1181 
3036 1916 1917 1918 
3037 381 383 656 
3038 383 386 2591 
3039 1727 2284 3176 
3040 2035 2038 2918 
3041 753 752 754 
3042 841 840 842 
3043 223 341 2343 
3044 489 490 491 
3045 1918 1919 1920 
3046 581 582 583 
3047 222 221 2450 
3048 728 729 730 
3049 1244 1243 1245 
3050 1045 1043 1046 
3051 520 519 521 
3052 1512 1513 1894 
3053 1223 2064 3101 
3054 2055 2058 2059 
3055 1615 1616 1944 
3056 2299 2298 2736 
3057 843 842 844 
3058 2275 2278 2279 
3059 610 609 611 
3060 1993 1992 1994 
3061 880 881 882 
3062 1162 1163 1164 
3063 801 797 2670 
3064 538 539 540 
3065 1138 1137 1139 
3066 805 1396 2565 
3067 471 470 472 
3068 631 2199 2941 
3069 1092 1095 1096 
3070 2040 2024 2638 
3071 2126 2127 2128 
3072 2063 2066 2908 
3073 1646 1648 2630 
3074 1601 2524 2896 
3075 1248 1247 1249 
3076 443 444 445 
3077 1626 1811 2965 
3078 2092 2090 2093 
3079 583 584 585 
3080 1489 1502 2653 
3081 491 492 493 
3082 393 394 395 
3083 612 611 613 
3084 1622 1623 1684 
3085 1435 1436 1812 
3086 2543 358 2848 
3087 1760 1761 1762 
3088 755 754 756 
3089 1781 2021 3419 
3090 862 861 863 
3091 1783 1786 2927 
3092 2242 2240 2243 
3093 735 736 737 
3094 2068 2067 2069 
3095 1016 1017 1018 
3096 778 777 779 
3097 429 428 430 
3098 1250 1249 1251 
3099 820 821 822 
3100 1870 1871 1872 
3101 1782 2927 3437 
3102 822 823 824 
3103 1164 1165 1166 
3104 1229 2861 2915 
3105 661 660 680 
3106 678 689 725 
3107 737 738 739 
3108 1117 1429 2684 
3109 285 2471 2621 
3110 2304 1850 3438 
3111 864 863 865 
3112 765 710 1401 
3113 1920 1921 1922 
3114 1202 2702 3361 
3115 1687 1686 2566 
3116 351 2391 2394 
3117 136 137 2590 
3118 429 667 2579 
3119 1516 1948 1949 
3120 730 731 781 
3121 2445 808 3443 
3122 1063 1064 1065 
3123 493 495 496 
3124 757 756 758 
3125 2229 1776 3367 
3126 642 459 660 
3127 844 2226 2578 
3128 569 568 570 
3129 787 1537 2669 
3130 1182 1181 1183 
3131 1061 1120 3211 
3132 2011 2012 2917 
3133 781 782 783 
3134 2200 1555 2588 
3135 1504 1266 2581 
3136 395 396 397 
3137 540 541 542 
3138 939 1291 2568 
3139 372 370 1508 
3140 857 903 2678 
3141 354 2447 3414 
3142 473 472 474 
3143 1096 1121 1122 
3144 1872 1873 1874 
3145 2162 2164 2167 
3146 2100 2099 2101 
3147 1762 1763 1764 
3148 759 758 760 
3149 845 2231 2850 
3150 585 586 587 
3151 475 474 476 
3152 524 523 525 
3153 2098 2100 2702 
3154 1166 1167 1168 
3155 2560 688 2601 
3156 262 1997 3293 
3157 2598 906 3150 
3158 445 446 447 
3159 2352 2354 2356 
3160 1938 1937 2569 
3161 1265 1381 1435 
3162 739 740 741 
3163 635 637 653 
3164 2188 2190 3205 
3165 1018 1019 1020 
3166 1184 1183 1185 
3167 526 525 527 
3168 1140 1139 1141 
3169 612 613 2557 
3170 2361 2364 2366 
3171 1045 1046 2554 
3172 1764 1903 1904 
3173 824 825 826 
3174 1402 1370 1826 
3175 2371 2373 2876 
3176 866 865 867 
3177 974 977 2687 
3178 2301 656 2599 
3179 1636 1637 2707 
3180 616 615 617 
3181 681 680 704 
3182 2115 2118 3137 
3183 477 476 478 
3184 431 430 432 
3185 3287 2223 3356 
3186 705 704 719 
3187 377 374 694 
3188 1010 1012 2983 
3189 823 821 2592 
3190 388 390 2615 
3191 1065 1066 1067 
3192 1346 1266 1347 
3193 386 388 1296 
3194 2090 2088 2679 
3195 720 719 1331 
3196 2436 2435 2617 
3197 783 807 808 
3198 3156 2050 3274 
3199 1432 1431 1559 
3200 1715 1714 1716 
3201 936 2963 3023 
3202 1252 1251 1253 
3203 1405 1347 1431 
3204 1267 2567 3316 
3205 1622 2208 3013 
3206 1101 1100 1102 
3207 882 883 884 
3208 1717 1716 1718 
3209 1822 1620 3013 
3210 3076 2144 3348 
3211 1103 1102 1104 
3212 1579 1387 1847 
3213 3060 662 3189 
3214 397 398 399 
3215 2295 1306 2637 
3216 1144 1143 1145 
3217 804 760 805 
3218 33 292 2939 
3219 1824 2149 2810 
3220 1442 1368 1820 
3221 1765 2253 3133 
3222 2181 2184 2185 
3223 898 844 952 
3224 1560 1521 1896 
3225 1573 1575 1576 
3226 390 392 393 
3227 958 2508 3355 
3228 496 498 499 
3229 281 87 2938 
3230 370 368 2513 
3231 1122 1121 2556 
3232 889 885 2672 
3233 73 362 2575 
3234 1186 1185 1187 
3235 320 2586 2587 
3236 1874 1875 1876 
3237 1538 1534 2156 
3238 1596 1559 1597 
3239 1333 1209 2600 
3240 741 742 743 
3241 1307 1238 2770 
3242 433 432 434 
3243 1576 1577 1656 
3244 2336 2335 2540 
3245 1168 1169 1170 
3246 1962 1530 1963 
3247 868 867 869 
3248 647 675 906 
3249 1826 1370 2722 
3250 2070 2069 2071 
3251 1002 1001 1003 
3252 1798 1689 1799 
3253 363 2474 2481 
3254 1710 2539 2674 
3255 618 617 619 
3256 1719 1718 1720 
3257 695 694 696 
3258 1922 1997 1998 
3259 571 570 572 
3260 1693 2576 3041 
3261 1288 1059 3211 
3262 724 722 1361 
3263 955 733 1266 
3264 2191 2183 2192 
3265 826 827 828 
3266 1565 1379 1865 
3267 3032 559 3074 
3268 447 448 449 
3269 2475 2473 2906 
3270 587 588 589 
3271 1069 1070 1071 
3272 1656 1657 1792 
3273 2637 1925 3341 
3274 3286 899 3422 
3275 2244 2243 2246 
3276 1820 1368 2738 
3277 1004 1003 1005 
3278 1042 1356 2604 
3279 1254 1253 1255 
3280 784 2494 3164 
3281 399 402 403 
3282 884 885 886 
3283 1124 1125 1126 
3284 528 527 529 
3285 1049 1048 1050 
3286 305 2634 2964 
3287 1564 1856 1857 
3288 870 869 871 
3289 1020 1021 1022 
3290 886 889 890 
3291 479 478 480 
3292 1723 1597 1724 
3293 808 905 1460 
3294 1605 1216 2725 
3295 1146 1145 1147 
3296 721 2563 2815 
3297 1721 1720 1939 
3298 571 670 3275 
3299 1729 1406 1836 
3300 2111 2113 2114 
3301 1505 1383 1626 
3302 1388 1214 2612 
3303 1310 897 1863 
3304 1904 1905 1906 
3305 897 858 2635 
3306 2658 2659 3118 
3307 743 744 745 
3308 449 450 451 
3309 697 696 698 
3310 699 698 700 
3311 1894 2301 2599 
3312 418 421 2609 
3313 1778 1457 2665 
3314 1638 1834 1835 
3315 499 502 503 
3316 435 434 436 
3317 971 969 2493 
3318 1006 1005 1007 
3319 403 407 408 
3320 670 2838 3275 
3321 1584 1712 2859 
3322 1256 1255 1257 
3323 1170 1171 1172 
3324 1876 1877 1878 
3325 1188 1187 1189 
3326 1126 1127 1128 
3327 1051 1050 1052 
3328 2103 2101 2235 
3329 1424 1683 2585 
3330 1415 1893 2951 
3331 1684 2922 3048 
3332 768 769 770 
3333 1465 1308 1839 
3334 828 829 830 
3335 2356 2357 2447 
3336 953 952 1415 
3337 1295 893 1312 
3338 1529 1365 1530 
3339 1416 1415 1667 
3340 872 871 873 
3341 745 746 747 
3342 2373 2372 2374 
3343 3169 2286 3286 
3344 542 543 544 
3345 1421 1312 1518 
3346 408 409 410 
3347 2417 2420 2422 
3348 2221 2223 2224 
3349 386 1296 2591 
3350 927 929 1580 
3351 1728 1518 2589 
3352 1837 2078 3377 
3353 221 279 2450 
3354 530 529 531 
3355 1343 939 1690 
3356 965 1424 2585 
3357 1382 942 1383 
3358 589 592 593 
3359 1688 1362 1817 
3360 1486 1484 2492 
3361 2282 2072 2877 
3362 830 831 832 
3363 1424 1680 1683 
3364 1650 1404 1651 
3365 1340 1563 1564 
3366 2732 1827 3335 
3367 1847 1387 2781 
3368 1053 1052 1054 
3369 437 436 438 
3370 2057 2147 3203 
3371 1998 1999 2000 
3372 1423 1380 1833 
3373 770 771 772 
3374 975 973 2507 
3375 1022 1023 1024 
3376 2503 2967 3439 
3377 2853 1111 2923 
3378 850 848 1549 
3379 2365 2363 2959 
3380 1736 1651 2571 
3381 1582 1598 1599 
3382 2142 2145 2652 
3383 2558 644 2708 
3384 1417 964 1739 
3385 1228 2152 2671 
3386 1792 1793 1794 
3387 2415 354 3414 
3388 2478 2503 3439 
3389 1878 1879 1880 
3390 1089 1352 2624 
3391 1502 1773 2653 
3392 1008 1007 1009 
3393 1554 1553 1555 
3394 1148 1147 1149 
3395 2276 669 2280 
3396 2068 2070 3363 
3397 1658 1562 1701 
3398 1533 1333 2600 
3399 874 873 875 
3400 1965 1966 1967 
3401 1105 1104 1106 
3402 747 748 749 
3403 772 773 774 
3404 481 480 482 
3405 559 560 2934 
3406 34 35 2611 
3407 1324 1375 1472 
3408 616 618 2629 
3409 2401 1353 3408 
3410 876 875 877 
3411 1515 1395 1583 
3412 1345 1581 1582 
3413 1258 1257 1259 
3414 1841 1842 1843 
3415 309 136 2590 
3416 832 833 834 
3417 1408 1372 1517 
3418 1666 1555 1774 
3419 651 1722 2613 
3420 2335 335 2540 
3421 553 555 3251 
3422 451 452 453 
3423 1172 1173 1174 
3424 903 902 1322 
3425 532 531 533 
3426 1843 1844 1889 
3427 891 717 893 
3428 2004 371 3376 
3429 1399 940 1481 
3430 2375 2374 2376 
3431 1461 1393 1462 
3432 1620 1462 1621 
3433 774 775 776 
3434 2284 335 3055 
3435 2151 3207 3212 
3436 2185 2186 2187 
3437 550 551 552 
3438 620 619 621 
3439 1190 1189 1191 
3440 483 482 484 
3441 794 792 795 
3442 1345 1582 2813 
3443 1128 1129 1130 
3444 1482 1481 1695 
3445 922 930 2594 
3446 439 438 440 
3447 2435 267 2617 
3448 1982 2081 3210 
3449 623 621 624 
3450 628 624 629 
3451 1429 1776 2684 
3452 3190 285 3310 
3453 1075 1076 1077 
3454 1794 1795 1796 
3455 1669 1674 1675 
3456 573 572 574 
3457 1691 1468 3031 
3458 1390 1211 1553 
3459 749 750 751 
3460 1439 1275 1562 
3461 601 671 1349 
3462 905 1340 2667 
3463 1747 1701 1748 
3464 457 461 462 
3465 2081 1523 2899 
3466 1678 1394 1679 
3467 1055 1054 1056 
3468 534 533 535 
3469 796 797 798 
3470 1842 1612 2923 
3471 1396 1852 2607 
3472 2135 2136 2137 
3473 390 393 2615 
3474 1080 1081 1082 
3475 806 1545 2688 
3476 922 924 930 
3477 1696 1695 1697 
3478 708 715 716 
3479 799 795 800 
3480 964 801 2670 
3481 679 707 708 
3482 1610 2853 2923 
3483 790 788 1374 
3484 834 836 837 
3485 977 1320 2687 
3486 2217 649 3016 
3487 2228 1790 2663 
3488 1354 2004 3376 
3489 1698 1697 1699 
3490 1049 1051 2643 
3491 1402 1826 2623 
3492 1804 1887 3280 
3493 878 877 879 
3494 2802 933 2803 
3495 920 922 2594 
3496 996 2454 2631 
3497 1355 1323 1756 
3498 485 484 486 
3499 857 852 902 
3500 1317 2840 3281 
3501 1639 1636 2707 
3502 445 645 3302 
3503 1412 949 1418 
3504 441 440 442 
3505 410 411 412 
3506 787 789 1537 
3507 503 504 505 
3508 2358 2353 3290 
3509 665 441 3235 
3510 1832 1831 1866 
3511 1031 1032 1033 
3512 1458 1780 2597 
3513 1453 1770 1771 
3514 2276 2280 2593 
3515 798 801 802 
3516 803 1548 2696 
3517 1378 1668 1669 
3518 751 752 753 
3519 1010 1009 1011 
3520 2080 304 3077 
3521 2912 1822 2987 
3522 1130 1131 1132 
3523 1401 2561 2562 
3524 847 946 1341 
3525 2650 1538 2831 
3526 2513 368 2714 
3527 2498 3109 3229 
3528 2086 2088 2089 
3529 2426 2276 2593 
3530 1413 1590 1703 
3531 1773 1687 1890 
3532 791 793 796 
3533 880 879 881 
3534 544 547 548 
3535 1330 1540 1566 
3536 1458 1779 1780 
3537 1260 1259 1261 
3538 1749 1748 1750 
3539 1594 1397 1828 
3540 1744 1743 1745 
3541 1093 1550 2758 
3542 776 777 778 
3543 802 909 910 
3544 2377 2376 2378 
3545 395 785 3433 
3546 418 419 420 
3547 1292 1458 2597 
3548 1241 1242 1243 
3549 1480 2233 2907 
3550 414 415 416 
3551 1150 1149 1151 
3552 837 838 839 
3553 487 486 488 
3554 1967 1968 1969 
3555 2031 2034 3084 
3556 3216 320 3406 
3557 1566 1602 1850 
3558 295 2382 3331 
3559 2279 2278 2732 
3560 1174 1175 1176 
3561 371 2004 3192 
3562 536 535 537 
3563 2114 2115 2116 
3564 682 673 683 
3565 1953 1474 1954 
3566 1264 1261 1265 
3567 716 809 810 
3568 301 2387 2857 
3569 1383 942 2565 
3570 2193 2192 2194 
3571 250 366 2586 
3572 851 853 854 
3573 1751 1750 1752 
3574 2224 2225 2917 
3575 1532 1333 1533 
3576 1118 982 2638 
3577 1332 1414 1595 
3578 948 1411 1413 
3579 903 1324 2678 
3580 806 849 1545 
3581 708 2483 2646 
3582 813 800 814 
3583 1341 1342 1451 
3584 2407 795 2648 
3585 2146 1073 3357 
3586 1232 2206 3299 
3587 1742 918 1743 
3588 1057 1056 1058 
3589 575 574 576 
3590 648 596 1585 
3591 2443 259 2642 
3592 839 840 841 
3593 3308 1756 3339 
3594 925 923 926 
3595 753 754 755 
3596 1218 2826 3326 
3597 577 576 578 
3598 1401 2562 2564 
3599 841 842 843 
3600 1781 1646 2630 
3601 280 2395 3320 
3602 1203 1199 1204 
3603 1622 1621 1623 
3604 1606 1605 1607 
3605 513 514 515 
3606 1035 1036 1037 
3607 1394 889 2672 
3608 942 805 2565 
3609 765 1401 2564 
3610 2293 1325 2445 
3611 1270 1400 1801 
3612 1836 1406 2675 
3613 1910 1909 2685 
3614 725 689 726 
3615 728 726 729 
3616 538 537 539 
3617 295 2394 3015 
3618 1082 1083 1084 
3619 882 881 883 
3620 1777 1481 2651 
3621 1797 2661 2662 
3622 560 561 562 
3623 1391 633 1446 
3624 509 510 511 
3625 1812 1436 1813 
3626 1107 1106 1108 
3627 755 756 757 
3628 1132 1133 1134 
3629 2163 2166 2666 
3630 2381 301 2821 
3631 1012 1011 1013 
3632 1604 1216 1605 
3633 489 488 490 
3634 843 844 898 
3635 1245 1246 1247 
3636 605 606 607 
3637 1435 1381 1436 
3638 2479 2682 3324 
3639 1109 1108 1110 
3640 88 357 2938 
3641 579 578 580 
3642 921 919 1593 
3643 1597 1559 2895 
3644 1528 1316 1588 
3645 2195 2194 2196 
3646 2168 2735 3359 
3647 443 442 444 
3648 598 599 600 
3649 1426 1497 1522 
3650 1303 1110 1304 
3651 1328 1520 1584 
3652 2660 658 3158 
3653 757 758 759 
3654 854 855 856 
3655 642 660 661 
3656 2429 1942 3103 
3657 468 469 470 
3658 2511 1960 3035 
3659 1768 1924 1925 
3660 634 629 635 
3661 581 580 582 
3662 2561 2560 3009 
3663 2035 2036 2037 
3664 1900 2981 3260 
3665 1584 1711 1712 
3666 759 760 804 
3667 2031 2032 2033 
3668 1891 2566 2856 
3669 1280 928 1281 
3670 1977 1989 2704 
3671 692 683 693 
3672 456 2797 2798 
3673 1410 1767 1768 
3674 1176 1177 1178 
3675 819 818 820 
3676 1926 1607 1927 
3677 1919 1917 2824 
3678 1570 1569 1571 
3679 1818 1420 1819 
3680 2767 2189 3403 
3681 1684 1623 1853 
3682 2491 130 3190 
3683 1942 2150 3103 
3684 1059 1058 1060 
3685 1222 1194 2665 
3686 1558 1671 1672 
3687 778 779 936 
3688 1014 1013 1015 
3689 1507 1707 2217 
3690 540 539 541 
3691 796 1769 2668 
3692 1568 846 1569 
3693 2447 3370 3414 
3694 1712 1713 1714 
3695 947 1419 1426 
3696 1233 1409 1558 
3697 2302 1511 2893 
3698 1973 1974 1975 
3699 583 582 584 
3700 101 102 2864 
3701 730 729 731 
3702 719 2314 2645 
3703 1389 1644 2770 
3704 1783 1784 1785 
3705 1550 1551 1552 
3706 856 858 859 
3707 803 1422 1548 
3708 723 727 1587 
3709 54 55 2874 
3710 2043 2027 2949 
3711 585 584 586 
3712 2032 3149 3222 
3713 1845 1660 1933 
3714 1572 1571 1573 
3715 2030 2451 3373 
3716 1210 1302 2622 
3717 2279 2732 3335 
3718 542 541 543 
3719 1134 1135 1136 
3720 445 444 446 
3721 2735 2168 3407 
3722 2413 2414 3426 
3723 966 1489 2653 
3724 427 2579 2807 
3725 2565 1396 2607 
3726 2571 653 2573 
3727 1565 1865 1931 
3728 15 250 2586 
3729 1178 1179 1180 
3730 491 490 492 
3731 1061 1060 1062 
3732 64 343 3078 
3733 1911 1910 1912 
3734 15 174 250 
3735 781 731 782 
3736 1351 1546 1547 
3737 493 492 495 
3738 1302 1507 2622 
3739 2821 301 2857 
3740 1977 1978 1988 
3741 859 860 861 
3742 1302 1506 1507 
3743 1403 1649 1676 
3744 894 1234 1239 
3745 1659 1376 1660 
3746 1432 1559 1596 
3747 783 782 807 
3748 284 63 3078 
3749 2346 1970 3069 
3750 1319 1307 1512 
3751 1467 1855 1961 
3752 1405 1431 1432 
3753 1425 1531 1757 
3754 395 394 396 
3755 804 805 942 
3756 955 1266 1346 
3757 661 680 681 
3758 711 693 712 
3759 393 392 394 
3760 884 883 885 
3761 1346 1347 1405 
3762 734 712 735 
3763 1797 1795 2661 
3764 1855 1854 3007 
3765 1839 1308 2619 
3766 989 990 991 
3767 1264 1265 2603 
3768 1900 1642 1979 
3769 1723 1724 1848 
3770 2173 2175 3061 
3771 238 237 265 
3772 2234 1560 2680 
3773 2526 2606 2694 
3774 496 495 498 
3775 1332 1595 2865 
3776 41 42 2875 
3777 1093 1371 1550 
3778 890 889 965 
3779 681 704 705 
3780 632 1448 1556 
3781 705 719 720 
3782 886 885 889 
3783 2967 2502 3439 
3784 632 1556 2762 
3785 1942 2429 3385 
3786 331 2451 3084 
3787 151 150 261 
3788 211 210 276 
3789 1596 1597 1723 
3790 2089 2090 2092 
3791 1735 1734 1758 
3792 1915 1914 1916 
3793 1505 1626 1702 
3794 76 77 2991 
3795 1547 2017 2018 
3796 1556 1557 1685 
3797 13 164 255 
3798 198 197 272 
3799 2642 2225 3287 
3800 17 184 258 
3801 228 227 268 
3802 2478 2477 3325 
3803 2296 1496 3425 
3804 178 177 251 
3805 241 240 264 
3806 27 234 266 
3807 437 439 3330 
3808 171 170 252 
3809 161 160 256 
3810 201 200 273 
3811 2680 1897 2925 
3812 1827 2732 3188 
3813 1453 1771 2795 
3814 11 154 260 
3815 208 207 275 
3816 397 396 398 
3817 521 522 523 
3818 684 674 685 
3819 1016 1015 1017 
3820 1382 1383 1505 
3821 168 167 254 
3822 238 265 2316 
3823 181 180 253 
3824 820 822 2606 
3825 19 194 271 
3826 218 217 278 
3827 29 244 263 
3828 972 974 2687 
3829 231 230 267 
3830 1027 1117 2684 
3831 3035 706 3192 
3832 248 247 262 
3833 23 214 277 
3834 175 15 2586 
3835 191 190 270 
3836 2626 1798 2741 
3837 718 892 894 
3838 2078 3295 3377 
3839 158 157 257 
3840 21 204 274 
3841 188 187 259 
3842 25 224 269 
3843 1791 2006 3318 
3844 1141 1143 1144 
3845 2208 914 3070 
3846 613 614 615 
3847 898 952 953 
3848 1811 2879 2965 
3849 291 2500 2978 
3850 276 210 2405 
3851 1929 1639 1930 
3852 261 150 2408 
3853 550 548 551 
3854 646 636 1592 
3855 808 807 905 
3856 1269 2663 3318 
3857 1136 1137 1138 
3858 701 703 1617 
3859 713 691 714 
3860 1701 1562 2632 
3861 953 1415 1416 
3862 2045 2841 3386 
3863 1759 1734 3434 
3864 1069 1067 1070 
3865 1063 1062 1064 
3866 1965 2346 2993 
3867 1161 1160 1162 
3868 1863 897 2635 
3869 1607 1605 2625 
3870 690 685 691 
3871 686 2312 3218 
3872 13 255 2318 
3873 1180 1181 1182 
3874 2203 2613 3151 
3875 17 258 2320 
3876 27 266 2323 
3877 320 175 2586 
3878 264 240 2403 
3879 1472 1375 1473 
3880 239 238 2316 
3881 1654 1807 1809 
3882 447 446 448 
3883 546 1440 1441 
3884 176 175 320 
3885 2063 2064 2065 
3886 2088 2105 2679 
3887 266 234 2437 
3888 587 586 588 
3889 413 414 3039 
3890 273 200 2411 
3891 2375 2377 3012 
3892 173 172 312 
3893 1138 1139 1140 
3894 252 170 2434 
3895 1543 1726 1987 
3896 210 22 2405 
3897 1441 1586 1689 
3898 150 10 2408 
3899 882 884 2950 
3900 767 714 768 
3901 235 27 2323 
3902 11 260 2324 
3903 1669 1675 2920 
3904 240 28 2403 
3905 253 180 2430 
3906 248 262 2338 
3907 19 271 2329 
3908 267 230 2427 
3909 457 453 461 
3910 1241 910 1242 
3911 2372 2369 2380 
3912 165 13 2318 
3913 185 17 2320 
3914 399 398 402 
3915 29 263 2330 
3916 1817 1362 2683 
3917 236 235 313 
3918 200 20 2411 
3919 28 239 314 
3920 499 498 502 
3921 1743 918 2833 
3922 23 277 2337 
3923 249 248 2338 
3924 170 14 2434 
3925 1018 1017 1019 
3926 234 233 2437 
3927 270 190 2444 
3928 2691 1281 3204 
3929 180 16 2430 
3930 195 19 2329 
3931 230 26 2427 
3932 274 204 2441 
3933 25 269 2342 
3934 1564 1563 1856 
3935 21 274 2340 
3936 155 11 2324 
3937 153 152 326 
3938 22 209 327 
3939 225 25 2342 
3940 245 29 2330 
3941 215 23 2337 
3942 213 212 335 
3943 10 249 336 
3944 1529 1530 1962 
3945 204 203 2441 
3946 418 416 419 
3947 163 162 323 
3948 20 199 316 
3949 190 18 2444 
3950 205 21 2340 
3951 2127 2801 3038 
3952 2045 2046 2841 
3953 166 165 315 
3954 196 195 329 
3955 26 229 319 
3956 186 185 317 
3957 226 225 340 
3958 183 182 318 
3959 16 179 321 
3960 243 242 332 
3961 14 169 328 
3962 812 1398 1561 
3963 233 232 322 
3964 1943 1533 3321 
3965 12 159 337 
3966 203 202 338 
3967 2123 2126 2812 
3968 156 155 324 
3969 206 205 325 
3970 193 192 330 
3971 216 215 333 
3972 246 245 334 
3973 1678 1679 1821 
3974 2183 2180 2580 
3975 18 189 339 
3976 350 39 3129 
3977 1182 1183 1184 
3978 959 876 3170 
3979 1833 1380 2699 
3980 314 239 2316 
3981 40 294 3129 
3982 1249 1247 1263 
3983 414 412 415 
3984 449 448 450 
3985 1098 1099 1100 
3986 2066 2068 3139 
3987 1507 2217 2914 
3988 403 402 407 
3989 1582 1599 2641 
3990 554 552 626 
3991 2289 2288 2751 
3992 313 235 2323 
3993 524 526 2766 
3994 1245 1243 1246 
3995 28 314 2403 
3996 1065 1064 1066 
3997 22 327 2405 
3998 700 939 1343 
3999 1330 1566 2730 
4000 3172 2445 3443 
4001 10 336 2408 
4002 1471 2008 2051 
4003 1636 1272 1637 
4004 1582 1581 1598 
4005 410 409 411 
4006 2860 1094 3261 
4007 902 852 2649 
4008 589 588 592 
4009 762 960 961 
4010 816 818 819 
4011 503 502 504 
4012 1303 1304 2596 
4013 1482 1695 1696 
4014 408 407 409 
4015 451 450 452 
4016 847 810 946 
4017 20 316 2411 
4018 1471 1392 1492 
4019 336 249 2338 
4020 1184 1185 1186 
4021 315 165 2318 
4022 317 185 2320 
4023 1696 1697 1698 
4024 1594 1828 2482 
4025 997 1000 1001 
4026 1650 1651 1736 
4027 794 795 799 
4028 2008 1492 2135 
4029 329 195 2329 
4030 26 319 2427 
4031 16 321 2430 
4032 14 328 2434 
4033 1724 2514 2618 
4034 513 511 514 
4035 233 322 2437 
4036 509 507 510 
4037 1718 1716 1849 
4038 2969 500 3014 
4039 340 225 2342 
4040 850 1549 2649 
4041 1549 848 2614 
4042 1417 1739 2644 
4043 1399 1481 1482 
4044 2158 1773 3374 
4045 1669 1668 1674 
4046 1576 1656 1710 
4047 2227 2228 2977 
4048 1020 1019 1021 
4049 324 155 2324 
4050 203 338 2441 
4051 1338 1437 1438 
4052 334 245 2330 
4053 333 215 2337 
4054 325 205 2340 
4055 1476 2457 2775 
4056 903 1322 1323 
4057 18 339 2444 
4058 1046 1047 1048 
4059 1191 1193 1196 
4060 400 391 401 
4061 377 694 695 
4062 1566 1540 1602 
4063 1568 1570 1574 
4064 598 595 599 
4065 1075 1071 1076 
4066 2125 2124 3240 
4067 3336 1284 3372 
4068 1702 2621 3226 
4069 965 2585 2784 
4070 961 1392 1393 
4071 857 902 903 
4072 544 543 547 
4073 468 466 469 
4074 1340 1564 2667 
4075 1939 1720 2074 
4076 1026 1024 1078 
4077 2400 281 3082 
4078 1965 1524 1966 
4079 3350 330 3432 
4080 2328 330 3350 
4081 798 797 801 
4082 2332 2234 2680 
4083 462 461 500 
4084 713 767 780 
4085 605 603 606 
4086 457 463 2818 
4087 1144 1145 1146 
4088 1186 1187 1188 
4089 863 861 937 
4090 813 814 950 
4091 1585 596 2825 
4092 708 707 715 
4093 1372 1264 2603 
4094 2704 1989 3122 
4095 1632 1633 1827 
4096 250 174 364 
4097 1739 964 2670 
4098 1752 1831 1832 
4099 505 504 787 
4100 2026 2024 2040 
4101 1253 1251 1262 
4102 560 558 561 
4103 902 2649 3197 
4104 1224 1631 1632 
4105 716 715 809 
4106 796 793 797 
4107 1589 1692 1693 
4108 2270 2272 2802 
4109 601 1349 2692 
4110 1031 1028 1032 
4111 988 989 3115 
4112 389 387 896 
4113 1080 1077 1081 
4114 1451 1342 1452 
4115 819 846 1567 
4116 1712 1711 1713 
4117 1341 946 1342 
4118 1331 2645 3019 
4119 1505 1702 1907 
4120 1072 1578 1589 
4121 824 826 835 
4122 1570 1571 1572 
4123 1502 1687 1773 
4124 965 889 1394 
4125 1954 1474 2636 
4126 799 800 813 
4127 687 677 688 
4128 1386 1420 1682 
4129 802 801 909 
4130 1801 1400 1802 
4131 1584 1520 1711 
4132 566 564 627 
4133 682 683 692 
4134 1257 1255 1274 
4135 261 2408 2409 
4136 1412 1418 1519 
4137 860 858 897 
4138 812 1561 2718 
4139 265 237 2315 
4140 1568 1569 1570 
4141 1813 1814 2620 
4142 424 422 455 
4143 1123 1122 1124 
4144 1146 1147 1148 
4145 1714 1713 2080 
4146 1572 1573 2107 
4147 1265 1376 1381 
4148 854 853 855 
4149 403 408 3004 
4150 420 419 806 
4151 690 713 2655 
4152 2713 294 3220 
4153 804 942 1330 
4154 1588 1316 2793 
4155 1608 2558 2708 
4156 1188 1189 1190 
4157 1390 1553 1554 
4158 515 514 545 
4159 1558 1409 1671 
4160 1295 1312 1421 
4161 2817 2358 3290 
4162 762 710 765 
4163 2237 1314 3011 
4164 1554 1555 1666 
4165 266 2437 2438 
4166 652 2123 2812 
4167 960 765 1277 
4168 856 855 858 
4169 2349 298 3288 
4170 272 197 2319 
4171 1373 971 2493 
4172 929 1280 1386 
4173 258 184 2321 
4174 255 164 2317 
4175 739 741 943 
4176 2243 2240 2790 
4177 709 688 710 
4178 819 820 846 
4179 1035 1033 1036 
4180 965 1394 1424 
4181 312 172 2347 
4182 268 227 2322 
4183 223 222 341 
4184 1421 1518 1728 
4185 24 219 331 
4186 1679 1394 2672 
4187 260 154 2325 
4188 1696 1698 1800 
4189 1328 936 1379 
4190 3131 1782 3437 
4191 521 519 522 
4192 770 772 786 
4193 277 214 2335 
4194 774 776 901 
4195 1413 1411 1590 
4196 263 244 2332 
4197 275 207 2326 
4198 1330 942 1382 
4199 271 194 2328 
4200 1666 1774 1886 
4201 859 858 860 
4202 326 152 2404 
4203 891 893 1295 
4204 253 2430 2577 
4205 254 167 2327 
4206 278 217 2333 
4207 259 187 2341 
4208 262 247 2334 
4209 1608 2200 3246 
4210 1426 1419 1497 
4211 613 611 614 
4212 1424 1678 1680 
4213 316 199 2412 
4214 1428 1305 1610 
4215 257 157 2339 
4216 1324 1472 2678 
4217 1452 1342 1499 
4218 757 759 1377 
4219 2559 2000 2916 
4220 545 514 1308 
4221 319 229 2428 
4222 953 1416 1453 
4223 1153 1155 1201 
4224 1528 1588 1677 
4225 327 209 2406 
4226 1409 1310 1483 
4227 734 735 945 
4228 321 179 2431 
4229 1818 1819 2491 
4230 1497 1419 1755 
4231 711 734 784 
4232 323 162 2410 
4233 332 242 2432 
4234 1022 1021 1023 
4235 2295 2637 3341 
4236 1206 1208 1215 
4237 641 663 664 
4238 1195 1199 1203 
4239 318 182 2429 
4240 1621 1462 1624 
4241 813 950 1345 
4242 778 936 1328 
4243 328 169 2433 
4244 711 712 734 
4245 1520 1379 1565 
4246 2382 1772 2383 
4247 322 232 2435 
4248 338 202 2440 
4249 313 2323 2810 
4250 1565 1931 1932 
4251 683 673 2673 
4252 743 745 956 
4253 329 2329 2484 
4254 2819 1225 3228 
4255 330 192 2442 
4256 1243 1242 2610 
4257 920 2594 2706 
4258 337 159 2439 
4259 1424 1394 1678 
4260 2263 2448 3112 
4261 1233 897 1310 
4262 1439 1562 1658 
4263 851 854 2654 
4264 2519 3097 3256 
4265 1453 1416 1454 
4266 1659 1660 1845 
4267 1562 1275 2782 
4268 1210 2622 2861 
4269 339 189 2443 
4270 1644 2511 2770 
4271 1277 765 2564 
4272 1658 1701 1747 
4273 1473 1474 1952 
4274 1813 1436 1814 
4275 869 867 963 
4276 910 909 2698 
4277 1464 1457 1778 
4278 802 1240 3247 
4279 525 523 2626 
4280 384 382 385 
4281 1832 1985 2760 
4282 692 693 711 
4283 695 696 697 
4284 1705 1486 2492 
4285 1768 1767 1924 
4286 979 975 2507 
4287 1569 846 2606 
4288 1742 1743 1744 
4289 404 401 405 
4290 428 426 904 
4291 1853 1623 2015 
4292 1947 1690 3024 
4293 1802 1400 1803 
4294 1473 1375 1474 
4295 546 522 1368 
4296 1550 1552 2658 
4297 1148 1149 1150 
4298 250 365 366 
4299 373 375 376 
4300 1770 1454 1772 
4301 2586 366 2587 
4302 1611 1610 1612 
4303 2357 2354 3372 
4304 1330 1382 1540 
4305 977 981 1320 
4306 2215 2214 2870 
4307 1291 2460 2568 
4308 678 687 689 
4309 926 923 2681 
4310 2428 1905 3442 
4311 1265 1261 1376 
4312 548 547 2706 
4313 1553 1211 2743 
4314 873 871 1284 
4315 697 698 699 
4316 879 877 1290 
4317 1933 1660 2995 
4318 749 751 962 
4319 713 714 767 
4320 1646 1363 1648 
4321 220 24 2452 
4322 809 715 940 
4323 593 592 2692 
4324 607 606 625 
4325 458 405 459 
4326 2240 1278 2790 
4327 690 691 713 
4328 753 755 1313 
4329 334 2330 2331 
4330 767 768 944 
4331 1662 1499 2254 
4332 883 881 1353 
4333 478 476 497 
4334 1378 1669 2698 
4335 367 369 706 
4336 404 458 1384 
4337 641 459 642 
4338 2196 2197 2198 
4339 619 617 622 
4340 1794 1796 1996 
4341 1432 1596 1825 
4342 832 834 845 
4343 221 220 279 
4344 2031 2029 2032 
4345 449 451 2798 
4346 1840 1612 1841 
4347 927 928 929 
4348 2654 1344 3392 
4349 909 801 964 
4350 1453 1454 1770 
4351 2801 2127 3036 
4352 1655 1946 3340 
4353 1351 1239 1546 
4354 1604 1605 1606 
4355 1375 1355 2636 
4356 2934 563 3440 
4357 474 472 900 
4358 839 841 1268 
4359 843 898 1385 
4360 1346 1405 1493 
4361 664 677 678 
4362 432 430 454 
4363 812 614 1370 
4364 1328 1379 1520 
4365 1770 1772 2382 
4366 1800 1698 2007 
4367 828 830 908 
4368 1067 1066 2570 
4369 269 224 2343 
4370 727 724 733 
4371 947 733 955 
4372 1429 1450 1776 
4373 675 684 686 
4374 787 504 788 
4375 647 674 675 
4376 729 726 763 
4377 637 646 647 
4378 552 551 2616 
4379 635 636 637 
4380 494 2170 3027 
4381 1088 1086 1299 
4382 512 513 3160 
4383 1140 1141 2675 
4384 1238 1389 2770 
4385 1747 1748 1749 
4386 1784 3171 3193 
4387 1593 919 2792 
4388 1262 2569 2695 
4389 907 2181 2796 
4390 1324 1355 1375 
4391 1345 950 1397 
4392 723 722 724 
4393 1517 1372 2603 
4394 1757 1531 2508 
4395 1973 1971 1974 
4396 1749 1750 1751 
4397 2035 2033 2036 
4398 1345 1397 1581 
4399 1270 940 1399 
4400 903 1323 1324 
4401 989 985 990 
4402 302 37 3312 
4403 562 561 803 
4404 701 1617 2885 
4405 1532 1533 1700 
4406 500 461 887 
4407 1226 1307 1319 
4408 1682 1420 1818 
4409 983 987 1113 
4410 1386 1280 1420 
4411 71 286 3255 
4412 1567 846 1568 
4413 38 350 3312 
4414 1515 1583 3202 
4415 470 469 632 
4416 1606 1607 1926 
4417 1619 1910 1911 
4418 1041 1039 1220 
4419 2246 2243 2461 
4420 1273 886 3242 
4421 2001 2000 2559 
4422 1440 1368 1442 
4423 1618 2014 3010 
4424 1150 1151 1209 
4425 1292 2597 2747 
4426 523 522 546 
4427 2051 2008 2052 
4428 498 495 501 
4429 1581 1397 1594 
4430 806 419 848 
4431 1951 1829 3421 
4432 1343 1690 1947 
4433 1203 1204 1216 
4434 600 599 1737 
4435 1545 849 2654 
4436 684 685 690 
4437 1783 1732 1784 
4438 2185 2187 2469 
4439 2433 254 2884 
4440 625 606 911 
4441 529 527 630 
4442 794 799 895 
4443 440 438 460 
4444 381 382 383 
4445 1668 1417 1706 
4446 1233 1310 1409 
4447 860 897 1233 
4448 2508 958 3399 
4449 1857 1856 2974 
4450 929 928 1280 
4451 400 404 2690 
4452 810 809 2724 
4453 1952 1474 1953 
4454 535 533 639 
4455 1452 1499 1662 
4456 1157 1160 1161 
4457 1378 964 1417 
4458 905 807 1316 
4459 582 580 590 
4460 1663 1402 1664 
4461 782 731 914 
4462 905 1316 1340 
4463 1328 1584 2727 
4464 1471 1492 2008 
4465 2192 2183 2580 
4466 47 280 3248 
4467 331 219 2451 
4468 1410 1308 1465 
4469 1512 1894 2599 
4470 511 510 2619 
4471 624 621 917 
4472 592 588 596 
4473 1518 1312 3104 
4474 851 852 853 
4475 1082 1081 1083 
4476 1508 2513 2736 
4477 1662 2254 2255 
4478 386 387 388 
4479 1381 1376 1659 
4480 488 486 494 
4481 849 850 851 
4482 1819 1420 2691 
4483 383 384 386 
4484 2485 943 2901 
4485 379 380 381 
4486 679 682 707 
4487 1870 1872 1908 
4488 1664 1402 2623 
4489 1882 1803 2611 
4490 2637 1306 2990 
4491 1589 1693 3041 
4492 1098 1090 1099 
4493 1767 1465 1898 
4494 679 673 682 
4495 721 720 722 
4496 1340 1528 1563 
4497 1977 1975 1978 
4498 371 370 372 
4499 541 539 640 
4500 615 614 812 
4501 388 389 390 
4502 1224 1632 2808 
4503 2165 2294 3253 
4504 416 415 2614 
4505 1378 1417 1668 
4506 1790 1629 1791 
4507 367 365 368 
4508 1497 1755 1851 
4509 376 378 379 
4510 961 960 1392 
4511 809 940 1270 
4512 846 820 2606 
4513 1324 1323 1355 
4514 1393 1392 1471 
4515 1304 1305 1427 
4516 1556 1448 1557 
4517 2063 2039 2064 
4518 2494 1697 3164 
4519 1270 1801 2724 
4520 453 452 2752 
4521 1441 1440 1586 
4522 365 364 2714 
4523 1526 1734 1735 
4524 390 391 392 
4525 1644 1960 2511 
4526 671 673 679 
4527 793 792 794 
4528 853 852 857 
4529 909 964 1378 
4530 1270 1399 1400 
4531 411 409 633 
4532 1912 1914 1915 
4533 791 790 792 
4534 648 1585 2673 
4535 592 596 601 
4536 851 850 852 
4537 369 368 370 
4538 2963 1816 3023 
4539 1670 1423 1862 
4540 762 765 960 
4541 671 648 673 
4542 1398 1370 1402 
4543 947 955 1419 
4544 727 733 947 
4545 601 596 648 
4546 789 788 790 
4547 709 710 762 
4548 723 724 727 
4549 1281 2487 3204 
4550 2658 1552 2659 
4551 93 295 3331 
4552 1412 1519 1673 
4553 787 788 789 
4554 705 720 721 
4555 789 790 791 
4556 358 2466 2848 
4557 1084 1083 1286 
4558 632 469 1362 
4559 1482 1696 2686 
4560 2410 256 2878 
4561 791 792 793 
4562 1046 1043 1047 
4563 1530 1365 2942 
4564 675 674 684 
4565 2101 2099 2102 
4566 545 1308 1410 
4567 635 629 636 
4568 647 646 674 
4569 637 636 646 
4570 2366 2367 3237 
4571 997 995 1000 
4572 1072 1589 2814 
4573 448 446 631 
4574 656 2591 2903 
4575 849 848 850 
4576 924 925 927 
4577 547 543 919 
4578 436 434 915 
4579 482 480 934 
4580 3105 1925 3279 
4581 1364 2843 2871 
4582 1633 1631 1740 
4583 570 568 932 
4584 1428 1611 1884 
4585 2126 2128 2530 
4586 492 490 931 
4587 1802 1803 1882 
4588 373 372 374 
4589 412 411 2747 
4590 601 648 671 
4591 1190 1191 2743 
4592 1967 1966 1968 
4593 2196 2194 2197 
4594 574 572 591 
4595 947 1426 2703 
4596 452 450 918 
4597 586 584 913 
4598 546 1441 2626 
4599 806 848 849 
4600 1547 1546 2017 
4601 1246 1243 2610 
4602 1698 1699 2700 
4603 1577 1575 2846 
4604 578 576 933 
4605 2391 2392 2851 
4606 1507 1506 1707 
4607 1483 2549 3030 
4608 1737 599 1738 
4609 1695 1777 3164 
4610 1790 1791 2663 
4611 1552 1551 1681 
4612 2691 3204 3276 
4613 1410 1465 1767 
4614 921 1593 2681 
4615 803 561 1380 
4616 1742 1744 1746 
4617 1166 1168 1202 
4618 922 923 924 
4619 927 925 928 
4620 1745 1743 2941 
4621 375 374 377 
4622 1071 1070 2822 
4623 1340 1316 1528 
4624 661 681 1366 
4625 2408 336 2824 
4626 1550 1371 1551 
4627 1425 1365 1529 
4628 999 1092 1227 
4629 1037 1036 1093 
4630 1427 1428 2715 
4631 1751 1752 2760 
4632 2271 2270 2984 
4633 57 58 3002 
4634 1673 1519 1885 
4635 678 677 687 
4636 687 688 709 
4637 721 722 723 
4638 924 923 925 
4639 1735 1758 3212 
4640 2639 2384 2640 
4641 2409 2408 2824 
4642 1604 1606 1608 
4643 402 398 406 
4644 920 921 922 
4645 396 394 935 
4646 500 887 948 
4647 912 911 1365 
4648 1422 1380 1423 
4649 922 921 923 
4650 894 892 1234 
4651 1648 1363 2816 
4652 641 642 663 
4653 1233 1558 2728 
4654 1448 1362 1688 
4655 1053 1055 2913 
4656 1319 1512 1535 
4657 2721 3169 3205 
4658 546 1368 1440 
4659 452 918 1741 
4660 1411 949 1412 
4661 2011 1787 2012 
4662 458 459 641 
4663 1775 1736 2598 
4664 2132 2778 2950 
4665 1471 2051 2697 
4666 413 3111 3214 
4667 1422 1423 1670 
4668 893 717 2954 
4669 444 442 916 
4670 948 887 949 
4671 1280 1281 2691 
4672 1052 1050 1327 
4673 948 949 1411 
4674 380 378 1634 
4675 392 391 400 
4676 390 389 391 
4677 1242 910 2698 
4678 1224 1047 1630 
4679 2126 2530 2812 
4680 713 780 2655 
4681 551 548 2706 
4682 411 633 1292 
4683 24 331 2452 
4684 1554 1666 1959 
4685 388 387 389 
4686 1876 1878 1881 
4687 920 919 921 
4688 404 405 458 
4689 1746 1744 2132 
4690 1712 1715 2859 
4691 626 552 2616 
4692 1650 1736 1775 
4693 341 222 2450 
4694 400 401 404 
4695 1319 1535 1625 
4696 1930 1639 2707 
4697 1203 1216 1603 
4698 419 416 2614 
4699 1918 1920 1923 
4700 1573 1576 2674 
4701 1398 1402 1663 
4702 514 511 2619 
4703 1638 1639 1834 
4704 2037 2036 2041 
4705 1005 1003 1225 
4706 547 919 920 
4707 1660 1376 2709 
4708 1741 918 1742 
4709 386 384 387 
4710 676 2111 2849 
4711 3325 1263 3352 
4712 1161 1162 1272 
4713 2010 2011 2642 
4714 1386 1682 2965 
4715 1645 1646 1647 
4716 896 3198 3411 
4717 1338 1140 1406 
4718 1625 1661 1753 
4719 1841 1843 1864 
4720 1651 1404 2972 
4721 2517 2091 2763 
4722 1647 2898 3038 
4723 293 101 2864 
4724 1707 1506 2595 
4725 2159 1230 3193 
4726 1779 1536 2515 
4727 1681 1551 1859 
4728 1161 1272 1635 
4729 2778 1279 2950 
4730 1649 1404 1650 
4731 250 364 365 
4732 1096 1122 1123 
4733 664 663 677 
4734 1458 1536 1779 
4735 1123 1363 1645 
4736 1241 1244 3311 
4737 991 990 1285 
4738 2659 1552 2660 
4739 950 814 2664 
4740 1292 1391 1458 
4741 1083 1081 1321 
4742 1425 1529 1531 
4743 1599 1598 2821 
4744 1762 1764 1765 
4745 2077 2028 3071 
4746 814 816 2664 
4747 632 1362 1448 
4748 371 372 373 
4749 2069 2067 2073 
4750 1437 1406 1729 
4751 625 911 912 
4752 1239 1234 2804 
4753 1458 1391 1536 
4754 383 382 384 
4755 1793 1657 2866 
4756 912 1365 1425 
4757 718 894 2777 
4758 1093 1036 1275 
4759 1292 633 1391 
4760 1749 1751 1860 
4761 1126 1128 1293 
4762 1578 1387 1579 
4763 1009 1007 1044 
4764 2114 2116 2463 
4765 812 1370 1398 
4766 1587 727 2703 
4767 1112 1099 1640 
4768 1141 1144 2675 
4769 505 787 2669 
4770 381 380 382 
4771 369 370 371 
4772 373 374 375 
4773 1251 1249 2682 
4774 1234 892 1235 
4775 1418 949 2933 
4776 1150 1209 1332 
4777 279 220 2452 
4778 1056 1054 1218 
4779 1632 1631 1633 
4780 1828 1397 2902 
4781 1663 2250 3364 
4782 1854 2106 3309 
4783 1172 1174 1213 
4784 1048 1047 1224 
4785 1566 1850 2789 
4786 2461 2243 2790 
4787 658 567 3244 
4788 1064 1062 1119 
4789 1072 1000 1387 
4790 1021 1019 1271 
4791 803 1380 1422 
4792 2898 672 3435 
4793 2107 1573 2674 
4794 507 505 2669 
4795 2601 663 2837 
4796 1603 1216 1604 
4797 2566 1066 2856 
4798 3263 2844 3283 
4799 1439 1658 1754 
4800 1146 1148 1369 
4801 1060 1058 1317 
4802 1592 636 2759 
4803 2314 732 2957 
4804 1638 1835 3001 
4805 685 674 2723 
4806 1033 1032 2782 
4807 1302 1211 1390 
4808 2487 1281 3091 
4809 1184 1186 1229 
4810 1070 1067 2570 
4811 1522 1497 2726 
4812 1403 1676 2804 
4813 1255 1253 2695 
4814 1474 1375 2636 
4815 1295 1421 1600 
4816 700 1343 2809 
4817 1436 1381 2656 
4818 1834 1639 1929 
4819 1403 1235 1404 
4820 1188 1190 1210 
4821 1693 1692 1694 
4822 1176 1178 1212 
4823 946 810 2724 
4824 1261 1259 2709 
4825 1428 1610 1611 
4826 1706 1417 2644 
4827 1462 1393 2697 
4828 1100 1099 1112 
4829 822 824 2694 
4830 56 57 3088 
4831 2236 1078 3306 
4832 366 365 367 
4833 1414 1333 1532 
4834 1138 1140 1338 
4835 1635 1636 1638 
4836 2820 1730 3315 
4837 1769 798 3247 
4838 1975 1974 2627 
4839 1371 1275 1439 
4840 1132 1134 1221 
4841 1304 1110 1305 
4842 2729 2399 3408 
4843 1860 1751 2527 
4844 565 658 2872 
4845 2702 2100 3361 
4846 950 2664 2902 
4847 415 412 2747 
4848 379 378 380 
4849 2193 2764 3358 
4850 1104 1102 1115 
4851 125 126 2806 
4852 1517 2458 2943 
4853 1285 990 1653 
4854 1017 1015 1094 
4855 523 546 2626 
4856 2701 2677 2881 
4857 595 593 2657 
4858 1473 2550 3181 
4859 1180 1182 1197 
4860 1611 1612 1840 
4861 367 368 369 
4862 2948 545 3034 
4863 1108 1106 1111 
4864 1998 2000 2001 
4865 1414 1532 1665 
4866 1332 1209 1333 
4867 123 124 3107 
4868 1589 1578 1692 
4869 1744 1745 2778 
4870 1753 1661 1838 
4871 1210 1190 1211 
4872 1403 1404 1649 
4873 1552 1681 2660 
4874 376 375 378 
4875 1726 2602 2999 
4876 1332 1333 1414 
4877 1865 1379 3023 
4878 461 453 2752 
4879 718 717 891 
4880 422 420 2688 
4881 1001 1000 1072 
4882 2141 2201 3083 
4883 2677 1907 2881 
4884 1116 2151 3212 
4885 1807 1806 1808 
4886 1271 3332 3404 
4887 2373 2379 2876 
4888 1302 1390 1506 
4889 811 847 3337 
4890 890 965 2784 
4891 1625 1535 1661 
4892 880 1279 3219 
4893 837 839 2719 
4894 1904 1906 2628 
4895 2484 3064 3203 
4896 1633 1740 1901 
4897 861 860 2728 
4898 1191 1196 2743 
4899 1427 1305 1428 
4900 2467 2482 3230 
4901 1707 2595 2609 
4902 1798 1799 3123 
4903 312 2347 2348 
4904 699 700 2809 
4905 2107 306 3307 
4906 909 1378 2698 
4907 937 861 2728 
4908 1013 1011 1114 
4909 367 706 2900 
4910 1745 2941 3090 
4911 852 850 2649 
4912 703 702 717 
4913 2244 2247 2880 
4914 1210 1211 1302 
4915 1093 1275 1371 
4916 420 806 2688 
4917 1234 1235 1403 
4918 1123 1124 1363 
4919 1638 1636 1639 
4920 1343 1947 2344 
4921 1654 1653 1806 
4922 1224 1630 1631 
4923 294 41 2875 
4924 849 851 2654 
4925 1676 2314 2957 
4926 1696 1800 2686 
4927 2419 2416 3414 
4928 871 869 2716 
4929 1752 1832 2760 
4930 1077 1076 2882 
4931 2412 272 2899 
4932 1338 1406 1437 
4933 718 891 892 
4934 55 288 2874 
4935 1535 1512 2599 
4936 404 1384 2690 
4937 1382 1505 2677 
4938 1437 1729 1730 
4939 1120 2155 3269 
4940 356 46 3248 
4941 2936 1797 3005 
4942 2202 1652 2989 
4943 564 562 2696 
4944 466 464 2683 
4945 830 832 2850 
4946 1036 1033 2782 
4947 1941 1942 3385 
4948 376 1354 3376 
4949 1635 1272 1636 
4950 2606 822 2694 
4951 1259 1257 2710 
4952 547 920 2706 
4953 701 699 702 
4954 1249 1263 2682 
4955 510 507 2669 
4956 1807 1808 1810 
4957 703 717 718 
4958 646 1592 2723 
4959 697 699 701 
4960 592 601 2692 
4961 955 1346 2676 
4962 2472 287 2935 
4963 1308 514 2619 
4964 809 1270 2724 
4965 642 661 2837 
4966 650 2158 3374 
4967 1647 1646 1781 
4968 617 615 2718 
4969 2516 3308 3339 
4970 1743 2833 2941 
4971 452 1741 2752 
4972 1576 1710 2674 
4973 130 131 3190 
4974 1076 1071 2822 
4975 816 819 2664 
4976 1617 703 2777 
4977 368 365 2714 
4978 603 600 2689 
4979 263 2332 2680 
4980 1029 2229 3367 
4981 673 648 2673 
4982 1406 1140 2675 
4983 1654 1806 1807 
4984 265 2315 2733 
4985 2252 1200 3362 
4986 2479 2906 3303 
4987 326 2404 2685 
4988 2319 1982 3210 
4989 2621 2471 3226 
4990 2504 311 2905 
4991 1925 1924 3341 
4992 1428 1884 2715 
4993 1492 1392 2776 
4994 2449 303 2936 
4995 322 2435 2436 
4996 35 36 3413 
4997 1772 1454 3067 
4998 877 875 2817 
4999 562 803 2696 
5000 1055 1057 2940 
5001 558 556 2699 
5002 1958 2521 3145 
5003 1540 1382 2677 
5004 1072 1387 1578 
5005 3198 2525 3411 
5006 2348 2347 3264 
5007 1285 1653 1654 
5008 2550 1483 3381 
5009 2007 1698 2700 
5010 1393 1471 2697 
5011 1381 1659 2656 
5012 936 779 2963 
5013 943 2876 2887 
5014 701 702 703 
5015 1209 1151 2711 
5016 1645 1363 1646 
5017 307 31 3317 
5018 1262 1251 2682 
5019 1505 1907 2677 
5020 426 424 2720 
5021 776 778 2727 
5022 527 525 2741 
5023 277 2335 2336 
5024 1703 2226 3045 
5025 486 484 2756 
5026 1112 1640 2650 
5027 751 753 2731 
5028 1913 2685 3215 
5029 3118 2659 3277 
5030 881 879 2729 
5031 1755 1419 2676 
5032 1217 1143 3100 
5033 819 1567 2664 
5034 929 1386 2879 
5035 2657 593 2692 
5036 1216 1204 2725 
5037 2198 2197 2852 
5038 599 595 2657 
5039 1151 1153 2711 
5040 1420 1280 2691 
5041 1733 2438 3098 
5042 99 100 3394 
5043 1539 2785 2962 
5044 256 160 2986 
5045 438 436 2767 
5046 923 921 2681 
5047 1978 1975 2627 
5048 1274 1255 2695 
5049 2685 2404 3215 
5050 834 837 2740 
5051 1777 2651 2946 
5052 2909 2637 2990 
5053 759 804 2730 
5054 394 392 2693 
5055 1565 1932 2713 
5056 1602 1540 2701 
5057 600 1737 2689 
5058 1877 1875 3168 
5059 377 695 941 
5060 1829 3327 3421 
5061 1253 1262 2695 
5062 2886 1273 3242 
5063 476 474 2734 
5064 2217 1707 2829 
5065 401 391 2785 
5066 530 532 3284 
5067 2331 2330 2925 
5068 755 757 2744 
5069 629 624 2759 
5070 411 1292 2747 
5071 611 609 2722 
5072 2142 2652 2783 
5073 1204 1206 2725 
5074 1652 2509 2989 
5075 848 419 2614 
5076 60 360 3252 
5077 455 422 2688 
5078 1623 1621 2742 
5079 1520 1565 2713 
5080 1399 1482 2705 
5081 1546 1239 2804 
5082 430 428 2750 
5083 568 566 2772 
5084 824 835 2694 
5085 1858 2733 3401 
5086 519 517 2738 
5087 2181 2185 2796 
5088 841 843 2746 
5089 1814 1436 2656 
5090 2269 2308 2979 
5091 621 619 2771 
5092 470 632 2762 
5093 1803 1400 2705 
5094 615 812 2718 
5095 3022 1746 3125 
5096 1419 955 2676 
5097 472 470 2762 
5098 2615 393 3433 
5099 1624 1462 2697 
5100 1084 1286 2757 
5101 2635 855 2863 
5102 2719 2662 2740 
5103 1349 2647 2994 
5104 727 947 2703 
5105 1610 1305 2853 
5106 1848 2980 3320 
5107 12 337 2986 
5108 1376 1261 2709 
5109 804 1330 2730 
5110 1711 1520 2713 
5111 484 482 2780 
5112 385 2525 3198 
5113 469 466 2683 
5114 1257 1274 2710 
5115 606 603 2689 
5116 1208 1226 2755 
5117 1963 3017 3178 
5118 1848 1724 2980 
5119 1400 1399 2705 
5120 981 983 2739 
5121 627 564 2696 
5122 1155 1157 2749 
5123 2227 2316 3292 
5124 2358 3336 3372 
5125 400 2690 2693 
5126 985 979 2737 
5127 948 1413 3014 
5128 1193 1195 2753 
5129 442 440 2764 
5130 960 1277 2776 
5131 860 1233 2728 
5132 3244 569 3275 
5133 663 642 2837 
5134 2133 2787 3027 
5135 709 2553 2912 
5136 2689 1737 2942 
5137 1970 1972 3069 
5138 1497 1851 2726 
5139 1438 1437 2820 
5140 1559 1609 2895 
5141 1313 2744 2745 
5142 1346 1493 2676 
5143 2527 1751 2760 
5144 1086 1084 2757 
5145 1039 1037 2758 
5146 901 776 2727 
5147 1765 2836 2983 
5148 2733 2315 3401 
5149 2155 3229 3269 
5150 302 2254 3120 
5151 2487 1812 3204 
5152 1677 2922 3093 
5153 3075 1452 3213 
5154 1524 1480 2907 
5155 1196 1193 2753 
5156 2321 1861 3131 
5157 1377 759 2730 
5158 887 461 2752 
5159 839 1268 2719 
5160 622 617 2718 
5161 2668 1769 3157 
5162 1043 1041 2774 
5163 778 1328 2727 
5164 2046 1601 2896 
5165 757 1377 2744 
5166 855 853 2863 
5167 1211 1190 2743 
5168 1037 1093 2758 
5169 674 646 2723 
5170 2029 2026 2761 
5171 553 3251 3369 
5172 1973 1976 2955 
5173 832 845 2850 
5174 869 963 2716 
5175 1284 871 2716 
5176 2947 625 3063 
5177 561 558 2699 
5178 2716 963 2717 
5179 857 2678 2863 
5180 659 634 3163 
5181 424 455 2720 
5182 2664 1567 2902 
5183 392 400 2693 
5184 885 883 2858 
5185 2670 797 2868 
5186 2639 1493 2873 
5187 794 895 2868 
5188 967 3108 3441 
5189 1621 1624 2742 
5190 904 2720 2721 
5191 2479 2475 2906 
5192 1090 1088 2769 
5193 580 578 2799 
5194 1368 522 2738 
5195 898 953 2795 
5196 2015 1623 2742 
5197 908 830 2850 
5198 490 488 2787 
5199 1482 2686 2705 
5200 1290 877 2817 
5201 525 2626 2741 
5202 1370 614 2722 
5203 2443 2642 3287 
5204 1693 1694 2748 
5205 797 793 2868 
5206 389 896 2785 
5207 1353 881 2729 
5208 641 664 2811 
5209 753 1313 2731 
5210 826 828 2883 
5211 325 2340 3122 
5212 853 857 2863 
5213 1643 1641 2966 
5214 1629 1476 2775 
5215 953 1453 2795 
5216 2082 3216 3406 
5217 3122 1991 3301 
5218 584 582 2788 
5219 2424 291 2978 
5220 614 611 2722 
5221 1732 1464 2779 
5222 807 782 2793 
5223 1563 1528 2754 
5224 879 1290 2729 
5225 292 2611 3116 
5226 962 751 2731 
5227 843 1385 2746 
5228 560 563 2934 
5229 1234 1403 2804 
5230 1313 755 2744 
5231 1050 1048 2808 
5232 566 627 2772 
5233 1511 1619 2893 
5234 995 993 2781 
5235 2672 885 2858 
5236 3037 1282 3076 
5237 1405 1432 2873 
5238 495 492 2805 
5239 1364 2291 3128 
5240 1540 2677 2701 
5241 911 606 2689 
5242 522 519 2738 
5243 1343 2344 2809 
5244 835 826 2883 
5245 904 426 2720 
5246 1054 1052 2826 
5247 474 900 2734 
5248 543 541 2792 
5249 845 834 2740 
5250 1528 1677 2754 
5251 987 999 2800 
5252 1268 841 2746 
5253 1827 1633 2838 
5254 1007 1005 2819 
5255 497 2734 2735 
5256 813 1345 2813 
5257 497 476 2734 
5258 1701 2632 3165 
5259 737 739 2887 
5260 1153 1201 2711 
5261 636 629 2759 
5262 1450 1526 2794 
5263 1275 1036 2782 
5264 1206 1215 2725 
5265 2132 1744 2778 
5266 793 794 2868 
5267 428 904 2750 
5268 1432 1825 2873 
5269 2459 963 3087 
5270 211 276 3055 
5271 1820 2738 2948 
5272 2050 2878 3289 
5273 739 943 2887 
5274 945 735 2931 
5275 59 3 3409 
5276 572 570 2890 
5277 494 486 2756 
5278 2363 2370 2959 
5279 1392 960 2776 
5280 1003 1001 2814 
5281 1215 1208 2755 
5282 1892 1891 2897 
5283 619 622 2771 
5284 2026 2040 2761 
5285 630 527 2741 
5286 1124 1126 2816 
5287 385 382 2854 
5288 2429 253 3385 
5289 2194 2192 2832 
5290 2797 1700 2798 
5291 2062 2063 2908 
5292 1112 2650 2831 
5293 2572 1600 3126 
5294 2599 656 2903 
5295 2393 2449 3005 
5296 1412 1673 2889 
5297 2833 631 2941 
5298 661 1366 2837 
5299 635 653 3305 
5300 681 705 2815 
5301 900 472 2762 
5302 1580 929 2879 
5303 883 1353 2858 
5304 1410 1768 3034 
5305 1092 1096 2823 
5306 1201 1155 2749 
5307 2222 3147 3420 
5308 2830 1112 2831 
5309 1102 1100 2830 
5310 2111 2114 2849 
5311 1385 898 2795 
5312 1493 1405 2873 
5313 1738 599 2657 
5314 624 917 2759 
5315 454 430 2750 
5316 501 495 2805 
5317 917 621 2771 
5318 2617 267 2970 
5319 2709 1259 2710 
5320 460 438 2767 
5321 1390 1554 2768 
5322 1362 469 2683 
5323 446 444 2828 
5324 1316 807 2793 
5325 935 394 2693 
5326 1048 1224 2808 
5327 1081 1077 2882 
5328 462 500 2969 
5329 3426 2304 3438 
5330 1448 1688 2791 
5331 2985 1285 3121 
5332 1817 2969 3014 
5333 1840 1841 2869 
5334 1590 1411 2889 
5335 590 580 2799 
5336 1706 2644 2857 
5337 2549 2548 3030 
5338 1320 981 2739 
5339 1826 2722 2947 
5340 1706 2857 3384 
5341 2177 1691 2956 
5342 799 813 2813 
5343 588 586 2825 
5344 515 545 2948 
5345 1195 1203 2753 
5346 2507 1373 3020 
5347 2034 2035 2918 
5348 335 212 3055 
5349 1509 2687 3117 
5350 828 908 2883 
5351 2490 1164 3191 
5352 69 70 2894 
5353 782 914 2793 
5354 2442 2060 3432 
5355 943 741 2901 
5356 1764 1904 2836 
5357 1384 458 2811 
5358 2230 512 3114 
5359 582 590 2788 
5360 1281 928 3091 
5361 391 389 2785 
5362 895 799 2813 
5363 398 396 2827 
5364 1380 561 2699 
5365 743 956 2901 
5366 440 460 2764 
5367 488 494 2787 
5368 1718 1849 2930 
5369 2289 3233 3392 
5370 932 2772 2773 
5371 2476 2478 2905 
5372 2920 1675 3003 
5373 482 934 2780 
5374 983 1113 2739 
5375 1841 1864 2869 
5376 1011 1009 2835 
5377 2595 1506 2768 
5378 1235 2786 2972 
5379 1557 1448 2791 
5380 2185 2469 2796 
5381 436 915 2767 
5382 1464 1778 2779 
5383 1041 1220 2774 
5384 1058 1056 2840 
5385 607 625 2947 
5386 596 588 2825 
5387 2908 2066 3139 
5388 2460 1805 3202 
5389 1174 1176 2842 
5390 741 743 2901 
5391 2589 659 3163 
5392 1922 1998 2845 
5393 1226 1319 2755 
5394 1885 1519 2886 
5395 2949 2077 3379 
5396 913 584 2788 
5397 1299 1086 2757 
5398 1220 1039 2758 
5399 2836 1231 2983 
5400 891 1295 2786 
5401 1717 1719 2937 
5402 3150 906 3218 
5403 2330 263 2925 
5404 492 931 2805 
5405 931 490 2787 
5406 1088 1299 2769 
5407 2074 1720 2930 
5408 2786 1600 2972 
5409 1596 1723 2932 
5410 578 933 2799 
5411 1157 1161 2749 
5412 919 543 2792 
5413 837 2719 2740 
5414 450 448 2833 
5415 1873 1871 3184 
5416 1001 1072 2814 
5417 1100 1112 2830 
5418 979 2507 2737 
5419 1782 1783 2927 
5420 1499 1342 2929 
5421 705 721 2815 
5422 631 446 2828 
5423 703 718 2777 
5424 1363 1124 2816 
5425 1532 1700 2797 
5426 1113 987 2800 
5427 932 568 2772 
5428 990 985 2737 
5429 541 640 2792 
5430 1868 1870 2891 
5431 2489 2178 3182 
5432 1679 2892 3082 
5433 916 442 2764 
5434 1506 1390 2768 
5435 2669 1537 2910 
5436 1776 1450 2794 
5437 1047 1043 2774 
5438 918 450 2833 
5439 774 901 2926 
5440 1411 1412 2889 
5441 1062 1060 2844 
5442 1235 892 2786 
5443 2651 707 2946 
5444 1568 1574 2988 
5445 2032 2029 2761 
5446 1454 1416 2945 
5447 289 3426 3438 
5448 911 2689 2942 
5449 2072 2071 2877 
5450 786 772 2926 
5451 1554 1959 2768 
5452 1110 1108 2853 
5453 2289 2751 3233 
5454 586 913 2825 
5455 458 641 2811 
5456 2735 2552 3359 
5457 2197 2194 2832 
5458 944 768 2971 
5459 1630 1047 2774 
5460 554 626 2975 
5461 2837 1366 3009 
5462 1665 1532 2797 
5463 1203 1603 2753 
5464 2645 1649 3019 
5465 1099 1090 2769 
5466 702 699 2809 
5467 1178 1180 2847 
5468 2262 2261 3194 
5469 2433 2884 3280 
5470 654 534 3239 
5471 1321 1081 2882 
5472 2914 2217 3016 
5473 1338 1438 3033 
5474 2843 1579 2871 
5475 591 572 2890 
5476 1015 1013 2855 
5477 3271 2357 3372 
5478 310 2423 2997 
5479 406 398 2827 
5480 1948 1837 3391 
5481 1366 681 2815 
5482 1705 2492 3143 
5483 448 631 2833 
5484 343 3093 3382 
5485 1319 1625 2755 
5486 1598 1581 2952 
5487 2800 1227 2801 
5488 2192 2580 2832 
5489 252 2434 2919 
5490 1784 1732 2779 
5491 570 932 2890 
5492 1439 1754 2834 
5493 1000 995 2781 
5494 296 2386 3110 
5495 2502 2501 3439 
5496 1327 1050 2808 
5497 892 891 2786 
5498 1824 2810 3347 
5499 1707 2609 2829 
5500 288 3088 3346 
5501 1586 1440 2909 
5502 951 2283 3124 
5503 2632 1032 2996 
5504 1052 1327 2826 
5505 1296 2615 3140 
5506 396 935 2827 
5507 1791 1629 2775 
5508 1201 2749 3001 
5509 1391 1446 3029 
5510 687 709 2912 
5511 1437 1730 2820 
5512 1578 1579 2843 
5513 366 367 2900 
5514 1161 1635 2749 
5515 2075 2076 3174 
5516 1789 2227 3292 
5517 1859 1551 2834 
5518 653 2574 3305 
5519 2756 484 2780 
5520 1123 1645 2823 
5521 1848 2395 3177 
5522 3061 1994 3265 
5523 1227 1092 2823 
5524 999 1227 2800 
5525 2484 2329 3064 
5526 1640 1099 2769 
5527 1607 2625 3238 
5528 3291 1756 3308 
5529 444 916 2828 
5530 1870 1908 2891 
5531 1654 1809 3121 
5532 1526 1735 2794 
5533 1279 882 2950 
5534 2521 502 3145 
5535 1005 1225 2819 
5536 1634 378 2839 
5537 1387 1000 2781 
5538 1019 1017 2860 
5539 3050 1968 3174 
5540 2941 2199 3090 
5541 2667 1564 3291 
5542 2480 2269 2979 
5543 707 682 2946 
5544 1371 1439 2834 
5545 375 377 2839 
5546 1182 1184 2862 
5547 1619 1911 2893 
5548 1884 1611 2904 
5549 2619 510 2910 
5550 1295 1600 2786 
5551 1847 2781 2985 
5552 1499 2929 3028 
5553 1225 1003 2814 
5554 1218 1054 2826 
5555 1996 1796 2888 
5556 1066 1064 2856 
5557 1044 1007 2819 
5558 478 497 2944 
5559 2752 1741 2933 
5560 1633 1901 2838 
5561 2410 2878 3351 
5562 2481 2474 3250 
5563 1756 1323 3339 
5564 1551 1371 2834 
5565 1788 1517 2943 
5566 1763 1761 2970 
5567 2132 1273 3187 
5568 263 2680 2925 
5569 1126 1293 2816 
5570 1242 2698 2920 
5571 380 1634 2854 
5572 2468 359 3268 
5573 1425 1757 3186 
5574 962 2497 3141 
5575 770 786 2971 
5576 251 177 3216 
5577 1186 1188 2861 
5578 2129 988 3183 
5579 2587 366 2900 
5580 2771 622 2870 
5581 2399 2729 3365 
5582 382 380 2854 
5583 1653 990 2737 
5584 1096 1123 2823 
5585 551 2706 2921 
5586 1817 2683 2969 
5587 1119 1062 2844 
5588 640 539 2928 
5589 1231 1010 2983 
5590 1710 1656 2992 
5591 1440 1442 2909 
5592 2060 2442 3147 
5593 2876 2379 2887 
5594 2824 336 3058 
5595 1026 1078 2996 
5596 2809 2344 2954 
5597 2205 666 3315 
5598 1649 1650 3019 
5599 308 2135 3002 
5600 3007 1854 3309 
5601 1966 1524 2907 
5602 1298 2559 3059 
5603 2241 2773 2961 
5604 689 687 2912 
5605 303 2888 2936 
5606 1056 1218 2840 
5607 2564 1627 3097 
5608 1317 1058 2840 
5609 176 320 3216 
5610 2438 2437 3098 
5611 1765 1764 2836 
5612 991 1285 2985 
5613 887 2752 2933 
5614 1839 2619 2910 
5615 2114 2463 2849 
5616 1799 2783 3123 
5617 1397 950 2902 
5618 1271 1019 2860 
5619 1009 1044 2835 
5620 1150 1332 2865 
5621 2611 1803 3116 
5622 772 774 2926 
5623 1305 1110 2853 
5624 1060 1317 2844 
5625 1213 1174 2842 
5626 1176 1212 2842 
5627 1720 1718 2930 
5628 1969 1968 3050 
5629 2001 2559 2913 
5630 87 88 2938 
5631 1692 1578 2843 
5632 3161 2125 3240 
5633 1148 1150 2865 
5634 1184 1229 2862 
5635 1108 1111 2853 
5636 2494 784 3282 
5637 1661 1535 2903 
5638 925 926 3091 
5639 1115 1102 2830 
5640 1188 1210 2861 
5641 1180 1197 2847 
5642 2577 1941 3385 
5643 946 2724 2929 
5644 1684 1853 2922 
5645 32 33 2939 
5646 934 480 2944 
5647 378 375 2839 
5648 1212 1178 2847 
5649 3133 2253 3258 
5650 1083 1321 2867 
5651 2190 2750 3205 
5652 1064 1119 2856 
5653 1667 1415 2951 
5654 2773 2772 2961 
5655 2914 2093 2915 
5656 1094 1015 2855 
5657 1714 2080 3077 
5658 1904 2628 2836 
5659 2449 2936 3005 
5660 1833 2699 2975 
5661 2601 2837 3009 
5662 1611 1840 2904 
5663 1998 2001 2845 
5664 735 737 2931 
5665 1940 1941 3142 
5666 1820 2948 3034 
5667 1647 1781 2898 
5668 1229 1186 2861 
5669 763 726 2987 
5670 1796 1797 2936 
5671 1114 1011 2835 
5672 2514 780 3400 
5673 690 2655 3054 
5674 702 2809 2954 
5675 1818 2491 3190 
5676 1146 1369 2924 
5677 3219 1279 3227 
5678 2772 627 2961 
5679 1286 1083 2867 
5680 2214 2216 3000 
5681 1369 1148 2865 
5682 1017 1094 2860 
5683 1197 1182 2862 
5684 3139 2068 3363 
5685 377 941 2839 
5686 2702 1202 3138 
5687 2903 2591 3136 
5688 1679 2672 2892 
5689 1262 2682 3303 
5690 2749 1635 3001 
5691 1306 2204 2990 
5692 996 2631 2911 
5693 1304 1427 3024 
5694 2378 2545 3079 
5695 3052 957 3068 
5696 2698 1669 2920 
5697 1825 1596 2932 
5698 2610 1242 2920 
5699 1612 1610 2923 
5700 2613 1595 3151 
5701 1742 1746 3022 
5702 1797 2662 3005 
5703 1964 1965 2993 
5704 1013 1114 2855 
5705 1315 2237 3130 
5706 539 537 2928 
5707 1144 1146 2924 
5708 2616 551 2921 
5709 1993 1994 2953 
5710 267 2427 2970 
5711 1678 1821 3047 
5712 258 2321 3131 
5713 1032 1028 2996 
5714 1836 2675 2924 
5715 480 478 2944 
5716 1915 1916 3269 
5717 3021 2304 3424 
5718 2718 1561 2958 
5719 913 2979 3056 
5720 2675 1144 2924 
5721 2196 2198 3090 
5722 2738 517 2948 
5723 737 2887 2931 
5724 1962 1963 3389 
5725 333 2337 3423 
5726 1418 3022 3125 
5727 2737 2507 3020 
5728 1671 1409 3030 
5729 643 557 3032 
5730 1739 3113 3297 
5731 415 2747 2968 
5732 1128 1130 3026 
5733 2683 464 2969 
5734 1699 2494 2973 
5735 2706 2594 2921 
5736 2631 2065 2911 
5737 779 958 2963 
5738 711 784 3066 
5739 1777 2946 3066 
5740 863 937 3065 
5741 2999 1705 3143 
5742 283 2468 3405 
5743 1416 1667 2945 
5744 510 2669 2910 
5745 2724 1801 2929 
5746 1342 946 2929 
5747 517 515 2948 
5748 2609 421 2829 
5749 609 607 2947 
5750 2482 2402 3334 
5751 1857 2636 3416 
5752 2441 338 2955 
5753 2965 1682 3119 
5754 1814 3199 3378 
5755 644 403 3004 
5756 1849 1716 3077 
5757 1423 1833 3257 
5758 1843 1889 3060 
5759 1136 1138 3033 
5760 2403 314 2977 
5761 1704 2009 3006 
5762 2722 609 2947 
5763 1595 1414 3151 
5764 2747 2597 2968 
5765 2733 1789 3292 
5766 160 12 2986 
5767 1974 1971 3008 
5768 2888 1796 2936 
5769 2622 1507 2914 
5770 1872 1874 3134 
5771 2628 1231 2836 
5772 1494 2673 3323 
5773 77 2533 2991 
5774 2857 2387 3384 
5775 1661 2903 3136 
5776 2041 2036 3183 
5777 3078 343 3382 
5778 695 697 2885 
5779 2699 556 2975 
5780 2037 2041 3101 
5781 261 2409 3215 
5782 266 2438 3347 
5783 896 387 3198 
5784 1581 1594 2952 
5785 2980 1939 3320 
5786 697 701 2885 
5787 686 684 3054 
5788 1279 2778 3227 
5789 2803 933 3053 
5790 956 745 3057 
5791 622 2718 2958 
5792 2577 2430 3260 
5793 1911 1912 3109 
5794 682 692 2946 
5795 1850 2303 3438 
5796 1451 1452 3075 
5797 284 2742 3225 
5798 2552 2735 3206 
5799 2810 2323 3347 
5800 949 887 2933 
5801 2395 346 3177 
5802 297 2385 3199 
5803 1721 1939 2980 
5804 675 686 3218 
5805 2563 2561 3245 
5806 2402 348 3334 
5807 2929 1801 3028 
5808 2379 2375 3012 
5809 464 462 2969 
5810 2065 2064 2911 
5811 1365 911 2942 
5812 318 2429 3103 
5813 414 417 3039 
5814 2561 3009 3245 
5815 2312 2583 3150 
5816 2271 2984 3108 
5817 672 2898 3419 
5818 1865 3075 3213 
5819 914 731 3070 
5820 2403 2977 3007 
5821 2657 2692 2994 
5822 2673 1585 3323 
5823 309 2701 2881 
5824 277 2336 3025 
5825 2844 1317 3283 
5826 2226 1315 3045 
5827 963 867 3087 
5828 2343 2908 3139 
5829 768 770 2971 
5830 1539 2962 3146 
5831 1244 2295 3341 
5832 1620 1622 3013 
5833 556 554 2975 
5834 1921 1919 3058 
5835 2411 316 2993 
5836 1653 2737 3020 
5837 1826 2947 3063 
5838 1898 1465 3208 
5839 313 2810 3401 
5840 1856 1563 3110 
5841 729 763 3070 
5842 962 2731 3175 
5843 2178 2921 3182 
5844 1483 1310 3381 
5845 2894 70 3255 
5846 348 2381 3388 
5847 1659 1845 3085 
5848 2715 1884 3104 
5849 1668 1706 3106 
5850 933 576 3053 
5851 2175 2174 3195 
5852 2382 2383 3331 
5853 1675 1674 2978 
5854 2602 1726 3062 
5855 1535 2599 2903 
5856 945 2931 3012 
5857 1897 1896 3059 
5858 2519 1277 3097 
5859 1905 1903 3442 
5860 264 2403 3007 
5861 3149 2129 3222 
5862 1907 3226 3393 
5863 371 373 3376 
5864 2864 1710 2992 
5865 2928 2202 2989 
5866 732 2446 3415 
5867 2696 1548 2960 
5868 2168 2169 3407 
5869 2960 2245 2961 
5870 1761 2617 2970 
5871 1736 2571 3314 
5872 1785 1784 3193 
5873 1937 1935 3154 
5874 574 591 3053 
5875 941 695 2885 
5876 3366 3102 3395 
5877 2502 2967 3003 
5878 3157 1769 3208 
5879 535 639 3086 
5880 1104 1115 3018 
5881 1903 1763 3224 
5882 344 129 3375 
5883 2033 2032 3222 
5884 324 2324 3006 
5885 2614 415 2968 
5886 2048 1360 3354 
5887 2736 2298 3316 
5888 1726 1725 3062 
5889 1111 1106 3018 
5890 749 962 3141 
5891 1875 1873 3094 
5892 1819 2691 3276 
5893 689 2912 2987 
5894 289 2413 3426 
5895 1625 1753 3095 
5896 993 991 2985 
5897 1498 2723 3410 
5898 2781 993 2985 
5899 1293 3313 3353 
5900 536 538 3319 
5901 1828 2902 2988 
5902 1172 1213 3046 
5903 717 702 2954 
5904 2821 2857 3380 
5905 1740 1631 3277 
5906 2672 2858 2892 
5907 2093 2914 3016 
5908 957 2249 3068 
5909 1754 1658 3042 
5910 1263 1247 3352 
5911 1974 3008 3100 
5912 2250 2251 3089 
5913 2989 2509 3073 
5914 2785 896 2962 
5915 1971 1969 3008 
5916 1468 2130 3031 
5917 1987 1726 2999 
5918 2571 2573 3314 
5919 322 2436 3098 
5920 1810 2305 3368 
5921 1164 1166 3191 
5922 726 689 2987 
5923 1028 1026 2996 
5924 1662 2255 3262 
5925 1861 1731 3131 
5926 2886 1519 3125 
5927 502 498 3145 
5928 1078 1024 3306 
5929 958 957 3052 
5930 1549 2614 2968 
5931 1847 2985 3121 
5932 1604 1608 3246 
5933 1754 3032 3074 
5934 1181 1179 3049 
5935 2064 2039 3101 
5936 2927 1786 3243 
5937 2206 2205 3299 
5938 1968 1966 2976 
5939 1530 2942 3017 
5940 1771 1770 3294 
5941 2600 2711 3092 
5942 2871 1579 3201 
5943 2879 1386 2965 
5944 1656 1792 2992 
5945 1227 2823 3040 
5946 2440 273 3069 
5947 3113 2641 3297 
5948 1645 1647 3040 
5949 1404 1235 2972 
5950 2585 1683 3067 
5951 1900 1979 2981 
5952 1794 1996 3234 
5953 1548 1422 3417 
5954 2932 1723 3177 
5955 1438 2820 3304 
5956 1574 1570 3272 
5957 1246 2610 2967 
5958 58 308 3002 
5959 2381 2821 3388 
5960 1989 1991 3122 
5961 1202 1168 3138 
5962 639 533 3200 
5963 1749 1860 3159 
5964 3158 658 3244 
5965 2337 277 3025 
5966 3 3252 3409 
5967 1959 1666 3111 
5968 2559 2916 3059 
5969 1699 2973 3079 
5970 1567 1568 2988 
5971 2001 2913 2940 
5972 2610 2920 3003 
5973 1531 2345 3436 
5974 2254 1499 3028 
5975 3052 3267 3399 
5976 3171 2159 3193 
5977 3084 2034 3397 
5978 1724 2618 2980 
5979 2092 2093 3016 
5980 944 2618 3400 
5981 2863 2678 3080 
5982 630 2652 3223 
5983 1738 2657 2994 
5984 1874 1876 3278 
5985 989 992 3115 
5986 2845 2001 2940 
5987 529 630 3223 
5988 623 628 3153 
5989 32 2939 3317 
5990 384 385 3198 
5991 1418 2933 3022 
5992 2870 622 2958 
5993 1574 2467 3230 
5994 2470 284 3225 
5995 2635 2863 3080 
5996 2821 1598 3388 
5997 1923 1920 3162 
5998 3045 2791 3259 
5999 2622 2914 2915 
6000 2128 2898 3435 
6001 1941 2577 2981 
6002 2128 2127 3038 
6003 276 2405 3366 
6004 1685 1557 3011 
6005 1561 1398 3364 
6006 1809 1807 3368 
6007 1816 1451 3075 
6008 627 2696 2960 
6009 1833 2956 3257 
6010 2832 959 3170 
6011 2692 1349 2994 
6012 288 56 3088 
6013 3396 1023 3404 
6014 359 2544 3360 
6015 784 734 3282 
6016 369 371 3192 
6017 2887 2379 2931 
6018 1837 3377 3391 
6019 1997 1921 3293 
6020 2731 1313 3173 
6021 2135 2137 3002 
6022 2823 1645 3040 
6023 260 2325 3010 
6024 1966 2907 2976 
6025 873 1284 3336 
6026 1200 2159 3171 
6027 2503 3325 3352 
6028 1290 3290 3365 
6029 1762 1765 3133 
6030 2151 1029 3207 
6031 3147 2222 3390 
6032 1758 1760 3258 
6033 2030 2031 3084 
6034 1600 1421 3126 
6035 2918 2038 3231 
6036 780 767 3400 
6037 2536 1539 3146 
6038 3064 2057 3203 
6039 1106 1104 3018 
6040 265 2733 3292 
6041 1928 1927 3329 
6042 212 211 3055 
6043 2012 1787 3167 
6044 1594 2482 3334 
6045 2520 1640 3127 
6046 2303 289 3438 
6047 2623 1826 3063 
6048 2050 2048 3274 
6049 1976 2704 3328 
6050 252 2919 3264 
6051 1635 1638 3001 
6052 1073 2129 3149 
6053 2052 308 3409 
6054 1924 1767 3383 
6055 2750 904 3205 
6056 2618 2514 3400 
6057 2949 333 3423 
6058 2944 497 3407 
6059 1690 2568 3342 
6060 2723 1592 3410 
6061 2261 2263 3152 
6062 2902 1567 2988 
6063 2751 455 3233 
6064 2544 2545 3360 
6065 1379 936 3023 
6066 2197 2832 3170 
6067 2845 1288 3162 
6068 2970 2427 3224 
6069 1312 1541 3104 
6070 287 123 3107 
6071 500 948 3014 
6072 1711 2713 3220 
6073 336 2338 3058 
6074 2545 2700 3079 
6075 2003 1727 3176 
6076 1865 3023 3075 
6077 1919 2824 3058 
6078 2560 2601 3009 
6079 2329 271 3064 
6080 1737 1738 3017 
6081 2588 1196 3099 
6082 2625 1215 3095 
6083 1508 2736 3316 
6084 1729 1836 3043 
6085 2640 352 3349 
6086 2834 1754 3074 
6087 1650 1775 3019 
6088 1728 2574 3126 
6089 1460 2667 3308 
6090 900 2605 3206 
6091 1409 1483 3030 
6092 2943 926 3402 
6093 2838 670 3335 
6094 2697 2051 2982 
6095 1586 2990 3037 
6096 1741 1742 3022 
6097 2963 958 3355 
6098 2516 1460 3308 
6099 513 516 3160 
6100 1536 1391 3029 
6101 2921 2594 3182 
6102 2838 1901 3275 
6103 2471 361 3226 
6104 3228 1879 3241 
6105 2510 2300 3135 
6106 2905 311 3250 
6107 640 2989 3073 
6108 2277 3281 3326 
6109 1827 2838 3335 
6110 1806 1653 3020 
6111 2476 2905 3250 
6112 1377 2789 3021 
6113 2787 494 3027 
6114 1801 1802 3028 
6115 2882 1076 3340 
6116 640 2928 2989 
6117 1586 2909 2990 
6118 3199 2385 3378 
6119 1293 1128 3026 
6120 2817 875 3336 
6121 2155 1068 3229 
6122 1353 2729 3408 
6123 402 406 3343 
6124 1689 1586 3037 
6125 2482 1828 3230 
6126 2968 2597 3166 
6127 63 64 3078 
6128 1950 1948 3387 
6129 1533 2600 3321 
6130 1907 1702 3226 
6131 1918 1923 3296 
6132 2928 537 3086 
6133 1277 2564 3097 
6134 1859 2834 3074 
6135 1170 1172 3046 
6136 1660 2709 2995 
6137 2441 2955 3328 
6138 3052 1664 3267 
6139 2946 692 3066 
6140 1624 2697 2982 
6141 2884 254 3196 
6142 2745 2744 3021 
6143 346 2932 3177 
6144 567 569 3244 
6145 3261 1869 3332 
6146 2058 2056 3350 
6147 2305 657 3180 
6148 2982 2470 3225 
6149 1739 2670 3113 
6150 1680 1678 3047 
6151 745 747 3057 
6152 2939 292 3398 
6153 3001 1835 3092 
6154 1138 1338 3033 
6155 1658 1747 3042 
6156 2049 2050 3289 
6157 2573 906 3314 
6158 2591 1296 3136 
6159 2270 2802 2984 
6160 534 536 3239 
6161 545 1410 3034 
6162 630 2741 3123 
6163 865 863 3065 
6164 2262 3194 3221 
6165 576 574 3053 
6166 2112 2119 3313 
6167 3196 2327 3295 
6168 1823 2082 3406 
6169 1541 2344 3232 
6170 1023 1021 3404 
6171 620 623 3189 
6172 1922 2845 3162 
6173 2709 2710 2995 
6174 2583 2584 3144 
6175 684 690 3054 
6176 627 2960 2961 
6177 2101 2102 3185 
6178 657 2871 3180 
6179 1585 2825 3056 
6180 2910 1537 3157 
6181 2942 1737 3017 
6182 1716 1714 3077 
6183 1991 1993 3301 
6184 3304 2820 3315 
6185 1588 2793 3048 
6186 1549 2968 3166 
6187 2382 295 3294 
6188 2355 2399 3365 
6189 2313 1978 3429 
6190 1941 2981 3142 
6191 1722 3043 3044 
6192 3014 1413 3096 
6193 895 2641 3113 
6194 2933 1741 3022 
6195 2791 1688 3259 
6196 2931 2379 3012 
6197 1692 2843 3128 
6198 2732 2278 3322 
6199 1799 1689 3076 
6200 130 2491 3375 
6201 1322 3197 3217 
6202 1689 3037 3076 
6203 2437 322 3098 
6204 2830 2831 2998 
6205 1220 2658 3118 
6206 2317 3156 3387 
6207 2222 2220 3390 
6208 2916 1897 3059 
6209 2199 2196 3090 
6210 2254 3028 3120 
6211 3148 1232 3299 
6212 731 729 3070 
6213 2555 407 3343 
6214 3012 2377 3270 
6215 2367 2364 3175 
6216 2442 270 3147 
6217 1885 2886 3242 
6218 1839 2910 3157 
6219 2060 2058 3432 
6220 2899 272 3210 
6221 131 285 3190 
6222 2278 2277 3326 
6223 2247 2246 3108 
6224 1981 2484 3203 
6225 2453 337 3285 
6226 2994 2647 3178 
6227 2174 2172 3395 
6228 264 3007 3309 
6229 1864 1843 3060 
6230 867 865 3087 
6231 2425 2426 3283 
6232 532 654 3284 
6233 1849 3077 3430 
6234 2392 2393 3209 
6235 1821 1679 3082 
6236 2744 1377 3021 
6237 2543 2848 3307 
6238 3137 1438 3304 
6239 2405 327 3102 
6240 692 711 3066 
6241 2741 1798 3123 
6242 2621 1702 3119 
6243 2532 1830 3396 
6244 2491 1819 3051 
6245 2019 2962 3411 
6246 1290 2817 3290 
6247 1583 2596 3342 
6248 1871 1869 3261 
6249 1879 1877 3241 
6250 2345 1815 3436 
6251 2277 2425 3281 
6252 455 2688 3233 
6253 1059 1061 3211 
6254 2317 323 3156 
6255 2508 1815 3355 
6256 2717 2357 3271 
6257 2448 2555 3112 
6258 2483 811 3389 
6259 293 2864 2992 
6260 537 535 3086 
6261 1935 2995 3154 
6262 1863 3080 3181 
6263 39 40 3129 
6264 2596 1304 3024 
6265 928 925 3091 
6266 2215 2870 2958 
6267 1215 2755 3095 
6268 2649 1549 3166 
6269 1442 1820 3105 
6270 3134 654 3239 
6271 625 912 3063 
6272 2039 2037 3101 
6273 2945 2585 3067 
6274 3034 1768 3105 
6275 1815 1816 3355 
6276 2576 1879 3228 
6277 2990 2204 3037 
6278 2620 344 3051 
6279 3226 361 3393 
6280 3090 2198 3227 
6281 2124 2122 3333 
6282 3235 443 3302 
6283 2801 1227 3040 
6284 330 2442 3432 
6285 2984 2247 3108 
6286 2700 1699 3079 
6287 1748 1701 3165 
6288 2574 2572 3126 
6289 2605 2552 3206 
6290 2468 3268 3405 
6291 1869 1867 3332 
6292 2754 296 3110 
6293 2189 2191 3403 
6294 3080 1472 3181 
6295 2235 2101 3185 
6296 2988 1574 3230 
6297 3032 1754 3042 
6298 3005 2662 3072 
6299 2814 1589 3041 
6300 1115 2830 2998 
6301 1593 2792 3073 
6302 1930 2707 3132 
6303 3058 2338 3293 
6304 3015 1771 3294 
6305 569 571 3275 
6306 2868 895 3113 
6307 2704 274 3328 
6308 3221 2690 3300 
6309 2076 3050 3174 
6310 2416 2415 3414 
6311 2404 261 3215 
6312 2116 2115 3137 
6313 3028 1802 3120 
6314 1460 2515 3443 
6315 1814 2656 3199 
6316 3253 2294 3431 
6317 1697 1695 3164 
6318 865 3065 3087 
6319 1863 2635 3080 
6320 1674 1668 3106 
6321 439 665 3330 
6322 2006 1269 3318 
6323 2353 2355 3290 
6324 441 443 3235 
6325 1763 2970 3224 
6326 1702 1626 3119 
6327 1536 3029 3172 
6328 2003 3366 3395 
6329 555 643 3251 
6330 2169 2944 3407 
6331 1454 2945 3067 
6332 2716 2717 3271 
6333 2387 355 3384 
6334 2079 1515 3202 
6335 2385 344 3378 
6336 1537 2668 3157 
6337 1688 1817 3096 
6338 2358 2817 3336 
6339 408 410 3214 
6340 2545 2378 3360 
6341 2755 1625 3095 
6342 1322 902 3197 
6343 2100 2103 3361 
6344 2967 2610 3003 
6345 2913 1055 2940 
6346 1931 1865 3213 
6347 2992 1792 3234 
6348 655 2495 3345 
6349 2567 1508 3316 
6350 2393 3005 3072 
6351 2477 2479 3324 
6352 1522 2726 3256 
6353 3020 1373 3254 
6354 2793 914 3048 
6355 2811 2506 3418 
6356 2919 2299 3264 
6357 1806 3020 3254 
6358 1670 2510 3417 
6359 2656 1659 3085 
6360 2800 2801 3036 
6361 3011 1557 3130 
6362 1666 1886 3111 
6363 2808 1632 3188 
6364 2705 2686 3116 
6365 1729 3043 3148 
6366 847 2345 3337 
6367 2341 317 3243 
6368 2774 1220 3118 
6369 2867 1766 3155 
6370 1760 1762 3133 
6371 1519 1418 3125 
6372 3212 1758 3258 
6373 1912 1915 3109 
6374 2552 2210 3359 
6375 2843 1364 3128 
6376 2354 2358 3372 
6377 2678 1472 3080 
6378 3057 747 3141 
6379 2623 3063 3186 
6380 2202 2928 3086 
6381 1802 1882 3120 
6382 2886 3125 3187 
6383 3233 1545 3392 
6384 1670 1862 3124 
6385 3135 1548 3417 
6386 3313 2119 3353 
6387 1246 2967 3352 
6388 1908 1872 3134 
6389 1355 1756 3416 
6390 3256 2726 3346 
6391 747 749 3141 
6392 2831 2257 2998 
6393 2825 913 3056 
6394 3008 1217 3100 
6395 3281 2425 3283 
6396 2347 252 3264 
6397 886 890 3242 
6398 1168 1170 3138 
6399 2191 2193 3358 
6400 2670 2868 3113 
6401 2922 1588 3048 
6402 2627 1974 3100 
6403 2687 1320 3117 
6404 1624 2982 3225 
6405 1113 2800 3036 
6406 1225 2814 3041 
6407 3121 1809 3201 
6408 3089 1561 3364 
6409 317 2927 3243 
6410 443 445 3302 
6411 2682 1263 3324 
6412 2784 1667 3081 
6413 2711 1201 3092 
6414 2506 2264 3418 
6415 1170 3046 3138 
6416 1421 1728 3126 
6417 2426 3263 3283 
6418 2734 900 3206 
6419 1927 1607 3238 
6420 3186 1757 3267 
6421 2568 1583 3342 
6422 2707 2235 3132 
6423 36 302 3413 
6424 2264 2262 3300 
6425 2509 1788 3273 
6426 1373 2493 3254 
6427 1630 2774 3118 
6428 285 2621 3310 
6429 3159 1860 3251 
6430 2955 1976 3328 
6431 1285 1654 3121 
6432 1734 1733 3434 
6433 100 293 3394 
6434 177 176 3216 
6435 2541 356 3444 
6436 3063 912 3186 
6437 1728 2589 3163 
6438 2792 640 3073 
6439 798 802 3247 
6440 498 501 3145 
6441 1787 1785 3167 
6442 1838 1661 3136 
6443 2647 1963 3178 
6444 3311 1924 3383 
6445 393 395 3433 
6446 1217 3008 3050 
6447 2548 2547 3427 
6448 3023 1816 3075 
6449 3051 344 3375 
6450 2569 1262 3303 
6451 1921 3058 3293 
6452 2979 2308 3056 
6453 2719 1268 3072 
6454 1694 1692 3128 
6455 1593 3073 3273 
6456 1563 2754 3110 
6457 2898 2128 3038 
6458 269 2343 3139 
6459 1812 1813 3204 
6460 1414 1665 3151 
6461 1564 1857 3291 
6462 1946 2882 3340 
6463 2748 655 3345 
6464 906 2598 3314 
6465 1803 2705 3116 
6466 1920 1922 3162 
6467 3042 1747 3159 
6468 1890 1892 3179 
6469 3073 2509 3273 
6470 2688 1545 3233 
6471 46 47 3248 
6472 1472 1473 3181 
6473 2327 315 3295 
6474 1113 3036 3161 
6475 129 130 3375 
6476 2058 3350 3432 
6477 1880 2748 3345 
6478 70 71 3255 
6479 1579 1847 3201 
6480 3064 271 3266 
6481 3156 1950 3387 
6482 2432 264 3309 
6483 1925 2637 3279 
6484 3098 2436 3434 
6485 1240 1241 3311 
6486 2515 1536 3172 
6487 2450 279 3231 
6488 1738 2994 3178 
6489 1730 1729 3148 
6490 1746 2132 3187 
6491 2138 2519 3256 
6492 1723 1848 3177 
6493 3 60 3252 
6494 3180 1809 3368 
6495 2144 2143 3348 
6496 3008 1969 3050 
6497 2188 3169 3286 
6498 2326 325 3301 
6499 2594 930 3182 
6500 2597 1780 3166 
6501 2427 319 3224 
6502 1465 1839 3208 
6503 3102 327 3195 
6504 3116 2686 3398 
6505 2170 2165 3253 
6506 1313 2745 3173 
6507 293 2992 3234 
6508 2662 2719 3072 
6509 1901 1740 3158 
6510 2693 2690 3221 
6511 2841 941 3386 
6512 808 1460 3443 
6513 1196 2753 3099 
6514 3147 270 3420 
6515 533 531 3200 
6516 2855 1114 3094 
6517 320 2587 3406 
6518 3000 2216 3249 
6519 1747 1749 3159 
6520 906 675 3218 
6521 1840 2869 3338 
6522 2956 1691 3257 
6523 3234 1996 3394 
6524 387 384 3198 
6525 912 1425 3186 
6526 2474 2476 3250 
6527 2587 1823 3406 
6528 2681 1593 3273 
6529 37 38 3312 
6530 2081 2899 3210 
6531 2967 2503 3352 
6532 1815 2508 3436 
6533 1713 1711 3220 
6534 2759 917 3249 
6535 279 2918 3231 
6536 361 2546 3393 
6537 2059 2060 3298 
6538 2315 313 3401 
6539 706 369 3192 
6540 1166 1202 3191 
6541 254 2327 3196 
6542 3072 1268 3209 
6543 1201 3001 3092 
6544 1452 1662 3213 
6545 31 32 3317 
6546 2198 3219 3227 
6547 2995 2710 3154 
6548 531 529 3223 
6549 3204 1813 3276 
6550 1557 2791 3130 
6551 2333 333 3379 
6552 3099 1603 3246 
6553 2897 1119 3263 
6554 92 93 3331 
6555 2852 2197 3170 
6556 327 2406 3195 
6557 1757 2508 3399 
6558 2237 3011 3130 
6559 308 59 3409 
6560 2430 321 3260 
6561 2187 2188 3286 
6562 904 2721 3205 
6563 3094 1114 3168 
6564 1792 1794 3234 
6565 2262 3221 3300 
6566 2613 1722 3412 
6567 2710 1274 3154 
6568 1828 2988 3230 
6569 272 2319 3210 
6570 1984 1983 3371 
6571 2753 1603 3099 
6572 2451 278 3373 
6573 2869 1864 3153 
6574 1755 2640 3349 
6575 1813 2620 3276 
6576 1903 3224 3442 
6577 2525 2019 3411 
6578 1993 2326 3301 
6579 2316 265 3292 
6580 1875 3094 3168 
6581 1286 3155 3421 
6582 634 635 3305 
6583 1862 1423 3257 
6584 2644 1739 3297 
6585 2735 2734 3206 
6586 406 3112 3343 
6587 3153 1864 3189 
6588 2739 1113 3161 
6589 2036 2033 3222 
6590 2338 262 3293 
6591 2769 1299 3127 
6592 1944 1945 3431 
6593 269 3139 3363 
6594 2816 1293 3353 
6595 1770 2382 3294 
6596 2447 2357 3370 
6597 3176 276 3366 
6598 1366 2815 3245 
6599 2778 1745 3227 
6600 1890 3179 3374 
6601 3200 531 3223 
6602 3108 2246 3441 
6603 1808 1806 3254 
6604 2636 1355 3416 
6605 2922 1853 3093 
6606 2032 2761 3149 
6607 2681 3273 3402 
6608 1667 2951 3081 
6609 659 2589 3338 
6610 1630 3118 3277 
6611 2393 3072 3209 
6612 2378 2376 3268 
6613 406 2827 3152 
6614 3295 315 3377 
6615 3155 1951 3421 
6616 2444 3356 3420 
6617 2596 3024 3342 
6618 1784 2779 3171 
6619 3377 2318 3391 
6620 1595 2613 3412 
6621 1570 1572 3272 
6622 2848 2107 3307 
6623 1994 1992 3265 
6624 945 3270 3282 
6625 298 2639 3288 
6626 3093 1853 3382 
6627 2198 2852 3219 
6628 643 3042 3159 
6629 1820 3034 3105 
6630 3290 2355 3365 
6631 2729 1290 3365 
6632 917 3000 3249 
6633 1273 2886 3187 
6634 1603 1604 3246 
6635 2815 2563 3245 
6636 3194 935 3221 
6637 2644 3297 3380 
6638 274 2441 3328 
6639 3077 304 3430 
6640 2875 1713 3220 
6641 1927 3238 3329 
6642 373 376 3376 
6643 1592 2759 3249 
6644 2885 1617 3386 
6645 734 945 3282 
6646 1119 2844 3263 
6647 3251 1860 3369 
6648 1745 3090 3227 
6649 2909 1442 3279 
6650 2323 266 3347 
6651 1640 2769 3127 
6652 1286 2867 3155 
6653 2598 1736 3314 
6654 643 3032 3042 
6655 3117 1320 3240 
6656 3185 2102 3330 
6657 1024 1023 3306 
6658 3267 1757 3399 
6659 1916 1918 3296 
6660 2827 935 3194 
6661 2344 1947 3232 
6662 1876 1881 3278 
6663 3387 1948 3391 
6664 2015 3078 3382 
6665 271 2328 3266 
6666 1626 2965 3119 
6667 292 3116 3398 
6668 3127 1299 3327 
6669 1114 2835 3168 
6670 1268 2746 3209 
6671 3297 1599 3380 
6672 2138 3256 3346 
6673 294 2875 3220 
6674 2342 269 3363 
6675 1323 1322 3339 
6676 2357 2717 3370 
6677 2444 339 3356 
6678 302 3120 3413 
6679 2742 1624 3225 
6680 1327 2808 3188 
6681 3156 323 3351 
6682 328 2433 3280 
6683 1817 3014 3096 
6684 1496 1951 3425 
6685 2794 1735 3207 
6686 2318 255 3391 
6687 1631 1630 3277 
6688 1094 2855 3184 
6689 935 2693 3221 
6690 315 2318 3377 
6691 3239 536 3319 
6692 3024 1690 3342 
6693 2869 659 3338 
6694 339 2443 3287 
6695 1310 1863 3381 
6696 2174 3102 3195 
6697 1664 2623 3267 
6698 2532 3396 3404 
6699 1320 2739 3240 
6700 3224 319 3442 
6701 270 2444 3420 
6702 337 2439 3285 
6703 875 873 3336 
6704 1682 1818 3310 
6705 2320 258 3437 
6706 1247 1246 3352 
6707 2997 2548 3427 
6708 2898 1781 3419 
6709 348 2952 3334 
6710 1442 3105 3279 
6711 3268 2376 3405 
6712 3181 2550 3381 
6713 3273 1788 3402 
6714 1851 2874 3428 
6715 339 3287 3356 
6716 3274 2048 3354 
6717 1648 2816 3353 
6718 2641 1599 3297 
6719 2981 1979 3142 
6720 1851 1755 3349 
6721 2187 3286 3422 
6722 3179 650 3374 
6723 1398 1663 3364 
6724 1681 1859 3440 
6725 407 402 3343 
6726 1327 3188 3322 
6727 1773 1890 3374 
6728 1545 2654 3392 
6729 1968 2976 3174 
6730 2376 2374 3405 
6731 926 2681 3402 
6732 1908 3239 3319 
6733 1807 1810 3368 
6734 623 3153 3189 
6735 1284 2716 3271 
6736 1422 1670 3417 
6737 2952 348 3388 
6738 2463 2116 3344 
6739 767 944 3400 
6740 1853 2015 3382 
6741 1987 2999 3143 
6742 2508 1531 3436 
6743 2452 331 3397 
6744 1509 3117 3333 
6745 2620 1814 3378 
6746 3132 2235 3185 
6747 1599 2821 3380 
6748 2904 1840 3338 
6749 344 2620 3378 
6750 2873 1825 3288 
6751 3120 1882 3413 
6752 323 2410 3351 
6753 253 2577 3385 
6754 255 3387 3391 
6755 2639 2873 3288 
6756 2637 2909 3279 
6757 1767 1898 3383 
6758 941 2885 3386 
6759 1722 3044 3412 
6760 2116 3304 3344 
6761 2124 3117 3240 
6762 2246 2461 3441 
6763 2530 2128 3435 
6764 2018 2017 3415 
6765 1859 2934 3440 
6766 2469 2187 3422 
6767 3017 1738 3178 
6768 1839 3157 3208 
6769 2726 1851 3428 
6770 1800 2939 3398 
6771 1860 2527 3369 
6772 3300 1384 3418 
6773 2857 2644 3380 
6774 1076 2822 3340 
6775 2855 3094 3184 
6776 643 3159 3251 
6777 255 2317 3387 
6778 2546 2881 3393 
6779 497 2735 3407 
6780 2690 1384 3300 
6781 3106 1706 3384 
6782 1230 3167 3193 
6783 3191 1202 3361 
6784 2663 1791 3318 
6785 1021 1271 3404 
6786 2264 3300 3418 
6787 2745 3021 3424 
6788 3152 2827 3194 
6789 2739 3161 3240 
6790 1847 3121 3201 
6791 1299 2757 3327 
6792 2060 3147 3390 
6793 2757 1286 3421 
6794 1733 3098 3434 
6795 2930 1849 3444 
6796 1703 3045 3259 
6797 3009 1366 3245 
6798 2891 1908 3319 
6799 319 2428 3442 
6800 1945 3253 3431 
6801 1598 2952 3388 
6802 1864 3060 3189 
6803 333 2949 3379 
6804 2761 2040 3357 
6805 2717 2419 3370 
6806 2656 3085 3199 
6807 258 3131 3437 
6808 2872 1681 3440 
6809 2589 2904 3338 
6810 3085 297 3199 
6811 2826 1327 3322 
6812 3188 2732 3322 
6813 2874 288 3428 
6814 1788 2943 3402 
6815 2686 1800 3398 
6816 2962 896 3411 
6817 2881 1907 3393 
6818 3358 460 3403 
6819 2779 1778 3362 
6820 1978 2627 3429 
6821 2878 1984 3289 
6822 3125 1746 3187 
6823 945 3012 3270 
6824 665 3185 3330 
6825 2764 460 3358 
6826 1776 2794 3367 
6827 1756 3291 3416 
6828 2377 2973 3270 
6829 1384 2811 3418 
6830 1838 3140 3329 
6831 3167 1785 3193 
6832 2312 3150 3218 
6833 3149 2761 3357 
6834 2952 1594 3334 
6835 460 2767 3403 
6836 3171 2779 3362 
6837 3109 1915 3229 
6838 1799 3076 3348 
6839 3111 1886 3214 
6840 3094 1873 3184 
6841 2261 3152 3194 
6842 3163 634 3305 
6843 3306 1023 3396 
6844 2250 3089 3364 
6845 3298 2060 3390 
6846 3102 2174 3395 
6847 2623 3186 3267 
6848 331 3084 3397 
6849 1116 3212 3258 
6850 278 3071 3373 
6851 2794 3207 3367 
6852 3117 2124 3333 
6853 3327 2757 3421 
6854 2191 3358 3403 
6855 2627 1142 3429 
6856 295 3015 3294 
6857 665 3132 3185 
6858 293 3234 3394 
6859 1760 3133 3258 
6860 3183 2036 3222 
6861 1908 3134 3239 
6862 2405 3102 3366 
6863 3140 1928 3329 
6864 1901 3158 3244 
6865 1293 3026 3313 
6866 1816 2963 3355 
6867 1688 3096 3259 
6868 1073 3149 3357 
6869 1863 3181 3381 
6870 2043 2949 3423 
6871 356 2930 3444 
6872 1200 3171 3362 
6873 2129 3183 3222 
6874 3207 1029 3367 
6875 654 3278 3284 
6876 1730 3148 3299 
6877 3112 2555 3343 
6878 1950 3156 3274 
6879 2337 3025 3423 
6880 1240 3311 3383 
6881 310 2997 3427 
6882 3269 1916 3296 
6883 2116 3137 3304 
6884 2491 3051 3375 
6885 2510 3135 3417 
6886 2414 3424 3426 
6887 1322 3217 3339 
6888 3424 2304 3426 
6889 1284 3271 3372 
6890 3278 1881 3284 
6891 958 3052 3399 
6892 3217 2516 3339 
6893 3324 1263 3325 
6894 2305 3180 3368 
6895 355 3106 3384 
6896 3025 2043 3423 
6897 1120 3269 3296 
6898 3266 2328 3350 
6899 2477 3324 3325 
6900 2003 3176 3366 
6901 3252 2052 3409 
6902 1849 3430 3444 
6903 3268 359 3360 
6904 2378 3268 3360 
6905 2056 3266 3350 
6906 3430 2541 3444 
6907 3289 1984 3371 
6908 2049 3289 3371 
6909 2515 3172 3443 
6910 2220 3298 3390 
6911 3291 1857 3416 
6912 3346 2726 3428 
6913 288 3346 3428 
6914 2766 1694 3128 
6915 2002 2003 3395 
$EndElements
