$MeshFormat
4.1 0 8
$EndMeshFormat
$Entities
95 90 1 0
1 1.836909530733566e-16 -3 0 0 
2 0.7053423027509678 -0.9708203932499369 0 0 
3 2.85316954888546 -0.9270509831248421 0 0 
4 1.141267819554184 0.3708203932499369 0 0 
5 1.763355756877419 2.427050983124842 0 0 
6 7.347638122934263e-17 1.2 0 0 
7 -1.763355756877419 2.427050983124842 0 0 
8 -1.141267819554184 0.370820393249937 0 0 
9 -2.853169548885461 -0.9270509831248419 0 0 
10 -0.7053423027509679 -0.9708203932499367 0 0 
300 1.163376036131258e-16 -1.9 0 0 
301 1.807007380960792 -0.5871322893124 0 0 
302 1.116791979355699 1.5371322893124 0 0 
303 -1.116791979355699 1.5371322893124 0 0 
304 -1.807007380960792 -0.5871322893123998 0 0 
400 0.3000000000000001 -1.9 0 0 
401 0.2771638597533861 -1.785194970290473 0 0 
402 0.2121320343559644 -1.687867965644036 0 0 
403 0.1148050297095271 -1.622836140246614 0 0 
404 1.347066989204615e-16 -1.6 0 0 
405 -0.1148050297095268 -1.622836140246614 0 0 
406 -0.2121320343559641 -1.687867965644036 0 0 
407 -0.2771638597533859 -1.785194970290473 0 0 
408 -0.2999999999999999 -1.9 0 0 
409 -0.2771638597533859 -2.014805029709527 0 0 
410 -0.2121320343559642 -2.112132034355964 0 0 
411 -0.114805029709527 -2.177163859753386 0 0 
412 6.123031769111885e-17 -2.2 0 0 
413 0.1148050297095271 -2.177163859753386 0 0 
414 0.2121320343559643 -2.112132034355964 0 0 
415 0.277163859753386 -2.014805029709527 0 0 
420 2.107007380960792 -0.5871322893124 0 0 
421 2.084171240714177 -0.4723272596028731 0 0 
422 2.019139415316756 -0.3750002549564358 0 0 
423 1.921812410670318 -0.309968429559014 0 0 
424 1.807007380960792 -0.2871322893124 0 0 
425 1.692202351251265 -0.309968429559014 0 0 
426 1.594875346604827 -0.3750002549564357 0 0 
427 1.529843521207406 -0.472327259602873 0 0 
428 1.507007380960792 -0.5871322893124 0 0 
429 1.529843521207406 -0.7019373190219269 0 0 
430 1.594875346604827 -0.7992643236683643 0 0 
431 1.692202351251265 -0.8642961490657859 0 0 
432 1.807007380960792 -0.8871322893124001 0 0 
433 1.921812410670319 -0.864296149065786 0 0 
434 2.019139415316756 -0.7992643236683643 0 0 
435 2.084171240714177 -0.7019373190219271 0 0 
440 1.416791979355699 1.5371322893124 0 0 
441 1.393955839109085 1.651937319021927 0 0 
442 1.328924013711663 1.749264323668364 0 0 
443 1.231597009065226 1.814296149065786 0 0 
444 1.116791979355699 1.8371322893124 0 0 
445 1.001986949646172 1.814296149065786 0 0 
446 0.9046599449997346 1.749264323668364 0 0 
447 0.8396281196023128 1.651937319021927 0 0 
448 0.8167919793556988 1.5371322893124 0 0 
449 0.8396281196023128 1.422327259602873 0 0 
450 0.9046599449997346 1.325000254956436 0 0 
451 1.001986949646172 1.259968429559014 0 0 
452 1.116791979355699 1.2371322893124 0 0 
453 1.231597009065226 1.259968429559014 0 0 
454 1.328924013711663 1.325000254956436 0 0 
455 1.393955839109085 1.422327259602873 0 0 
460 -0.8167919793556986 1.5371322893124 0 0 
461 -0.8396281196023125 1.651937319021927 0 0 
462 -0.9046599449997343 1.749264323668364 0 0 
463 -1.001986949646172 1.814296149065786 0 0 
464 -1.116791979355699 1.8371322893124 0 0 
465 -1.231597009065226 1.814296149065786 0 0 
466 -1.328924013711663 1.749264323668364 0 0 
467 -1.393955839109085 1.651937319021927 0 0 
468 -1.416791979355699 1.5371322893124 0 0 
469 -1.393955839109085 1.422327259602873 0 0 
470 -1.328924013711663 1.325000254956436 0 0 
471 -1.231597009065226 1.259968429559014 0 0 
472 -1.116791979355699 1.2371322893124 0 0 
473 -1.001986949646172 1.259968429559014 0 0 
474 -0.9046599449997345 1.325000254956436 0 0 
475 -0.8396281196023128 1.422327259602873 0 0 
480 -1.507007380960792 -0.5871322893123998 0 0 
481 -1.529843521207406 -0.4723272596028729 0 0 
482 -1.594875346604828 -0.3750002549564356 0 0 
483 -1.692202351251265 -0.3099684295590138 0 0 
484 -1.807007380960792 -0.2871322893123998 0 0 
485 -1.921812410670319 -0.3099684295590138 0 0 
486 -2.019139415316756 -0.3750002549564355 0 0 
487 -2.084171240714178 -0.4723272596028728 0 0 
488 -2.107007380960792 -0.5871322893123998 0 0 
489 -2.084171240714178 -0.7019373190219267 0 0 
490 -2.019139415316756 -0.7992643236683641 0 0 
491 -1.921812410670319 -0.8642961490657857 0 0 
492 -1.807007380960792 -0.8871322893123998 0 0 
493 -1.692202351251265 -0.8642961490657858 0 0 
494 -1.594875346604828 -0.7992643236683641 0 0 
495 -1.529843521207406 -0.7019373190219269 0 0 
100 1.665334536937735e-16 -3 0 0.7053423027509678 -0.9708203932499369 0 0 2 1 -2 
101 0.7053423027509678 -0.9708203932499369 0 2.85316954888546 -0.9270509831248421 0 0 2 2 -3 
102 1.141267819554184 -0.9270509831248421 0 2.85316954888546 0.370820393249937 0 0 2 3 -4 
103 1.141267819554184 0.3708203932499368 0 1.763355756877419 2.427050983124842 0 0 2 4 -5 
104 0 1.2 0 1.763355756877419 2.427050983124842 0 0 2 5 -6 
105 -1.763355756877419 1.2 0 1.110223024625157e-16 2.427050983124842 0 0 2 6 -7 
106 -1.763355756877419 0.3708203932499368 0 -1.141267819554184 2.427050983124842 0 0 2 7 -8 
107 -2.853169548885461 -0.9270509831248419 0 -1.141267819554184 0.370820393249937 0 0 2 8 -9 
108 -2.853169548885461 -0.9708203932499367 0 -0.7053423027509678 -0.9270509831248419 0 0 2 9 -10 
109 -0.7053423027509679 -3 0 2.220446049250313e-16 -0.9708203932499366 0 0 2 10 -1 
500 0.2771638597533861 -1.9 0 0.3000000000000001 -1.785194970290473 0 0 2 400 -401 
501 0.2121320343559643 -1.785194970290473 0 0.2771638597533861 -1.687867965644036 0 0 2 401 -402 
502 0.114805029709527 -1.687867965644036 0 0.2121320343559644 -1.622836140246614 0 0 2 402 -403 
503 1.318389841742373e-16 -1.622836140246614 0 0.1148050297095271 -1.6 0 0 2 403 -404 
504 -0.1148050297095268 -1.622836140246614 0 1.318389841742373e-16 -1.6 0 0 2 404 -405 
505 -0.2121320343559642 -1.687867965644036 0 -0.1148050297095268 -1.622836140246614 0 0 2 405 -406 
506 -0.277163859753386 -1.785194970290473 0 -0.2121320343559642 -1.687867965644036 0 0 2 406 -407 
507 -0.2999999999999999 -1.9 0 -0.2771638597533859 -1.785194970290473 0 0 2 407 -408 
508 -0.2999999999999999 -2.014805029709527 0 -0.2771638597533859 -1.9 0 0 2 408 -409 
509 -0.2771638597533859 -2.112132034355964 0 -0.2121320343559642 -2.014805029709527 0 0 2 409 -410 
510 -0.2121320343559643 -2.177163859753386 0 -0.114805029709527 -2.112132034355964 0 0 2 410 -411 
511 -0.114805029709527 -2.2 0 1.040834085586084e-16 -2.177163859753386 0 0 2 411 -412 
512 6.245004513516506e-17 -2.2 0 0.114805029709527 -2.177163859753386 0 0 2 412 -413 
513 0.1148050297095271 -2.177163859753386 0 0.2121320343559644 -2.112132034355964 0 0 2 413 -414 
514 0.2121320343559643 -2.112132034355964 0 0.2771638597533859 -2.014805029709527 0 0 2 414 -415 
515 0.277163859753386 -2.014805029709527 0 0.3000000000000002 -1.9 0 0 2 415 -400 
520 2.084171240714177 -0.5871322893124 0 2.107007380960792 -0.472327259602873 0 0 2 420 -421 
521 2.019139415316756 -0.4723272596028731 0 2.084171240714177 -0.3750002549564358 0 0 2 421 -422 
522 1.921812410670318 -0.3750002549564359 0 2.019139415316756 -0.3099684295590142 0 0 2 422 -423 
523 1.807007380960792 -0.309968429559014 0 1.921812410670318 -0.2871322893124 0 0 2 423 -424 
524 1.692202351251265 -0.309968429559014 0 1.807007380960792 -0.2871322893124 0 0 2 424 -425 
525 1.594875346604827 -0.3750002549564358 0 1.692202351251265 -0.309968429559014 0 0 2 425 -426 
526 1.529843521207406 -0.472327259602873 0 1.594875346604827 -0.3750002549564357 0 0 2 426 -427 
527 1.507007380960792 -0.5871322893124 0 1.529843521207406 -0.472327259602873 0 0 2 427 -428 
528 1.507007380960792 -0.7019373190219269 0 1.529843521207406 -0.5871322893124 0 0 2 428 -429 
529 1.529843521207406 -0.7992643236683643 0 1.594875346604827 -0.7019373190219269 0 0 2 429 -430 
530 1.594875346604827 -0.864296149065786 0 1.692202351251265 -0.7992643236683643 0 0 2 430 -431 
531 1.692202351251265 -0.8871322893124 0 1.807007380960792 -0.8642961490657859 0 0 2 431 -432 
532 1.807007380960792 -0.8871322893124001 0 1.921812410670319 -0.864296149065786 0 0 2 432 -433 
533 1.921812410670319 -0.8642961490657859 0 2.019139415316756 -0.7992643236683643 0 0 2 433 -434 
534 2.019139415316756 -0.7992643236683643 0 2.084171240714177 -0.7019373190219271 0 0 2 434 -435 
535 2.084171240714177 -0.7019373190219271 0 2.107007380960792 -0.5871322893124 0 0 2 435 -420 
540 1.393955839109085 1.5371322893124 0 1.416791979355699 1.651937319021927 0 0 2 440 -441 
541 1.328924013711663 1.651937319021927 0 1.393955839109085 1.749264323668364 0 0 2 441 -442 
542 1.231597009065226 1.749264323668364 0 1.328924013711663 1.814296149065786 0 0 2 442 -443 
543 1.116791979355699 1.814296149065786 0 1.231597009065226 1.8371322893124 0 0 2 443 -444 
544 1.001986949646172 1.814296149065786 0 1.116791979355699 1.8371322893124 0 0 2 444 -445 
545 0.9046599449997346 1.749264323668364 0 1.001986949646172 1.814296149065786 0 0 2 445 -446 
546 0.8396281196023128 1.651937319021927 0 0.9046599449997346 1.749264323668364 0 0 2 446 -447 
547 0.8167919793556988 1.5371322893124 0 0.8396281196023128 1.651937319021927 0 0 2 447 -448 
548 0.8167919793556988 1.422327259602873 0 0.8396281196023128 1.5371322893124 0 0 2 448 -449 
549 0.8396281196023128 1.325000254956436 0 0.9046599449997346 1.422327259602873 0 0 2 449 -450 
550 0.9046599449997346 1.259968429559014 0 1.001986949646172 1.325000254956436 0 0 2 450 -451 
551 1.001986949646172 1.2371322893124 0 1.116791979355699 1.259968429559014 0 0 2 451 -452 
552 1.116791979355699 1.2371322893124 0 1.231597009065226 1.259968429559014 0 0 2 452 -453 
553 1.231597009065226 1.259968429559014 0 1.328924013711663 1.325000254956436 0 0 2 453 -454 
554 1.328924013711663 1.325000254956436 0 1.393955839109085 1.422327259602873 0 0 2 454 -455 
555 1.393955839109085 1.422327259602873 0 1.416791979355699 1.5371322893124 0 0 2 455 -440 
560 -0.8396281196023125 1.5371322893124 0 -0.8167919793556986 1.651937319021927 0 0 2 460 -461 
561 -0.9046599449997343 1.651937319021927 0 -0.8396281196023125 1.749264323668364 0 0 2 461 -462 
562 -1.001986949646172 1.749264323668364 0 -0.9046599449997343 1.814296149065786 0 0 2 462 -463 
563 -1.116791979355699 1.814296149065786 0 -1.001986949646172 1.8371322893124 0 0 2 463 -464 
564 -1.231597009065226 1.814296149065786 0 -1.116791979355699 1.8371322893124 0 0 2 464 -465 
565 -1.328924013711663 1.749264323668364 0 -1.231597009065226 1.814296149065786 0 0 2 465 -466 
566 -1.393955839109085 1.651937319021927 0 -1.328924013711663 1.749264323668364 0 0 2 466 -467 
567 -1.416791979355699 1.5371322893124 0 -1.393955839109085 1.651937319021927 0 0 2 467 -468 
568 -1.416791979355699 1.422327259602873 0 -1.393955839109085 1.5371322893124 0 0 2 468 -469 
569 -1.393955839109085 1.325000254956436 0 -1.328924013711663 1.422327259602873 0 0 2 469 -470 
570 -1.328924013711663 1.259968429559014 0 -1.231597009065226 1.325000254956436 0 0 2 470 -471 
571 -1.231597009065226 1.2371322893124 0 -1.116791979355699 1.259968429559014 0 0 2 471 -472 
572 -1.116791979355699 1.2371322893124 0 -1.001986949646172 1.259968429559014 0 0 2 472 -473 
573 -1.001986949646172 1.259968429559014 0 -0.9046599449997343 1.325000254956436 0 0 2 473 -474 
574 -0.9046599449997346 1.325000254956436 0 -0.8396281196023128 1.422327259602873 0 0 2 474 -475 
575 -0.8396281196023128 1.422327259602873 0 -0.8167919793556987 1.5371322893124 0 0 2 475 -460 
580 -1.529843521207406 -0.5871322893123998 0 -1.507007380960792 -0.4723272596028729 0 0 2 480 -481 
581 -1.594875346604828 -0.4723272596028728 0 -1.529843521207406 -0.3750002549564355 0 0 2 481 -482 
582 -1.692202351251265 -0.3750002549564355 0 -1.594875346604828 -0.3099684295590137 0 0 2 482 -483 
583 -1.807007380960792 -0.3099684295590138 0 -1.692202351251265 -0.2871322893123998 0 0 2 483 -484 
584 -1.921812410670319 -0.3099684295590138 0 -1.807007380960792 -0.2871322893123998 0 0 2 484 -485 
585 -2.019139415316756 -0.3750002549564356 0 -1.921812410670319 -0.3099684295590138 0 0 2 485 -486 
586 -2.084171240714178 -0.4723272596028728 0 -2.019139415316756 -0.3750002549564355 0 0 2 486 -487 
587 -2.107007380960792 -0.5871322893123998 0 -2.084171240714178 -0.4723272596028728 0 0 2 487 -488 
588 -2.107007380960792 -0.7019373190219266 0 -2.084171240714178 -0.5871322893123998 0 0 2 488 -489 
589 -2.084171240714178 -0.7992643236683641 0 -2.019139415316756 -0.7019373190219267 0 0 2 489 -490 
590 -2.019139415316756 -0.8642961490657858 0 -1.921812410670319 -0.7992643236683641 0 0 2 490 -491 
591 -1.921812410670319 -0.8871322893123997 0 -1.807007380960792 -0.8642961490657857 0 0 2 491 -492 
592 -1.807007380960792 -0.8871322893123998 0 -1.692202351251265 -0.8642961490657859 0 0 2 492 -493 
593 -1.692202351251265 -0.8642961490657857 0 -1.594875346604828 -0.799264323668364 0 0 2 493 -494 
594 -1.594875346604828 -0.7992643236683641 0 -1.529843521207406 -0.7019373190219269 0 0 2 494 -495 
595 -1.529843521207406 -0.7019373190219269 0 -1.507007380960792 -0.5871322893123998 0 0 2 495 -480 
1 -2.853169548885461 -3 0 2.853169548885461 2.427050983124842 0 0 90 100 101 102 103 104 105 106 107 108 109 -515 -514 -513 -512 -511 -510 -509 -508 -507 -506 -505 -504 -503 -502 -501 -500 -535 -534 -533 -532 -531 -530 -529 -528 -527 -526 -525 -524 -523 -522 -521 -520 -555 -554 -553 -552 -551 -550 -549 -548 -547 -546 -545 -544 -543 -542 -541 -540 -575 -574 -573 -572 -571 -570 -569 -568 -567 -566 -565 -564 -563 -562 -561 -560 -595 -594 -593 -592 -591 -590 -589 -588 -587 -586 -585 -584 -583 -582 -581 -580 
$EndEntities
$Nodes
186 3196 1 3196
0 1 0 1
1
1.836909530733566e-16 -3 0
0 2 0 1
2
0.7053423027509678 -0.9708203932499369 0
0 3 0 1
3
2.85316954888546 -0.9270509831248421 0
0 4 0 1
4
1.141267819554184 0.3708203932499369 0
0 5 0 1
5
1.763355756877419 2.427050983124842 0
0 6 0 1
6
7.347638122934263e-17 1.2 0
0 7 0 1
7
-1.763355756877419 2.427050983124842 0
0 8 0 1
8
-1.141267819554184 0.370820393249937 0
0 9 0 1
9
-2.853169548885461 -0.9270509831248419 0
0 10 0 1
10
-0.7053423027509679 -0.9708203932499367 0
0 300 0 1
11
1.163376036131258e-16 -1.9 0
0 301 0 1
12
1.807007380960792 -0.5871322893124 0
0 302 0 1
13
1.116791979355699 1.5371322893124 0
0 303 0 1
14
-1.116791979355699 1.5371322893124 0
0 304 0 1
15
-1.807007380960792 -0.5871322893123998 0
0 400 0 1
16
0.3000000000000001 -1.9 0
0 401 0 1
17
0.2771638597533861 -1.785194970290473 0
0 402 0 1
18
0.2121320343559644 -1.687867965644036 0
0 403 0 1
19
0.1148050297095271 -1.622836140246614 0
0 404 0 1
20
1.347066989204615e-16 -1.6 0
0 405 0 1
21
-0.1148050297095268 -1.622836140246614 0
0 406 0 1
22
-0.2121320343559641 -1.687867965644036 0
0 407 0 1
23
-0.2771638597533859 -1.785194970290473 0
0 408 0 1
24
-0.2999999999999999 -1.9 0
0 409 0 1
25
-0.2771638597533859 -2.014805029709527 0
0 410 0 1
26
-0.2121320343559642 -2.112132034355964 0
0 411 0 1
27
-0.114805029709527 -2.177163859753386 0
0 412 0 1
28
6.123031769111885e-17 -2.2 0
0 413 0 1
29
0.1148050297095271 -2.177163859753386 0
0 414 0 1
30
0.2121320343559643 -2.112132034355964 0
0 415 0 1
31
0.277163859753386 -2.014805029709527 0
0 420 0 1
32
2.107007380960792 -0.5871322893124 0
0 421 0 1
33
2.084171240714177 -0.4723272596028731 0
0 422 0 1
34
2.019139415316756 -0.3750002549564358 0
0 423 0 1
35
1.921812410670318 -0.309968429559014 0
0 424 0 1
36
1.807007380960792 -0.2871322893124 0
0 425 0 1
37
1.692202351251265 -0.309968429559014 0
0 426 0 1
38
1.594875346604827 -0.3750002549564357 0
0 427 0 1
39
1.529843521207406 -0.472327259602873 0
0 428 0 1
40
1.507007380960792 -0.5871322893124 0
0 429 0 1
41
1.529843521207406 -0.7019373190219269 0
0 430 0 1
42
1.594875346604827 -0.7992643236683643 0
0 431 0 1
43
1.692202351251265 -0.8642961490657859 0
0 432 0 1
44
1.807007380960792 -0.8871322893124001 0
0 433 0 1
45
1.921812410670319 -0.864296149065786 0
0 434 0 1
46
2.019139415316756 -0.7992643236683643 0
0 435 0 1
47
2.084171240714177 -0.7019373190219271 0
0 440 0 1
48
1.416791979355699 1.5371322893124 0
0 441 0 1
49
1.393955839109085 1.651937319021927 0
0 442 0 1
50
1.328924013711663 1.749264323668364 0
0 443 0 1
51
1.231597009065226 1.814296149065786 0
0 444 0 1
52
1.116791979355699 1.8371322893124 0
0 445 0 1
53
1.001986949646172 1.814296149065786 0
0 446 0 1
54
0.9046599449997346 1.749264323668364 0
0 447 0 1
55
0.8396281196023128 1.651937319021927 0
0 448 0 1
56
0.8167919793556988 1.5371322893124 0
0 449 0 1
57
0.8396281196023128 1.422327259602873 0
0 450 0 1
58
0.9046599449997346 1.325000254956436 0
0 451 0 1
59
1.001986949646172 1.259968429559014 0
0 452 0 1
60
1.116791979355699 1.2371322893124 0
0 453 0 1
61
1.231597009065226 1.259968429559014 0
0 454 0 1
62
1.328924013711663 1.325000254956436 0
0 455 0 1
63
1.393955839109085 1.422327259602873 0
0 460 0 1
64
-0.8167919793556986 1.5371322893124 0
0 461 0 1
65
-0.8396281196023125 1.651937319021927 0
0 462 0 1
66
-0.9046599449997343 1.749264323668364 0
0 463 0 1
67
-1.001986949646172 1.814296149065786 0
0 464 0 1
68
-1.116791979355699 1.8371322893124 0
0 465 0 1
69
-1.231597009065226 1.814296149065786 0
0 466 0 1
70
-1.328924013711663 1.749264323668364 0
0 467 0 1
71
-1.393955839109085 1.651937319021927 0
0 468 0 1
72
-1.416791979355699 1.5371322893124 0
0 469 0 1
73
-1.393955839109085 1.422327259602873 0
0 470 0 1
74
-1.328924013711663 1.325000254956436 0
0 471 0 1
75
-1.231597009065226 1.259968429559014 0
0 472 0 1
76
-1.116791979355699 1.2371322893124 0
0 473 0 1
77
-1.001986949646172 1.259968429559014 0
0 474 0 1
78
-0.9046599449997345 1.325000254956436 0
0 475 0 1
79
-0.8396281196023128 1.422327259602873 0
0 480 0 1
80
-1.507007380960792 -0.5871322893123998 0
0 481 0 1
81
-1.529843521207406 -0.4723272596028729 0
0 482 0 1
82
-1.594875346604828 -0.3750002549564356 0
0 483 0 1
83
-1.692202351251265 -0.3099684295590138 0
0 484 0 1
84
-1.807007380960792 -0.2871322893123998 0
0 485 0 1
85
-1.921812410670319 -0.3099684295590138 0
0 486 0 1
86
-2.019139415316756 -0.3750002549564355 0
0 487 0 1
87
-2.084171240714178 -0.4723272596028728 0
0 488 0 1
88
-2.107007380960792 -0.5871322893123998 0
0 489 0 1
89
-2.084171240714178 -0.7019373190219267 0
0 490 0 1
90
-2.019139415316756 -0.7992643236683641 0
0 491 0 1
91
-1.921812410670319 -0.8642961490657857 0
0 492 0 1
92
-1.807007380960792 -0.8871322893123998 0
0 493 0 1
93
-1.692202351251265 -0.8642961490657858 0
0 494 0 1
94
-1.594875346604828 -0.7992643236683641 0
0 495 0 1
95
-1.529843521207406 -0.7019373190219269 0
1 100 0 26
96
97
98
99
100
101
102
103
104
105
106
107
108
109
110
111
112
113
114
115
116
117
118
119
120
121
0.02612378899076659 -2.924845199750027 0
0.05224757798153302 -2.849690399500054 0
0.07837136697230161 -2.774535599250074 0
0.1044951559630664 -2.699380799000106 0
0.1306189449538298 -2.624225998750142 0
0.1567427339445913 -2.549071198500183 0
0.1828665229353578 -2.473916398250209 0
0.2089903119261218 -2.398761598000243 0
0.2351141009168832 -2.323606797750284 0
0.2612378899076462 -2.248451997500321 0
0.2873616788984079 -2.173297197250362 0
0.3134854678891508 -2.098142397000456 0
0.3396092568796626 -2.022987596751215 0
0.3657330458703341 -1.947832796501515 0
0.391856834861112 -1.872677996251509 0
0.4179806238518899 -1.797523196001503 0
0.4441044128426698 -1.722368395751491 0
0.4702282018334483 -1.647213595501483 0
0.4963519908243222 -1.572058795251201 0
0.5224757798152276 -1.496903995000828 0
0.548599568806133 -1.421749194750455 0
0.5747233577970385 -1.346594394500082 0
0.6008471467878489 -1.271439594249983 0
0.6269709357786311 -1.196284793999964 0
0.6530947247694094 -1.121129993749956 0
0.6792185137601874 -1.04597519349995 0
1 101 0 26
122
123
124
125
126
127
128
129
130
131
132
133
134
135
136
137
138
139
140
141
142
143
144
145
146
147
0.7848914600150471 -0.9691993039860477 0
0.8644406172791276 -0.9675782147221585 0
0.9439897745433261 -0.9659571254582671 0
1.023538931807334 -0.9643360361943795 0
1.103088089071409 -0.9627149469304904 0
1.182637246335509 -0.9610938576666008 0
1.262186403599649 -0.9594727684027105 0
1.341735560863694 -0.9578516791388221 0
1.421284718127788 -0.9562305898749327 0
1.50083387539187 -0.9546095006110435 0
1.58038303265584 -0.9529884113471566 0
1.659932189919797 -0.95136732208327 0
1.73948134718372 -0.9497462328193841 0
1.819030504447944 -0.948125143555492 0
1.898579661712436 -0.9465040542915945 0
1.978128818976927 -0.944882965027697 0
2.05767797624102 -0.9432618757638076 0
2.137227133505505 -0.9416407864999102 0
2.216776290770134 -0.9400196972360099 0
2.296325448034513 -0.9383986079721147 0
2.375874605298824 -0.9367775187082208 0
2.455423762563329 -0.9351564294443231 0
2.53497291982801 -0.9335353401804217 0
2.614522077092401 -0.9319142509165262 0
2.69407123435661 -0.9302931616526344 0
2.77362039162123 -0.9286720723887343 0
1 102 0 26
148
149
150
151
152
153
154
155
156
157
158
159
160
161
162
163
164
165
166
167
168
169
170
171
172
173
2.789765781132549 -0.878981672888814 0
2.726362013379719 -0.8309123626528478 0
2.662958245626836 -0.7828430524168414 0
2.599554477874021 -0.7347737421808861 0
2.536150710121135 -0.6867044319448778 0
2.472746942368392 -0.6386351217089774 0
2.409343174615581 -0.5905658114730257 0
2.345939406862778 -0.5424965012370797 0
2.282535639109983 -0.4944271910011397 0
2.219131871357257 -0.4463578807652523 0
2.15572810360445 -0.3982885705293034 0
2.092324335851483 -0.3502192602932337 0
2.028920568098717 -0.3021499500573155 0
1.965516800345711 -0.2540806398212159 0
1.90211303259246 -0.2060113295849303 0
1.838709264839264 -0.1579420193486863 0
1.77530549708604 -0.109872709112422 0
1.711901729332817 -0.06180339887615749 0
1.648497961579649 -0.01373408863993497 0
1.585094193826481 0.03433522159628788 0
1.521690426073329 0.08240453183249818 0
1.458286658320168 0.1304738420687153 0
1.394882890566977 0.1785431523049548 0
1.331479122813747 0.2266124625412245 0
1.268075355060516 0.2746817727774951 0
1.204671587307345 0.3227510830137199 0
1 103 0 26
174
175
176
177
178
179
180
181
182
183
184
185
186
187
188
189
190
191
192
193
194
195
196
197
198
199
1.164308113529087 0.4469770817637168 0
1.187348407503985 0.5231337702774822 0
1.210388701478886 0.5992904587912552 0
1.233428995453764 0.6754471473049544 0
1.256469289428637 0.7516038358186352 0
1.279509583403517 0.8277605243323409 0
1.302549877378385 0.9039172128460068 0
1.325590171353258 0.9800739013596867 0
1.348630465328111 1.056230589873304 0
1.371670759302991 1.132387278387008 0
1.394711053277859 1.208543966900675 0
1.41775134725272 1.284700655414314 0
1.440791641227598 1.360857343928013 0
1.463831935202528 1.437014032441881 0
1.486872229177493 1.513170720955869 0
1.509912523152468 1.589327409469889 0
1.532952817127439 1.665484097983892 0
1.555993111102442 1.741640786498004 0
1.57903340507746 1.817797475012165 0
1.60207369905248 1.893954163526334 0
1.625113993027451 1.970110852040337 0
1.648154287002428 2.046267540554363 0
1.671194580977406 2.122424229068393 0
1.694234874952397 2.198580917582463 0
1.71727516892741 2.274737606096608 0
1.74031546290243 2.350894294610776 0
1 104 0 26
200
201
202
203
204
205
206
207
208
209
210
211
212
213
214
215
216
217
218
219
220
221
222
223
224
225
1.698046284400577 2.381604650416584 0
1.632736811923801 2.336158317708371 0
1.56742733944698 2.290711985000128 0
1.502117866970241 2.245265652291941 0
1.436808394493501 2.199819319583754 0
1.371498922016681 2.154372986875511 0
1.306189449539887 2.108926654167286 0
1.240879977063098 2.063480321459064 0
1.175570504586407 2.018033988750911 0
1.110261032109669 1.972587656042726 0
1.044951559632929 1.927141323334538 0
0.9796420871561575 1.881694990626329 0
0.9143326146793828 1.836248657918117 0
0.8490231422024594 1.790802325209802 0
0.7837136697253471 1.745355992501356 0
0.7184041972482038 1.699909659792888 0
0.6530947247711576 1.654463327084488 0
0.5877852522939941 1.609016994376006 0
0.5224757798169257 1.56357066166759 0
0.457166307339764 1.518124328959109 0
0.3918568348627047 1.4726779962507 0
0.3265473623855337 1.427231663542213 0
0.2612378899084398 1.381785330833779 0
0.1959284174313238 1.33633899812533 0
0.1306189449542305 1.290892665416897 0
0.06530947247711927 1.245446332708451 0
1 105 0 26
226
227
228
229
230
231
232
233
234
235
236
237
238
239
240
241
242
243
244
245
246
247
248
249
250
251
-0.06530947247679883 1.245446332708228 0
-0.1306189449535975 1.290892665416457 0
-0.1959284174304196 1.336338998124701 0
-0.2612378899072175 1.381785330832928 0
-0.3265473623839723 1.427231663541126 0
-0.3918568348606898 1.472677996249298 0
-0.457166307337438 1.518124328957491 0
-0.5224757798142273 1.563570661665712 0
-0.5877852522909276 1.609016994373872 0
-0.6530947247676843 1.654463327082071 0
-0.7184041972444446 1.699909659790273 0
-0.7837136697211832 1.745355992498459 0
-0.8490231421979321 1.790802325206652 0
-0.9143326146748623 1.836248657914972 0
-0.9796420871519878 1.881694990623427 0
-1.044951559629009 1.927141323331811 0
-1.11026103210613 1.972587656040263 0
-1.175570504583305 2.018033988748753 0
-1.240879977060437 2.063480321457213 0
-1.306189449537554 2.108926654165663 0
-1.371498922014725 2.15437298687415 0
-1.436808394491881 2.199819319582627 0
-1.502117866968955 2.245265652291046 0
-1.5674273394461 2.290711984999516 0
-1.632736811923198 2.336158317707952 0
-1.698046284400337 2.381604650416417 0
1 106 0 26
252
253
254
255
256
257
258
259
260
261
262
263
264
265
266
267
268
269
270
271
272
273
274
275
276
277
-1.740315462902547 2.350894294611165 0
-1.717275168927635 2.274737606097352 0
-1.694234874952715 2.198580917583516 0
-1.671194580977803 2.122424229069706 0
-1.648154287002949 2.046267540556086 0
-1.625113993028108 1.970110852042509 0
-1.602073699053241 1.893954163528848 0
-1.579033405078354 1.817797475015122 0
-1.555993111103489 1.741640786501464 0
-1.532952817128629 1.665484097987826 0
-1.509912523153764 1.589327409474173 0
-1.486872229178885 1.513170720960468 0
-1.463831935204009 1.437014032446778 0
-1.440791641229087 1.360857343932935 0
-1.417751347254091 1.284700655418845 0
-1.394711053279094 1.208543966904754 0
-1.371670759304105 1.132387278390691 0
-1.348630465329124 1.056230589876652 0
-1.325590171354129 0.9800739013625659 0
-1.302549877379133 0.9039172128484789 0
-1.27950958340414 0.8277605243344002 0
-1.256469289429149 0.7516038358203292 0
-1.233428995454157 0.6754471473062527 0
-1.210388701479149 0.5992904587921251 0
-1.187348407504162 0.5231337702780685 0
-1.16430811352918 0.4469770817640235 0
1 107 0 26
278
279
280
281
282
283
284
285
286
287
288
289
290
291
292
293
294
295
296
297
298
299
300
301
302
303
-1.204671587307052 0.3227510830139418 0
-1.268075355059896 0.2746817727779648 0
-1.331479122812848 0.2266124625419067 0
-1.3948828905657 0.178543152305923 0
-1.45828665831855 0.1304738420699422 0
-1.521690426071403 0.08240453183395857 0
-1.585094193824166 0.03433522159804314 0
-1.648497961577029 -0.01373408863794812 0
-1.711901729329768 -0.06180339887384589 0
-1.775305497082668 -0.1098727091098655 0
-1.838709264835515 -0.1579420193458445 0
-1.902113032588305 -0.2060113295817801 0
-1.965516800341207 -0.2540806398178012 0
-2.028920568094205 -0.3021499500538943 0
-2.09232433584742 -0.3502192602901528 0
-2.155728103600691 -0.3982885705264531 0
-2.219131871353769 -0.4463578807626076 0
-2.282535639106831 -0.4944271909987499 0
-2.345939406860061 -0.542496501235019 0
-2.40934317461328 -0.5905658114712806 0
-2.472746942366546 -0.6386351217075779 0
-2.536150710119668 -0.6867044319437647 0
-2.599554477872727 -0.7347737421799048 0
-2.662958245625905 -0.7828430524161352 0
-2.726362013379146 -0.8309123626524126 0
-2.789765781132363 -0.8789816728886728 0
1 108 0 26
304
305
306
307
308
309
310
311
312
313
314
315
316
317
318
319
320
321
322
323
324
325
326
327
328
329
-2.77362039162125 -0.9286720723887337 0
-2.694071234357121 -0.9302931616526239 0
-2.614522077093191 -0.9319142509165099 0
-2.534972919829131 -0.9335353401803986 0
-2.455423762565097 -0.9351564294442868 0
-2.375874605300961 -0.936777518708177 0
-2.296325448036861 -0.9383986079720666 0
-2.21677629077289 -0.9400196972359536 0
-2.13722713350877 -0.9416407864998435 0
-2.057677976244802 -0.9432618757637303 0
-1.978128818980841 -0.944882965027617 0
-1.898579661716945 -0.9465040542915024 0
-1.819030504452888 -0.9481251435553911 0
-1.739481347188665 -0.9497462328192832 0
-1.65993218992424 -0.9513673220831793 0
-1.580383032659808 -0.9529884113470756 0
-1.500833875395336 -0.9546095006109727 0
-1.42128471813095 -0.9562305898748681 0
-1.341735560866478 -0.9578516791387652 0
-1.26218640360201 -0.9594727684026623 0
-1.182637246337624 -0.9610938576665576 0
-1.103088089073152 -0.9627149469304548 0
-1.023538931808682 -0.9643360361943518 0
-0.9439897745442962 -0.9659571254582472 0
-0.8644406172798238 -0.9675782147221443 0
-0.784891460015352 -0.9691993039860414 0
1 109 0 26
330
331
332
333
334
335
336
337
338
339
340
341
342
343
344
345
346
347
348
349
350
351
352
353
354
355
-0.6792185137603426 -1.045975193499504 0
-0.6530947247697209 -1.121129993749061 0
-0.6269709357790236 -1.196284793998835 0
-0.6008471467882732 -1.271439594248762 0
-0.5747233577975206 -1.346594394498695 0
-0.5485995688067631 -1.421749194748642 0
-0.5224757798160202 -1.496903994998548 0
-0.4963519908252775 -1.572058795248453 0
-0.4702282018345278 -1.647213595498378 0
-0.4441044128437789 -1.7223683957483 0
-0.4179806238530306 -1.797523195998221 0
-0.3918568348622943 -1.872677996248107 0
-0.3657330458716701 -1.947832796497671 0
-0.3396092568809633 -2.022987596747473 0
-0.3134854678901994 -2.098142396997439 0
-0.2873616788994332 -2.173297197247411 0
-0.261237889908667 -2.248451997497384 0
-0.2351141009179032 -2.323606797747349 0
-0.2089903119269472 -2.398761597997868 0
-0.1828665229359284 -2.473916398248567 0
-0.1567427339449097 -2.549071198499266 0
-0.1306189449538903 -2.624225998749967 0
-0.1044951559630578 -2.69938079900013 0
-0.07837136697229385 -2.774535599250096 0
-0.0522475779815299 -2.849690399500062 0
-0.02612378899076606 -2.924845199750027 0
1 500 0 3
356
357
358
0.2985554179973391 -1.87059485785727 0
0.2942355841020771 -1.841472903300184 0
0.287082100652107 -1.81291459660096 0
1 501 0 3
359
360
361
0.2645763792689785 -1.758580978885732 0
0.2494408835944027 -1.733328929949905 0
0.2319031358994671 -1.709682014617658 0
1 502 0 3
362
363
364
0.1903179850939818 -1.668096863863882 0
0.1666710696062065 -1.650559116109 0
0.1414190208678481 -1.635423620599307 0
1 503 0 3
365
366
367
0.08708540317310071 -1.612917899279355 0
0.05852709647830182 -1.605764415853861 0
0.02940514201067982 -1.601444581989655 0
1 504 0 3
368
369
370
-0.02940514222866069 -1.601444582011124 0
-0.05852709680696826 -1.605764415919237 0
-0.08708540328113852 -1.612917899312128 0
1 505 0 3
371
372
373
-0.1414190211633813 -1.635423620757273 0
-0.1666710701343382 -1.650559116461887 0
-0.1903179853876955 -1.668096864104926 0
1 506 0 3
374
375
376
-0.231903136026771 -1.709682014772778 0
-0.2494408837939094 -1.733328930248488 0
-0.264576379328004 -1.758580978996161 0
1 507 0 3
377
378
379
-0.2870821007803825 -1.812914597023828 0
-0.2942355842100493 -1.841472903842998 0
-0.2985554180226324 -1.870594858114079 0
1 508 0 3
380
381
382
-0.298555418002767 -1.929405142087618 0
-0.2942355841236846 -1.958527096591186 0
-0.2870821007003338 -1.987085403240057 0
1 509 0 3
383
384
385
-0.2645763792964948 -2.041419021062788 0
-0.2494408836526075 -2.066671069962985 0
-0.2319031360224124 -2.090317985232532 0
1 510 0 3
386
387
388
-0.1903179851644475 -2.131903136078289 0
-0.1666710697564261 -2.149440883790626 0
-0.1414190208580393 -2.164576379405935 0
1 511 0 3
389
390
391
-0.08708540304503005 -2.187082100759495 0
-0.05852709641782065 -2.194235584158169 0
-0.02940514203575 -2.198555418007876 0
1 512 0 3
392
393
394
0.0294051420873405 -2.198555418002794 0
0.0585270966405936 -2.194235584113857 0
0.08708540328366526 -2.187082100687105 0
1 513 0 3
395
396
397
0.1414190211739598 -2.164576379237072 0
0.1666710700718047 -2.149440883579897 0
0.1903179854117858 -2.131903135875303 0
1 514 0 3
398
399
400
0.2319031360357002 -2.090317985216341 0
0.2494408838493868 -2.066671069668484 0
0.2645763793274954 -2.04141902100479 0
1 515 0 3
401
402
403
0.2870821007127514 -1.987085403199123 0
0.2942355841473604 -1.958527096472161 0
0.2985554180136755 -1.929405141976865 0
1 520 0 3
404
405
406
2.105562798950867 -0.557727147095922 0
2.101242965075472 -0.528605192675947 0
2.094089481665412 -0.5000468860864732 0
1 521 0 3
407
408
409
2.071583760249382 -0.4457132682348237 0
2.056448264555584 -0.4204612192628885 0
2.038910516940864 -0.3968143040282761 0
1 522 0 3
410
411
412
1.997325366330878 -0.3552291534028754 0
1.973678450810199 -0.3376914055839022 0
1.948426401898489 -0.3225559099490432 0
1 523 0 3
413
414
415
1.894092783825633 -0.3000501884982457 0
1.86553447733075 -0.2928967051447104 0
1.836412522887958 -0.2885768712938298 0
1 524 0 3
416
417
418
1.7776022387796 -0.2885768713188492 0
1.748480284320056 -0.2928967051985712 0
1.719921977605081 -0.3000501886471494 0
1 525 0 3
419
420
421
1.665588359864641 -0.322555910033738 0
1.640336310887749 -0.3376914057333307 0
1.616689395530337 -0.3552291534524177 0
1 526 0 3
422
423
424
1.575104244943397 -0.3968143040737533 0
1.557566497192953 -0.4204612195218697 0
1.542431001635992 -0.4457132683025655 0
1 527 0 3
425
426
427
1.519925280216012 -0.5000468862188605 0
1.512771796825583 -0.5286051927791473 0
1.508451962940434 -0.5577271474033774 0
1 528 0 3
428
429
430
1.508451962959251 -0.6165374314124749 0
1.512771796850373 -0.6456593859702777 0
1.5199252802621 -0.6742176925578721 0
1 529 0 3
431
432
433
1.542431001636871 -0.7285513103238779 0
1.557566497293721 -0.7538033592537404 0
1.575104245049869 -0.7774502746807834 0
1 530 0 3
434
435
436
1.616689395822204 -0.8190354254119115 0
1.6403363111428 -0.8365731730618895 0
1.665588359867701 -0.851708668592698 0
1 531 0 3
437
438
439
1.719921977799136 -0.8742143900365167 0
1.748480284678983 -0.8813678734976237 0
1.777602239050076 -0.8856877073325904 0
1 532 0 3
440
441
442
1.836412523140698 -0.8856877073060776 0
1.865534477602949 -0.881367873425946 0
1.894092784249583 -0.8742143899979504 0
1 533 0 3
443
444
445
1.948426402057003 -0.8517086685910298 0
1.973678451033939 -0.8365731728913995 0
1.997325366312555 -0.8190354252369627 0
1 534 0 3
446
447
448
2.038910517093682 -0.7774502744103147 0
2.056448264704714 -0.7538033591387228 0
2.071583760300824 -0.7285513102937335 0
1 535 0 3
449
450
451
2.094089481676858 -0.6742176925005949 0
2.101242965075145 -0.645659385950497 0
2.105562798962089 -0.6165374314149338 0
1 540 0 3
452
453
454
1.415347397350696 1.56653743147891 0
1.411027563493703 1.595659385831597 0
1.403874080093436 1.624217692429156 0
1 541 0 3
455
456
457
1.381368358577774 1.678551310514417 0
1.366232862859842 1.703803359497578 0
1.348695115298283 1.727450274642203 0
1 542 0 3
458
459
460
1.307109964525025 1.769035425386684 0
1.283463049143376 1.786573173082145 0
1.258211000266936 1.8017086686899 0
1 543 0 3
461
462
463
1.203877382316972 1.824214390097302 0
1.175319075645775 1.831367873495979 0
1.146197121441987 1.835687707315298 0
1 544 0 3
464
465
466
1.087386837189188 1.835687707307397 0
1.058264882836502 1.831367873450404 0
1.029706576238943 1.824214390050137 0
1 545 0 3
467
468
469
0.9753729582228905 1.801708668571468 0
0.9501209092755943 1.786573172886751 0
0.9264739940580412 1.769035425281366 0
1 546 0 3
470
471
472
0.8848888432780857 1.727450274477671 0
0.8673510955951385 1.703803359113822 0
0.8522155999607585 1.678551310191009 0
1 547 0 3
473
474
475
0.8297098785595267 1.624217692236521 0
0.8225563951715997 1.595659385599864 0
0.8182365613506385 1.566537431376734 0
1 548 0 3
476
477
478
0.8182365613615522 1.507727147137256 0
0.8225563952284429 1.478605192739167 0
0.8297098786294189 1.450046886157875 0
1 549 0 3
479
480
481
0.8522156001187701 1.395713268138172 0
0.8673510958033789 1.370461219199324 0
0.8848888433870141 1.3468143040144 0
1 550 0 3
482
483
484
0.9264739942432345 1.30522915319145 0
0.950120909702455 1.28769140545283 0
0.9753729583539823 1.272555909983262 0
1 551 0 3
485
486
487
1.029706576379724 1.250050188531957 0
1.058264883071896 1.242896705127573 0
1.087386837436434 1.238576871293052 0
1 552 0 3
488
489
490
1.146197121522209 1.238576871317403 0
1.175319075874896 1.242896705174396 0
1.203877382472455 1.250050188574663 0
1 553 0 3
491
492
493
1.258211000557716 1.272555910090325 0
1.283463049540877 1.287691405808257 0
1.307109964685502 1.305229153369815 0
1 554 0 3
494
495
496
1.348695115484966 1.34681430421007 0
1.366232863094883 1.370461219478985 0
1.381368358651244 1.395713268247835 0
1 555 0 3
497
498
499
1.403874080136141 1.450046886336426 0
1.411027563540526 1.478605193028597 0
1.415347397375047 1.507727147393135 0
1 560 0 3
500
501
502
-0.818236561361552 1.566537431487544 0
-0.8225563952284427 1.595659385885632 0
-0.8297098786294187 1.624217692466924 0
1 561 0 3
503
504
505
-0.8522156001187698 1.678551310486628 0
-0.8673510958033787 1.703803359425476 0
-0.8848888433870139 1.7274502746104 0
1 562 0 3
506
507
508
-0.9264739941753004 1.769035425377598 0
-0.9501209095549543 1.786573173073414 0
-0.9753729584359121 1.801708668685331 0
1 563 0 3
509
510
511
-1.029706576280714 1.824214390062808 0
-1.05826488302069 1.831367873487042 0
-1.087386837203523 1.835687707308809 0
1 564 0 3
512
513
514
-1.146197121605057 1.835687707299237 0
-1.175319075990132 1.831367873427483 0
-1.203877382632495 1.824214390001589 0
1 565 0 3
515
516
517
-1.258211000502215 1.801708668564141 0
-1.283463049483843 1.786573172854652 0
-1.307109964695311 1.769035425246934 0
1 566 0 3
518
519
520
-1.34869511538261 1.727450274539451 0
-1.366232863104027 1.703803359132129 0
-1.381368358786617 1.678551310123698 0
1 567 0 3
521
522
523
-1.403874080154036 1.624217692229382 0
-1.411027563548841 1.595659385554401 0
-1.415347397364694 1.566537431336784 0
1 568 0 3
524
525
526
-1.415347397348815 1.507727147126797 0
-1.411027563484083 1.478605192744839 0
-1.403874080071957 1.450046886124839 0
1 569 0 3
527
528
529
-1.381368358627495 1.395713268203403 0
-1.366232862973289 1.370461219297008 0
-1.348695115262828 1.346814303939395 0
1 570 0 3
530
531
532
-1.307109964432836 1.305229153162458 0
-1.283463049135563 1.287691405537435 0
-1.258211000428809 1.272555910021423 0
1 571 0 3
533
534
535
-1.203877382480395 1.250050188577072 0
-1.175319075626376 1.242896705124962 0
-1.146197121289011 1.238576871294435 0
1 572 0 3
536
537
538
-1.087386837183257 1.238576871317987 0
-1.058264882667971 1.242896705207919 0
-1.029706576059811 1.250050188629002 0
1 573 0 3
539
540
541
-0.9753729583179656 1.272555910002513 0
-0.9501209093240774 1.287691405705653 0
-0.9264739940867401 1.305229153319881 0
1 574 0 3
542
543
544
-0.8848888432578241 1.346814304171818 0
-0.8673510955104163 1.370461219637773 0
-0.8522156000024153 1.395713268355856 0
1 575 0 3
545
546
547
-0.829709878576402 1.450046886332649 0
-0.8225563951776362 1.47860519299459 0
-0.8182365613372902 1.507727147383592 0
1 580 0 3
548
549
550
-1.508451962969516 -0.5577271471081057 0
-1.512771796885949 -0.5286051924756673 0
-1.519925280264662 -0.5000468860584847 0
1 581 0 3
551
552
553
-1.5424310016779 -0.4457132682241625 0
-1.557566497360584 -0.4204612192709924 0
-1.57510424504787 -0.3968143039464519 0
1 582 0 3
554
555
556
-1.61668939574271 -0.3552291532781283 0
-1.640336311209714 -0.3376914055182004 0
-1.665588359961155 -0.3225559099821497 0
1 583 0 3
557
558
559
-1.71992197798462 -0.3000501885320172 0
-1.74848028480379 -0.2928967051023504 0
-1.777602239074871 -0.2885768712897673 0
1 584 0 3
560
561
562
-1.836412523103522 -0.2885768713150608 0
-1.865534477660608 -0.2928967052103228 0
-1.894092784359832 -0.3000501886602929 0
1 585 0 3
563
564
565
-1.948426402192662 -0.3225559101062813 0
-1.973678451125516 -0.3376914057945902 0
-1.997325366358853 -0.355229153425833 0
1 586 0 3
566
567
568
-2.038910517160588 -0.3968143042960098 0
-2.056448264833489 -0.4204612196788027 0
-2.071583760316774 -0.4457132683609055 0
1 587 0 3
569
570
571
-2.094089481707355 -0.5000468862247415 0
-2.101242965074506 -0.5286051926710879 0
-2.105562798977743 -0.5577271473687908 0
1 588 0 3
572
573
574
-2.10556279897143 -0.6165374313200997 0
-2.101242965049092 -0.6456593860814757 0
-2.094089481591363 -0.6742176927824343 0
1 589 0 3
575
576
577
-2.07158376025106 -0.7285513103868366 0
-2.056448264633067 -0.753803359245951 0
-2.038910516908814 -0.7774502746355767 0
1 590 0 3
578
579
580
-1.997325366220083 -0.8190354253128519 0
-1.973678450955185 -0.836573172944021 0
-1.948426402084594 -0.851708668576282 0
1 591 0 3
581
582
583
-1.894092783940543 -0.8742143900916964 0
-1.865534477278602 -0.8813678734904622 0
-1.8364125228896 -0.8856877073308083 0
1 592 0 3
584
585
586
-1.777602238654285 -0.8856877072936082 0
-1.748480284280568 -0.8813678734183741 0
-1.719921977653912 -0.8742143899924631 0
1 593 0 3
587
588
589
-1.6655883599402 -0.8517086686314488 0
-1.640336310828102 -0.8365731728516144 0
-1.61668939564924 -0.8190354252699624 0
1 594 0 3
590
591
592
-1.575104244841679 -0.7774502744271032 0
-1.55756649710444 -0.7538033589704607 0
-1.54243100163575 -0.7285513103217802 0
1 595 0 3
593
594
595
-1.519925280210808 -0.6742176923887835 0
-1.512771796808991 -0.6456593857622348 0
-1.508451962957971 -0.616537431399469 0
2 1 0 2601
596
597
598
599
600
601
602
603
604
605
606
607
608
609
610
611
612
613
614
615
616
617
618
619
620
621
622
623
624
625
626
627
628
629
630
631
632
633
634
635
636
637
638
639
640
641
642
643
644
645
646
647
648
649
650
651
652
653
654
655
656
657
658
659
660
661
662
663
664
665
666
667
668
669
670
671
672
673
674
675
676
677
678
679
680
681
682
683
684
685
686
687
688
689
690
691
692
693
694
695
696
697
698
699
700
701
702
703
704
705
706
707
708
709
710
711
712
713
714
715
716
717
718
719
720
721
722
723
724
725
726
727
728
729
730
731
732
733
734
735
736
737
738
739
740
741
742
743
744
745
746
747
748
749
750
751
752
753
754
755
756
757
758
759
760
761
762
763
764
765
766
767
768
769
770
771
772
773
774
775
776
777
778
779
780
781
782
783
784
785
786
787
788
789
790
791
792
793
794
795
796
797
798
799
800
801
802
803
804
805
806
807
808
809
810
811
812
813
814
815
816
817
818
819
820
821
822
823
824
825
826
827
828
829
830
831
832
833
834
835
836
837
838
839
840
841
842
843
844
845
846
847
848
849
850
851
852
853
854
855
856
857
858
859
860
861
862
863
864
865
866
867
868
869
870
871
872
873
874
875
876
877
878
879
880
881
882
883
884
885
886
887
888
889
890
891
892
893
894
895
896
897
898
899
900
901
902
903
904
905
906
907
908
909
910
911
912
913
914
915
916
917
918
919
920
921
922
923
924
925
926
927
928
929
930
931
932
933
934
935
936
937
938
939
940
941
942
943
944
945
946
947
948
949
950
951
952
953
954
955
956
957
958
959
960
961
962
963
964
965
966
967
968
969
970
971
972
973
974
975
976
977
978
979
980
981
982
983
984
985
986
987
988
989
990
991
992
993
994
995
996
997
998
999
1000
1001
1002
1003
1004
1005
1006
1007
1008
1009
1010
1011
1012
1013
1014
1015
1016
1017
1018
1019
1020
1021
1022
1023
1024
1025
1026
1027
1028
1029
1030
1031
1032
1033
1034
1035
1036
1037
1038
1039
1040
1041
1042
1043
1044
1045
1046
1047
1048
1049
1050
1051
1052
1053
1054
1055
1056
1057
1058
1059
1060
1061
1062
1063
1064
1065
1066
1067
1068
1069
1070
1071
1072
1073
1074
1075
1076
1077
1078
1079
1080
1081
1082
1083
1084
1085
1086
1087
1088
1089
1090
1091
1092
1093
1094
1095
1096
1097
1098
1099
1100
1101
1102
1103
1104
1105
1106
1107
1108
1109
1110
1111
1112
1113
1114
1115
1116
1117
1118
1119
1120
1121
1122
1123
1124
1125
1126
1127
1128
1129
1130
1131
1132
1133
1134
1135
1136
1137
1138
1139
1140
1141
1142
1143
1144
1145
1146
1147
1148
1149
1150
1151
1152
1153
1154
1155
1156
1157
1158
1159
1160
1161
1162
1163
1164
1165
1166
1167
1168
1169
1170
1171
1172
1173
1174
1175
1176
1177
1178
1179
1180
1181
1182
1183
1184
1185
1186
1187
1188
1189
1190
1191
1192
1193
1194
1195
1196
1197
1198
1199
1200
1201
1202
1203
1204
1205
1206
1207
1208
1209
1210
1211
1212
1213
1214
1215
1216
1217
1218
1219
1220
1221
1222
1223
1224
1225
1226
1227
1228
1229
1230
1231
1232
1233
1234
1235
1236
1237
1238
1239
1240
1241
1242
1243
1244
1245
1246
1247
1248
1249
1250
1251
1252
1253
1254
1255
1256
1257
1258
1259
1260
1261
1262
1263
1264
1265
1266
1267
1268
1269
1270
1271
1272
1273
1274
1275
1276
1277
1278
1279
1280
1281
1282
1283
1284
1285
1286
1287
1288
1289
1290
1291
1292
1293
1294
1295
1296
1297
1298
1299
1300
1301
1302
1303
1304
1305
1306
1307
1308
1309
1310
1311
1312
1313
1314
1315
1316
1317
1318
1319
1320
1321
1322
1323
1324
1325
1326
1327
1328
1329
1330
1331
1332
1333
1334
1335
1336
1337
1338
1339
1340
1341
1342
1343
1344
1345
1346
1347
1348
1349
1350
1351
1352
1353
1354
1355
1356
1357
1358
1359
1360
1361
1362
1363
1364
1365
1366
1367
1368
1369
1370
1371
1372
1373
1374
1375
1376
1377
1378
1379
1380
1381
1382
1383
1384
1385
1386
1387
1388
1389
1390
1391
1392
1393
1394
1395
1396
1397
1398
1399
1400
1401
1402
1403
1404
1405
1406
1407
1408
1409
1410
1411
1412
1413
1414
1415
1416
1417
1418
1419
1420
1421
1422
1423
1424
1425
1426
1427
1428
1429
1430
1431
1432
1433
1434
1435
1436
1437
1438
1439
1440
1441
1442
1443
1444
1445
1446
1447
1448
1449
1450
1451
1452
1453
1454
1455
1456
1457
1458
1459
1460
1461
1462
1463
1464
1465
1466
1467
1468
1469
1470
1471
1472
1473
1474
1475
1476
1477
1478
1479
1480
1481
1482
1483
1484
1485
1486
1487
1488
1489
1490
1491
1492
1493
1494
1495
1496
1497
1498
1499
1500
1501
1502
1503
1504
1505
1506
1507
1508
1509
1510
1511
1512
1513
1514
1515
1516
1517
1518
1519
1520
1521
1522
1523
1524
1525
1526
1527
1528
1529
1530
1531
1532
1533
1534
1535
1536
1537
1538
1539
1540
1541
1542
1543
1544
1545
1546
1547
1548
1549
1550
1551
1552
1553
1554
1555
1556
1557
1558
1559
1560
1561
1562
1563
1564
1565
1566
1567
1568
1569
1570
1571
1572
1573
1574
1575
1576
1577
1578
1579
1580
1581
1582
1583
1584
1585
1586
1587
1588
1589
1590
1591
1592
1593
1594
1595
1596
1597
1598
1599
1600
1601
1602
1603
1604
1605
1606
1607
1608
1609
1610
1611
1612
1613
1614
1615
1616
1617
1618
1619
1620
1621
1622
1623
1624
1625
1626
1627
1628
1629
1630
1631
1632
1633
1634
1635
1636
1637
1638
1639
1640
1641
1642
1643
1644
1645
1646
1647
1648
1649
1650
1651
1652
1653
1654
1655
1656
1657
1658
1659
1660
1661
1662
1663
1664
1665
1666
1667
1668
1669
1670
1671
1672
1673
1674
1675
1676
1677
1678
1679
1680
1681
1682
1683
1684
1685
1686
1687
1688
1689
1690
1691
1692
1693
1694
1695
1696
1697
1698
1699
1700
1701
1702
1703
1704
1705
1706
1707
1708
1709
1710
1711
1712
1713
1714
1715
1716
1717
1718
1719
1720
1721
1722
1723
1724
1725
1726
1727
1728
1729
1730
1731
1732
1733
1734
1735
1736
1737
1738
1739
1740
1741
1742
1743
1744
1745
1746
1747
1748
1749
1750
1751
1752
1753
1754
1755
1756
1757
1758
1759
1760
1761
1762
1763
1764
1765
1766
1767
1768
1769
1770
1771
1772
1773
1774
1775
1776
1777
1778
1779
1780
1781
1782
1783
1784
1785
1786
1787
1788
1789
1790
1791
1792
1793
1794
1795
1796
1797
1798
1799
1800
1801
1802
1803
1804
1805
1806
1807
1808
1809
1810
1811
1812
1813
1814
1815
1816
1817
1818
1819
1820
1821
1822
1823
1824
1825
1826
1827
1828
1829
1830
1831
1832
1833
1834
1835
1836
1837
1838
1839
1840
1841
1842
1843
1844
1845
1846
1847
1848
1849
1850
1851
1852
1853
1854
1855
1856
1857
1858
1859
1860
1861
1862
1863
1864
1865
1866
1867
1868
1869
1870
1871
1872
1873
1874
1875
1876
1877
1878
1879
1880
1881
1882
1883
1884
1885
1886
1887
1888
1889
1890
1891
1892
1893
1894
1895
1896
1897
1898
1899
1900
1901
1902
1903
1904
1905
1906
1907
1908
1909
1910
1911
1912
1913
1914
1915
1916
1917
1918
1919
1920
1921
1922
1923
1924
1925
1926
1927
1928
1929
1930
1931
1932
1933
1934
1935
1936
1937
1938
1939
1940
1941
1942
1943
1944
1945
1946
1947
1948
1949
1950
1951
1952
1953
1954
1955
1956
1957
1958
1959
1960
1961
1962
1963
1964
1965
1966
1967
1968
1969
1970
1971
1972
1973
1974
1975
1976
1977
1978
1979
1980
1981
1982
1983
1984
1985
1986
1987
1988
1989
1990
1991
1992
1993
1994
1995
1996
1997
1998
1999
2000
2001
2002
2003
2004
2005
2006
2007
2008
2009
2010
2011
2012
2013
2014
2015
2016
2017
2018
2019
2020
2021
2022
2023
2024
2025
2026
2027
2028
2029
2030
2031
2032
2033
2034
2035
2036
2037
2038
2039
2040
2041
2042
2043
2044
2045
2046
2047
2048
2049
2050
2051
2052
2053
2054
2055
2056
2057
2058
2059
2060
2061
2062
2063
2064
2065
2066
2067
2068
2069
2070
2071
2072
2073
2074
2075
2076
2077
2078
2079
2080
2081
2082
2083
2084
2085
2086
2087
2088
2089
2090
2091
2092
2093
2094
2095
2096
2097
2098
2099
2100
2101
2102
2103
2104
2105
2106
2107
2108
2109
2110
2111
2112
2113
2114
2115
2116
2117
2118
2119
2120
2121
2122
2123
2124
2125
2126
2127
2128
2129
2130
2131
2132
2133
2134
2135
2136
2137
2138
2139
2140
2141
2142
2143
2144
2145
2146
2147
2148
2149
2150
2151
2152
2153
2154
2155
2156
2157
2158
2159
2160
2161
2162
2163
2164
2165
2166
2167
2168
2169
2170
2171
2172
2173
2174
2175
2176
2177
2178
2179
2180
2181
2182
2183
2184
2185
2186
2187
2188
2189
2190
2191
2192
2193
2194
2195
2196
2197
2198
2199
2200
2201
2202
2203
2204
2205
2206
2207
2208
2209
2210
2211
2212
2213
2214
2215
2216
2217
2218
2219
2220
2221
2222
2223
2224
2225
2226
2227
2228
2229
2230
2231
2232
2233
2234
2235
2236
2237
2238
2239
2240
2241
2242
2243
2244
2245
2246
2247
2248
2249
2250
2251
2252
2253
2254
2255
2256
2257
2258
2259
2260
2261
2262
2263
2264
2265
2266
2267
2268
2269
2270
2271
2272
2273
2274
2275
2276
2277
2278
2279
2280
2281
2282
2283
2284
2285
2286
2287
2288
2289
2290
2291
2292
2293
2294
2295
2296
2297
2298
2299
2300
2301
2302
2303
2304
2305
2306
2307
2308
2309
2310
2311
2312
2313
2314
2315
2316
2317
2318
2319
2320
2321
2322
2323
2324
2325
2326
2327
2328
2329
2330
2331
2332
2333
2334
2335
2336
2337
2338
2339
2340
2341
2342
2343
2344
2345
2346
2347
2348
2349
2350
2351
2352
2353
2354
2355
2356
2357
2358
2359
2360
2361
2362
2363
2364
2365
2366
2367
2368
2369
2370
2371
2372
2373
2374
2375
2376
2377
2378
2379
2380
2381
2382
2383
2384
2385
2386
2387
2388
2389
2390
2391
2392
2393
2394
2395
2396
2397
2398
2399
2400
2401
2402
2403
2404
2405
2406
2407
2408
2409
2410
2411
2412
2413
2414
2415
2416
2417
2418
2419
2420
2421
2422
2423
2424
2425
2426
2427
2428
2429
2430
2431
2432
2433
2434
2435
2436
2437
2438
2439
2440
2441
2442
2443
2444
2445
2446
2447
2448
2449
2450
2451
2452
2453
2454
2455
2456
2457
2458
2459
2460
2461
2462
2463
2464
2465
2466
2467
2468
2469
2470
2471
2472
2473
2474
2475
2476
2477
2478
2479
2480
2481
2482
2483
2484
2485
2486
2487
2488
2489
2490
2491
2492
2493
2494
2495
2496
2497
2498
2499
2500
2501
2502
2503
2504
2505
2506
2507
2508
2509
2510
2511
2512
2513
2514
2515
2516
2517
2518
2519
2520
2521
2522
2523
2524
2525
2526
2527
2528
2529
2530
2531
2532
2533
2534
2535
2536
2537
2538
2539
2540
2541
2542
2543
2544
2545
2546
2547
2548
2549
2550
2551
2552
2553
2554
2555
2556
2557
2558
2559
2560
2561
2562
2563
2564
2565
2566
2567
2568
2569
2570
2571
2572
2573
2574
2575
2576
2577
2578
2579
2580
2581
2582
2583
2584
2585
2586
2587
2588
2589
2590
2591
2592
2593
2594
2595
2596
2597
2598
2599
2600
2601
2602
2603
2604
2605
2606
2607
2608
2609
2610
2611
2612
2613
2614
2615
2616
2617
2618
2619
2620
2621
2622
2623
2624
2625
2626
2627
2628
2629
2630
2631
2632
2633
2634
2635
2636
2637
2638
2639
2640
2641
2642
2643
2644
2645
2646
2647
2648
2649
2650
2651
2652
2653
2654
2655
2656
2657
2658
2659
2660
2661
2662
2663
2664
2665
2666
2667
2668
2669
2670
2671
2672
2673
2674
2675
2676
2677
2678
2679
2680
2681
2682
2683
2684
2685
2686
2687
2688
2689
2690
2691
2692
2693
2694
2695
2696
2697
2698
2699
2700
2701
2702
2703
2704
2705
2706
2707
2708
2709
2710
2711
2712
2713
2714
2715
2716
2717
2718
2719
2720
2721
2722
2723
2724
2725
2726
2727
2728
2729
2730
2731
2732
2733
2734
2735
2736
2737
2738
2739
2740
2741
2742
2743
2744
2745
2746
2747
2748
2749
2750
2751
2752
2753
2754
2755
2756
2757
2758
2759
2760
2761
2762
2763
2764
2765
2766
2767
2768
2769
2770
2771
2772
2773
2774
2775
2776
2777
2778
2779
2780
2781
2782
2783
2784
2785
2786
2787
2788
2789
2790
2791
2792
2793
2794
2795
2796
2797
2798
2799
2800
2801
2802
2803
2804
2805
2806
2807
2808
2809
2810
2811
2812
2813
2814
2815
2816
2817
2818
2819
2820
2821
2822
2823
2824
2825
2826
2827
2828
2829
2830
2831
2832
2833
2834
2835
2836
2837
2838
2839
2840
2841
2842
2843
2844
2845
2846
2847
2848
2849
2850
2851
2852
2853
2854
2855
2856
2857
2858
2859
2860
2861
2862
2863
2864
2865
2866
2867
2868
2869
2870
2871
2872
2873
2874
2875
2876
2877
2878
2879
2880
2881
2882
2883
2884
2885
2886
2887
2888
2889
2890
2891
2892
2893
2894
2895
2896
2897
2898
2899
2900
2901
2902
2903
2904
2905
2906
2907
2908
2909
2910
2911
2912
2913
2914
2915
2916
2917
2918
2919
2920
2921
2922
2923
2924
2925
2926
2927
2928
2929
2930
2931
2932
2933
2934
2935
2936
2937
2938
2939
2940
2941
2942
2943
2944
2945
2946
2947
2948
2949
2950
2951
2952
2953
2954
2955
2956
2957
2958
2959
2960
2961
2962
2963
2964
2965
2966
2967
2968
2969
2970
2971
2972
2973
2974
2975
2976
2977
2978
2979
2980
2981
2982
2983
2984
2985
2986
2987
2988
2989
2990
2991
2992
2993
2994
2995
2996
2997
2998
2999
3000
3001
3002
3003
3004
3005
3006
3007
3008
3009
3010
3011
3012
3013
3014
3015
3016
3017
3018
3019
3020
3021
3022
3023
3024
3025
3026
3027
3028
3029
3030
3031
3032
3033
3034
3035
3036
3037
3038
3039
3040
3041
3042
3043
3044
3045
3046
3047
3048
3049
3050
3051
3052
3053
3054
3055
3056
3057
3058
3059
3060
3061
3062
3063
3064
3065
3066
3067
3068
3069
3070
3071
3072
3073
3074
3075
3076
3077
3078
3079
3080
3081
3082
3083
3084
3085
3086
3087
3088
3089
3090
3091
3092
3093
3094
3095
3096
3097
3098
3099
3100
3101
3102
3103
3104
3105
3106
3107
3108
3109
3110
3111
3112
3113
3114
3115
3116
3117
3118
3119
3120
3121
3122
3123
3124
3125
3126
3127
3128
3129
3130
3131
3132
3133
3134
3135
3136
3137
3138
3139
3140
3141
3142
3143
3144
3145
3146
3147
3148
3149
3150
3151
3152
3153
3154
3155
3156
3157
3158
3159
3160
3161
3162
3163
3164
3165
3166
3167
3168
3169
3170
3171
3172
3173
3174
3175
3176
3177
3178
3179
3180
3181
3182
3183
3184
3185
3186
3187
3188
3189
3190
3191
3192
3193
3194
3195
3196
-1.253607072726784 0.2001521826579929 -0
1.267271947256997 0.1870887336513463 0
-0.1998752585339242 1.256352010927186 -0
0.2123076264983796 1.244483630119656 0
-0.5767483154910925 -1.139475804947462 0
0.6278715647554421 -0.9852140621491938 0
0.6534574556745006 -0.910632520305846 0
-0.7435768816164572 -0.901075551200381 0
-0.664411591672728 -0.904985186805454 0
1.086411640328496 0.4318566482296504 0
1.056161882065229 0.3477401994634733 0
-1.090302820196562 0.4336199441580391 -0
-1.063823521544313 0.3527231770905908 -0
-1.012446297999779 0.4139752345080744 -0
-0.9903342404676283 0.3359121386274229 -0
1.009446629822045 0.4107013285096215 0
0.9828619073812717 0.3308520078562414 0
-0.9318820404279187 0.3937219665324458 -0
-0.9098319512657352 0.3170450251541284 -0
0.9309049865514303 0.3921187870697805 0
0.9088746546850032 0.3161583992433497 0
0.9827573028230263 -0.8960528635066735 0
-0.8520717577518028 0.3788671445127056 -0
-0.8315954523764338 0.2994132142294642 -0
0.8540888173577772 0.3745942583056752 0
0.831191107791951 0.2970365062506573 0
-0.7760994724146641 0.3589929988791928 -0
-0.7543252563111086 0.2810531261872966 -0
-0.6990560286371423 0.3425079187661423 -0
-0.6772329792504675 0.2630647492100143 -0
-0.6218264681538274 0.3247120150965373 -0
-0.5999704884240514 0.2450366042631752 -0
-0.5455042742139781 0.3030426769747795 -0
-0.5228689287893951 0.2259967332767092 -0
-0.468130344285205 0.2855776253851718 -0
-0.4455803348867313 0.2078637165647282 -0
0.7767023703603503 0.3563720275082805 0
0.754182160466257 0.2797302350652255 0
0.5760690645074289 -0.924928778553927 0
-0.7192062244838974 0.4217901371920768 -0
0.7004411163969005 0.3378652578743018 0
0.6773862616174802 0.2619230148099591 0
0.722436903928487 0.4133074629730811 0
0.6475389770933554 0.3947875215492369 0
0.7311981958511986 0.2037206735215764 0
0.6544967438826339 0.1865009358554663 0
-0.7318812652355791 0.2048249524298078 -0
0.7084827663303905 0.1285664405935783 0
1.500175146582262 -0.4762936016017602 0
0.6314814000232126 0.1107595667326609 0
0.5285285582328462 -1.283188307835648 0
-1.05614242132834 -0.8869722498113631 0
-0.3908366900199844 0.2675486570069867 -0
-0.3680863635772758 0.1902037225262316 -0
-0.4225077057956685 0.1313911478991734 -0
-0.3451120462151879 0.1139737373408428 -0
-0.7001478337923789 -0.8349409740178168 0
-0.622702298525124 -0.8353953944209151 0
-0.313880030734942 0.2481601391894629 -0
0.6854979323813316 0.05290271486146305 0
0.608395105832408 0.03503266135788299 0
1.56636991638973 -0.3690727861925698 0
0.6696175112248858 0.4692047075756614 0
0.5956814943141049 0.451378777613217 0
-0.3365973876922022 0.3262009475634675 -0
-0.6585123120393347 -0.7662046194801234 0
-0.5813955082338431 -0.7669969717560925 0
1.484645265481717 -0.635347311677685 0
0.6625300796996744 -0.02286729837591214 0
0.5853649385939977 -0.04078843838117491 0
0.6176995192134472 0.5242054247050517 0
0.5437134116299547 0.5070337888242598 0
0.555468948083543 0.09248052472516809 0
-1.444731976567375 0.0528012411167843 -0
-0.4008881796029354 1.399025897691394 -0
0.3952183155306733 1.397283731558834 0
-0.5029949885951335 -1.359877975586464 0
-0.6202733922385373 -0.6971338540904988 0
-1.496962902619877 -0.4748736964091137 0
-0.5407329681732241 -0.6987827151959394 0
-1.203171671409887 0.8030756567677555 -0
1.203945957539049 0.8042991485854872 0
-0.259813389756727 0.3061194982784525 -0
-0.2827143283462062 0.3825865235109816 -0
0.6395879949562779 -0.09854703534502444 0
0.5623736293143443 -0.1166566142333577 0
-0.8241143754368401 1.398939396916687 -0
0.8231726605972116 1.398290219322863 0
0.5655900077532817 0.5803251173731666 0
0.9233335302614512 1.277968696623657 0
0.491369380037158 0.5626166748769917 0
-1.589255373603051 -0.3445937813734272 0
0.7160999645173567 -0.08089931810137328 0
1.433153990819351 0.06835091247439631 0
-0.1653653130864599 -1.620951259792973 0
0.1668263684282517 -1.614742585854008 0
-0.5791361393851457 -0.6294042182496927 0
-0.4997932037854454 -0.630869989906111 0
-0.4614078391418187 -0.7003504507066153 0
-0.4204429018539463 -0.6324593770721071 0
-0.3820065132664109 -0.6991950047230294 0
-0.0146323073602956 -1.568862220789693 0
-0.3410293608986051 -0.6349849824554502 0
-0.302203390645627 -0.7002454098186282 0
-0.2618219604913373 -0.636522961480303 0
-0.6574177562237589 -0.6268943166299451 0
-0.2230165598342665 -0.7046765233042119 0
-0.1825008928659038 -0.6371763165498072 0
0.6935286664630046 -0.1558396235936342 0
0.7696122330235282 -0.1382996904203752 0
-0.1434833055183562 -0.7065467284511446 0
-0.1018935420515922 -0.6386844747816607 0
-1.492035259375428 -0.6658837230229776 0
-1.100657365743277 1.21163542710514 -0
0.7472210010693369 -0.2121635046388988 0
0.8221813895538697 -0.1947431942302445 0
1.100838363702973 1.212388980398755 0
-0.6173024793647431 -0.5614742044818977 0
-0.6929892488304278 -0.5593018047892936 0
-0.1413180444620974 -0.5691559434715578 0
-0.06110411821805743 -0.570822485995105 0
-0.2057983296220728 0.3635087874280469 -0
-0.1829757460319916 0.2878029400224257 -0
-0.228664494600085 0.4389710742760586 -0
0.5133909343264782 0.6358183138157404 0
0.4388610703186398 0.618434713913978 0
0.5873749376350751 0.6535495717623233 0
-0.6545700638197476 -0.4951910536118003 0
-0.7278559165519907 -0.4935669189020897 0
0.6013509822493145 -0.8505285698563294 0
-0.1000555827726699 -0.5012155717532267 0
-0.1846961986360395 -0.7743624648654388 0
-0.1043702315475891 -0.7754872227515394 0
-0.1462342966039751 -0.8431536334185964 0
-0.06752958966602893 -0.8442536647877228 0
-0.1085906977293838 -0.9105927015968734 0
-0.0328967900997603 -0.9118084031734656 0
-0.07193303780808172 -0.975530692376778 0
0.4170657789749859 0.5448742589547713 0
0.3641194926459375 0.6011104343681249 0
-0.0204842190951799 -0.5029348174834297 0
0.7996601790293083 -0.2669147732816878 0
0.871795698639662 -0.2501605452171793 0
0.5330315473295393 0.7092878868411424 0
0.6099617087312453 0.7259136466073255 0
0.5566256290805456 0.779924674987054 0
0.6282358464685021 0.7954744614121886 0
1.006175387939034 1.231007565690834 0
-0.05902624392432793 -0.4332949763768789 0
0.7266310720368845 -0.2831680568841446 0
-0.6899841098846242 -0.4314304208287227 0
-0.7627781785085598 -0.4299401081923911 0
0.001497204572181473 -0.9764726454446886 0
0.0828932989681691 -1.580713058792524 0
-0.03529466909371375 -1.037335332708456 0
0.5830314234635394 0.8460120624546934 0
0.6472687975000723 0.8627185293625773 0
0.8503804651594373 -0.3201933269997466 0
0.9199985967306361 -0.3035077367414986 0
0.5063840180786375 0.8477972553367015 0
0.01127050965106326 -0.8444095111658244 0
0.02025395191643292 -0.435098346135402 0
-0.01800191241600823 -0.3656273090402729 0
0.05878938774345675 -0.5044875281235044 0
-0.6166350200224859 -0.4319469686848579 0
0.342246541946902 0.5270715172844083 0
0.2891336326521526 0.5835934705804754 0
0.03576635065065178 -1.038962434663797 0
-0.00101549483252091 -1.097204949649868 0
1.225243550418212 -0.8951882397314544 0
-0.6524484479742837 -0.3677131390813227 0
-0.5785942389507462 -0.3679208699020916 0
0.6050112400340741 0.9105928124209952 0
0.6653541500386302 0.9275555869477641 0
0.7021264095405737 0.8109868496695242 0
-1.310174018538817 1.798793510975956 -0
1.310309771656677 1.798317199846899 0
0.9417389894148885 -0.2374988672004337 0
0.9872561181217777 -0.2892080871566024 0
0.9682146120879889 -0.3516045141417067 0
1.032499929915032 -0.3364334785253158 0
1.051365827106652 -0.279139937002153 0
1.093840676698256 -0.3252973628576699 0
1.075581732735016 -0.3821326056854943 0
1.134423036683906 -0.3684471807986596 0
1.117627563318573 -0.4269382694958628 0
1.152658659638604 -0.3135453851304411 0
-0.8002497036140498 -0.4910198729082876 0
-0.8349389455331409 -0.4280726194271512 0
-1.482264071865224 -0.571178673495347 0
-0.06861607103617057 -1.097489999807046 0
-0.03327046580939746 -1.153530362124234 0
0.02936240323032076 -1.154234220102995 0
-0.9570457995879518 0.4709256436533658 -0
-0.8722089579721597 -0.4885613284962938 0
-0.9060374687928365 -0.4246402595657071 0
-0.8686419862455901 -0.3658324153811477 0
-0.9378122243885074 -0.3637399119590163 0
-0.9747936697369144 -0.4203141784764242 0
-1.004690272470008 -0.3616809388633875 0
-1.040736616946593 -0.4176033495278571 0
-1.069379143288638 -0.3606573683912733 0
-1.036011670800523 -0.3063040176700762 0
-1.103625348289314 -0.4120610421986753 0
-1.131412219650998 -0.3585740898281621 0
-2.113294153208486 -0.6961572616502928 0
2.119234399578458 -0.6973885085541339 0
-0.3053782351793843 0.4581518060184501 -0
-0.2514790477479709 0.5143293878703958 -0
-0.3276201227951439 0.5327151184230438 -0
-0.9256800676398403 1.275162424671817 -0
-0.2743238663267583 0.589047371502177 -0
-0.3492140958102982 0.6070236755599291 -0
-0.2976139212372925 0.6622697348032878 -0
-0.3712633673732565 0.6804766987271794 -0
-0.001396797186399488 -1.207199875088814 0
0.05870335375973614 -1.208089169991535 0
-0.06113014740236806 -1.207308321599095 0
-1.162486445912763 -0.4089100888142498 0
-1.189218778127578 -0.3580611113509998 0
0.6212913409226716 0.9736901626794089 0
0.6813728115559505 0.9881024091969045 0
-1.136890364462568 -0.4603007840183266 0
0.09953668640617147 -0.4367471559446494 0
0.1377689295597408 -0.5061006484410578 0
-0.2225867783055337 0.6442323045701689 -0
-0.01647949088709441 -2.22462180764974 0
-0.3202466390457263 0.7338696558500918 -0
-0.3904187522715599 0.7521940574204429 -0
1.639854611646845 -0.3082547420476277 0
0.638906046766619 1.032720225619474 0
-0.09723823893286247 -0.363812100628163 0
-0.05616646781391763 -0.296209098584704 0
1.191630505143065 -0.3546957260080292 0
1.208727798464987 -0.3007177219179606 0
0.5257325105394681 -0.8661674698883904 0
0.5499224481065907 -0.7909523673552554 0
0.6270797584794925 -0.775939621219583 0
0.2669020524631184 0.5094330234648503 0
0.5802694990514863 1.019302943985436 0
-0.6153190944039383 -0.3026981688915601 0
-0.5406158824318447 -0.3033006723617815 0
-1.194106957968106 -0.4572339484535872 0
-1.168432750739121 -0.506945940593175 0
0.02931875292850129 -1.258717456507187 0
0.08865838359506209 -1.26082904810247 0
0.1181596934583832 -1.20953182944826 0
0.6971971423050777 1.045080302531978 0
0.6566118284751742 1.089601631910937 0
0.7376620656188462 1.00436334610078 0
1.514928230884409 -0.7263707421565866 0
0.5754211630379393 -0.7164746637973961 0
-0.9777788761693488 1.243213777238818 -0
-0.8762196830170101 1.318950788362028 -0
1.485215399292564 -0.5366660673609308 0
1.52135733303533 -0.4197494015406968 0
-0.07847799419805221 -1.583925038237841 0
0.8688590447956457 1.317033129744154 0
0.1786851956671898 -0.4383558347202212 0
0.4978884652132232 -0.929973753054349 0
-1.527525161704511 -0.421679055047654 0
0.1485174084656259 -1.263027634099048 0
-0.9696987291701116 0.262419455084056 -0
0.9566299807564792 0.2508855073769541 0
-0.3407325170494751 0.8040154596308771 -0
-0.4085169955294783 0.8195225427134621 -0
-0.458065168666654 0.7703236825186727 -0
-0.4761877056226921 0.8469093844019892 -0
-0.5235722369304884 0.7892948334219981 -0
-0.5430189949113247 0.8513337568866929 -0
-0.5877609614620987 0.8038018861320813 -0
-0.6048533015586406 0.8656770325017696 -0
-0.5626254168220769 0.9108096610525565 -0
-0.6225192529196431 0.9242118661163815 -0
-0.6639989689208494 0.8806310226360737 -0
-0.6810298114454565 0.937547358970265 -0
-0.6412526104438641 0.980470361400176 -0
-0.7216375035418743 0.8944645837283595 -0
-0.7397639696212871 0.9503232191152057 -0
-0.7763868614375543 0.9083800729285572 -0
-0.7967527169934022 0.9628076314899791 -0
-0.762213386889439 0.8505614307283446 -0
-0.2216534356816631 -1.66183074779261 0
-1.639854611952348 -0.3082547420338236 0
-1.164499184295057 1.21551643594569 -0
-0.8014009179063877 1.458130941336699 -0
0.7996320838775005 1.457673423218648 0
1.162117245120599 1.214930446870806 0
-1.038098511489625 1.221980996531284 -0
0.1791780537391523 -1.21021916384935 0
0.2188149814343684 -1.658749668254932 0
-1.511921008521203 -0.7296922627868536 0
1.248764263459906 -0.3433285674538865 0
1.265281601371937 -0.288361578293694 0
1.225885930229775 -0.2459029722680423 0
-1.697092579809965 -0.2798315548214111 0
0.7895514134514969 1.521399632001709 0
-0.79204867043426 1.521178673654088 -0
0.952016843897473 0.4772849265365315 0
0.04579068244311323 -2.222942587129168 0
-0.07799159000660544 -2.220320247260192 0
-2.129538701247901 -0.6352507623012463 0
-2.090375869428126 -0.7558190024026674 0
2.128288820248415 -0.6350106021694393 0
2.087971743970678 -0.7558611953484166 0
-1.255882650886492 1.831497793375832 -0
1.361240184437323 1.757614277697125 0
1.256796364380912 1.831968567247424 0
-1.362219815925814 1.758289299705922 -0
1.695016042506793 -0.2786762770438813 0
1.545856541792905 -0.7808149519735492 0
-1.231384737150032 1.225849785424287 -0
1.22508541953519 1.22681380451664 0
-0.2604369820654915 -1.703613974406723 0
-1.544435545678996 -0.7813561815533633 0
0.2624809283176056 -1.705836849382104 0
-0.8374982469767884 0.919828592386093 -0
-0.8509258086806941 0.9766935424299171 -0
-0.8144707757802822 1.015700550542241 -0
0.4675744031198937 -0.8090830210436809 0
-1.222840679488004 -0.5053360338597557 0
-1.198266451564436 -0.552265029228487 0
-1.14272790482883 -0.5561032218673528 0
0.6522707490995326 -0.7014573971317803 0
0.0609492847717276 -1.310732003746198 0
0.7532370329112663 1.057733224322078 0
0.7915011908549864 1.019056661410836 0
-0.2003083554810247 -0.909309812548556 0
-0.1352468265135595 -0.2945746346238234 0
-0.09842748381445789 -0.225313935637096 0
-0.01581308150438079 -0.2281638413027277 0
-0.05685891791540926 -0.1577203170552995 0
0.02516891802084226 -0.160378206492519 0
0.213973359524526 0.5657562146616081 0
0.2364184298823466 0.6396422660100409 0
0.320270526096152 0.4529966273375672 0
0.2445526107648011 0.4352316824200795 0
0.4473587036644476 -1.503257494301959 0
-1.297336464574444 -0.9005696402781767 0
-0.3613252928471544 0.8723958264465183 -0
-0.2907734267593407 0.856269234001216 -0
-0.01303024940572495 -0.09093293837542966 0
0.06686781835531345 -0.09277505066779058 0
-0.8672678533933578 1.027451528765343 -0
-0.8338934794896994 1.071309780914443 -0
-0.9028371212447368 0.9905945017463923 -0
-0.5784806105540886 -0.2381546640267875 0
-0.5029068432755621 -0.2415812192064269 0
0.02858482896717499 -0.0233238418159666 0
0.1052350647966196 -0.02334781434373829 0
0.15309936467156 -0.08978698677082218 0
0.06918843836525856 0.04471633574598464 0
-1.251289990577902 -0.5482112208981819 0
-1.274240242542066 -0.504521992031403 0
1.282270948831951 -0.2347516554658429 0
1.245366071351828 -0.1897077902548767 0
1.320351155235716 -0.2762055248984635 0
0.1488962805800781 0.04283465692949586 0
0.297969664457899 0.3786831248299523 0
0.6011451985562305 -0.6424057991577543 0
0.8069914862782963 1.071346740798184 0
0.8462861914380745 1.032787906653859 0
-1.17377957006345 -0.6036613258541008 0
-1.115699448470794 -0.6076169410466843 0
-0.5704027110520241 0.740191280667606 -0
0.2082113231376067 -1.263858900678356 0
0.240736116646785 -1.210387688755549 0
1.337792938040612 -0.2241012984396853 0
0.2168581962029507 -0.5076591561650842 0
0.257866011663801 -0.4399042439508021 0
-0.6525829622856896 -0.2372569402223747 0
-0.616043837690642 -0.1728550295604186 0
-0.6903236381143044 -0.172117522364544 0
0.1610737249569655 0.622107882085585 0
0.1835689301905936 0.6965388456730554 0
-0.9182676599136799 1.039764057610288 -0
-0.9531283346521936 1.003433729197118 -0
0.843573666205423 -0.1218797929887423 0
-0.1290083484580623 0.3452531663353759 -0
0.8295383769937372 0.9786119827958371 0
0.8866120252167677 0.9934533066812863 0
0.8691703437738881 0.936462997475601 0
0.9266278031383479 0.9521109755792417 0
0.9102049253590423 0.8934293041028853 0
0.942741458834665 1.008748886075398 0
0.6777188292912195 -0.6279248766369846 0
0.003857048141894364 -1.308181249659405 0
0.02998880930367418 -1.354630547665481 0
-0.02086634267785667 -1.353938755112969 0
-0.4648418271711517 -0.3046563111283124 0
0.7695199915263506 1.111939425584394 0
1.226251295809886 -0.3968724056167239 0
1.377239197491248 -0.2713625691719876 0
1.351455994694664 -0.31488297511643 0
1.391615930269931 -0.2153467385940972 0
-0.1763962629311667 -0.2262220131441901 0
0.8566948829138283 1.085135074660882 0
0.2220425455822723 0.3607722800883666 0
-0.3107245440565254 0.9246733141824474 -0
-0.2400943345863756 0.9093988804887868 -0
-0.4464903865995589 -1.524416037317063 0
-1.579517117213913 -0.03435806572336356 0
0.531576036324621 1.480248221402408 0
-0.525542611010913 1.4862202252069 -0
0.7281654852607996 -0.6858367503388141 0
-0.7808016240152338 -0.8242017374623445 0
-1.157880091853161 0.6594655313294077 -0
1.157047368071091 0.6581782533081892 0
-1.301129718012558 -0.5442928689593521 0
-1.322694837280965 -0.5020368145104518 0
0.1776639684333512 -1.315874869069458 0
0.2365571796251729 -1.316713390390861 0
0.2068049051016436 -1.365059806576088 0
0.7533230821633708 -0.6132129082391158 0
0.1080350564940325 0.6787239848444195 0
0.1305690463986496 0.7528991735162843 0
0.2059135914936912 0.7708107933688739 0
0.1531272510111945 0.8268585076337828 0
0.2277885783043481 0.8445432900438976 0
0.1755837815194646 0.9002309977593929 0
0.2496716598090697 0.917786528548625 0
0.1004208911025036 0.8799371889971405 0
0.6601930515178253 0.6708588281600001 0
0.2112881096894879 -1.15477850185537 0
0.27574960537259 -1.155498242872681 0
0.2475269403405968 -1.099139569203838 0
0.1760158242928564 -0.5753292148244612 0
1.242914408518762 0.9584704225934373 0
-0.4021731841737054 0.5524678045627249 -0
-1.278883592678394 -0.5886869833316998 0
-0.1820955542213049 -0.3658196183175674 0
-0.5776818148024846 0.1676145111129368 -0
-0.1747765500296911 0.4962614731924497 -0
-0.9664580727937404 1.052474354472385 -0
-1.003028786116722 1.016344579325282 -0
-0.9894025768523078 0.9651517584140707 -0
-0.4276147253331465 -0.7639432487031957 0
0.50809601580845 -0.05879159634606978 0
0.4851034076006764 -0.134717059202902 0
0.5239405888967863 -0.6570733906515768 0
0.5499159903739754 -0.5830263598270525 0
-0.9011754727059756 -0.3044651311200475 0
0.138681484043007 0.5480191695881649 0
0.5734206916686917 0.3774995656688411 0
0.2755314026850508 0.304083586448363 0
-1.158919297094014 -0.3072011289737959 0
-1.227639977224271 -0.3116274200077425 0
-1.189071018808893 -0.2561864108856102 0
-1.250375764359761 -0.2549039426455447 0
-1.217043083815953 -0.2023336546686889 0
-1.27778785436738 -0.2013539623227202 0
-1.309173155055316 -0.2526791589188538 0
-1.245792798539457 -0.1476957510079579 0
-1.182419007468769 -0.1488280296288612 0
-1.337244870489314 -0.2040598310951851 0
-1.36551327577329 -0.2540432739824792 0
0.004607760459795429 -1.396062653692029 0
-0.0439396512518264 -1.396386031814197 0
0.8029999687457572 -0.6704889616060388 0
1.354023233795318 -0.1726388710378065 0
-0.06993840900270111 -1.354430720381035 0
-0.0935228857371537 -1.398172279028949 0
-0.1198875781523275 -1.35561021301017 0
-0.1448036145286009 -1.402563062039677 0
-0.1719875101790575 -1.356210384941692 0
-0.1968258884780117 -1.402674525827393 0
-0.2268375706058219 -1.356118855582744 0
0.07320014914620816 -0.9784292950380976 0
-1.041250124493409 0.9797241137173035 -0
-1.052112882719119 1.038941450517464 -0
0.05510503297610955 0.7345140012448593 0
-0.932708444638484 1.087023982480013 -0
-1.528341152496663 1.871390968667555 -0
1.52834115248546 1.871390968678018 0
1.308552630728789 2.031886602918357 0
-1.305129149468344 2.029473606229534 -0
1.428216026297285 -0.2541657257039484 0
1.443164271852406 -0.2047335122490632 0
-2.25207979116962 -0.8752508938278093 0
2.256432339514044 -0.8722722141283399 0
-1.211413049086205 -0.09343018406240639 0
-1.146594558764928 -0.09279104315288382 0
-1.149827699497396 -0.6581478082058794 0
-1.089115764433231 -0.6626953682577508 0
0.9831948953372068 0.9676318477784123 0
0.9976345357755509 1.025333959908717 0
-2.336758844966177 -0.6167609400613123 0
2.334824791074742 -0.6172561697578942 0
-0.1347547179856763 -2.410834012892291 0
-0.09486925471311643 -0.08366849332329561 0
0.137848199206066 -2.411216009180555 0
1.057428044915508 -0.4407000791793826 0
1.100722137434754 -0.4868661593200258 0
1.038768299210438 -0.5006089474323463 0
1.082558753177477 -0.5464877962410591 0
1.143701205027084 -0.5326515401987417 0
1.125518276524996 -0.5885753010013768 0
1.185763926589401 -0.5764801818843038 0
1.065098171012417 -0.6079613644149794 0
-1.327474854758128 -0.5847360256031939 0
-1.307267223151403 -0.6285061557957577 0
1.163236230961955 -0.6281844324566627 0
1.225100058496611 -0.6173901487442368 0
-0.3993373441629505 0.05607699537155118 -0
-1.341287748303614 -0.2993431633273657 0
-1.394130508921048 -0.2986570698289102 0
-1.419461395606191 -0.2549917618804449 0
-0.5893971463115838 -0.9048901726710707 0
-1.027839663402975 0.9249152408615063 -0
1.241616086135639 -0.5646582329889055 0
1.281289423849538 -0.6051165741146431 0
1.294875708690525 -0.5551412857923603 0
1.265197352464108 -0.6568073501515931 0
-0.00956381697795983 0.0460717774628128 -0
0.03133874068535437 0.1138128765134495 0
-0.07227390311114196 1.166739052257567 -0
1.372124857839661 -0.898027313178885 0
-0.1682993720358276 -1.447406150949654 0
-0.2203186531289886 -1.448918731047581 0
1.317420568011138 -0.6442915419539544 0
-0.8309175439626614 -0.554600583082376 0
-0.6531455903157655 -0.1074887749318399 0
-0.7271958711969124 -0.1066922813565934 0
1.479568314387275 -0.2430170698380353 0
-0.1992377237690139 -1.306903791638777 0
-0.2584204238362692 -1.306434693732342 0
-0.2276903016253818 -1.253269666228391 0
-0.2908041762971026 -1.253647500995976 0
-0.2585992831063627 -1.197096524570176 0
0.195870081262007 0.9733301016702474 0
0.2671723716703366 0.9908818095862989 0
0.4308608813859743 -0.07681495758490227 0
0.4084655544327798 -0.1521760556410469 0
0.4687457719631832 -0.2055340082535208 0
-0.2624865117864859 0.9794244027117753 -0
-0.3392669489991473 0.9929493635394515 -0
-0.3248992233467204 -1.197988416036657 0
-0.2912253624223364 -1.138460366077072 0
0.109534665106052 -2.206128880888455 0
1.495285578378576 -0.1931970862493858 0
0.2196599487717024 -0.3705587295318354 0
-0.7812286070803744 1.054968280466172 -0
-0.7946629001386354 1.102424278820286 -0
-0.7485181557430179 1.091708084792741 -0
-0.7628154656656716 1.135775817955885 -0
-0.716026708204887 1.127682386058352 -0
-0.7373591693223795 1.178395796113689 -0
-0.6835788679537813 1.165265277132961 -0
-0.6994544899600389 1.215533873485116 -0
-0.6479848208220975 1.202960883089315 -0
-0.6648594424247563 1.252177852315189 -0
-0.6115476077980617 1.24167392615176 -0
-0.5944898594295279 1.188737067851715 -0
-0.8079258748624287 1.146463664514038 -0
-0.7142211056008391 1.263978230235703 -0
-0.6817990588779116 1.30015294189782 -0
-0.5551839539589536 1.230619211770977 -0
-0.5369625072597395 1.173027220877763 -0
0.05427041949900697 -1.399178673105034 0
0.02824792984236767 -1.437205668940293 0
0.07307410065617034 -1.438750785858268 0
0.2655024015961583 -1.369542128672126 0
0.2317559007543924 -1.420916815408206 0
0.2548738968616628 -0.5768190102337353 0
0.2139280700415653 -0.6441325732974532 0
-0.3830331238698798 -0.5672945015562119 0
-1.444238501493725 -0.2983020899462925 0
-1.470605483015739 -0.2562476373527375 0
-1.445582835285092 -0.2123095973001842 0
-1.420319672748349 -0.3397094071678152 0
-1.496488884795014 -0.2147157476674397 0
-0.494802593658191 1.218633286484426 -0
1.300492131583559 -0.6969414453136323 0
-1.09251398103148 0.995321753074777 -0
-1.105309323965261 1.047518682952965 -0
-0.1897410154899441 0.9635545216958853 -0
0.7033113430827663 -0.5553466016353008 0
-0.1673108559400439 0.892282499546409 -0
0.2977952552481668 -1.317825286669442 0
-2.134556976199474 -0.5713617118357208 0
2.135009581669221 -0.5718110401057497 0
-0.06775583629391239 -1.438795667883926 0
1.35912736626224 -0.6773434709394527 0
-1.185453306166401 -0.02951828720676786 0
-1.111216803006196 -0.03373029721461419 0
-1.077767139374521 -0.09543759935117914 0
-1.041670357842061 -0.03698312380810731 0
-1.073540725962216 0.02527532099428305 -0
-1.005365162487968 0.02191077054565739 -0
-1.010017612966457 -0.09963028166246685 0
1.469808219674512 -0.295797427087772 0
-0.426193163971416 -0.242159893213005 0
-0.2856651333164908 -1.359308334478119 0
-1.297241736994208 -0.4626430343294265 0
-1.195325910137116 1.855184687530822 -0
1.196652444260399 1.854973229217386 0
-0.977483144122687 1.098077932515954 -0
0.7437806812236458 0.4865490033165018 0
0.3128453704954182 -1.100232084714532 0
0.2874728644688926 -1.043272996039033 0
-1.354140725713772 -0.6258677891999379 0
-1.333980447652589 -0.6685426964131589 0
0.03247958254936401 0.6608478193698138 0
-0.322202671747203 0.03824796077782754 -0
1.24020219099754 -0.7141603298534275 0
1.357669451115358 -0.6349401939735687 0
0.8276261546517982 -0.6001531895727414 0
0.7619442592122949 0.07043308706595336 0
1.39896800466667 1.705374507275881 0
-1.398804967502961 1.70529608146601 -0
-0.007128997115902907 1.121447869556303 -0
-1.054124243100629 -0.6103975071821096 0
-1.025889598055568 -0.667633411496897 0
0.2794632880688169 0.7898584581859648 0
-0.5668194032380931 0.3844975074707736 -0
-1.343863539755107 -0.462349278643855 0
-1.367454779815272 -0.4991224405391243 0
-1.387521495232334 -0.4625520570177716 0
0.5705811401764518 -1.132082679199713 0
-0.6931276468802028 -0.04636493417182124 0
-0.7676305442568259 -0.04399602891327317 0
0.1356074686886802 -0.6426787773278284 0
0.1732884225257203 -0.7111679479709024 0
2.048654005125124 -0.8086388173259914 0
-2.049661768502473 -0.8074911337271788 0
-1.28249861199256 -0.0909359522288036 0
1.459119710238064 -0.1514164295131536 0
-0.2708602997875248 0.09865060388027741 -0
1.039338036071144 0.9836425763118172 0
1.051291496259168 1.039771194477359 0
1.025799928583525 0.9241572944987201 0
1.013328643429335 1.076778543601602 0
-0.4758787845940162 1.158946924256398 -0
-0.431692142726615 1.20600394401668 -0
-0.5734783769029379 1.286558564771519 -0
0.7937733747102538 1.585467908497368 0
-0.792064377240613 1.586093016881463 -0
0.3515242192405833 0.322142714397128 0
0.329134306476358 0.247196199581649 0
-0.5678939938621533 -0.1034174656145223 0
-0.9455086169477197 1.131288840982962 -0
0.4052780773685114 0.265330352294283 0
-0.3599253994466898 -1.139626514344366 0
-0.3254084241544607 -1.077245845108347 0
-0.1418426912742985 -2.195239803838217 0
-0.5196175075916448 1.112644972979762 -0
0.3415923578640197 -1.157515810232486 0
-1.759245356408523 -0.2627949226054321 0
1.760834346168241 -0.2624940815716545 0
-0.1935213095093937 -1.491763126315527 0
-0.2430658170900987 -1.493704701258011 0
-0.7298650808617515 1.309087235664103 -0
-0.6983410107144336 1.346420276487361 -0
-0.7599111946100245 1.275038783784931 -0
0.2920594479550465 -0.645651125470538 0
1.064125696763345 1.092423209237994 0
0.1995253409735958 0.2860508079866049 0
0.1442893847650079 0.3397662521047338 0
-0.02052504888650656 0.7166640876934472 -0
-0.7999413070803187 -0.1086383947646416 0
0.2939185120433354 -1.760986896775935 0
-0.2967614540813349 -1.76003504054398 0
-0.1168856029002803 0.9475320682044684 -0
2.408077676062667 -0.8689168391114853 0
-1.443511336887659 2.120536490955445 -0
-2.462819582436194 -0.7175790503954955 0
1.568638986629814 2.019023777228584 0
0.08153023447020902 -2.558231217589799 0
-1.472866459133393 -0.1666550205374838 0
-0.6342648592932747 0.7569528401468917 -0
-0.6169336390968508 0.6920875421219398 -0
-0.681893254959261 0.7097298033395897 -0
-0.6651823137394584 0.64412867355828 -0
-0.7308126099969516 0.6609435385679615 -0
-0.6025391619870013 0.6230589818665644 -0
0.8756980953213401 -0.6557841457063222 0
0.8521319951571564 -0.7257391697150007 0
0.9239702238633511 -0.7109639104314899 0
-1.124607375774527 -0.7138342373677761 0
1.531616431396839 -0.2319606965882425 0
1.547319331644319 -0.182007675605277 0
0.0509466871655 -1.475507161604622 0
0.09422545872025002 -1.476969158792783 0
-0.3971975167413689 -1.077912002387777 0
-0.3614389196925606 -1.014231175288615 0
0.3827020499267775 0.1909294134075845 0
-0.2755861472749464 1.046975367154142 -0
-1.185583150283968 -0.7092306694357702 0
0.2988561196370695 -0.3721809647223183 0
0.3337201580404262 -0.4395121823305718 0
0.2606556993129381 -0.302774368672915 0
1.10235430740578 1.057380115348272 0
0.3215646714566488 0.9357803527490839 0
0.3434394513757846 1.007457937043175 0
0.2884563010819756 1.061777723567733 0
0.3648068001927955 1.077294280065672 0
-0.3883120695554912 -0.3057148416484172 0
1.184681133846249 -0.2023139320649332 0
1.205159120284259 -0.1423178149696245 0
1.14011346985026 -0.1565148030348153 0
1.160233890791845 -0.09337838391896482 0
1.23193556862225 -0.07928610791172126 0
1.093631526450171 -0.1081807427378804 0
1.114655884465462 -0.04214032944501492 0
1.046331578172948 -0.05755458261241267 0
1.067590458734763 0.01041830742048944 0
0.9996506108961898 -0.005996365013998839 0
-0.3753643701575132 -0.02096987350107742 0
-0.2993487728776927 -0.03727348446181588 0
-0.04764510073760646 0.1153930896561166 -0
-0.005563874580398608 0.1823107429286477 -0
0.3813479785013167 -1.101624804638839 0
-1.409105834061855 -0.4977645985221788 0
-0.3935342134000627 -1.202413603952923 0
1.137822401824306 0.02536723724854262 0
1.089860789572944 0.07985532337218926 0
-1.588622949575228 -0.8236991782095687 0
1.587690299767775 -0.8297581673273996 0
0.3271583431714215 -1.373768343535509 0
-1.162308974548341 -0.7640503951168741 0
-1.144515789701402 1.010187216922678 -0
-1.156208881488286 1.062926916431153 -0
-0.6673058192775151 1.115846069635062 -0
-0.2543825240177649 -1.078875049062258 0
-1.380839782079107 -0.665215012625661 0
-1.360369422625227 -0.7084833318634364 0
1.114086920295711 1.107402674267721 0
1.337510588657659 -0.7335535872678608 0
1.390809742162393 -0.7186436054884303 0
-0.9724500600082997 0.9105168679007395 -0
-1.013066323193631 0.8676829071963547 -0
-0.9530103453013543 0.852004844797222 -0
-0.9970692053133409 0.8065575634386078 -0
-0.9341361545996737 0.7906426222305317 -0
-0.980253174677658 0.7429345174666206 -0
-0.9154138338117226 0.726805098554656 -0
-0.9625868574425198 0.6769371629612273 -0
-0.5405882260319516 -0.4318366613952067 0
0.8511426091647842 0.8781604756907363 0
0.8940576562100215 0.8325231207867012 0
-0.8980623721228194 0.6595290178617842 -0
-1.52006712881596 -0.2578701139824073 0
-1.545719301206303 -0.2180610946795758 0
1.155130853997494 1.069951467006556 0
-1.466129120763518 -0.339103919585624 0
-1.119652295136092 1.09773996592037 -0
1.028706966607495 1.124785125070695 0
0.9799311221234641 1.112478816669062 0
0.3543254783153607 -0.09418507068312444 0
0.3767065689183582 -0.01886036995893967 0
0.1814262480355691 -0.3011566877092089 0
-1.168360863179731 1.114333957590994 -0
-0.8313626090783097 -0.3063396444535209 0
-1.282040706154475 1.260416457023055 -0
1.29035048577699 1.255849199138034 0
-1.407429827348788 -0.7049480767390627 0
-1.387416640609594 -0.7483973733505971 0
-1.336679193165992 -0.7529303679309663 0
0.3050073509660156 0.1741375269187075 0
-0.1463452509116826 -1.492023863334461 0
-1.445022190300892 -0.376442602620388 0
-1.037085299250067 0.08658337161522867 -0
-0.9629083198613659 0.08973754446858022 -0
0.4768584283117729 -0.5891773327027915 0
0.4993477684068985 -0.5224061852195608 0
-0.6543274195919414 1.57217354632553 -0
0.6561041260200865 1.584687094608332 0
-1.712818737655919 -0.1379170279393259 0
1.712480533914177 -0.1362216752107682 0
-0.7735289147885887 1.316040897843153 -0
-0.04763091467125862 0.6435729389139944 -0
1.5818701640903 -0.2213730106126555 0
-0.2160761466561763 -1.533744890569703 0
-0.2649618597339002 -1.537521228565514 0
-0.2940989609406032 -1.494841133474045 0
-0.3172935036793432 -1.541903098249396 0
-0.9868794151454361 1.141573113220973 -0
-1.39994993956746 -0.6256786602347377 0
0.3770212280595818 -0.3730248701698335 0
-0.713200018323001 0.5960191489903278 -0
-0.3939052310181572 -1.660742425686892 0
0.4020433555739494 -1.668670006444934 0
1.299300278434575 1.124586269109849 0
-1.134343714267968 0.9547472537944234 -0
-1.465370037270054 -0.8902213682825959 0
-1.320461718812568 -0.4218364488959132 0
0.3613185441064314 -1.319734050533145 0
1.081429590441197 0.9422585134825755 0
1.067665167679135 0.8797224987641167 0
-1.108921902811718 0.08878478194338807 -0
-0.2839958429641752 -1.582360707319058 0
-0.802525651901195 1.283900214028334 -0
0.3943857306449045 0.9539919412809174 0
-0.4356062129659204 -1.014732733605629 0
0.00822838991793615 -1.474390917699122 0
-0.839758389147256 -0.04312327116203717 0
-0.8043837377846474 0.02044702651534295 -0
-0.9901372456156692 -0.6136111139686651 0
-0.9599702098403984 -0.6727236948209221 0
-0.9972380650236319 -0.7241627872458702 0
-0.9290595718358425 -0.7313038552042254 0
1.260564349772083 -0.5162537678910823 0
1.309752937001009 -0.5066829183948375 0
1.343268544605006 -0.5430292406751132 0
1.356146916542152 -0.4962358030067976 0
1.325074907690348 -0.4626926185482023 0
1.369777127146689 -0.4551942486850578 0
1.398409967477394 -0.485926277989778 0
1.41139957467856 -0.4478463035685445 0
0.8972927862070987 -0.5879008484884893 0
0.8490434371169415 -0.5298296807052795 0
0.3139506626396174 1.13045727001024 0
0.3856337949790509 1.14623586727464 0
0.2431509885345358 1.114019418058418 0
0.4351372024835323 1.095741775085688 0
0.4543227860005688 1.162449601748675 0
0.4075794565665024 1.213015264836879 0
0.4752298792682839 1.227070699904802 0
0.5201814618970158 1.178553880437278 0
0.540377646566083 1.240135572025267 0
-0.3987428706350188 -0.9495908752459207 0
-0.3492219698482819 -0.2395377901693186 0
0.8324210537711841 0.8169031313504959 0
0.8777459540756664 0.7698027636845178 0
0.9391161954172206 0.7860599015739901 0
0.9243006458798309 0.721018413744046 0
0.8580175262935534 0.7040737547194208 0
0.9059679864704392 0.6534685246268971 0
0.9869808926435969 0.7373969966170999 0
0.8386099759469403 0.6376919454753476 0
-0.4572173958545555 1.097719155473238 -0
-0.5017715668664936 1.052461014852666 -0
0.1164076728143839 -1.439668676863116 0
0.1359409982171448 -1.47855941191371 0
0.4123220773686465 -1.160694651713033 0
0.0293544360268895 -1.510110979803226 0
-0.09260366126965931 0.8795278085369196 -0
-0.1357255012264214 0.8183247518121017 -0
-0.7897008377678577 1.244174038459797 -0
-0.8300436702949133 1.253169948012748 -0
1.341166795003619 -0.4203058782817478 0
0.1714398123304027 -2.183609565658396 0
0.8272869423833 -0.9027450179795339 0
0.3913432326907974 -1.377721430877306 0
-1.427808022710504 -0.4641800978452773 0
-1.016295025397519 1.110829130892643 -0
1.162231378903775 1.122292225183969 0
0.5826318951961797 1.195162894935221 0
0.6004969740251874 1.255266239484425 0
0.5606259497957057 1.298346765140662 0
0.6193317460098668 1.309635036848657 0
0.6564159270706951 1.269278981991038 0
0.674615170708573 1.320751225153469 0
0.7081168655958974 1.282168199025899 0
0.6378818301991327 1.360337002965793 0
0.6897866199839182 1.37151827197486 0
0.657462779854658 1.409056221595028 0
0.6929337389121554 1.231788547540186 0
0.7416324330104721 1.245234844513926 0
0.7554342813413101 1.29156286977244 0
0.7862966745475087 1.257640145264851 0
0.7059228456801299 1.418614195487467 0
0.7322604901952161 1.38261096248075 0
1.564370057482095 -0.2681360920276377 0
-1.390494151991887 -0.5335923550073288 0
-1.071410395134468 0.1516845999367184 -0
-1.20690562938139 1.078866063602581 -0
-1.217613870887784 1.131919999382789 -0
0.1775986459689547 -1.093176275403968 0
-0.8998557618606663 -0.8997815750844502 0
-0.1922003899136639 -1.202334066932327 0
0.09544799773441295 -0.7096874164077863 0
0.1332278265223028 -0.7773864317143668 0
0.2100977516667453 -0.7788670081725285 0
0.167109656238666 -0.8456702572265522 0
0.2462240410106731 -0.8414925395372328 0
-1.045289846443001 0.7605125449903524 -0
-2.12403609106137 -0.5076901654968362 0
2.124578302125634 -0.5080434369823682 0
-1.020375737634143 -0.5569992997808232 0
0.8039739367291032 1.302092520024011 0
0.8283386632988237 1.267609610157976 0
0.8166010732427368 1.2278170762127 0
0.8558102681970639 1.238633568192467 0
0.8464149138243754 1.199681754029645 0
0.8846003940345014 1.210394097976978 0
-0.9029283938458877 1.120143740629417 -0
-0.9155882428859092 1.16214609728068 -0
-0.008382527892009935 -1.508246283331368 0
-0.4525569160173184 -0.002086193969088545 0
0.2995501713933813 -0.0368718542705151 0
0.3729888644045393 0.8834665740719739 0
0.6021811366211114 0.2450713397712972 0
-0.8653969254967159 -0.2431308496607251 0
0.1143636273027618 -1.514280691332618 0
0.1545711133115044 -1.516346807110658 0
0.3831352330550784 0.6767807524614389 0
-1.04473847057057 -0.1572273741107282 0
0.5760241213761385 -0.5091300243804683 0
0.524526800871604 -0.4492216113413579 0
0.6015487234171779 -0.4350879909140395 0
0.5501549549042808 -0.3753861999583916 0
1.575166833896106 -0.04460870709170841 0
1.131924777773798 1.868266501589685 0
-1.131924777895646 1.86826650163842 -0
-1.566369212453978 -0.2601631437643318 0
-1.593488709699684 -0.221029479394874 0
-1.573271508605392 -0.1772902967328092 0
-0.1815639371535138 -0.500821649177883 0
-0.73221725665065 -0.6226579695099789 0
0.2867698299912815 -0.7796576098523672 0
0.3231063630669525 -0.8424036614473983 0
0.2072648654908197 -0.910892263164964 0
-0.4320945939532151 -0.07537474173581737 0
0.07237414232601008 0.1812938623220614 0
0.03418884969989462 0.2504735789049876 0
-0.08726722058566928 0.04841256594994264 -0
0.2223895583563189 -0.235633764792549 0
-0.04585099813731358 0.9304666271066555 -0
0.009234378111016546 0.586537845781098 0
0.4435293837411429 -0.6677394155899533 0
-0.4274186003489778 -0.3698753322584343 0
-0.3505518901597475 -0.3719021711661825 0
-0.1385426666897734 1.018082069931092 -0
0.6746964172655087 1.456836773057704 0
-1.429693996707504 1.646077401156061 -0
1.424991862014006 1.646940464814808 0
-0.7251312187192587 1.043707976947313 -0
-0.8913175614587361 -0.6761215664965974 0
1.376907332633764 -0.7667486984319432 0
1.325029162564551 -0.7853347426623796 0
1.426694158308605 -0.7539129660542956 0
1.436463304921572 -0.7061999506142419 0
-1.434821612142511 -0.7447918288878649 0
-1.365187953788832 -0.7945526638018376 0
0.875117819715054 1.171230259602144 0
0.915439448830992 1.180703732572234 0
0.9978423761564192 1.154252100819893 0
1.03958962271285 1.166516847809231 0
2.000690043650542 -0.8482831283942063 0
-2.002087820838966 -0.854616318517233 0
0.3555823163155354 -1.429833885691241 0
-0.7452566908218514 0.7284566981509869 -0
0.4270276033446539 0.3402958344858879 0
-0.8688236765129945 0.7760817804073474 -0
0.7252421670261702 1.469044310353322 0
-0.1936826624955086 -2.161150839386848 0
2.45973722529394 -0.7170159126482366 0
-1.565584746052683 2.019509396408572 -0
1.441492915739413 2.11489178685386 0
-2.404485910553387 -0.8649230715655961 0
-0.07817632804360955 -2.560387532985304 0
-1.221783322003165 -0.7560039128977093 0
-1.202457675665201 -0.8212259618304759 0
0.1328413445848928 -1.547228378844524 0
0.1711933478314789 -1.550878125122377 0
0.1944405941013016 -1.516176339037024 0
0.2103764830474446 -1.560753060174904 0
0.2380341163756436 -1.518211926181073 0
0.2591088380853176 -1.562050547528806 0
0.2881330531447657 -1.522419132856835 0
0.3102932714088293 -1.569242292912046 0
1.026050936098349 -0.1255520547209993 0
-0.5615258929886667 1.068922019830629 -0
-0.4538428158871283 1.26601071448359 -0
-0.3875154990741735 1.2566186090888 -0
-0.3659199555305711 1.190244904972365 -0
0.9010075874453976 -0.7783925742827741 0
0.9722635396775959 -0.7644932423737436 0
-0.947116122675298 -0.2394132682493858 0
-1.02779091221498 1.153726689327565 -0
0.8092210826343541 1.647162781554334 0
-0.8121597600713392 1.643059272368953 -0
-1.39946229207433 -0.385998751452469 0
-0.1386090395384709 0.1225571291512275 -0
-0.649178772531783 1.338210026815531 -0
-0.6671342790593801 1.385198952682172 -0
-0.7229534297449206 1.390127076321594 -0
-0.6864979917753297 1.431273944618153 -0
-0.616399009749756 1.381073524638307 -0
-1.272651713195696 -0.4223482658391453 0
-0.09720169742624943 -1.311245127532389 0
0.459253289029213 0.2083807213014074 0
1.822960996618143 -0.2623889803923019 0
-1.825926273950392 -0.2566032039095669 0
-0.3270578449737607 -0.9472548898113091 0
-1.096549856905872 -0.7744750477305992 0
-0.8739551040302638 -0.1081495410598806 0
-1.543011844656345 -0.2953917391771984 0
0.3206144911815901 -1.815077903809876 0
-0.3202580988050233 -1.822242274350258 0
0.3323583272491757 -0.5776147612644231 0
-0.09870110428304248 0.7020765547481941 -0
-0.9441802855803572 0.6084684160353776 -0
-0.8820381607381014 0.5916393955488529 -0
-1.013048181453656 0.6269564550394743 -0
1.599286691586745 -0.1721888652991973 0
1.628907353341153 -0.2145788805485594 0
0.7282275191563595 1.19667444486806 0
-1.19265442215096 0.968518651477595 -0
-1.638472012462465 -0.8615468591858341 0
1.638467533444136 -0.8615535628579942 0
0.61147161346356 1.410592501847305 0
-1.12546962578257 -0.2594401889862424 0
-1.130988516275136 1.147044591492585 -0
-1.430125933731543 -0.5306373165587804 0
0.9952958978985609 -0.4552863100772808 0
0.5616918794522869 1.12983905471904 0
0.8066178685970825 1.186703688667166 0
0.7926168887601401 0.691498934892516 0
0.7744157481207382 0.6276848380607299 0
0.2723866431221 -1.609067739161964 0
0.9056017224791214 1.140214896443516 0
0.4515378261697219 -1.101663084882373 0
-1.257368379452537 -0.63311869950661 0
1.143619408659604 1.013568997062481 0
1.162012434828378 0.0944925024050479 0
1.112982500267706 0.15050121234676 0
1.210121950992228 0.03962255899019303 0
1.040730598263205 0.1345704130013032 0
0.6796098675379545 1.181544527687264 0
0.3914592987819939 -0.2333123719151545 0
-0.8199221183122362 1.322812060680015 -0
1.436318697857021 -0.4771912653283188 0
1.448948674012851 -0.4404316935911243 0
1.42458126120819 -0.4109261014922996 0
1.461487529575919 -0.405790351353405 0
1.426318749214386 -0.5159791550009453 0
1.438724565006363 -0.374286872963153 0
1.477792284518742 -0.3732938693220517 0
1.39914600620626 -0.3793184677262334 0
-0.01901127164246224 0.8580192140852997 -0
0.4325569143059387 0.1331379603554359 0
0.8883009046185055 0.586487719307088 0
0.9542265727897705 0.6038428987868211 0
-0.9743584343699869 -0.7844925516060473 0
0.4223991913435735 -1.041964572129662 0
-0.996598046140599 1.176511172860579 -0
-1.296219021688372 -0.3791595661478916 0
-1.069430176876308 0.8838478218483611 -0
0.05737156155941486 -0.6415067386163184 0
0.01749652680417397 -0.7085261757054968 0
0.7899749974650447 0.863694163081597 0
-0.7896700396483249 1.349826676057578 -0
-0.7943309375882404 -0.243575832360771 0
-0.3617945546231592 -0.8854700354441487 0
-0.4380296464894815 -0.8907456849783785 0
0.1432112938649635 -0.2321153300087402 0
0.1021882393397774 -0.2995717386418524 0
1.200213981436478 1.08977275428502 0
1.206461019799396 1.140159052415655 0
-0.7397130006189717 1.440632738292209 -0
-0.7040206946716411 1.477287396743273 -0
-0.6542357411915239 1.469945159703344 -0
-1.487591064949974 -0.3812085108174863 0
-1.465788749933685 -0.4118402805781843 0
-1.417593706093403 -0.1644651648385876 0
-1.446849973375803 -0.1148339764796407 0
-1.386697387131058 -0.1130901715491785 0
-1.417994980763851 -0.05996693991283814 0
0.3247438261817069 0.03968629306933513 0
0.2783310824807658 -0.1110244238578919 0
1.127237113925625 0.9069707690375109 0
-1.335866217009086 1.297409322081016 -0
1.337051035043013 1.290285717988063 0
0.4299430053692028 1.276895647810391 0
0.3514469453822273 1.273157338105702 0
0.15350645061034 -1.362039252153244 0
-0.06577538292784496 0.568742400848444 -0
-0.01108637874227985 0.5136641096066956 -0
0.722059933095313 1.616693003410749 0
0.7132349503591415 1.553201096430519 0
-0.7199142844083795 1.617107100952819 -0
-0.7159759549154259 1.556105025114151 -0
-0.1080028445257863 0.2675635789467461 -0
-0.05666593627079181 0.3260908488588693 -0
0.920875823445834 1.218836513811691 0
0.9929513292978365 -0.6983083959372987 0
1.041056266195569 -0.7509317854235121 0
-1.570775898020657 2.206984418058556 -0
0.03153099005955253 -2.714239739712385 0
2.571593726717768 -0.8688630884460808 0
-2.584367908527315 -0.8119163261872339 0
1.613570465310617 2.175892344960995 0
-0.7603400907448268 -0.3055655033894335 0
0.3424561944291869 -1.52796635769763 0
-1.76426340309395 -0.1860601306503296 0
-1.706280406076448 -0.2031538734489538 0
-1.615342148044023 -0.185923363301774 0
-0.4398248540193659 1.03682505032527 -0
-0.4835888151963883 0.9920692324221343 -0
-0.3962456334555368 1.08309514153845 -0
1.766195235269729 -0.1809528494577219 0
-0.8189294163465605 1.214943631259715 -0
-0.8569242222261038 1.224202034067839 -0
-0.8677824343633986 1.261462895897926 -0
-0.8938871662489447 1.23254300188577 -0
-2.202791059634421 -0.5208158225778547 0
2.202830546663907 -0.5212707891070629 0
-0.3892188332277383 -0.434982758483395 0
-0.3122520304085736 -0.4375340360506373 0
-0.07511278320525866 0.4025699224587495 -0
0.007794016016823407 0.3807884432929769 0
-0.3481944860068799 -1.497113945729362 0
-0.8589823746583471 -0.7392745501153334 0
1.413247898151998 -0.8028405428673225 0
1.466960987305662 -0.7855382353304222 0
1.450097338508261 -0.8387698497631347 0
1.502626253998399 -0.8300464235595887 0
0.3754489353184571 -1.729300642392871 0
0.3345748058903498 -1.679469837272239 0
-0.3690071352035396 -1.736518237098027 0
-0.3362540348817217 -1.6893325205259 0
1.06410671042634 0.2064451253082494 0
1.125559589092331 1.153245189321629 0
-1.179101700370697 1.934966768573817 -0
1.178449306889195 1.931519200068501 0
0.6279853796429548 -0.3639892269774465 0
0.6783798220646794 -0.4222146471023456 0
0.5768599766242535 -0.3050547038628875 0
-1.501305362579791 -0.1207091062999554 0
-1.142990052629482 0.1551499196476861 -0
-1.184032327983138 0.09535149427934776 -0
-1.103363335070623 0.2193390712666024 -0
-0.955121027284208 -0.5648286232602777 0
1.330152081883939 1.18486966889825 0
-1.534237718289269 -0.8938864566677164 0
-1.500721397090887 -0.8344272083624154 0
0.1852749508119371 -2.260224808024763 0
-0.3242237716424108 -1.44801948143131 0
-0.385381319844374 -1.444622360043681 0
-0.3195140823896171 1.241654318978507 -0
-0.2964389385745048 1.179221712234387 -0
1.491718002281193 1.716196815351939 0
-1.47851933719515 1.723515922137534 -0
1.134351068496099 0.2215929369766621 0
0.4987551460453878 -0.3160115322816386 0
0.3314395416361041 -1.265405340705122 0
0.3964998083000677 -1.269614553503042 0
-0.3319475624680182 -1.591319254237449 0
-1.088894281211775 1.128088633305668 -0
-0.16640078578645 0.04718735890626737 -0
2.098162575129281 -0.8777758692261151 0
-2.092625588238072 -0.8705104522314999 0
0.3714938911321493 -1.5763103036168 0
-0.9116443713368989 -0.04325260275084355 0
-0.4675436476876728 -1.081929337911097 0
-0.5120771706493819 -1.020911025094025 0
-1.306937428958705 -0.7964559787469404 0
0.7716373225908928 1.329520653822787 0
0.8075417329174736 1.344955502573995 0
0.7836810534322534 1.365162740757832 0
-0.8754998553571942 1.152592746942524 -0
-0.3468588585896817 1.297929207312893 -0
-1.608966461146089 -0.1316198576271813 0
0.3644778808208164 -0.7791862940256581 0
0.9756561978937089 -0.515964761261838 0
0.941051139732614 -0.4709830634296999 0
1.007860511602755 0.8619391769321059 0
1.054648618959177 0.814844411226646 0
0.1577280684852686 -1.441247846546625 0
1.412921726725872 -0.3420098258293005 0
-1.176517939706796 0.9096642350603642 -0
-0.1875426087350669 -2.261223526709156 0
-1.411732030087931 -0.5658434750338822 0
0.9515178995887741 1.193509405439926 0
1.611691941959965 -0.26160670003056 0
0.4919362188427296 -1.047356824654368 0
-0.7600173500495503 1.407663943482721 -0
-1.505707624347194 -0.3430240822118445 0
-1.257265228806682 1.097659451047785 -0
-1.266812522186893 1.15053010860514 -0
1.296942631242565 -0.4272674730095705 0
1.314368051884613 -0.3876969393279907 0
0.8293315523735435 -0.7957556267369769 0
-1.244284766208314 1.049273755031875 -0
-0.2850767407837532 -0.8839016654184776 0
-0.3191999391867127 -0.8212260800094791 0
-0.7934909013179042 0.6840505672783095 -0
0.4481533038561298 -0.4658026861349244 0
-1.441303630498218 -0.8337518664227676 0
-1.403674302494323 -0.876844341451851 0
1.12227536025262 -0.2186601240883338 0
-1.454585282404091 -0.7031628927530316 0
0.950718539193339 1.22933632895985 0
-0.4187402629641375 0.9714127624834608 -0
-0.4260800558579132 -1.593419868605307 0
0.06340071126460362 1.156589387116943 0
0.0573899980722156 1.076733445942422 0
-0.009501384176365223 1.044834513266127 -0
0.05281625303227337 1.0007493096917 0
0.128729224577069 1.109381569614253 0
-0.8242647457619248 -0.6776941082722301 0
-0.38755385195463 -0.1803076132497011 0
-0.3099753744216563 -0.1740041339580614 0
-0.7423425231532493 1.479887391111418 -0
-1.605825547365475 -0.2637087019613104 0
-1.584626107321887 -0.3007064011212 0
1.410661573108764 -0.6756989865691067 0
1.412979140567354 -0.620375035549408 0
-1.345449605404717 -0.0582861494370022 0
1.517288856136203 -0.2786869001053442 0
1.545620045322622 -0.3077638528954853 0
1.508757331813247 -0.319924181503273 0
1.587435124277974 -0.3053930033283001 0
0.2135144430437226 -2.14074083211003 0
-0.9763964518100599 -0.1645135465036003 0
-2.179775840702035 -0.8742386369474331 0
-2.218705490096402 -0.8143649478367121 0
-2.281411831039001 -0.8135898704670111 0
-2.243282426990551 -0.7600027966444137 0
-2.304460575149278 -0.7525972716590931 0
-2.190192502291374 -0.7618221400882312 0
-2.212134393213302 -0.7174690267891219 0
-2.136191973410143 -0.8215869673718309 0
2.161177341287965 -0.8753344067634695 0
2.228814091137403 -0.812288709608655 0
2.129604185709622 -0.8130363591934692 0
2.164315058805692 -0.7670469379583806 0
-1.505035930211058 1.802933356920494 -0
-1.460127781057627 1.858475125424891 -0
-1.478758601842424 1.918329084206145 -0
-1.417288727536749 1.898632080446746 -0
-1.427511311740761 1.957747762542251 -0
-1.401453952671773 1.847542153797487 -0
-1.367733301348679 1.882475433445462 -0
-1.441544632923125 1.778108622630043 -0
1.505035930198332 1.802933356906756 0
1.460127781016143 1.858475125433973 0
1.478758601810514 1.918329084251818 0
1.415999662328401 1.898645534113638 0
1.427804559522712 1.959074328763769 0
1.401239108413479 1.847544396083359 0
1.365780491173348 1.882079516610586 0
1.439058074652687 1.7775020925691 0
-0.466053848503877 0.9237140359397613 -0
0.4458791515194143 0.9006057419436336 0
0.4634044592050961 0.9754585793779623 0
0.4238095907084433 0.8304794137668202 0
-1.239967550681197 1.984781475686528 -0
-1.248861637686981 1.921884154298364 -0
-1.310159836741916 1.952988132488756 -0
1.251301148481397 1.991606120056246 0
1.249298231041371 1.92101934474462 0
1.312470156604081 1.957512109850659 0
-0.9042938655488296 0.8981953470666594 -0
-0.1578627629866519 -2.343245602213454 0
-0.08847782780656539 -2.361542641020157 0
-0.06429310468789476 -2.423493338798845 0
-0.02895333637182531 -2.370115084504658 0
0.004471559170485269 -2.427512788443833 0
-0.04733767466859026 -2.318727277447323 0
0.002743005022263932 -2.325345869611308 0
-0.1216808108578667 -2.28534981663314 0
1.456233302060755 -0.6627654681042786 0
1.474402898175598 -0.6966506980942815 0
1.466705885231157 -0.7348002802322356 0
0.1586245471797317 -2.34638920698308 0
0.1192305119168031 -2.28699713837118 0
0.09023183056332447 -2.357724752553335 0
1.706879442211285 -0.1970138976139711 0
-1.526832706943976 -0.3720443043564314 0
-1.54309756781061 -0.3450715866408768 0
-0.2700892565077625 -0.2385143019235293 0
-0.16015169609635 0.212274410434893 -0
-2.280615817963328 -0.5748191858189746 0
-2.212091616774793 -0.5917533822366601 0
-2.267952998768694 -0.6430215513672451 0
2.277156061915187 -0.5739430126366402 0
2.272541879046211 -0.6466815119110417 0
2.324624298617165 -0.6892208720170802 0
2.260850726041496 -0.7057932420930312 0
2.30883565818917 -0.7537040901230567 0
2.217738545476852 -0.6725400788457825 0
2.210655057746965 -0.5905041489989347 0
1.080933066159568 1.140850539435725 0
-0.9918213575893664 0.5530642467753982 -0
-1.064918995870771 0.5727811189586658 -0
0.492855851981908 -1.16687400719018 0
-1.424432879236229 -0.662864039620385 0
-1.447349807182771 -0.6236660736926143 0
0.1136206309871003 -1.047511539835568 0
0.1510819704921489 -0.9792194924307475 0
0.1220527190403561 -0.9121266755851152 0
0.8685949435945244 1.277826143655451 0
0.8494052348191987 1.738216639461888 0
-0.8494052349272281 1.738216639587892 -0
1.486531828198943 -0.4378543341794082 0
0.4790952240711362 0.7702928684868301 0
-1.017962055659345 -0.2185784852647137 0
-1.013258528236825 -0.4690092524872961 0
-1.249007867275422 -0.7020176105889965 0
-1.037987810868608 1.864638599660934 -0
1.037835648435898 1.865063864964866 0
1.561116013514778 -0.1228949983872916 0
1.614055984412186 -0.1100786147083239 0
1.51481728909497 -0.0774540345070123 0
1.519927749758485 -0.006506582552625231 0
1.452991674557452 -0.04654938080638824 0
0.7187926278170595 1.146065798022994 0
0.5088218732240696 0.9301701189190549 0
0.7516550500156962 1.422428378725807 0
-0.3455246444288273 -1.384771981292505 0
-1.293021904164185 1.896123007421151 -0
-0.5851025538800343 1.532241032595269 -0
0.5983261231801464 1.534279151271906 0
0.2634045658927838 -1.472688812288987 0
0.8917382767643784 1.244440244303648 0
1.016225085495553 -0.8235333544541487 0
1.086028861308782 -0.8076939631512631 0
1.10750912259861 -0.7390324898240958 0
1.152956357193758 -0.7879096263726268 0
1.132680808052081 -0.8473113468050872 0
1.175097948914487 -0.7251759730164948 0
1.216366868195987 -0.7752571027735291 0
-1.494484412650321 1.989192222512963 -0
1.49504232736989 1.98933238039468 0
-2.353930328185603 -0.8066404514542791 0
-1.354723005872163 1.839251525379016 -0
1.352546141108932 1.838162248429391 0
1.319559074254747 1.872613927563527 0
-0.1073348833505259 -2.486649670807664 0
-0.03133196863419734 -1.476858767829708 0
-0.04523213531955296 -1.518684463857943 0
-0.267515762338023 -0.3690194926066896 0
0.008421567281896622 -1.541617978774077 0
0.04443357197344187 -1.543075701767495 0
-2.098174884754557 -0.4532872136074863 0
2.100864140081464 -0.4512730615448621 0
0.2663170308074573 1.182650978834499 0
-2.165565414149231 -0.7204781968340584 0
-2.180237055869271 -0.6749379717874514 0
-2.13529608568811 -0.7603242943091234 0
-0.01869453340508385 -2.282078298603494 0
0.02579424234659784 -2.287727446605584 0
-0.06288660550331324 -2.265746128836748 0
-1.43635061147136 2.031553861106431 -0
1.435185464272487 2.034037354035412 0
-0.1696104445912395 -1.531036118829805 0
-0.1255004836138373 -1.529184061627617 0
-0.1453035660497271 -1.566668825706617 0
-0.1098907414968043 -1.496632465215207 0
-0.1894198726048074 -1.573089552034942 0
-0.1155328296917313 -1.451934612564733 0
0.2320098657793337 0.02590664005808569 0
-2.377098469008683 -0.7384886314817154 0
0.8410131197339614 1.298551523276418 0
0.1333910781357845 1.202141258992699 0
1.658949311221529 -0.2532047218288894 0
2.20195480449759 -0.7242473842647167 0
2.161376665625844 -0.6834087447342843 0
-0.8231522611899829 1.353208777089553 -0
-0.4073172065506905 -1.39231804678083 0
-0.3924913804896998 -1.322208538152214 0
-1.076162931199315 1.08679751613834 -0
1.381982856739643 1.798833360365948 0
-1.383033626408271 1.795944137097302 -0
2.398253397839279 -0.6667696346605516 0
1.171534048579318 1.16366178801083 0
-0.03409679762924501 -2.49245007819007 0
0.03954102932961823 -2.4912637821216 0
1.854780338169258 -0.9132069325095565 0
-1.854780337996456 -0.9132069325399789 0
1.454026807662652 1.559808185289414 0
-1.451477874999217 1.552031003144299 -0
-0.862043422423581 1.11194614586639 -0
-0.7790826332131495 1.204303696558332 -0
1.299511820091313 -0.897601327079685 0
1.462551865895501 -0.506242356664785 0
0.4017874345110676 0.7552627109891268 0
0.7268209306180311 1.333479349801722 0
1.235927367422563 0.1102300201401663 0
1.283656672311122 0.05377033876270263 0
1.313025595844856 0.1172551604361954 0
1.35931351786484 0.06019044114827013 0
1.330831929283627 -0.002583091162213825 0
0.1206812716983005 -1.315062368344176 0
2.244320955706642 -0.7615441111978918 0
2.381787130908068 -0.7386000512386445 0
2.348581914053514 -0.8103086650660948 0
0.1233233952723579 0.255451122186554 0
0.154164486358083 0.1744462934037676 0
-0.8398714186701525 1.288171696113439 -0
0.7442784632149498 -0.893470617571424 0
-1.224583374015199 -0.8933599911294181 0
1.276103284659206 1.04274559833408 0
0.6898282403889847 1.50398078853674 0
0.961878973312202 1.063244080247923 0
-1.513294638140595 -0.001350441564377296 0
1.388258906465636 1.341662103387799 0
-1.38819737097551 1.341579132331242 -0
-0.7893840404968675 -0.7452550423341183 0
-0.6334387062149722 -0.9761251128639604 0
1.336883830672861 -0.5952167839276117 0
1.380901529488717 -0.5686022845780002 0
0.4607707837870367 1.44026600293092 0
0.4590041069580968 1.372773759069022 0
0.5199989704778187 1.403023506325624 0
-0.462408878537145 1.443060505677349 -0
-0.470174478360924 1.373528526219842 -0
-0.524251780554992 1.412826656619079 -0
-1.288606134611917 -0.300597287788422 0
0.7691517847461105 0.8019637518823667 0
0.09783355047911375 -1.547436967410014 0
0.0715853043537872 -1.518190236001596 0
-1.389592803459246 -0.002311624950757755 0
-1.319272458801708 0.003129182537464145 -0
-1.359611638322724 0.05887363490402418 -0
-1.289711843568546 0.06450094749562005 -0
-1.324661098756713 0.1341525121648003 -0
-0.2353871307009895 -1.5757256503557 0
-0.2532028362360774 -1.615629147003181 0
-0.2964982291517167 -1.62733968043528 0
-1.496477584799138 -0.3017749516453511 0
-0.2426036452704498 -2.1225363265437 0
-1.145464315270186 -0.8826790856087202 0
0.902715908058225 1.056370429632065 0
-0.8851554202656595 1.194278833339171 -0
-0.9294500340096385 1.205285772156964 -0
-0.957640912908425 1.170534289177508 -0
-0.9282087416974538 1.241936769262974 -0
-1.371890438915841 2.072951722136897 -0
1.371901248622774 2.073188065511969 0
1.074872344570597 1.181075418964475 0
1.047731472387846 1.203890004707562 0
1.012161775918157 1.196080450051294 0
-0.9001211571608776 1.296784501451676 -0
0.8224881782032352 1.118660352411014 0
-1.447525800248644 -0.4955851694104537 0
-1.465088499418549 -0.5195927713415041 0
-1.465660368412456 -0.4630918911378438 0
0.4205148519004119 -1.435968216993061 0
0.4472000592500884 -1.384855735993697 0
-2.39763719713056 -0.6652852982918755 0
1.544659135016371 -0.8868050776891407 0
-0.5926748406835904 1.449978486121353 -0
0.144275209823438 -1.580493909079455 0
-1.481292242758723 -0.603320526648445 0
1.957639526004841 -0.8843754943605915 0
-1.957851818923447 -0.8886293773873213 0
-1.346379679621641 -0.381846616517493 0
1.301088196448349 -0.3213721833512908 0
-1.512885068225794 -0.4466077763695713 0
0.2193685399158117 -0.9830460362036518 0
0.2780061499828977 -0.9409713708015651 0
0.113122987528677 -1.595492070766756 0
0.05009885697790535 -1.577471157124786 0
1.211833545719868 1.187647313448841 0
1.24956001647868 1.158048545588648 0
-1.408994489534575 -0.4279710844684118 0
0.9515205904990572 1.152744991019208 0
-0.5327396391276238 1.338946329817063 -0
-1.450267112737874 -0.5860603695026864 0
-1.467746916783751 -0.7830435576852672 0
0.895843846652789 1.29609183523727 0
0.8588624852856809 1.346496877146051 0
0.8365163314239873 1.365412594895384 0
-0.1401967857439069 -1.604575251172441 0
-1.483774608459881 -0.6351791641589157 0
1.481372075596469 -0.5694904414085411 0
1.453682241633756 -0.5438611721991047 0
1.449932007486134 -0.5825084125060332 0
1.418783473830993 -0.5541271308534031 0
-0.8108132975205384 1.427430969586999 -0
1.130534660699219 1.211963308706601 0
-0.04737595875853405 -1.577394823330167 0
-0.06599301852319055 -1.553054453684363 0
-0.03610638323909719 -1.550213203514915 0
-0.1110049176511665 -1.591916922574924 0
0.6263098343300258 1.147765077115679 0
-0.5058991693882344 -0.05897808991817169 0
-0.526526658244672 0.01723288600804957 -0
-0.4866255712987215 -0.1277796151433167 0
1.481239417204522 -0.6021194409984332 0
1.457315776292612 -0.6213283436683316 0
1.26757624603997 -0.8270636488301136 0
-0.1503750608380379 -0.9739989790265847 0
-0.2223894336475695 -0.9807672896510068 0
-1.005838337019984 1.230881065761484 -0
0.4004760079582376 -0.8495115424209404 0
0.3510638939393499 -0.9139759617543932 0
-1.701031064299634 -0.9043427278491166 0
1.699080631633368 -0.8900666419824913 0
-0.0753303896197178 0.7674606434600446 -0
1.544383139459451 -0.3930419042527664 0
1.536770116656455 -0.3646673133666986 0
-0.186833767839507 -1.040007155671699 0
-0.110896350127281 -1.037599413050036 0
-0.1340372024344942 -1.097340086223451 0
0.7083605079529495 0.8820142965259925 0
-0.7469587170067646 1.347320121973416 -0
-1.069211753534675 1.214998079138467 -0
-1.082223388631206 1.186151497646837 -0
0.6809516796201992 0.7402413869972356 0
0.1942206661042606 -1.637021349899542 0
0.2271547311334751 -1.624885744002251 0
-0.02925333115088197 -1.259489569353408 0
-0.09081871637628643 0.4855265746420236 -0
1.175064218573076 -0.409474422675473 0
1.211362700654412 -0.4391988626340267 0
-1.249864111946246 0.004923169620072939 -0
-0.422148451727388 0.6265500185416999 -0
-0.4741237308602861 0.5728435545012547 -0
-0.4575874597204685 0.4994349337130735 -0
-0.5283425078476091 0.5207684660199604 -0
-0.4891301705328287 0.6492598503474813 -0
-0.5113868619116225 0.4431452715481039 -0
-0.4357071729311452 0.4223427519287994 -0
-0.5842132851355945 0.46669577426801 -0
-0.5935670127973121 0.5462494244172186 -0
-0.6565123494492633 0.4912128324326613 -0
-0.6409613452765148 0.4089117443640665 -0
-0.7388717457927753 0.4952856342708862 -0
-0.7940316651680805 0.4393367377386752 -0
-0.8075855776616133 0.5100164642623409 -0
-0.8759432510435754 0.4661595966715342 -0
0.7219395574949359 0.9458065870614853 0
0.2558079268403509 -1.650110907860566 0
1.589755113465509 -0.3451062893838671 0
2.181646029254976 -0.6372109294411429 0
-1.221462733699096 1.184700490519696 -0
-1.178752682797639 1.158643738843031 -0
-1.265325863256828 1.200033353851331 -0
-1.370803698771382 1.996529479020078 -0
1.227723269814639 0.8751479643420373 0
1.258751864497112 -0.01440430884987455 0
1.306474151221507 -0.0763081717204927 0
1.37655181731152 -0.05434450357485612 0
1.268742814448154 -0.1355650468583716 0
0.5962826716359487 1.466030316562773 0
0.09405880362468289 -1.364155930744574 0
-0.2619025592104227 -1.6616264233108 0
-0.8327791648271202 -0.1746975175682629 0
-1.18127360176292 0.7328808071892899 -0
-1.120872121024766 0.7905214194770379 -0
-1.218657024374827 -0.411605923292154 0
-0.9053967454200667 -0.1733645462803977 0
0.9324117326111736 1.104916668365407 0
-0.9443395018237931 -0.4730850315837438 0
-1.613986073272117 -0.3239144404630897 0
-1.667694108687936 -0.2927604627648722 0
-1.672156494515442 -0.2574006846583765 0
1.180888520589518 0.7321097643865223 0
1.10637631157115 0.710433926656154 0
1.084524013057917 0.6399349576700647 0
1.121989328351666 0.7846268369807251 0
0.7926686411423006 1.488412277447337 0
0.7634884374233211 1.502334927594902 0
0.8103319870831102 1.427673587542825 0
-0.9737687783269197 -0.8995166410062151 0
1.370039194846218 1.99685767589147 0
-1.346912534525835 -0.5414214640331411 0
-0.9718211223212478 1.20640073856289 -0
1.496742558575448 -0.7530835573071143 0
-0.6986031024553307 0.993449093530354 -0
-0.6594932769091506 1.036804042315721 -0
-0.3339198069641852 -1.875090962830383 0
0.3279797741845379 -1.882211070052985 0
0.01378137227916292 -2.225045501184914 0
-0.04693691441482907 -2.224460432002655 0
-2.122536100102127 -0.6661375959481943 0
-2.103573306886986 -0.7263391722819817 0
2.124784970046687 -0.6669528315763601 0
2.145389618140261 -0.7258516495702833 0
-1.076566096338376 -0.4635200727980534 0
-1.284392700122667 1.816967953397495 -0
-1.33790432603122 1.779835055817587 -0
0.2714865126756436 0.1010046908511089 0
0.8937740565962682 -0.1805829616545379 0
0.9133843902064886 -0.1043235710984807 0
0.864817869067198 -0.04690085893958992 0
-2.32363167318327 -0.6867610472962707 0
1.205474876192437 -0.524630836539182 0
1.170252823587827 -0.4716456444976009 0
-1.048639535492718 1.188746977021639 -0
1.913346948511018 -0.2671304833905056 0
-1.919486005370665 -0.2720345786240568 0
-1.102629729527435 0.7147777409039855 -0
-0.5244952489008369 -1.288865604405412 0
-0.5493127786232828 -1.215046625853746 0
-0.4675450047297826 -1.226692564596252 0
-0.5046585805979089 -1.147630157865922 0
0.9077199312789148 -0.9007705435777452 0
-0.6922314231873073 -0.6939203680921723 0
-0.4399358224081185 0.7010497466802174 -0
-0.8420631278778699 1.179282712535713 -0
0.4041704326068659 0.05713709549637769 0
0.3332503047813287 1.34794883491507 0
-0.2141411565997658 -1.606755613699479 0
0.5532732860654195 -1.214465104914084 0
0.319563596539431 -1.979123316606678 0
-0.3195886962591922 -1.97902311293365 0
0.9432154186388276 -0.6441273397295136 0
-0.3574693372326495 -0.1039678506129683 0
1.13403816020483 0.5839217857731981 0
1.060812492221575 0.5692515913210734 0
0.7976353100069278 0.432153516555672 0
0.8136262355862526 0.5036035450343672 0
-1.195793327375545 1.221741227917463 -0
-1.132044538895449 1.210757734356984 -0
1.193961571609009 1.219364614064907 0
1.512434670073482 -0.3878384813123535 0
1.110803742378494 0.5087479048605443 0
0.4994736580429526 1.113468271627452 0
0.4801511632174652 1.047252733975084 0
0.4152068845506603 1.026527811742411 0
1.006438356468288 -0.2303760125910086 0
2.069437550431301 -0.7822133691382104 0
2.082298123458254 -0.8130575628312721 0
2.105751294922416 -0.72821062601744 0
2.1261570068301 -0.7596737733161478 0
1.072434634235681 -0.8866230537402674 0
0.06397546973814459 -1.100707639367196 0
1.337412868686217 1.779687904108643 0
-1.380916990734864 1.732315822763385 -0
-1.422170617423103 1.73464317175168 -0
1.379354259237854 1.731635386170844 0
1.416409649853451 1.737532627629278 0
-1.493999424044101 -0.6998632186301164 0
-1.528129833742736 -0.7542850582208691 0
1.227881398890216 1.845819989077177 0
1.25414505986573 1.868652256284557 0
1.222186936251331 1.883539188934442 0
1.283944748363093 1.816009836648478 0
-0.789946237749986 1.553269758952694 -0
-0.7964276282958169 1.48878225149538 -0
2.134486648795451 -0.6037726425018566 0
1.727576101843733 -0.2697304673060578 0
1.665138650307603 -0.2916430855281822 0
-0.5828685903745897 0.9679625947887852 -0
0.2691074273868965 1.302982345230012 0
1.387665468468148 -0.5264866356222252 0
1.036027607082735 0.4919051547665478 0
-1.038777795989197 0.4938538680729038 -0
0.8979678118334771 -0.3701875303768871 0
0.825674287807793 -0.3922628205872112 0
0.0007673424176919033 -2.577578854957675 0
0.3019675149788992 -0.2371329795267003 0
-1.287474511813648 1.8524242199917 -0
-1.253750677004022 1.871469353110559 -0
0.3232074497732373 -0.9841970553829785 0
0.8739482844019769 0.4515520043806251 0
1.063718480075166 -0.677646181414981 0
-1.072849739676627 1.886935926664735 -0
1.072819307151008 1.887020979715838 0
2.450561510546456 -0.7954636265807846 0
-0.4573138913630423 -1.435975526544099 0
-0.5776200285308464 1.130417609868229 -0
0.6373049442125477 0.5988413866688985 0
-1.247737969735874 -0.3709240152131859 0
-1.504024546675002 2.072331312432687 -0
-1.585663925970799 2.115659992272026 -0
1.506732093540255 2.069837544716304 0
1.522860075285323 2.161960771943176 0
-2.435914601444531 -0.790082854131172 0
-2.502148158721416 -0.8542950727904939 0
-0.8225358269643716 -0.8988400212374791 0
-0.8586674840588 -0.8385460910240782 0
-0.4586182993713246 -1.301195573996506 0
-1.977434090059808 -0.3054691686977572 0
1.977434089915296 -0.3054691685806372 0
-0.6487089205916102 0.8205480658057173 -0
-0.6945866618847042 0.7729856677940465 -0
0.9683106096024923 -0.1648600415409382 0
0.4979180638094708 1.283961092391418 0
0.6898170238797547 0.542446949768268 0
0.7780829008119732 -0.5419487097777943 0
0.806302029371206 -0.4747951945845048 0
-0.2284820894038075 -0.4366135697131803 0
-0.2683776285445078 -0.5038788603084667 0
0.01595361570623013 -1.575256691011689 0
-2.069514749430246 -0.7814801204983749 0
-2.086189106374711 -0.8183752971682033 0
-2.027173164509223 -0.8319500952489542 0
-2.038782283316674 -0.8728129204530555 0
-1.415115789303062 1.676468552184636 -0
-1.462336249603166 1.675067008910429 -0
0.257745752628615 0.7139536249558671 0
-1.164456292685669 1.859325540163818 -0
-1.227289368023191 1.846208781943882 -0
0.08815344662106675 -0.8451735002728791 0
-0.8530304208096657 1.343297772421799 -0
-2.130065320134634 -0.5392660113528741 0
-2.134646885529448 -0.6039824407322946 0
-2.171163107724993 -0.6277123309856318 0
-1.174915386827013 0.2163126892145197 -0
-0.0956098071308827 -1.154230013444529 0
-0.1246845193634316 -1.216161724653618 0
-1.154432266762232 1.89339943926084 -0
0.7034706255609025 -0.7598229430806768 0
-1.008900225548983 1.0671237881942 -0
0.1406845343375306 -2.196695887773309 0
0.1361738213531833 -2.235913541893238 0
0.09560231238212726 -2.251707954575734 0
0.0763645750818352 -2.218446000801942 0
-1.727820917863877 -0.2706906143811051 0
-1.739144813318119 -0.2329463065967093 0
-1.792168967143142 -0.2581245847573471 0
-1.808326122143989 -0.2167644482939693 0
-0.05901769339510195 -2.640989484716901 0
0.8006761163998245 1.616374059842944 0
0.7681619593008195 1.643247649692569 0
0.7889745749567116 1.554052253689777 0
-0.7983420665579876 1.616881432891249 -0
-0.7725659531524944 1.648197119365796 -0
0.05542441268609607 -0.776295471771928 0
0.7388163318020088 -0.005336073159956792 0
0.8142709609177833 0.01190202882707459 0
0.8375737041403017 0.08726177788190524 0
0.8859770816687047 0.02961087752505185 0
0.9089276454486211 0.1026582521295621 0
0.8610716236304107 0.1607735372168184 0
0.9315013606607587 0.17514269684668 0
0.8828503509624253 0.2366362600030917 0
-0.1367557910482527 1.211974769391302 -0
-0.1454457153599258 1.137263371400844 -0
-0.08628948221013615 1.080933243667519 -0
-0.2191117412208014 1.174731800674584 -0
-0.2145752895945553 1.10156716174723 -0
-0.5380209396587003 -0.5611522861679362 0
1.564182928458851 -0.8073500149102643 0
-1.379201652999166 -0.5818848645450312 0
0.6807993968328664 -0.8348363160003233 0
-0.4606441856231484 -0.5645605290645236 0
-0.1414102744014144 -0.43359624766115 0
-0.01607715353712308 -1.436023006238056 0
1.209071536687988 1.022432118865628 0
1.175612387882399 0.9653501627827935 0
-1.028178710323692 0.2128564520944789 -0
-0.02180181659357566 -0.6399489840949638 0
-0.06221259342178875 -0.7075783666620279 0
2.529887351315711 -0.759713328370392 0
0.458980100856882 0.6937268350041699 0
1.257689162999182 1.240017611310437 0
-0.5956312362324627 -1.053655739657548 0
0.1237328050687641 1.029637366656972 0
-1.319258143996999 1.178465820683426 -0
-1.339624107593219 1.230532620390691 -0
0.6269394259217226 -0.569033251344187 0
0.6525157990580402 -0.4948611998843609 0
0.7287933871357872 -0.4804473962804202 0
0.7538215483929012 -0.4101564519693837 0
-0.2732978503773976 1.299570510201201 -0
0.6049692851476069 -1.055798477830613 0
0.2803474104029456 -1.732037571050794 0
0.3204323542176137 -1.729600997029465 0
0.3428591292701545 -1.775631909711213 0
0.242759267262725 -1.681609806250491 0
-0.2226133062705639 -0.5703605233722887 0
0.3007203071427541 0.8647935890086905 0
1.741287761538555 -0.2302797842208407 0
1.791292823234897 -0.2312848889223779 0
0.7551590958180383 -0.8186236239680807 0
-2.167413066006722 -0.554913583551765 0
-0.232105926198628 -0.1725152378890828 0
-0.1548852734782374 -0.1486203204476034 0
-0.1664252419267946 -0.06955066005185093 0
-0.8874628539780566 0.2420013901566458 -0
-0.9438514185347118 0.178470572427025 -0
-0.8645555600781744 0.1665019210027157 -0
-0.80919159097601 0.2232966797293015 -0
-0.786345455957688 0.149234706740158 -0
-0.7087062694444941 0.1307293205100441 -0
-0.8444684496327018 0.0873728130502988 -0
-0.6544436028564199 0.1869415796671372 -0
-0.6321708294359097 0.1109241419298603 -0
-0.6854395546098669 0.0585850555554937 -0
-0.6062412349612457 0.03100065803532897 -0
-0.5532681670315894 0.09115450622951504 -0
-0.4996664645809749 0.1494448636302821 -0
-0.4904107211670297 0.3634639958004883 -0
-0.4135931533002056 0.3449178611176956 -0
0.3737541965369074 0.3965770004733274 0
0.4485951797322761 0.4150650450605481 0
-0.20015349191781 0.5705186679065486 -0
-0.1338498665234612 0.6252829036559843 -0
0.6185786199224033 -0.1724701758063438 0
-0.221013988773432 -0.2980153945249597 0
-0.5052880375522208 -0.7660568745146028 0
-0.5488752780728745 -0.8336507214854896 0
0.5445639883173112 -0.1878747891759248 0
-1.114443033951866 -0.1522546612713557 0
0.0304416698795155 -2.376130552121954 0
-0.1506965370485761 0.4220151663887841 -0
-0.02399977874540016 -0.775989888576851 0
-0.4130624521562909 1.325735384490512 -0
0.3100993564527667 0.6572218724333293 0
0.3694432877938471 -0.6475647910294905 0
-1.372695044910634 -0.3421050179204231 0
-0.2914559688864232 0.1724638929670306 -0
-0.2138099643800009 0.1536931797391592 -0
-0.08509518639555454 0.1865477544774614 -0
0.05797497700507779 -2.639794984125887 0
0.4547904359548319 -0.001669075285817799 0
2.045135750516301 -0.8516268208443702 0
2.492546126667011 -0.8707452532802308 0
1.639987127530751 2.260661387495748 0
-2.65556153065774 -0.864955428388908 0
-1.643232850750295 2.258303231541722 -0
2.657311556375543 -0.8620882420769218 0
-0.001279896847757113 -2.793655575904003 0
0.4800578701165763 0.2840893801541966 0
-1.137358473803807 0.2900141826324825 -0
-0.4756438759721955 0.07386903419491377 -0
-0.2406183216189856 0.02662882772405897 -0
-0.500632944787862 -0.4969111494938056 0
-1.491616319728965 -0.5081309409355623 0
0.1108693417541991 0.111354155236319 0
0.1892539622104104 0.1110209065031551 0
0.1687316541279643 0.4175996557053316 0
0.0913064136086699 0.399025313972265 0
0.06983438653774593 0.3252843990942752 0
0.341659667023017 -0.303200002618397 0
0.4248881399407018 -0.3139145826791389 0
-0.8892501630188154 0.8354488149384643 -0
-0.8187483895383056 0.8213418498581881 -0
-1.507150328169159 2.160099530932064 -0
1.588525081457641 2.099234368078635 0
-2.520159239853641 -0.7658919129380105 0
-0.04961587296108872 -0.01983242925363523 0
0.08034688309520321 0.8061342691255372 0
0.2222652801804708 -0.05498915166191005 0
-0.8050999715146987 0.7511741003978797 -0
0.1404703686980411 -0.3689705909689063 0
-0.3813904630842524 0.4782476006112252 -0
0.2951228221435652 -0.5087270074288187 0
0.3782829734529287 -0.5032347496068045 0
-1.367780535838426 -0.4237590394993189 0
0.1839752317608087 -0.1688982115885133 0
0.08544461142142562 0.6043274141055842 0
0.5316688582863871 0.01607174523430106 0
0.09735372814139333 -0.573742168436668 0
0.5798772353731451 0.1694409154430016 0
0.2971363748784501 -2.042517769169279 0
-0.2966402320013567 -2.042340246468842 0
0.06324385583960784 0.5305436121196357 0
-0.2370144659810725 0.2300856767719039 -0
0.3952689014964977 0.4710521591819814 0
0.06126705023230135 -0.3672843173561066 0
0.2506560751431753 -0.7122981080410947 0
0.1053206670351272 -0.1623477547038945 0
0.06387183403428717 -0.2300446057592152 0
0.4980608238568205 -0.7312770677016011 0
0.6738524375032335 -0.2280545818238749 0
0.1916105519203594 0.4916857429002839 0
-0.8755980823668346 0.01608890470467859 -0
-1.474783976620373 -0.7376994497186015 0
0.7846839879024242 0.1450960715606537 0
0.256474543125268 0.2330110326450172 0
-0.7631292034182704 -0.5552812275898503 0
0.02289094364534321 -0.2978168184474798 0
0.01835408725624199 -0.5722404537916648 0
0.459993928352085 -0.3892266554896774 0
0.6253544103276383 0.3205639153131351 0
-1.307711138271878 -0.1515251777849665 0
-0.1105998015289185 -2.209105738170803 0
-0.1399042694294755 -2.234327721186958 0
-0.1824006396993427 -2.205730244919301 0
-0.307784156197123 -0.3037839986731828 0
-0.2186195026596997 0.8375570227409869 -0
-0.1966067961532762 0.7682388385046184 -0
-0.2880964694671215 -1.013738155206637 0
-0.3103954030906329 -1.790299711084365 0
-0.3527363280074839 -1.7913940670794 0
0.3061288807710405 -1.790465334866573 0
-0.2804779776241415 -1.731509872711637 0
-0.3189469774115575 -1.730421389175585 0
0.7911985042555496 -0.06356895079716048 0
0.1156913661678577 0.4738752764584994 0
-0.1679577363940349 -1.259581100468603 0
-1.144069083012762 0.02996105078205832 -0
0.469681185691763 0.489728505981266 0
0.8075295711007777 0.2204988806030038 0
-1.30993697326937 1.112810353396042 -0
1.977440350150177 -0.8614069281962583 0
2.009801817848579 -0.8901416230795341 0
-1.976995166937234 -0.8678428125438491 0
2.023700059801926 -0.8268023714725943 0
-1.432849536733611 1.616934462558765 -0
1.434227215918139 1.616633265286772 0
1.471906618883304 1.638684123828166 0
1.414417572677783 1.676618298491075 0
1.16470516212472 1.86168343401694 0
1.15453115681146 1.894084389367908 0
1.413299334340551 -0.5894001578685627 0
0.1198408197287305 0.9534198115005748 0
0.1970709633911731 1.051004972150966 0
0.5988476932776003 1.077129957369628 0
-2.113885085944302 -0.4777125154748836 0
-2.158668855432734 -0.4868490065955599 0
2.12926691684882 -0.5394230072009727 0
2.167219378253429 -0.5553143210069144 0
2.116899987639956 -0.4767635225724746 0
2.160142757190174 -0.4856787511188115 0
-0.5032560256892366 -0.3679855622354989 0
1.019971638207355 0.06380214978952607 0
-0.5779582789475817 -0.4964187206392507 0
0.9452208835399081 -0.8335142686960427 0
1.186295574595538 0.1677323646351853 0
-1.082542651111032 -0.5572382322268957 0
-0.6228114852903993 -0.04274490063845764 0
-1.280316700412612 -0.7513400703051418 0
0.2020470235982015 -2.207902679412439 0
0.3245155416709792 -0.7112692944298302 0
-1.564025223028662 -0.3658617395296298 0
-0.7763388594117255 0.6176773051735539 -0
0.04387953982185257 -0.9114033384466785 0
1.791642149130422 -0.264334191004744 0
-1.853950991409733 -0.2650119480699349 0
1.854953041604518 -0.2637037588979421 0
1.843017949417861 -0.221967349625315 0
0.2016660712805313 -1.601245568238443 0
-0.4771618742199654 -0.9571607941203321 0
0.8253661896964871 1.671064055470195 0
-0.8160673483331409 1.672346630408132 -0
0.5219339513164989 0.4333294505044936 0
-1.083791603318845 0.644679657064514 -0
0.2941976297822763 -1.424986295331847 0
0.2138925458028358 -1.470662714421698 0
0.04057423746753776 0.4563781644653156 0
-0.9232174513195242 0.5355480794136908 -0
0.7786525170821722 -0.7411471970475818 0
0.3268020889985332 -1.617682588981423 0
1.086598865112925 0.2796015216124998 0
0.7893641890774882 1.401587939904767 0
-1.442310729788105 1.48584308054969 -0
1.442325886989972 1.485945262125221 0
0.03306873771565079 0.9183199036204712 0
-1.258307263797893 1.240450575856141 -0
-1.317397249041532 1.267278688934366 -0
1.075235246200896 -0.1713789398629497 0
-0.356634339867088 -1.256691958760102 0
-0.5059536910842253 0.7233439815344543 -0
-1.563755627657486 -0.8076028271494056 0
-1.613324718307803 -0.8482831283268201 0
-1.606780259777792 -0.8908987552581746 0
0.8118559988688114 0.9217460677531237 0
-0.223251168233153 -1.14498219991889 0
0.7768159728280457 -0.3377689193749545 0
1.332450343237493 1.245065515339023 0
0.3366400013089649 1.197557485259138 0
-0.2299643238742557 -0.8358323577194481 0
-0.9688074047292754 -0.303899465591193 0
-0.8880434749021354 1.075735468919505 -0
0.5003655957911644 0.359419344679857 0
-0.2670855640432191 -0.7652233633307448 0
0.814150064311966 0.7544850927375537 0
-0.6882007371343549 -0.3013550667027158 0
-0.2504735555895363 -1.404301491601424 0
-0.6774224918281364 1.524207094107589 -0
-0.6234585547995466 1.086368264473345 -0
-0.9248120659328527 -0.6182797415534923 0
-0.7971771690811169 -0.3676824297771536 0
0.9710085473153824 0.6718078333257749 0
-0.6024804078805556 1.025706703511716 -0
1.021910249739563 -0.5638049345272841 0
-0.4136653609892467 1.144691597506746 -0
1.549661460062602 1.943690204353295 0
-1.54905943418724 1.943747781227765 -0
0.4261171321181841 -1.329031250024504 0
-0.270034205051971 0.7868848903843541 -0
-2.327351319047572 -0.8725967356658231 0
0.7572520772041003 1.57564949066138 0
-1.661549517714579 -0.0973196008153201 0
0.1492777121144877 -1.15582563700828 0
1.403576202414468 0.005289130801796611 0
1.422318993695337 -0.1003550018272308 0
0.7625469555114911 1.462733341992344 0
-0.1027518528669887 -1.558762707221924 0
-0.5539703476103256 0.6702684825230177 -0
-0.7251547888879608 -0.3672811113286232 0
0.7636578762038898 1.159891736227807 0
-1.115192559166418 1.18250867090812 -0
1.184472705850694 -0.02759135084031648 0
-1.09997762216042 -0.8367134744736925 0
-1.042869582654067 -0.8142615018010386 0
-0.7567647373549957 1.576177659931497 -0
-0.7637301734904505 1.003954044868992 -0
-0.7589720100501625 1.535815559307085 -0
-0.2727857897113807 -0.1078661041633127 0
-1.088344283313011 -0.2096855398680559 0
-1.031266565477186 0.6944663464043623 -0
-0.3592301234222326 0.4020745817917699 -0
-1.495985194539812 -0.4205606138911598 0
0.9788322111811288 -0.07431441929965447 0
-0.7795844215497559 1.433004774980708 -0
1.339304991868122 -0.8445986340947993 0
0.2962464817122024 -1.652833605561561 0
-1.062571205024631 -0.7182688639604514 0
0.9500442831361161 1.260534584185554 0
-1.477037130287531 -0.06299340118831193 0
1.436158304099084 1.589052936320946 0
1.373255361269809 1.936072880048295 0
1.280741031479856 -0.471093731178244 0
1.486270044906133 -0.8801164068490258 0
0.3691882641142972 -1.820196700149838 0
0.2633917576305582 -2.088550951719951 0
-1.272108398907406 -0.8422708705399659 0
1.297845041597962 1.912316282016015 0
0.5505299054795459 -0.9974663505235383 0
1.168235021521332 -0.2589888265566295 0
0.8985232064570134 1.783539447937924 0
-0.8982093051582545 1.783962694991208 -0
-2.26569025969372 -0.7077434274943357 0
1.013548967793431 -0.3962098805130248 0
1.49200719735564 -0.6683612485396804 0
1.880887971950797 -0.2722974096686424 0
0.8276505840091406 1.701729194169933 0
-1.787589629925364 -0.915745496907027 0
1.787589630085603 -0.915745496927122 0
-1.462846579437966 -0.6628675139944272 0
0.1129417592929686 -2.481763787233876 0
1.301736621266224 -0.1833997638143713 0
-0.1959004854604557 -1.635061967667562 0
0.6397330395120329 1.213467711458968 0
1.365109553679742 -0.1187939639391938 0
1.66444505577878 -0.8898013912776354 0
1.612100319030411 -0.8490556217173699 0
1.6118514070371 -0.8930986953038463 0
-0.7241810739956366 -0.2348545623261605 0
-2.21317941878218 -0.6437898345388227 0
-0.3213164030640975 -1.308020676772231 0
-0.5380320346474726 -0.1777414468140174 0
-1.056213692774765 0.8242886415826947 -0
-0.7072909765605834 0.8337875697418395 -0
-0.7466215717457148 1.230237403106261 -0
0.07361334202699564 -2.306319634897866 0
-0.000659190616115934 0.7951650230648309 -0
-0.5153542267588183 1.274606321125017 -0
-0.8602845894895406 -0.6170714185694505 0
-1.922745703861431 -0.9035083811042721 0
1.922710321813493 -0.9027994005610739 0
1.310084975656775 1.276824198328638 0
-0.225484688221191 -2.147125689026037 0
-0.22736747094519 -2.186162809984849 0
-0.2672787264982274 -2.103019624197364 0
-0.1011434284637951 -2.244136078250188 0
1.204374144136618 -0.6713539659983864 0
2.098423230923817 -0.4146918864385996 0
-2.096930828906014 -0.4160339364044074 0
-1.007257314335751 1.843261170310995 -0
1.005644979595585 1.845012331620287 0
0.2499966139189308 -2.12588985873154 0
0.1953630190058215 -2.165274118350625 0
-1.246623059093818 -0.460614866300912 0
-1.315160462755104 1.83211595701891 -0
1.136539617796055 -0.6791929730754586 0
-0.8535232969224615 0.7061364773883452 -0
0.3308459742549077 0.7350672915797208 0
0.09005515016813007 -1.155773175779372 0
-1.098584454373456 -0.3096093455893063 0
0.4808627288169625 0.07507186922861531 0
0.3342901543939896 -1.913305701644794 0
0.3337383944068255 -1.850371905236943 0
-0.3358014024577639 -1.912196336182264 0
-0.3221116934171804 -1.8496544749541 0
1.529080712836093 -0.7539266739994768 0
1.725943825177605 -0.9044111256490032 0
-1.733642969802825 -0.9036838733461435 0
-1.660667706275933 -0.8873600803455898 0
-1.206524096631019 -0.6541352738304153 0
-1.392860828495551 -0.2089634688189536 0
0.5656064250628778 0.9550228576871648 0
1.363573708635853 1.313406569366284 0
-1.397460145057446 1.373346029963467 -0
-1.365368799482386 1.309946278269464 -0
1.398044076413215 1.373092266099744 0
0.3342482234262557 -0.1673539748825302 0
1.469478270950887 -0.4675308990411125 0
-0.6327203102697908 1.29078944292063 -0
0.2692511879121484 -1.264176686032573 0
2.143337576493059 -0.443977230947137 0
-1.21562238751114 1.888781946618765 -0
-0.1706789916402257 0.6984857193086788 -0
1.820964075360859 -0.9099795139221294 0
1.755819465235197 -0.9073916872451444 0
0.3534445144438246 0.1160054966830916 0
1.493091991676553 -0.5065576788291134 0
-0.08343495469536732 -1.257765927310813 0
0.4289519752615563 -0.7479924580098535 0
-1.152798342190177 -0.2047880808848024 0
1.19528920269576 -0.8355347306469646 0
0.3907934938375061 -0.9792248164103263 0
-1.137269255452277 0.5863890358580196 -0
0.7738389074596748 1.212326989292418 0
-1.638293469890151 -0.225146057065058 0
-1.227812941491595 -0.5928280036770434 0
0.4390968680640074 -1.220688882101714 0
0.5515802348872905 0.3035919056674924 0
-0.4317340604339143 -1.146034030176389 0
0.5766808211036569 1.365152592594047 0
0.5122500617225364 1.340110027679293 0
-0.9351372862730223 0.9517226021073016 -0
-1.237385511823862 0.9278250992340619 -0
1.515247137400944 -0.4497538807236842 0
-1.109757699459759 -0.5093239365400889 0
0.3041110377527362 -2.009303823087164 0
0.2788775472288068 -2.067152768919533 0
-0.3040168291190464 -2.00924827781991 0
0.9673917284999748 0.90828064663226 0
-1.887146592958795 -0.9037603263035822 0
-1.82096407524502 -0.9099795139291209 0
-1.510521992908726 -0.7852374915926611 0
0.7140839149496601 1.095746801518813 0
1.615170108373567 -0.3241436424629625 0
-1.407299368873014 1.395968305186366 -0
-0.7004453296252492 1.082049234028572 -0
-1.252211319408146 0.124954283822963 -0
-1.757913831576343 -0.907675352726771 0
-1.422920860341959 1.427597624229151 -0
-0.9713718557629603 1.832203245541268 -0
2.324179189374048 -0.8750575869258934 0
-1.415526001680091 -0.7884275384116509 0
1.450011791480239 -0.3367552121445516 0
1.359227909243562 -0.3837821464124816 0
-0.2782843378677771 -2.070318471737882 0
-0.7614586654670887 -0.1734293517901622 0
-0.0002559793695506941 -2.868545354880834 0
-2.727876190229524 -0.8867629395942701 0
2.72822619537313 -0.8861895023319902 0
1.685672171136993 2.320811251265617 0
-1.686321315780802 2.320339620074921 -0
-1.008686828620861 0.1438665081084062 -0
-0.8235329965664581 1.705660384673625 -0
-0.8772372941340326 1.757939251612903 -0
0.3224755597929581 -1.945638810640403 0
-0.2482297684920887 0.7160652884116268 -0
0.8773000743512984 1.75785460215113 0
-0.92775520677929 1.798365957600859 -0
0.9278179869037878 1.798281308107323 0
0.9488143108960696 1.811344146036189 0
0.8839432115909167 -0.4537420397861069 0
-2.066978124905255 -0.3913161397346151 0
-0.04624491316106186 -1.311468713648008 0
-0.9477907090415958 1.811019940563168 -0
1.277069492589962 -0.7582920642994345 0
-0.08628832662229703 -1.522552207882291 0
-1.454836294445618 -0.5522255125367624 0
-1.344363614412379 -0.8505346756742951 0
-0.4644557647580649 -0.4335967086209089 0
1.887139516709544 -0.9036185301572242 0
-1.450309851073455 1.592394671942027 -0
-1.560356407709834 -0.84414532199051 0
-0.2069131141755627 1.030968289276817 -0
0.7758017177509215 0.962614201807141 0
-1.947372274908353 -0.2903556560912277 0
-1.881841707394552 -0.2585410803378144 0
-2.048541412050824 -0.3719146285822801 0
-2.025354667024103 -0.3462231836341879 0
-2.000542628532497 -0.3293525723212525 0
1.384216445581147 -0.416228857694394 0
-1.442267255331585 1.519751655445302 -0
1.428796065262341 1.455841799650509 0
1.420805306467362 1.432399474697555 0
-1.428793033778023 1.455821363219059 -0
1.444693155832505 1.521023537575258 0
2.000542628437017 -0.3293525722446425 0
2.025354667029997 -0.3462231835984828 0
2.048777431040326 -0.3723413259124996 0
2.068158220062531 -0.3934496266860699 0
1.945307330268166 -0.2918409262600831 0
-0.3780327032195629 -1.550303607687711 0
-0.5395852170264743 0.5954067762935246 -0
0.8365083627812604 1.160994269936041 0
-1.524844941941285 -0.1748398520501026 0
1.417872610489471 -0.2974026101364846 0
0.4243615576239732 -1.607333465642322 0
0.8648898212366377 1.131975670764006 0
-0.3477872353030542 1.128669061718123 -0
0.9334788038643309 0.5491171665307667 0
-0.7614852616434954 0.07859079995410566 -0
0.7273804195857602 0.682163745533655 0
0.9311192545545509 -0.02474800213362213 0
-1.292159671351709 -0.6687400496162713 0
0.3516025765150881 0.8098213396003828 0
-0.07226151282650753 -1.481672613638534 0
0.529114399964162 0.2285601607271902 0
0.7038744589831178 -0.352980061693376 0
-1.158093313037659 0.8527425722344839 -0
2.285536331801864 -0.8122638486981766 0
0.7566146363200077 1.536553937818608 0
-0.1457817299236109 -1.31289780222482 0
-0.5433103340271235 1.010125199115373 -0
0.9797632835339423 1.213070932077694 0
1.65753861332563 -0.1637833384875688 0
-2.103513556866267 -0.7875171363500401 0
-0.1653321233676725 -1.592885849093624 0
1.413568612626715 1.396767395456088 0
-0.2717319768741232 -1.44910668553311 0
0.9764270853986919 1.833908922697286 0
0.3842770452283453 -1.484364854406943 0
-0.6324063251355524 1.148265862008438 -0
1.090824257274674 1.00074399011329 0
-0.9424335531557403 -0.1052682090562368 0
-0.4251563938386958 -0.4995177995379331 0
-1.373780844290072 1.9344617896166 -0
0.5062837376627457 0.1517770556442575 0
-0.3227828293430155 -1.945396896858478 0
1.289556974606769 1.220860465432674 0
-1.048792835063362 0.2788774127992722 -0
-1.080908978248835 0.9403394103797263 -0
0.2315664195977305 -1.58932493205076 0
2.099093722079991 -0.7847684519655032 0
1.008477216916112 -0.6319837744754425 0
1.4058919489218 -0.1605474195267575 0
-0.06835911397755561 1.001034270333949 -0
-1.313174439226593 -0.7115150857768336 0
-0.3463558973325697 -0.502969227530393 0
0.762936750886676 0.5546329421860307 0
-1.06462071178243 1.156851799891046 -0
-0.0360902533746188 0.2519767551138055 -0
-0.3027934494359427 -0.5708415284396222 0
-0.2376056294680625 -1.684924225185389 0
0.5407668743994632 1.066448792579921 0
0.3213418007988156 -1.477043223045581 0
-1.113820898090358 0.5094591365149532 -0
-0.643388372491916 1.423494013552666 -0
-1.545269764730425 -0.3951721425676948 0
1.036774538240726 0.6893423955811064 0
-0.7270507513763907 1.513233889441629 -0
0.6416237238010402 1.489855784706446 0
-0.9521234134092396 1.258079707897935 -0
1.699939097244052 -0.2414201720117675 0
1.508151097634303 -0.1386241002022113 0
-1.151058441972178 1.184889366460135 -0
0.4058661995449231 -0.5822617489754863 0
0.7086746563672169 0.6127714483962635 0
1.073004853559829 1.215001389562437 0
0.9603070092435353 -0.5784692253054607 0
1.551939910612071 -0.8375319195509382 0
-0.1248629232107667 -0.01439414824351876 0
1.201982002739765 0.2432872502450931 0
-0.1578122156772266 -1.1537743694804 0
1.394415764792838 1.761166556262573 0
-1.44853030584372 -0.01476423329990017 0
0.9520754734987732 0.8485477542860114 0
0.3038320354860723 -1.21129204538493 0
0.9516826941684868 -0.4124645562245089 0
1.052446326295869 0.7526337057287216 0
-1.195919817137126 1.025625789998044 -0
-0.3415408757938575 -1.639129323397091 0
0.1787176073769028 -1.032177115100414 0
0.06924600790699634 -2.424268611942526 0
-1.47298108094495 1.631737269884555 -0
-0.4186480011353565 0.8906777031910657 -0
-0.977191033370696 -0.04269873608023171 0
1.112326911846069 -0.2714835626679661 0
0.9162348328947044 -0.5254962455170882 0
0.9544505188582315 0.04638878642603248 0
0.6523820929012519 -0.2956701508158817 0
-2.163974330447086 -0.5899446898684144 0
-0.5951096293462471 1.335985765662178 -0
1.017721633577252 0.6224498102493342 0
-1.702527326150653 -0.2444971329287087 0
0.7477295410941248 0.7468899602854752 0
0.4848181298407788 -1.437050935057646 0
0.2307884547061198 0.16738414852413 0
-0.1666452845362031 -2.177927443985552 0
0.1974404021851265 1.162969340199383 0
-0.7724450304950483 1.695688375635165 -0
-0.8861384657448141 0.9474069171472727 -0
0.3516354956590817 -1.043402429213433 0
1.251334088453204 1.204057859125938 0
-1.222928113028024 0.8682345736547491 -0
-1.420642423209299 -0.5963463265289123 0
-0.6527144503205535 0.5773835972486536 -0
-0.1328116055018696 0.5495800765937752 -0
0.167124028486251 -2.216869296552429 0
-0.5249630661594012 0.9499050019475946 -0
0.1756769284114857 -1.479753212437941 0
0.4611846427405896 -0.8745174364254108 0
-1.321204822156779 -0.3409655760571297 0
-0.2959941146699421 -1.70222305586122 0
0.2959956533041214 -1.702222027212957 0
-0.905825727442392 0.1165572067020577 -0
-0.5610646501283366 -0.9684853104372774 0
1.314310835340624 1.830066263309905 0
0.3992467950819473 1.330907505746732 0
0.5105947060482278 -1.100207940754424 0
-1.564280219261346 -0.3261686947699169 0
-0.8973089367061089 1.265911050674585 -0
-2.144236756709766 -0.6887320517764927 0
0.1360897232715483 -1.609797665309228 0
-0.3697410100004642 0.9304217939685888 -0
0.9760639792489207 0.1182787512226459 0
-1.052256211047263 1.120973767792591 -0
1.183305001267421 1.885159888321035 0
0.3707971147864862 -1.214201880606721 0
1.283061121040531 1.84819997475102 0
-0.9410086430881281 0.01708151057491825 -0
-2.150544471376863 -0.6578142173001875 0
-0.5174506944516539 -0.8984991353607625 0
0.5231700490267429 0.9989426710874368 0
2.166139260357958 -0.5952070496888162 0
0.09549233500816903 -1.409506954075703 0
0.9988546697362317 0.8002369910607624 0
1.441751193429358 1.706565373077647 0
0.8244619420853089 0.5749848074026103 0
-1.048083948830751 -0.5123939329101997 0
1.114210984223135 1.184724959435516 0
0.6019595547303536 -0.2409082331322524 0
-0.7587166627004895 0.5546544184567335 -0
0.8712164970272125 -0.8419261017355941 0
0.119859030487124 -1.108469076472717 0
0.2582695098254603 -0.1743476779002375 0
0.2894700645020045 1.241717904115393 0
-0.7313457877351803 0.01326285117996593 -0
-2.156594878453976 -0.521906917914978 0
1.245998115347317 1.10665105310176 0
-0.5332911479797421 -1.086588703809501 0
-0.4754674589221506 -0.830263774493239 0
-0.02572992496789275 0.4477854428931523 -0
-0.2835624147431766 1.112735298880182 -0
-0.9331213114865005 -0.8414114948129412 0
-0.4159807605158062 -1.257426387964906 0
-0.2603564903541124 1.228506701899683 -0
-0.7546948903920999 0.7903321989632947 -0
0.9993027763064203 0.1906879795582921 0
-0.7947227018441536 -0.6141506763096992 0
-1.395101467084385 0.1129817871518976 -0
-0.2309254069750912 -0.04878924410296016 0
-0.8928465984401781 -0.5601756769684315 0
-0.791364721287801 1.402604749994345 -0
0.05531903488160834 -2.255910752097129 0
-1.447499880045736 -0.4379236439597873 0
-1.397977136683035 1.759860210789667 -0
-2.061944979701607 -0.8441021829272245 0
-0.8715682682504391 1.29131805344577 -0
0.8924628134597971 1.103722547973175 0
1.438990178408441 -0.8960145626205657 0
-1.488191007578842 -0.5398714594586068 0
-1.121057367586656 0.8985212084611687 -0
-2.573648657941113 -0.8788031273930589 0
1.566518891578161 2.224546920126383 0
-1.631092613701782 2.176120225714703 -0
2.597107456968775 -0.8026581491292791 0
-0.0391793697999406 -2.718053527532958 0
-1.773015870862767 -0.2266150192202291 0
-0.3942565494395106 -0.8244410279826173 0
-1.553285290991118 -0.1324505455833858 0
-1.014652166522396 1.201519957150078 -0
0.1379734702462404 -1.405167032141045 0
-0.5145698064038744 0.896534368045719 -0
-0.1354085565845367 0.7509173015667274 -0
1.638516921913786 -0.2815793020534983 0
-0.85015341344607 0.8699968919158635 -0
0.4940227509933545 -1.353808397042182 0
-1.098237383073708 1.868174422834022 -0
1.098232310931866 1.868188598318063 0
1.504064641303297 -0.6955269348336885 0
-0.7289332667325388 -0.7614625259883246 0
-1.364693715632692 -0.158874215437141 0
1.559719780724291 -0.3378576002362256 0
-0.02947572239345377 -2.249421101522752 0
-0.3472149779657641 -0.7602699715248957 0
0.9227015337594635 1.250604193339141 0
0.9966742938483293 0.5535885291418658 0
0.5263480168743295 -0.2538866922457103 0
0.6751108268920636 1.13464132661687 0
0.1820517620017293 -1.40392067601826 0
-1.256338469435135 0.9881176116750254 -0
-0.8495696830205145 1.315272681917546 -0
-1.615695982022181 -0.2955940085744859 0
0.780841976680988 1.436373294213354 0
-2.003600586436313 -0.9005268633406994 0
0.9773435669670976 1.244412291742701 0
1.153774268642064 0.2876106370195823 0
-0.837367492379359 0.6385740304692499 -0
0.7278359172580556 1.512773894591844 0
1.536313016339087 -0.8073358865952668 0
-1.659417069406754 -0.1720056491233298 0
1.158887690368184 0.8504753889472604 0
-1.35921196818171 -0.9072328775268531 0
0.8003245244830371 1.150570932722577 0
0.270658051487401 -1.678522639253536 0
-0.8050054319957132 1.182807176019785 -0
1.386864720930549 0.1192391461292457 0
1.272162090515942 -0.3941079742473335 0
-0.3868347068165607 1.029683002045511 -0
-0.7015885784410634 0.5410841011937914 -0
-0.4795691264160016 1.315605576764513 -0
1.112540291170698 1.911452301579024 0
-1.112600394074841 1.911724076068778 -0
1.066189426966314 -0.2249961504007374 0
0.8761754041675769 0.5243817588815272 0
1.159904803036741 -0.9029901143017202 0
-1.534694446669106 -0.810326455509674 0
-1.367170431454318 1.265310695333731 -0
-1.85297172374644 -0.2235064507204891 0
1.254212802269518 -0.4350499778842987 0
-1.435389392205489 1.702998147290058 -0
0.7683846921420621 1.607486422421002 0
-0.1912040506293798 -1.098326816804586 0
1.024277020341444 0.2677020568626183 0
-0.7630694145081051 1.610315879118699 -0
0.788752947102392 1.684744888863546 0
0.006769815568103773 0.3080062971092776 0
1.374978918074588 -0.3472747606843212 0
-0.8064664032858535 1.375640043882456 -0
-0.8966302227044904 -0.7868791297894537 0
-1.201249432146901 0.03360329189671307 -0
-0.3295694595589098 -1.761733688996271 0
0.171459131724767 -0.01766808185847497 0
0.4603622027456559 -0.987921524987791 0
-1.475337770921527 -0.4888283231746367 0
-1.639920035738922 -0.2738107761763211 0
0.2349201113954551 -2.176926113892552 0
-0.3417519649741151 1.365865973396472 -0
0.06964853235035443 -1.556597130544737 0
0.3902476188472953 -1.533676179599991 0
-0.7602922391122403 -0.6858567817510872 0
-0.9529342917457759 1.230107526590179 -0
-1.53378310260527 -0.07398113883198987 0
-1.201551231914913 0.1583841139245019 -0
0.8111717349936863 1.373774865086784 0
-0.3400958346446162 1.064132692340922 -0
-0.4627547639317712 -0.1872571163930677 0
-1.48319032428564 -0.4437603374483731 0
-1.433353520377844 -0.408035272615848 0
-0.007565301108662047 0.9790809248037806 -0
-1.061522789464854 -0.2619383600380851 0
1.371563924179074 -0.8095712667005635 0
0.7598257186275179 0.9040522401730439 0
-1.337017814243579 -0.1099664064428508 0
-0.2100833328870682 -0.1136488155353304 0
-0.8207513637631429 0.5724114195646544 -0
1.031274202249311 1.225449356327492 0
1.370749963934482 1.271448386047711 0
0.1798517593720255 -1.580745737449196 0
0.9783358188175645 1.181279028265382 0
-0.2972317710444924 -1.406402322374994 0
-0.5661416674955917 1.380336705010018 -0
1.235895390673676 -0.4803414479394604 0
0.1920864958324467 0.225306416116095 0
1.512930011807932 -0.7851242881275695 0
-1.182804954493858 1.885033194742446 -0
-0.1605470542176715 1.076206212420779 -0
-2.14041993833201 -0.4464215205618995 0
-0.9947299476329428 -0.843206887000702 0
0.4389859337504519 -0.5271981837191185 0
-0.8619071609051915 0.5351549910922146 -0
-0.9824856916348949 -0.5156714178118399 0
0.5653961941124344 1.430217916117891 0
2.052694529933795 -0.8907015472284566 0
1.66440757306194 -0.1069706334392172 0
1.399204970783357 -0.8483122721781627 0
-0.7720759138904121 1.466304528073001 -0
-1.515226681364629 -0.3986719989217651 0
0.7559456683702497 1.357385764834177 0
0.04006976718948543 0.8550620910519822 0
-0.18523557788951 -0.01037769161969382 0
1.384440461594564 -0.6083172705366777 0
-1.290341012400459 1.047360943731657 -0
0.000213139288115854 -2.253808084895524 0
1.471248662935109 -0.1047743769511477 0
1.145330113918999 1.185654167625575 0
1.461246293943129 1.598701184039037 0
-1.498620745715358 -0.7579915640008505 0
-0.8313579707201612 -0.7865447432041835 0
-0.6327479648204818 1.510576997106573 -0
-0.8436354610042773 1.14045881936436 -0
-1.286600710416739 -0.03765728905050032 0
0.3979764929324814 -0.4327226175379192 0
-0.4015816409431026 -1.49156474198584 0
0.1135269744738702 -1.569447085479736 0
-1.578259076418672 -0.09202527263254527 0
-0.2146371523220666 -2.225392144777672 0
-1.182313274027903 1.193098251937203 -0
2.156807580216392 -0.5219460610832259 0
1.507694349163535 -0.3555351865557589 0
0.6363074412041431 1.446474319553851 0
1.491080277662016 -0.4070147422085158 0
-0.1238121275605388 -1.271530336438049 0
-0.7784377150118686 1.169549230232346 -0
-0.2072161854381596 0.09240482596599499 -0
-1.394011100574768 -0.8288222171524805 0
-1.070945330768631 1.857360905991108 -0
1.070907797308893 1.857465804751314 0
-0.3585093247274794 -1.835937413449898 0
-1.096155539082357 1.160342188842003 -0
-0.2655021047345795 -0.9444733007538689 0
0.4640202001905485 -1.282208772919351 0
1.878192023005826 -0.2437888794272789 0
-0.8409255743799637 1.373321446734895 -0
-1.296992222306824 1.229529586123168 -0
-0.3064379627415321 -1.663930200706058 0
1.103898434841546 0.842358122484958 0
1.022401587543173 -0.1771809371174561 0
1.448539289327099 1.668848931898739 0
-1.144509613362928 -0.814373527779957 0
1.638021727276068 -0.06616110322598243 0
-2.132393143328516 -0.7184061953703899 0
0.2169031795968191 -0.1142322073490928 0
0.1881134980800623 1.108090419574977 0
-0.5621932962096168 -0.03288776218246887 0
-2.175332665500464 -0.8036070670645606 0
0.371855139843791 -1.629893240391544 0
-1.334080430424079 1.906993832088378 -0
-1.325365602729643 1.868230662557436 -0
-1.104193261970471 0.8482880047018281 -0
1.287717701153997 -0.35838135025658 0
-0.7685050255451376 1.375706936380982 -0
1.180054044214001 1.194639365602907 0
-0.09175645829076222 -2.317166340641319 0
0.04373264451738618 -2.333611940589351 0
-1.526867120633059 -0.3224333121923416 0
1.1237445516367 0.9657784864957301 0
1.331472795249962 -0.3522317258581824 0
-0.8064428117402642 0.87196195112115 -0
-1.256906464455252 -0.7919944855980756 0
1.436489656684289 1.820537496716993 0
-1.436489656735042 1.820537496716808 -0
1.581648214292745 -0.8592498963177391 0
-1.674858893811369 -0.2211604177936885 0
1.618533741634427 -0.2961954779845897 0
-0.6606244954930954 0.003864883738760757 -0
1.490449230683764 -0.7189230830773136 0
0.4967838473434847 -1.23446679556843 0
1.335144467462806 1.912847968284066 0
-1.277927219003744 -0.3412510677852482 0
1.108118298040833 -0.6350644155026216 0
1.184047661479356 0.914064131998258 0
-2.231078085432479 -0.6794159904386912 0
0.2295022659303124 -1.045653655810922 0
1.480875188615783 1.678093162957769 0
1.285646307590021 1.881366472952658 0
-1.475393985043888 -0.6846610000969554 0
-0.6618180468281442 1.075882586150619 -0
1.69538287388304 -0.9185770942218382 0
1.219100818293428 1.95892570605084 0
0.170495685090011 -2.303082904428201 0
0.8356010382750085 1.328522067444389 0
1.670189617676251 -0.2167507402004271 0
1.43487936183855 -0.6064148035199788 0
0.7452694223665615 0.845870153899429 0
1.53171232473603 -0.3371496269114883 0
1.482951342466472 -0.3377406675285481 0
2.204237290175963 -0.7651772956381211 0
0.8997443964786065 1.271695961684337 0
0.8046122438824573 -0.8474242667819752 0
-2.244508533369844 -0.5454538954080599 0
-0.227896707886267 -1.633508348564445 0
-0.8282598699422925 1.111436318428091 -0
-1.036217331646231 -0.7609266905547103 0
-2.137433794402402 -0.8685442128944155 0
1.339312494706418 1.809013395212157 0
0.4620392747211193 -0.2645318374750326 0
-0.9249246555935042 -0.5196781159739978 0
1.338556649518674 0.1700981022741619 0
0.3845966720301489 -0.7059883820582019 0
2.231506309697633 -0.6282035701407563 0
1.811169549722793 -0.1970932856901347 0
-0.7681988733522105 1.501983056426767 -0
-1.482087989592614 1.766459903297593 -0
1.486267828601246 1.758969598555234 0
0.4593765680399543 1.318320598197733 0
0.4233301298723408 -0.9211867124738659 0
-1.234751171629247 0.07109723116278645 -0
-1.241095331069298 -0.04869313348812442 0
-0.1755500708743722 -2.303356435825775 0
0.7634905535571719 1.385965713475354 0
-1.023208971847156 1.179786798200748 -0
-1.002764646860218 -0.2680125828501164 0
-1.340199087921115 1.809188037257754 -0
-0.4258358223404909 -0.1342245575792941 0
0.5548435659040751 0.8937316353069606 0
0.5458889002481773 -1.059960733736834 0
-0.2381402115092384 -1.028662834867375 0
1.481324318776301 -0.4891561340341927 0
-0.3754705120913807 -1.607756980340898 0
0.02765777240224728 -2.250477582789378 0
1.319217274882189 -0.1373411634740472 0
2.183130651853137 -0.8157058147551031 0
1.236106327068327 1.062947301125182 0
1.433269486174876 -0.6398587173597997 0
-0.9095780296015765 0.06308298528536148 -0
1.282433051117719 1.185189726329844 0
2.243294326359011 -0.5450362854359443 0
-0.06504944425070747 0.8266239719206325 -0
2.209657514652434 -0.8626176001755175 0
2.149460306904946 -0.6505596537679903 0
0.195358224874449 -1.438271277125862 0
0.4156593710526488 -0.796719838207422 0
0.6587229813794614 1.533140164332305 0
2.152004213112349 -0.6243521755138491 0
1.098158397631337 1.164620830759677 0
-1.039616305939177 1.085492551474931 -0
2.534647164283836 -0.8225361959182889 0
1.466268008724617 0.02059772234993552 0
1.387832611543505 -0.3150948093899908 0
-0.4455473382374088 -1.358073799498256 0
-1.210768955984954 0.26489021964592 -0
-1.617877420912611 -0.06563247422680607 0
1.39302457980386 -0.6427556124880022 0
0.2702197858996312 -0.9938708318611844 0
-0.001092805833882805 -2.665113294745217 0
-0.185772716338685 -1.604672290363275 0
1.455040949763587 1.73935330143664 0
0.4318108394492376 -1.558764134038023 0
0.2837971953791161 -0.8843025047066183 0
-0.01659197703840682 -1.535596925495715 0
$EndNodes
$Elements
186 6485 1 6485
0 1 15 1
1 1 
0 2 15 1
2 2 
0 3 15 1
3 3 
0 4 15 1
4 4 
0 5 15 1
5 5 
0 6 15 1
6 6 
0 7 15 1
7 7 
0 8 15 1
8 8 
0 9 15 1
9 9 
0 10 15 1
10 10 
0 300 15 1
11 11 
0 301 15 1
12 12 
0 302 15 1
13 13 
0 303 15 1
14 14 
0 304 15 1
15 15 
0 400 15 1
16 16 
0 401 15 1
17 17 
0 402 15 1
18 18 
0 403 15 1
19 19 
0 404 15 1
20 20 
0 405 15 1
21 21 
0 406 15 1
22 22 
0 407 15 1
23 23 
0 408 15 1
24 24 
0 409 15 1
25 25 
0 410 15 1
26 26 
0 411 15 1
27 27 
0 412 15 1
28 28 
0 413 15 1
29 29 
0 414 15 1
30 30 
0 415 15 1
31 31 
0 420 15 1
32 32 
0 421 15 1
33 33 
0 422 15 1
34 34 
0 423 15 1
35 35 
0 424 15 1
36 36 
0 425 15 1
37 37 
0 426 15 1
38 38 
0 427 15 1
39 39 
0 428 15 1
40 40 
0 429 15 1
41 41 
0 430 15 1
42 42 
0 431 15 1
43 43 
0 432 15 1
44 44 
0 433 15 1
45 45 
0 434 15 1
46 46 
0 435 15 1
47 47 
0 440 15 1
48 48 
0 441 15 1
49 49 
0 442 15 1
50 50 
0 443 15 1
51 51 
0 444 15 1
52 52 
0 445 15 1
53 53 
0 446 15 1
54 54 
0 447 15 1
55 55 
0 448 15 1
56 56 
0 449 15 1
57 57 
0 450 15 1
58 58 
0 451 15 1
59 59 
0 452 15 1
60 60 
0 453 15 1
61 61 
0 454 15 1
62 62 
0 455 15 1
63 63 
0 460 15 1
64 64 
0 461 15 1
65 65 
0 462 15 1
66 66 
0 463 15 1
67 67 
0 464 15 1
68 68 
0 465 15 1
69 69 
0 466 15 1
70 70 
0 467 15 1
71 71 
0 468 15 1
72 72 
0 469 15 1
73 73 
0 470 15 1
74 74 
0 471 15 1
75 75 
0 472 15 1
76 76 
0 473 15 1
77 77 
0 474 15 1
78 78 
0 475 15 1
79 79 
0 480 15 1
80 80 
0 481 15 1
81 81 
0 482 15 1
82 82 
0 483 15 1
83 83 
0 484 15 1
84 84 
0 485 15 1
85 85 
0 486 15 1
86 86 
0 487 15 1
87 87 
0 488 15 1
88 88 
0 489 15 1
89 89 
0 490 15 1
90 90 
0 491 15 1
91 91 
0 492 15 1
92 92 
0 493 15 1
93 93 
0 494 15 1
94 94 
0 495 15 1
95 95 
1 100 1 27
96 1 96 
97 96 97 
98 97 98 
99 98 99 
100 99 100 
101 100 101 
102 101 102 
103 102 103 
104 103 104 
105 104 105 
106 105 106 
107 106 107 
108 107 108 
109 108 109 
110 109 110 
111 110 111 
112 111 112 
113 112 113 
114 113 114 
115 114 115 
116 115 116 
117 116 117 
118 117 118 
119 118 119 
120 119 120 
121 120 121 
122 121 2 
1 101 1 27
123 2 122 
124 122 123 
125 123 124 
126 124 125 
127 125 126 
128 126 127 
129 127 128 
130 128 129 
131 129 130 
132 130 131 
133 131 132 
134 132 133 
135 133 134 
136 134 135 
137 135 136 
138 136 137 
139 137 138 
140 138 139 
141 139 140 
142 140 141 
143 141 142 
144 142 143 
145 143 144 
146 144 145 
147 145 146 
148 146 147 
149 147 3 
1 102 1 27
150 3 148 
151 148 149 
152 149 150 
153 150 151 
154 151 152 
155 152 153 
156 153 154 
157 154 155 
158 155 156 
159 156 157 
160 157 158 
161 158 159 
162 159 160 
163 160 161 
164 161 162 
165 162 163 
166 163 164 
167 164 165 
168 165 166 
169 166 167 
170 167 168 
171 168 169 
172 169 170 
173 170 171 
174 171 172 
175 172 173 
176 173 4 
1 103 1 27
177 4 174 
178 174 175 
179 175 176 
180 176 177 
181 177 178 
182 178 179 
183 179 180 
184 180 181 
185 181 182 
186 182 183 
187 183 184 
188 184 185 
189 185 186 
190 186 187 
191 187 188 
192 188 189 
193 189 190 
194 190 191 
195 191 192 
196 192 193 
197 193 194 
198 194 195 
199 195 196 
200 196 197 
201 197 198 
202 198 199 
203 199 5 
1 104 1 27
204 5 200 
205 200 201 
206 201 202 
207 202 203 
208 203 204 
209 204 205 
210 205 206 
211 206 207 
212 207 208 
213 208 209 
214 209 210 
215 210 211 
216 211 212 
217 212 213 
218 213 214 
219 214 215 
220 215 216 
221 216 217 
222 217 218 
223 218 219 
224 219 220 
225 220 221 
226 221 222 
227 222 223 
228 223 224 
229 224 225 
230 225 6 
1 105 1 27
231 6 226 
232 226 227 
233 227 228 
234 228 229 
235 229 230 
236 230 231 
237 231 232 
238 232 233 
239 233 234 
240 234 235 
241 235 236 
242 236 237 
243 237 238 
244 238 239 
245 239 240 
246 240 241 
247 241 242 
248 242 243 
249 243 244 
250 244 245 
251 245 246 
252 246 247 
253 247 248 
254 248 249 
255 249 250 
256 250 251 
257 251 7 
1 106 1 27
258 7 252 
259 252 253 
260 253 254 
261 254 255 
262 255 256 
263 256 257 
264 257 258 
265 258 259 
266 259 260 
267 260 261 
268 261 262 
269 262 263 
270 263 264 
271 264 265 
272 265 266 
273 266 267 
274 267 268 
275 268 269 
276 269 270 
277 270 271 
278 271 272 
279 272 273 
280 273 274 
281 274 275 
282 275 276 
283 276 277 
284 277 8 
1 107 1 27
285 8 278 
286 278 279 
287 279 280 
288 280 281 
289 281 282 
290 282 283 
291 283 284 
292 284 285 
293 285 286 
294 286 287 
295 287 288 
296 288 289 
297 289 290 
298 290 291 
299 291 292 
300 292 293 
301 293 294 
302 294 295 
303 295 296 
304 296 297 
305 297 298 
306 298 299 
307 299 300 
308 300 301 
309 301 302 
310 302 303 
311 303 9 
1 108 1 27
312 9 304 
313 304 305 
314 305 306 
315 306 307 
316 307 308 
317 308 309 
318 309 310 
319 310 311 
320 311 312 
321 312 313 
322 313 314 
323 314 315 
324 315 316 
325 316 317 
326 317 318 
327 318 319 
328 319 320 
329 320 321 
330 321 322 
331 322 323 
332 323 324 
333 324 325 
334 325 326 
335 326 327 
336 327 328 
337 328 329 
338 329 10 
1 109 1 27
339 10 330 
340 330 331 
341 331 332 
342 332 333 
343 333 334 
344 334 335 
345 335 336 
346 336 337 
347 337 338 
348 338 339 
349 339 340 
350 340 341 
351 341 342 
352 342 343 
353 343 344 
354 344 345 
355 345 346 
356 346 347 
357 347 348 
358 348 349 
359 349 350 
360 350 351 
361 351 352 
362 352 353 
363 353 354 
364 354 355 
365 355 1 
1 500 1 4
366 16 356 
367 356 357 
368 357 358 
369 358 17 
1 501 1 4
370 17 359 
371 359 360 
372 360 361 
373 361 18 
1 502 1 4
374 18 362 
375 362 363 
376 363 364 
377 364 19 
1 503 1 4
378 19 365 
379 365 366 
380 366 367 
381 367 20 
1 504 1 4
382 20 368 
383 368 369 
384 369 370 
385 370 21 
1 505 1 4
386 21 371 
387 371 372 
388 372 373 
389 373 22 
1 506 1 4
390 22 374 
391 374 375 
392 375 376 
393 376 23 
1 507 1 4
394 23 377 
395 377 378 
396 378 379 
397 379 24 
1 508 1 4
398 24 380 
399 380 381 
400 381 382 
401 382 25 
1 509 1 4
402 25 383 
403 383 384 
404 384 385 
405 385 26 
1 510 1 4
406 26 386 
407 386 387 
408 387 388 
409 388 27 
1 511 1 4
410 27 389 
411 389 390 
412 390 391 
413 391 28 
1 512 1 4
414 28 392 
415 392 393 
416 393 394 
417 394 29 
1 513 1 4
418 29 395 
419 395 396 
420 396 397 
421 397 30 
1 514 1 4
422 30 398 
423 398 399 
424 399 400 
425 400 31 
1 515 1 4
426 31 401 
427 401 402 
428 402 403 
429 403 16 
1 520 1 4
430 32 404 
431 404 405 
432 405 406 
433 406 33 
1 521 1 4
434 33 407 
435 407 408 
436 408 409 
437 409 34 
1 522 1 4
438 34 410 
439 410 411 
440 411 412 
441 412 35 
1 523 1 4
442 35 413 
443 413 414 
444 414 415 
445 415 36 
1 524 1 4
446 36 416 
447 416 417 
448 417 418 
449 418 37 
1 525 1 4
450 37 419 
451 419 420 
452 420 421 
453 421 38 
1 526 1 4
454 38 422 
455 422 423 
456 423 424 
457 424 39 
1 527 1 4
458 39 425 
459 425 426 
460 426 427 
461 427 40 
1 528 1 4
462 40 428 
463 428 429 
464 429 430 
465 430 41 
1 529 1 4
466 41 431 
467 431 432 
468 432 433 
469 433 42 
1 530 1 4
470 42 434 
471 434 435 
472 435 436 
473 436 43 
1 531 1 4
474 43 437 
475 437 438 
476 438 439 
477 439 44 
1 532 1 4
478 44 440 
479 440 441 
480 441 442 
481 442 45 
1 533 1 4
482 45 443 
483 443 444 
484 444 445 
485 445 46 
1 534 1 4
486 46 446 
487 446 447 
488 447 448 
489 448 47 
1 535 1 4
490 47 449 
491 449 450 
492 450 451 
493 451 32 
1 540 1 4
494 48 452 
495 452 453 
496 453 454 
497 454 49 
1 541 1 4
498 49 455 
499 455 456 
500 456 457 
501 457 50 
1 542 1 4
502 50 458 
503 458 459 
504 459 460 
505 460 51 
1 543 1 4
506 51 461 
507 461 462 
508 462 463 
509 463 52 
1 544 1 4
510 52 464 
511 464 465 
512 465 466 
513 466 53 
1 545 1 4
514 53 467 
515 467 468 
516 468 469 
517 469 54 
1 546 1 4
518 54 470 
519 470 471 
520 471 472 
521 472 55 
1 547 1 4
522 55 473 
523 473 474 
524 474 475 
525 475 56 
1 548 1 4
526 56 476 
527 476 477 
528 477 478 
529 478 57 
1 549 1 4
530 57 479 
531 479 480 
532 480 481 
533 481 58 
1 550 1 4
534 58 482 
535 482 483 
536 483 484 
537 484 59 
1 551 1 4
538 59 485 
539 485 486 
540 486 487 
541 487 60 
1 552 1 4
542 60 488 
543 488 489 
544 489 490 
545 490 61 
1 553 1 4
546 61 491 
547 491 492 
548 492 493 
549 493 62 
1 554 1 4
550 62 494 
551 494 495 
552 495 496 
553 496 63 
1 555 1 4
554 63 497 
555 497 498 
556 498 499 
557 499 48 
1 560 1 4
558 64 500 
559 500 501 
560 501 502 
561 502 65 
1 561 1 4
562 65 503 
563 503 504 
564 504 505 
565 505 66 
1 562 1 4
566 66 506 
567 506 507 
568 507 508 
569 508 67 
1 563 1 4
570 67 509 
571 509 510 
572 510 511 
573 511 68 
1 564 1 4
574 68 512 
575 512 513 
576 513 514 
577 514 69 
1 565 1 4
578 69 515 
579 515 516 
580 516 517 
581 517 70 
1 566 1 4
582 70 518 
583 518 519 
584 519 520 
585 520 71 
1 567 1 4
586 71 521 
587 521 522 
588 522 523 
589 523 72 
1 568 1 4
590 72 524 
591 524 525 
592 525 526 
593 526 73 
1 569 1 4
594 73 527 
595 527 528 
596 528 529 
597 529 74 
1 570 1 4
598 74 530 
599 530 531 
600 531 532 
601 532 75 
1 571 1 4
602 75 533 
603 533 534 
604 534 535 
605 535 76 
1 572 1 4
606 76 536 
607 536 537 
608 537 538 
609 538 77 
1 573 1 4
610 77 539 
611 539 540 
612 540 541 
613 541 78 
1 574 1 4
614 78 542 
615 542 543 
616 543 544 
617 544 79 
1 575 1 4
618 79 545 
619 545 546 
620 546 547 
621 547 64 
1 580 1 4
622 80 548 
623 548 549 
624 549 550 
625 550 81 
1 581 1 4
626 81 551 
627 551 552 
628 552 553 
629 553 82 
1 582 1 4
630 82 554 
631 554 555 
632 555 556 
633 556 83 
1 583 1 4
634 83 557 
635 557 558 
636 558 559 
637 559 84 
1 584 1 4
638 84 560 
639 560 561 
640 561 562 
641 562 85 
1 585 1 4
642 85 563 
643 563 564 
644 564 565 
645 565 86 
1 586 1 4
646 86 566 
647 566 567 
648 567 568 
649 568 87 
1 587 1 4
650 87 569 
651 569 570 
652 570 571 
653 571 88 
1 588 1 4
654 88 572 
655 572 573 
656 573 574 
657 574 89 
1 589 1 4
658 89 575 
659 575 576 
660 576 577 
661 577 90 
1 590 1 4
662 90 578 
663 578 579 
664 579 580 
665 580 91 
1 591 1 4
666 91 581 
667 581 582 
668 582 583 
669 583 92 
1 592 1 4
670 92 584 
671 584 585 
672 585 586 
673 586 93 
1 593 1 4
674 93 587 
675 587 588 
676 588 589 
677 589 94 
1 594 1 4
678 94 590 
679 590 591 
680 591 592 
681 592 95 
1 595 1 4
682 95 593 
683 593 594 
684 594 595 
685 595 80 
2 1 2 5800
686 1366 2371 1664 
687 2531 2738 2530 
688 1186 1799 1797 
689 2390 2473 1535 
690 2531 2655 318 
691 1862 2846 2349 
692 2612 2614 133 
693 1071 1837 1835 
694 1188 2617 1898 
695 2459 2997 1707 
696 1455 1966 1449 
697 1940 2404 953 
698 1342 1871 1534 
699 1904 2207 1905 
700 1168 2731 1323 
701 2183 2226 1662 
702 1854 2622 1855 
703 1945 2159 1814 
704 2106 2108 635 
705 983 2126 920 
706 1863 2616 1862 
707 1508 1879 1878 
708 644 2690 1883 
709 927 2351 925 
710 1309 2685 2176 
711 1956 2232 1263 
712 2559 2966 1750 
713 1839 2594 1840 
714 1374 2448 2409 
715 1837 1899 1836 
716 1946 2158 802 
717 1854 1855 1853 
718 1861 1863 1862 
719 2611 2800 2562 
720 1839 1840 1838 
721 1558 2580 2259 
722 1850 2601 663 
723 229 3003 2338 
724 1057 1939 1177 
725 261 2272 1730 
726 1693 2903 2485 
727 280 2005 596 
728 2206 2798 1813 
729 224 1943 599 
730 2259 2580 2165 
731 1623 2056 1964 
732 2089 2850 770 
733 1712 2882 2218 
734 1290 2482 1126 
735 1470 1879 1508 
736 1712 2218 1839 
737 2151 2702 1523 
738 1722 2738 2531 
739 2207 2981 1908 
740 1059 1939 1057 
741 313 2270 1739 
742 1883 2664 644 
743 2150 2151 1523 
744 1955 2232 1956 
745 1596 2655 2531 
746 2033 2054 1876 
747 1597 2614 2612 
748 2071 2582 1526 
749 2726 2785 212 
750 907 2118 2116 
751 626 2107 624 
752 770 2850 1998 
753 2347 2503 1579 
754 1814 2206 1813 
755 1931 2155 896 
756 1666 2297 215 
757 1835 1837 1836 
758 1862 2349 1693 
759 1960 2737 262 
760 1905 2207 1908 
761 1739 2268 1810 
762 1460 2317 2147 
763 314 2626 2035 
764 2064 2564 1936 
765 1693 2485 294 
766 1743 2871 2330 
767 1844 1955 1846 
768 663 2070 1850 
769 2633 2642 1909 
770 1919 2771 2732 
771 1786 2523 2481 
772 1909 1910 1200 
773 2062 2063 1919 
774 755 1896 1832 
775 341 2650 2152 
776 1875 2606 1779 
777 1259 2241 1975 
778 2487 2889 1870 
779 2373 2454 1920 
780 1760 2733 2048 
781 2300 2510 1568 
782 265 2705 264 
783 2535 2628 1350 
784 1890 1891 1498 
785 2753 2754 159 
786 1745 1966 1455 
787 251 7 252 
788 5 200 199 
789 303 9 304 
790 148 147 3 
791 96 355 1 
792 2242 3059 1726 
793 635 2107 2106 
794 2289 2919 2622 
795 126 2981 2207 
796 789 2229 609 
797 1026 2373 1920 
798 1990 2227 1399 
799 1406 2843 2727 
800 1898 2617 1949 
801 1097 2642 2633 
802 2942 3077 2555 
803 1730 2211 1822 
804 1162 2009 1340 
805 853 1942 1880 
806 135 2605 134 
807 317 2604 316 
808 617 2207 1904 
809 1872 2229 789 
810 1975 2241 1974 
811 2030 2825 1704 
812 1724 2288 1854 
813 2743 2744 292 
814 2176 2685 2177 
815 225 1943 224 
816 2053 2064 1936 
817 1107 1989 1399 
818 898 2157 1928 
819 1142 2621 1962 
820 213 2597 212 
821 239 2598 238 
822 2058 2227 1990 
823 1598 3038 2686 
824 1339 2322 1645 
825 1526 2731 2071 
826 802 2159 1946 
827 1800 2948 2114 
828 1600 2117 1347 
829 1682 1683 1363 
830 1588 2371 1366 
831 1772 3076 923 
832 1932 2119 2017 
833 2172 2742 289 
834 1964 2056 850 
835 904 2162 1952 
836 2727 2843 1753 
837 1186 1797 1119 
838 281 2005 280 
839 1499 2977 2944 
840 2943 2978 1500 
841 1920 2264 1026 
842 1532 2046 1761 
843 2116 2194 907 
844 1702 2149 1852 
845 1832 1834 755 
846 1793 2135 687 
847 288 2294 1682 
848 1744 2734 2593 
849 1802 1885 1565 
850 1668 1669 1361 
851 1362 1667 1666 
852 160 2753 159 
853 157 2489 1694 
854 1989 1990 1399 
855 1860 2386 1570 
856 2169 3028 2095 
857 1706 3092 2518 
858 236 2300 1668 
859 1980 2011 1549 
860 1377 1706 1705 
861 1813 2204 1738 
862 2597 2725 212 
863 1380 1723 1722 
864 211 2637 1889 
865 1253 1976 1252 
866 1707 1708 1376 
867 923 2537 1772 
868 1569 2423 2036 
869 2226 2901 1662 
870 1986 2660 265 
871 912 2856 1841 
872 187 2783 186 
873 1801 3002 2638 
874 2280 2616 1927 
875 1372 2015 1633 
876 343 2187 342 
877 109 2186 108 
878 159 2755 2634 
879 345 2629 2010 
880 1085 2351 927 
881 292 2744 291 
882 240 2706 239 
883 2411 2912 877 
884 2163 2404 1940 
885 2264 2320 1026 
886 2727 2833 2230 
887 1917 1955 1844 
888 1782 2757 996 
889 1760 2317 1460 
890 1694 2487 1870 
891 1728 2908 2313 
892 2251 2414 1678 
893 1922 2266 2042 
894 2249 2413 1679 
895 2247 2412 1675 
896 1351 1875 1779 
897 920 2126 1972 
898 161 2256 160 
899 291 2255 290 
900 2519 2962 4 
901 2074 2936 2148 
902 1939 2771 1177 
903 1947 2277 1618 
904 2354 2718 1358 
905 1431 2000 1277 
906 1251 1871 1342 
907 606 2519 4 
908 1918 2321 1177 
909 1358 2870 2354 
910 1702 1852 1527 
911 1871 2019 1534 
912 1364 1856 1688 
913 2686 3038 1993 
914 1154 2126 983 
915 1899 2235 1836 
916 340 2459 1707 
917 610 2795 858 
918 2168 3028 2169 
919 1961 2539 940 
920 1516 2821 2383 
921 1071 1835 244 
922 1831 2938 863 
923 1878 2039 1508 
924 1492 2328 1965 
925 646 3077 2942 
926 188 2522 187 
927 264 2521 263 
928 1831 2840 1781 
929 1472 2619 2130 
930 1361 1900 234 
931 2016 2876 806 
932 1611 2322 1339 
933 1042 3115 2245 
934 1919 2732 2062 
935 1911 2246 1544 
936 1262 2248 1912 
937 1547 1917 350 
938 108 2429 107 
939 344 2430 343 
940 1951 2209 902 
941 1913 2250 1546 
942 1862 2616 2280 
943 212 2785 211 
944 1772 2537 1773 
945 1722 2531 319 
946 2453 2853 1542 
947 1868 1974 1866 
948 2131 2245 1576 
949 2472 2960 2035 
950 316 1958 315 
951 136 1957 135 
952 1880 2050 853 
953 1997 3115 1042 
954 2045 2423 1569 
955 624 2107 635 
956 1705 2342 111 
957 2317 2860 1373 
958 1235 2068 2066 
959 1922 2000 1431 
960 1359 2821 1516 
961 2537 2541 1773 
962 1498 1892 1890 
963 2474 2839 2737 
964 1340 2009 1765 
965 2277 2957 1618 
966 1946 2159 1945 
967 1682 2292 1683 
968 907 2524 2118 
969 2001 2003 669 
970 1075 2775 1812 
971 2297 2991 215 
972 2485 3033 294 
973 2231 2337 2263 
974 2409 2448 1732 
975 1753 2833 2727 
976 1565 2132 1802 
977 1535 2471 2390 
978 618 2111 613 
979 345 2631 344 
980 2590 2925 131 
981 863 2840 1831 
982 318 2077 317 
983 1932 2017 1260 
984 1545 2018 1933 
985 1921 2266 1922 
986 2313 2908 2314 
987 2732 2771 1937 
988 613 2111 789 
989 2093 2379 1697 
990 2074 2148 848 
991 1811 1813 1738 
992 1948 3186 2242 
993 1576 2245 1634 
994 256 2247 255 
995 204 2249 203 
996 2065 2483 844 
997 1449 1966 1448 
998 1941 2029 1261 
999 1253 2407 1976 
1000 293 2635 292 
1001 1970 2561 689 
1002 1835 1836 1711 
1003 308 2251 307 
1004 1841 2941 912 
1005 998 2125 1901 
1006 2147 2317 1095 
1007 1812 2775 1973 
1008 241 1888 240 
1009 211 1889 210 
1010 1948 2242 1726 
1011 1608 2046 1532 
1012 1704 3030 1702 
1013 2481 2523 1017 
1014 1760 2860 2317 
1015 741 1884 739 
1016 1849 2452 1759 
1017 998 1901 218 
1018 1144 2621 1142 
1019 612 2989 606 
1020 1350 2794 2535 
1021 1675 2930 2247 
1022 1679 2929 2249 
1023 1678 2928 2251 
1024 1616 2610 2065 
1025 1983 2133 2012 
1026 1055 2800 2611 
1027 264 2750 2521 
1028 1668 2572 1669 
1029 2133 2924 2012 
1030 1936 2564 1935 
1031 2332 2333 267 
1032 1200 2633 1909 
1033 2510 2855 2719 
1034 1297 2124 2122 
1035 1900 2031 999 
1036 1866 1974 1953 
1037 2013 2014 1483 
1038 1692 2016 2014 
1039 2840 2879 1781 
1040 920 1972 841 
1041 2032 3060 2041 
1042 2214 2442 1779 
1043 153 1953 1543 
1044 1361 3055 1900 
1045 1922 3004 2000 
1046 1547 1955 1917 
1047 1667 2558 1666 
1048 1583 2128 1255 
1049 1991 1993 998 
1050 1600 2820 2117 
1051 1544 2554 1911 
1052 1912 2553 1262 
1053 186 1985 185 
1054 266 1986 265 
1055 2476 3052 189 
1056 1575 3027 2031 
1057 137 2471 2034 
1058 1546 2557 1913 
1059 214 2603 1881 
1060 1779 3122 2214 
1061 1113 1939 1059 
1062 1877 2899 1464 
1063 1882 2719 237 
1064 2031 2812 1575 
1065 1748 2013 1483 
1066 1729 3120 190 
1067 2606 3122 1779 
1068 687 2875 1793 
1069 1343 1983 1227 
1070 2014 3007 2148 
1071 1583 2132 2128 
1072 878 3137 2127 
1073 1210 2107 626 
1074 1297 2122 2121 
1075 2242 3186 672 
1076 1887 2656 1610 
1077 107 2638 106 
1078 1883 2690 851 
1079 1856 2346 1688 
1080 1409 2482 1290 
1081 2011 3085 1549 
1082 2330 2905 1743 
1083 2527 2910 1949 
1084 2585 2951 1780 
1085 1702 3030 2149 
1086 2031 3055 1649 
1087 190 3120 2476 
1088 110 2648 109 
1089 957 2012 992 
1090 1888 2636 240 
1091 1607 2797 2091 
1092 2014 2148 2015 
1093 1965 2328 1884 
1094 214 2991 2603 
1095 2504 2984 2742 
1096 1186 3132 1799 
1097 1937 2771 1939 
1098 1200 2731 1168 
1099 1730 2986 2211 
1100 137 2627 136 
1101 1579 2506 2347 
1102 168 3184 1893 
1103 263 1960 262 
1104 189 1959 188 
1105 2065 2610 1443 
1106 697 2266 1921 
1107 1900 3055 2031 
1108 2851 2942 2028 
1109 2130 2173 1472 
1110 1934 1938 1936 
1111 1464 2837 1877 
1112 1623 2058 2056 
1113 317 2704 2604 
1114 1943 2854 599 
1115 2500 2875 687 
1116 2605 2671 134 
1117 261 2839 2272 
1118 599 2854 1925 
1119 1896 2888 1833 
1120 1570 2387 1860 
1121 1934 1935 1355 
1122 2593 2734 934 
1123 940 2539 939 
1124 1028 2379 2093 
1125 1158 2514 1902 
1126 2500 2813 1857 
1127 1126 2482 1125 
1128 2946 3006 1987 
1129 2179 3006 2946 
1130 2804 2822 2261 
1131 689 2972 1970 
1132 2162 3159 1952 
1133 1554 2514 1552 
1134 1236 2015 1372 
1135 287 1682 1363 
1136 1364 1688 164 
1137 1106 1989 1107 
1138 2048 2860 1760 
1139 1902 2513 1158 
1140 2137 3001 2681 
1141 1112 1963 129 
1142 2479 2977 1499 
1143 1500 2978 2284 
1144 1925 2901 599 
1145 1858 2500 1857 
1146 925 2351 991 
1147 1985 2659 185 
1148 609 2229 607 
1149 781 2169 2094 
1150 183 1721 1378 
1151 1603 2483 2065 
1152 1362 1666 216 
1153 235 1668 1361 
1154 1377 1705 112 
1155 337 1782 996 
1156 238 1882 237 
1157 214 1881 213 
1158 1386 2007 2006 
1159 1927 2886 2280 
1160 2102 2104 1210 
1161 1323 2731 1526 
1162 1523 2573 2150 
1163 1859 2373 991 
1164 339 1707 1376 
1165 1953 1974 1543 
1166 756 2502 2276 
1167 1692 2014 2013 
1168 858 2795 2324 
1169 1874 2185 1214 
1170 1125 2482 2331 
1171 1698 2407 2406 
1172 1380 1722 320 
1173 894 2980 2237 
1174 2330 2871 1988 
1175 2342 2460 1585 
1176 2091 2113 1607 
1177 2109 2111 618 
1178 1951 2829 1830 
1179 1365 2086 1639 
1180 2150 2573 874 
1181 2658 2888 1896 
1182 1163 2009 1162 
1183 1706 2341 1705 
1184 1235 2618 2068 
1185 996 3059 2242 
1186 1707 2462 1708 
1187 2015 2148 1633 
1188 1810 2781 1928 
1189 1803 1804 1074 
1190 1815 1816 1068 
1191 1069 1824 1823 
1192 991 2350 1859 
1193 2289 2622 1854 
1194 2489 3064 1694 
1195 1459 1800 1762 
1196 1084 1843 1842 
1197 1470 2276 1879 
1198 1343 2133 1983 
1199 1438 1979 122 
1200 110 2649 2153 
1201 159 2634 158 
1202 2018 2146 1933 
1203 1004 2147 1095 
1204 1859 2454 2373 
1205 2127 2808 878 
1206 2371 2862 1664 
1207 1692 2876 2016 
1208 1956 2838 1846 
1209 290 2172 289 
1210 162 2171 161 
1211 2418 2912 2411 
1212 1659 2983 2525 
1213 2498 2639 1437 
1214 2111 2516 789 
1215 1876 2048 2033 
1216 1263 2607 1956 
1217 2116 3063 2194 
1218 1870 2889 2115 
1219 1377 3092 1706 
1220 896 2632 1931 
1221 1656 2672 2163 
1222 2054 2606 1876 
1223 189 3052 1959 
1224 1712 2977 2479 
1225 2284 2978 1711 
1226 1921 3196 697 
1227 2025 3000 2402 
1228 1967 1969 597 
1229 1762 1944 1593 
1230 2246 2412 2247 
1231 2248 2413 2249 
1232 2003 2915 669 
1233 606 2989 2519 
1234 2250 2414 2251 
1235 1798 2948 1800 
1236 1994 1995 670 
1237 1941 2167 2029 
1238 1672 1903 1481 
1239 1993 2687 2686 
1240 1894 2561 2123 
1241 1783 1943 225 
1242 2324 2354 858 
1243 1746 3127 2052 
1244 851 3067 1883 
1245 2234 2235 1899 
1246 2082 2084 2083 
1247 1869 1946 1945 
1248 1378 3172 2044 
1249 604 1988 1103 
1250 1951 3141 2209 
1251 1610 2769 1887 
1252 1504 2320 2264 
1253 219 1991 998 
1254 2331 2481 1125 
1255 1721 3172 1378 
1256 2294 2933 1682 
1257 2644 2770 1209 
1258 1792 1793 1501 
1259 1891 3086 1498 
1260 1618 1978 1387 
1261 1210 2366 2102 
1262 168 1893 167 
1263 1838 1840 1070 
1264 789 2516 1872 
1265 887 2442 2214 
1266 1949 2617 2527 
1267 139 1811 1738 
1268 1177 2321 1053 
1269 1853 1855 1086 
1270 1538 2418 1774 
1271 2678 2857 1632 
1272 1260 2246 1932 
1273 1933 2248 1545 
1274 350 1917 349 
1275 607 2811 277 
1276 1822 2921 1952 
1277 1227 1983 1081 
1278 1082 1863 1861 
1279 986 2567 1895 
1280 1261 2250 1941 
1281 2041 2878 2032 
1282 2131 2640 838 
1283 2051 3127 853 
1284 1457 1897 1541 
1285 1895 2699 986 
1286 622 2109 618 
1287 647 2011 325 
1288 1819 2119 1932 
1289 1781 2879 1131 
1290 2056 2058 2057 
1291 243 1835 1711 
1292 1764 3097 1573 
1293 1245 1934 1355 
1294 2052 3127 2051 
1295 1944 2224 905 
1296 1604 2680 2567 
1297 2546 2787 1318 
1298 1723 2738 1722 
1299 1606 2822 2804 
1300 1932 2246 1911 
1301 1912 2248 1933 
1302 1529 2442 2049 
1303 755 1884 741 
1304 1941 2250 1913 
1305 2017 2119 1071 
1306 1277 2000 1278 
1307 116 2942 2851 
1308 1931 2632 1849 
1309 2765 2980 894 
1310 283 1984 669 
1311 2127 2868 909 
1312 319 2531 318 
1313 2123 2562 1894 
1314 2518 2583 1706 
1315 1738 3039 138 
1316 133 2614 132 
1317 1942 3127 1476 
1318 2020 2823 486 
1319 266 2661 1986 
1320 1836 2668 1711 
1321 342 2650 341 
1322 1601 2733 1760 
1323 162 3078 2171 
1324 231 1994 670 
1325 2243 2787 2546 
1326 2236 2857 2678 
1327 2780 3128 1856 
1328 2049 2708 1529 
1329 2377 2676 2576 
1330 2288 2289 1854 
1331 486 3022 2020 
1332 2835 2956 1595 
1333 2005 2703 596 
1334 2024 3000 2025 
1335 647 3034 2571 
1336 976 2012 957 
1337 139 1738 138 
1338 313 1739 312 
1339 315 2626 314 
1340 191 1729 190 
1341 261 1730 260 
1342 2000 3004 1999 
1343 268 2332 267 
1344 1476 3127 1746 
1345 1576 2640 2131 
1346 1924 2667 2634 
1347 1865 1869 1867 
1348 1367 1762 1593 
1349 1989 3047 1990 
1350 853 3127 1942 
1351 1864 1865 1083 
1352 1688 3147 163 
1353 181 1981 1023 
1354 2522 2748 187 
1355 1386 2006 1369 
1356 2264 2265 1504 
1357 2324 2718 2354 
1358 131 2925 130 
1359 1755 2834 2141 
1360 841 1972 857 
1361 2007 2184 2006 
1362 2104 2107 1210 
1363 105 1724 104 
1364 1889 2240 210 
1365 241 2239 1888 
1366 2276 2301 756 
1367 2024 2025 1601 
1368 1541 2563 2143 
1369 1704 2590 2030 
1370 335 2242 672 
1371 1650 2579 1651 
1372 689 3184 168 
1373 1131 2974 1781 
1374 1975 2707 1259 
1375 243 1711 242 
1376 209 1712 208 
1377 154 1953 153 
1378 1934 1936 1935 
1379 347 1759 346 
1380 1542 2630 2453 
1381 1776 2049 1723 
1382 2418 2643 1774 
1383 1363 2966 2559 
1384 318 2655 2077 
1385 1347 2117 1463 
1386 1851 2601 1850 
1387 2094 2169 2095 
1388 2247 2930 255 
1389 2249 2929 203 
1390 1247 2086 1365 
1391 1820 1914 1821 
1392 1829 1915 1828 
1393 1780 2951 1672 
1394 1341 1950 1736 
1395 138 3039 2471 
1396 1660 2628 2535 
1397 2251 2928 307 
1398 2681 3001 1792 
1399 295 1693 294 
1400 157 1694 156 
1401 605 2228 611 
1402 2280 2846 1862 
1403 1668 2990 2572 
1404 2265 2344 1504 
1405 953 2998 1940 
1406 1858 2875 2500 
1407 1808 1926 1809 
1408 1573 3097 2086 
1409 1094 2799 2238 
1410 1810 3091 1803 
1411 1509 2189 1303 
1412 2105 2861 2106 
1413 2276 2502 1879 
1414 1112 2582 1963 
1415 1848 1929 1847 
1416 2890 2937 2126 
1417 1177 2771 1918 
1418 2567 2680 1594 
1419 1842 3099 1849 
1420 905 2818 1944 
1421 311 1803 1074 
1422 259 1815 1068 
1423 1069 1823 192 
1424 1834 1884 755 
1425 1869 1945 1867 
1426 1800 3110 1762 
1427 1928 3091 1810 
1428 1647 1764 1573 
1429 1996 2047 1995 
1430 217 1901 1362 
1431 1904 2493 617 
1432 2558 2987 1666 
1433 1938 2782 1936 
1434 2861 2975 2106 
1435 2121 2569 1297 
1436 1650 3043 2579 
1437 207 1838 1070 
1438 1275 1459 1367 
1439 2163 2672 1354 
1440 2204 2390 1738 
1441 1084 1842 348 
1442 1796 3019 1221 
1443 2342 2591 111 
1444 321 1777 1380 
1445 951 2124 1294 
1446 1994 1996 1995 
1447 2228 2952 894 
1448 1251 1342 1227 
1449 1442 1710 1322 
1450 103 1853 1086 
1451 2105 2758 1270 
1452 1823 3106 1830 
1453 1822 3107 1815 
1454 1804 1808 1806 
1455 1845 1847 1843 
1456 1341 1600 1347 
1457 2057 2070 2069 
1458 2406 2515 1698 
1459 1981 2322 1023 
1460 1902 2514 1554 
1461 1044 1997 1042 
1462 1553 3024 2507 
1463 691 3024 2032 
1464 1451 1458 1457 
1465 1739 2922 2268 
1466 2263 2337 2336 
1467 888 2037 889 
1468 1082 1861 296 
1469 155 1864 1083 
1470 1884 2328 739 
1471 2229 2811 607 
1472 2889 3180 2115 
1473 1759 3062 346 
1474 2180 2528 2101 
1475 1527 1528 1324 
1476 1119 1797 1275 
1477 1324 1794 1178 
1478 1501 1793 1584 
1479 2019 2020 1534 
1480 1308 2024 1601 
1481 1544 2247 256 
1482 1545 2249 204 
1483 1528 1850 1794 
1484 850 2673 1964 
1485 1928 2781 898 
1486 1546 2251 308 
1487 1519 2801 2312 
1488 1528 1851 1850 
1489 1870 3146 1864 
1490 2148 2936 1633 
1491 1826 1828 1824 
1492 1816 1820 1818 
1493 1260 2412 2246 
1494 1262 2413 2248 
1495 2102 2366 2103 
1496 1374 3058 2448 
1497 1797 1798 1459 
1498 1261 2414 2250 
1499 1501 1584 1337 
1500 2200 2201 1833 
1501 1364 2780 1856 
1502 1134 2289 2288 
1503 2270 2922 1739 
1504 2166 2305 2303 
1505 1380 1776 1723 
1506 1585 2591 2342 
1507 1742 2905 2177 
1508 2115 3146 1870 
1509 1963 2582 2071 
1510 293 3033 2635 
1511 1322 1871 1251 
1512 1368 1938 1934 
1513 313 2960 2270 
1514 1808 1928 1926 
1515 1399 2227 1400 
1516 1849 3099 1931 
1517 233 1900 999 
1518 190 2476 189 
1519 597 2494 1967 
1520 647 2571 2570 
1521 2058 2480 2057 
1522 1459 1762 1367 
1523 2097 2180 2101 
1524 2331 2482 1787 
1525 1196 2317 1373 
1526 750 2083 786 
1527 2576 2676 1599 
1528 1646 1954 1442 
1529 1458 1897 1457 
1530 1748 2181 2013 
1531 1646 2043 1954 
1532 1368 1934 1245 
1533 1303 2189 1304 
1534 1320 1875 1351 
1535 1830 3106 1951 
1536 1952 3107 1822 
1537 1351 1779 1529 
1538 2028 2942 2555 
1539 132 2614 2030 
1540 1201 3047 1989 
1541 742 2089 770 
1542 611 2228 894 
1543 1798 1800 1459 
1544 1724 3126 104 
1545 2052 3010 1746 
1546 1739 3140 312 
1547 321 2968 1777 
1548 235 1361 234 
1549 217 1362 216 
1550 769 2112 817 
1551 1088 2169 781 
1552 1965 2770 2644 
1553 113 1377 112 
1554 1225 1227 1081 
1555 1430 2883 2683 
1556 894 2952 2765 
1557 191 3150 1729 
1558 1730 3149 260 
1559 105 3002 2498 
1560 1230 2624 2047 
1561 1388 2201 1289 
1562 287 1363 286 
1563 895 2919 2290 
1564 165 1364 164 
1565 2262 2336 1172 
1566 1712 3125 208 
1567 1406 2727 2263 
1568 933 2851 2027 
1569 2198 2228 605 
1570 1397 2168 1105 
1571 1342 1534 1533 
1572 164 1688 163 
1573 288 1682 287 
1574 1373 1876 1875 
1575 1849 2632 2452 
1576 1221 3057 1796 
1577 802 2205 2159 
1578 1803 3091 1804 
1579 2071 2731 1910 
1580 183 1378 182 
1581 1843 3099 1842 
1582 1929 1931 1847 
1583 733 2083 750 
1584 184 1721 183 
1585 1614 2569 2121 
1586 1259 2707 142 
1587 321 1380 320 
1588 2956 3048 270 
1589 2019 2895 712 
1590 339 1376 338 
1591 2012 2924 992 
1592 2263 2727 2231 
1593 1949 2910 2254 
1594 340 1707 339 
1595 817 2112 845 
1596 295 3136 1693 
1597 648 2367 630 
1598 345 2630 2629 
1599 958 2682 2656 
1600 2164 2259 2165 
1601 2141 2834 2139 
1602 112 1705 111 
1603 2177 2905 600 
1604 1955 1956 1846 
1605 2551 2824 2799 
1606 216 1666 215 
1607 236 1668 235 
1608 320 1722 319 
1609 2126 2937 1663 
1610 1376 1782 338 
1611 1815 3107 1816 
1612 1824 3106 1823 
1613 347 3155 1759 
1614 1846 2838 2378 
1615 1378 1981 182 
1616 1456 1476 1455 
1617 1442 1954 1710 
1618 1178 1201 1115 
1619 2040 2236 2076 
1620 1963 2071 765 
1621 1134 2290 2289 
1622 2114 2700 1800 
1623 1294 2124 1297 
1624 157 2667 2489 
1625 2757 3059 996 
1626 1170 1341 1317 
1627 1247 1365 1249 
1628 1820 1952 1914 
1629 1915 1951 1828 
1630 1342 1533 1343 
1631 1693 3136 1862 
1632 2006 2184 1938 
1633 1245 1355 1113 
1634 2668 3031 1711 
1635 846 3112 2149 
1636 174 2198 605 
1637 1065 1950 1170 
1638 1214 2874 1874 
1639 1854 3126 1724 
1640 184 2535 1721 
1641 999 1996 1994 
1642 229 2338 228 
1643 1710 1871 1322 
1644 2175 2177 600 
1645 1196 1373 1320 
1646 2825 2965 1704 
1647 1340 1650 1356 
1648 1081 1983 980 
1649 1694 3173 156 
1650 2651 3074 2152 
1651 1170 1950 1341 
1652 1162 1340 1165 
1653 1225 1251 1227 
1654 2063 3196 1919 
1655 101 2607 1263 
1656 2173 2577 1472 
1657 2129 2130 676 
1658 697 3196 2063 
1659 2021 3022 743 
1660 2622 2919 1930 
1661 1845 1848 1847 
1662 1808 1809 1806 
1663 1662 2873 2183 
1664 1672 2951 1903 
1665 1839 3125 1712 
1666 215 2991 214 
1667 1365 1618 1387 
1668 1454 1455 1449 
1669 257 2554 1544 
1670 1262 2553 194 
1671 309 2557 1546 
1672 1826 1829 1828 
1673 1820 1821 1818 
1674 1105 2168 1093 
1675 1247 1249 1150 
1676 1490 1999 1550 
1677 1976 2407 1511 
1678 1771 3048 2956 
1679 1667 3179 1982 
1680 635 2109 622 
1681 128 1963 765 
1682 855 2999 2595 
1683 2239 3072 1888 
1684 1889 3073 2240 
1685 1521 2839 2474 
1686 1186 2761 2709 
1687 1341 1736 1600 
1688 1484 1921 1431 
1689 1965 2644 1492 
1690 2124 3167 2122 
1691 2151 2550 2546 
1692 1868 1975 1974 
1693 2615 2712 1640 
1694 2217 3121 1839 
1695 1275 1797 1459 
1696 740 2089 742 
1697 1072 1186 1119 
1698 1085 2352 2351 
1699 1476 1746 1745 
1700 2791 3093 1837 
1701 2733 2926 785 
1702 1771 2956 2835 
1703 273 2129 676 
1704 122 1979 2 
1705 2142 2563 882 
1706 6 1783 225 
1707 677 2141 2138 
1708 2595 2999 1763 
1709 2233 2408 1617 
1710 999 2031 1996 
1711 1639 1947 1618 
1712 2607 2838 1956 
1713 997 1984 284 
1714 2934 2950 1032 
1715 8 2398 608 
1716 2057 2069 2055 
1717 1005 2147 1004 
1718 2656 2682 1610 
1719 752 2085 769 
1720 10 1988 604 
1721 326 2145 647 
1722 1447 1449 1448 
1723 712 2823 2019 
1724 1833 2201 1388 
1725 877 2912 2620 
1726 1454 1456 1455 
1727 125 2207 617 
1728 617 2493 2178 
1729 1897 2563 1541 
1730 956 2023 986 
1731 999 1994 232 
1732 1448 1966 1451 
1733 1447 1448 1446 
1734 221 2183 671 
1735 1337 2009 1163 
1736 1365 1387 1249 
1737 1479 1880 1477 
1738 2046 3025 1761 
1739 1910 2731 1200 
1740 1067 1236 1192 
1741 1765 1857 1650 
1742 1933 2146 1827 
1743 1814 3133 1945 
1744 2346 2347 1688 
1745 677 2138 178 
1746 1550 3060 2032 
1747 1071 2119 1837 
1748 2072 2083 733 
1749 1390 1431 1277 
1750 1403 1619 1404 
1751 1456 1477 1476 
1752 1528 1794 1324 
1753 1372 1633 1566 
1754 1023 2120 180 
1755 1373 1875 1320 
1756 1463 2117 2116 
1757 1441 2286 1192 
1758 1213 1308 1212 
1759 1162 1165 1101 
1760 1773 2950 2934 
1761 1006 1663 1008 
1762 332 2175 600 
1763 731 2072 733 
1764 1976 3029 1252 
1765 2070 3170 1850 
1766 1573 2086 1248 
1767 647 2570 2011 
1768 1440 2024 1308 
1769 138 2471 137 
1770 1438 3135 1979 
1771 1051 1101 1100 
1772 2085 2112 769 
1773 755 3161 1896 
1774 1964 2664 1619 
1775 130 1112 129 
1776 773 2164 738 
1777 2543 2615 1680 
1778 940 3138 1961 
1779 2303 2463 2166 
1780 1719 2398 2281 
1781 1106 1107 1105 
1782 2128 2132 1489 
1783 730 2380 728 
1784 1792 2958 1793 
1785 1102 1162 1101 
1786 1761 1780 1672 
1787 1962 3069 1142 
1788 1970 2972 1969 
1789 2386 3070 1570 
1790 1236 1372 1192 
1791 1338 1501 1337 
1792 1489 2132 1565 
1793 1098 1106 1105 
1794 2083 2084 786 
1795 671 1991 220 
1796 1483 2015 1236 
1797 1811 3168 1813 
1798 859 2309 2308 
1799 980 2012 976 
1800 671 1992 1991 
1801 1267 2258 1538 
1802 2132 2789 1802 
1803 952 989 988 
1804 1289 2201 1291 
1805 1340 1356 1165 
1806 312 1803 311 
1807 1682 2933 2292 
1808 1829 1916 1915 
1809 1650 1651 1356 
1810 971 1067 1029 
1811 260 1815 259 
1812 192 1823 191 
1813 1623 1964 1619 
1814 1477 1942 1476 
1815 1648 1791 1647 
1816 1399 1400 1398 
1817 2263 2336 2262 
1818 616 2309 859 
1819 1107 1399 1398 
1820 2408 2409 1617 
1821 1807 2167 1941 
1822 1070 2146 2018 
1823 2143 2964 1541 
1824 285 997 284 
1825 617 2178 124 
1826 104 1853 103 
1827 208 1838 207 
1828 1065 3182 1950 
1829 1444 1447 1446 
1830 1151 1247 1150 
1831 2512 2577 2173 
1832 2049 2698 1723 
1833 914 940 939 
1834 348 1842 347 
1835 1067 1192 1029 
1836 2268 2781 1810 
1837 1256 2342 2341 
1838 1161 2807 2803 
1839 2123 2611 2562 
1840 1155 1277 1156 
1841 2122 3167 2611 
1842 2683 2883 1734 
1843 1490 1550 1491 
1844 2674 2729 2092 
1845 1400 1403 1402 
1846 2828 2988 2533 
1847 949 1005 1004 
1848 233 999 232 
1849 219 998 218 
1850 2562 2800 1222 
1851 294 3033 293 
1852 167 1893 1498 
1853 1640 2712 2128 
1854 1618 2957 1978 
1855 1192 2286 1029 
1856 1098 1105 1093 
1857 949 1004 948 
1858 2047 2847 1230 
1859 349 1084 348 
1860 311 1074 310 
1861 141 1075 140 
1862 245 1071 244 
1863 259 1068 258 
1864 193 1069 192 
1865 207 1070 206 
1866 2029 2167 1082 
1867 1608 2133 2046 
1868 2145 3034 647 
1869 1479 1903 1880 
1870 1723 2982 2738 
1871 1443 1444 1415 
1872 296 1861 295 
1873 156 1864 155 
1874 984 1052 983 
1875 1158 2513 1157 
1876 1115 1989 1106 
1877 738 2164 711 
1878 1341 1347 1317 
1879 2108 2109 635 
1880 992 2023 956 
1881 2127 3137 2007 
1882 1527 1852 1528 
1883 1550 2032 1551 
1884 2119 2791 1837 
1885 2803 2807 2265 
1886 1270 2758 2565 
1887 599 2901 2226 
1888 791 2134 790 
1889 2082 2083 2072 
1890 1282 2739 2314 
1891 2138 2141 2139 
1892 103 1086 102 
1893 1839 2218 2217 
1894 2157 3087 1928 
1895 297 1082 296 
1896 155 1083 154 
1897 916 949 948 
1898 1051 1100 1047 
1899 1813 3168 1814 
1900 1808 3091 1928 
1901 105 2498 1724 
1902 1984 2830 669 
1903 1534 2021 1533 
1904 894 2237 615 
1905 1787 2854 1943 
1906 982 983 920 
1907 1964 3164 2664 
1908 796 2160 1886 
1909 1787 3089 2854 
1910 2301 2380 756 
1911 1481 1903 1479 
1912 876 914 913 
1913 1984 3008 2586 
1914 1213 1440 1308 
1915 749 3060 1999 
1916 1435 1691 1690 
1917 1440 2026 2024 
1918 810 2180 2097 
1919 1810 3140 1739 
1920 1864 3146 1865 
1921 104 3126 1853 
1922 208 3125 1838 
1923 2100 2758 2105 
1924 337 996 336 
1925 209 2977 1712 
1926 1711 2978 242 
1927 1342 1343 1227 
1928 871 2150 874 
1929 608 2795 610 
1930 621 2309 616 
1931 1990 2480 2058 
1932 1387 1978 1435 
1933 1926 1927 1809 
1934 1211 1212 1005 
1935 312 3140 1803 
1936 800 814 799 
1937 1390 1484 1431 
1938 1697 2907 2093 
1939 2046 2133 1343 
1940 2082 2988 2084 
1941 260 3149 1815 
1942 1823 3150 191 
1943 2159 2206 1814 
1944 1759 3155 1849 
1945 2014 2015 1483 
1946 660 2367 648 
1947 1749 2381 1561 
1948 128 765 127 
1949 1861 3136 295 
1950 1246 1368 1245 
1951 1848 1930 1929 
1952 1278 2000 1490 
1953 2026 3013 674 
1954 1992 1993 1991 
1955 1880 1942 1477 
1956 2032 2878 691 
1957 914 939 913 
1958 1583 2789 2132 
1959 1817 2554 1068 
1960 1069 2553 1825 
1961 728 2380 2326 
1962 1822 3149 1730 
1963 1101 2384 1100 
1964 2638 3002 106 
1965 1805 2557 1074 
1966 1921 1922 1431 
1967 806 2817 2016 
1968 1620 1883 1622 
1969 1605 2767 1606 
1970 1155 1390 1277 
1971 1842 3155 347 
1972 1869 2115 1946 
1973 1308 1601 1460 
1974 1114 1245 1113 
1975 234 1900 233 
1976 323 934 322 
1977 2508 2887 2871 
1978 482 2050 685 
1979 2565 2758 2101 
1980 815 2131 814 
1981 1574 1647 1573 
1982 817 843 826 
1983 769 817 816 
1984 1403 1404 1402 
1985 1448 1451 1450 
1986 1549 2593 1980 
1987 1931 3099 1847 
1988 2482 3089 1787 
1989 115 933 114 
1990 1860 2387 1670 
1991 1390 2321 1918 
1992 752 769 768 
1993 630 2367 2366 
1994 1052 1155 1154 
1995 840 920 841 
1996 1150 2621 1144 
1997 175 2198 174 
1998 2036 2423 1381 
1999 2013 2181 1690 
2000 1140 1149 1138 
2001 2507 2797 1553 
2002 1673 2188 1273 
2003 1155 2321 1390 
2004 1166 1337 1163 
2005 1865 1867 1866 
2006 956 986 921 
2007 1833 2888 2200 
2008 2238 3116 1094 
2009 1084 1844 1843 
2010 1680 2615 1640 
2011 2111 3036 2516 
2012 1569 3014 2045 
2013 140 1811 139 
2014 742 752 751 
2015 156 3173 1864 
2016 1577 2729 2674 
2017 344 2711 2430 
2018 857 1972 1006 
2019 1463 2116 1767 
2020 1691 1692 1690 
2021 1047 1997 1044 
2022 2067 2364 2363 
2023 840 2092 982 
2024 1935 1937 1355 
2025 2966 3109 2681 
2026 244 1835 243 
2027 2036 2384 1569 
2028 1870 3173 1694 
2029 1816 1817 1068 
2030 1069 1825 1824 
2031 1804 1805 1074 
2032 1532 1672 1481 
2033 1451 1966 1458 
2034 1211 1213 1212 
2035 1619 1620 1404 
2036 1797 1799 1798 
2037 1482 1483 1236 
2038 1365 1639 1618 
2039 2429 2693 107 
2040 743 2961 2779 
2041 2767 2822 1606 
2042 1435 1978 1691 
2043 1053 2321 1052 
2044 1340 1765 1650 
2045 551 2038 856 
2046 811 840 812 
2047 323 1980 934 
2048 840 982 920 
2049 1278 1490 1429 
2050 1057 1177 1053 
2051 1502 1792 1501 
2052 236 2855 2300 
2053 2302 2463 2303 
2054 1830 2829 2213 
2055 1690 2181 1689 
2056 169 689 168 
2057 1881 2723 213 
2058 238 2720 1882 
2059 957 992 956 
2060 1108 1115 1106 
2061 1952 2921 904 
2062 797 799 796 
2063 889 2037 952 
2064 222 2226 2183 
2065 324 2011 1980 
2066 349 1917 1084 
2067 1403 1623 1619 
2068 1050 1051 1047 
2069 1414 1443 1415 
2070 1765 1858 1857 
2071 2020 2021 1534 
2072 1476 1745 1455 
2073 1444 1446 1445 
2074 325 2011 324 
2075 335 672 334 
2076 855 3152 2999 
2077 740 742 741 
2078 1816 1818 1817 
2079 1825 1826 1824 
2080 1466 2465 2283 
2081 1862 3136 1861 
2082 2619 3095 2130 
2083 1952 3159 1914 
2084 283 669 282 
2085 1201 1989 1115 
2086 1603 2809 2483 
2087 1746 1747 1745 
2088 1083 1953 154 
2089 952 988 963 
2090 668 2792 2647 
2091 1983 2012 980 
2092 134 3124 133 
2093 2614 3108 2030 
2094 908 2196 2043 
2095 750 764 763 
2096 2042 2266 367 
2097 221 671 220 
2098 231 670 230 
2099 1844 1845 1843 
2100 2199 2809 1603 
2101 1453 1454 1449 
2102 218 1901 217 
2103 1093 2168 1091 
2104 1887 2802 2497 
2105 167 1498 166 
2106 1804 1806 1805 
2107 795 796 794 
2108 346 3062 2630 
2109 100 2388 99 
2110 733 750 748 
2111 2699 2954 844 
2112 1107 1398 1397 
2113 2709 2761 1757 
2114 2151 3123 2702 
2115 140 3175 1811 
2116 115 2851 933 
2117 1260 2017 246 
2118 205 2018 1545 
2119 2366 2367 2103 
2120 1794 3189 1178 
2121 2312 2801 1785 
2122 988 1072 990 
2123 1097 1098 1093 
2124 1813 2798 2204 
2125 1042 2245 815 
2126 2031 3027 1996 
2127 1146 1150 1144 
2128 1283 1887 1548 
2129 787 811 788 
2130 228 2338 598 
2131 1261 2029 298 
2132 272 2859 271 
2133 1248 2086 1247 
2134 922 956 921 
2135 731 733 732 
2136 2094 2095 987 
2137 2520 2959 1897 
2138 2737 2839 262 
2139 1972 2126 1663 
2140 620 2237 2192 
2141 2231 2727 2230 
2142 1853 3126 1854 
2143 982 984 983 
2144 2182 2672 1656 
2145 1603 2065 1443 
2146 1362 3179 1667 
2147 1533 2046 1343 
2148 179 2120 677 
2149 129 1963 128 
2150 1378 2904 1981 
2151 1002 2173 2129 
2152 1786 2481 2331 
2153 671 2873 1992 
2154 1838 3125 1839 
2155 2972 3144 1969 
2156 814 2131 838 
2157 1092 1093 1091 
2158 829 888 830 
2159 326 647 325 
2160 829 987 888 
2161 1148 2243 1153 
2162 1091 2169 1088 
2163 916 948 917 
2164 1951 3106 1828 
2165 1820 3107 1952 
2166 845 921 843 
2167 838 916 839 
2168 2312 3032 1519 
2169 1457 1541 1520 
2170 273 676 272 
2171 786 787 764 
2172 679 2578 660 
2173 118 646 117 
2174 814 838 818 
2175 753 754 738 
2176 1649 2812 2031 
2177 1915 3141 1951 
2178 1333 2492 2401 
2179 1907 1909 1906 
2180 2401 2492 2315 
2181 672 2174 334 
2182 1387 1435 1434 
2183 1451 1457 1452 
2184 1018 2089 740 
2185 2128 2712 1255 
2186 1283 2656 1887 
2187 2121 2122 1971 
2188 984 1053 1052 
2189 1993 3038 998 
2190 125 617 124 
2191 1572 1573 1248 
2192 1898 3026 1188 
2193 2359 2441 1392 
2194 863 865 864 
2195 1776 2708 2049 
2196 829 2094 987 
2197 1620 2664 1883 
2198 245 2017 1071 
2199 1070 2018 206 
2200 939 2539 971 
2201 775 776 774 
2202 673 2179 661 
2203 2039 2040 1508 
2204 737 738 711 
2205 1214 2185 119 
2206 144 2391 143 
2207 1051 1102 1101 
2208 1437 2863 2498 
2209 179 677 178 
2210 811 2092 840 
2211 1555 2797 1607 
2212 220 1991 219 
2213 2355 2359 2357 
2214 1400 1402 1401 
2215 2120 2967 677 
2216 1911 2554 1817 
2217 1825 2553 1912 
2218 800 815 814 
2219 1930 3166 3049 
2220 1414 1415 1413 
2221 1525 1527 1324 
2222 297 2029 1082 
2223 1052 1154 983 
2224 728 2326 706 
2225 902 2829 1951 
2226 763 2208 1877 
2227 1913 2557 1805 
2228 1006 1008 1007 
2229 780 829 782 
2230 2709 3132 1186 
2231 1374 2409 2408 
2232 815 2245 2131 
2233 1355 1939 1113 
2234 78 2022 849 
2235 2008 2127 2007 
2236 1443 2610 1444 
2237 1372 1566 1441 
2238 2138 2139 1003 
2239 2043 2858 908 
2240 1950 2881 1736 
2241 779 780 778 
2242 997 3008 1984 
2243 1008 1158 1157 
2244 1270 2861 2105 
2245 2097 2098 1024 
2246 865 867 866 
2247 2120 3117 2967 
2248 1061 1113 1059 
2249 776 778 777 
2250 756 2380 730 
2251 1001 2946 1987 
2252 1287 1322 1251 
2253 754 774 773 
2254 1277 1278 1156 
2255 165 3086 3040 
2256 1666 2987 2297 
2257 813 2092 811 
2258 723 724 714 
2259 722 1018 740 
2260 176 2190 175 
2261 1536 2960 2472 
2262 793 794 791 
2263 2707 2775 1075 
2264 1496 2335 1714 
2265 1701 1702 1527 
2266 126 2207 125 
2267 132 2030 131 
2268 1046 1047 1044 
2269 2512 2679 1873 
2270 2122 2123 1971 
2271 2528 2565 2101 
2272 1137 1138 940 
2273 621 2468 2309 
2274 1561 2381 1560 
2275 857 1006 961 
2276 860 861 824 
2277 808 2097 1024 
2278 1275 1367 1276 
2279 1002 2129 274 
2280 909 2808 2127 
2281 971 1029 972 
2282 713 714 701 
2283 1907 1910 1909 
2284 666 2261 2244 
2285 106 3002 105 
2286 1411 1414 1413 
2287 1323 1324 1178 
2288 2355 2357 2356 
2289 939 971 941 
2290 1478 1479 1477 
2291 1885 3158 1565 
2292 1584 2009 1337 
2293 861 863 862 
2294 1968 1971 1970 
2295 988 2761 1072 
2296 1466 2828 2533 
2297 1172 2336 2335 
2298 1155 1156 1154 
2299 2030 2590 131 
2300 888 3096 2037 
2301 823 824 810 
2302 1749 3003 2381 
2303 868 869 867 
2304 1969 3144 597 
2305 284 1984 283 
2306 1153 2243 1241 
2307 177 2138 1003 
2308 232 1994 231 
2309 2067 2399 2364 
2310 620 2192 632 
2311 2252 2253 1465 
2312 1327 2410 1841 
2313 1892 2819 1890 
2314 2027 2786 933 
2315 978 980 976 
2316 2076 3195 2040 
2317 2190 2198 175 
2318 615 2237 620 
2319 1241 2243 1559 
2320 1465 2145 327 
2321 1532 1761 1672 
2322 809 810 808 
2323 1102 1163 1162 
2324 2508 2871 1743 
2325 996 2242 336 
2326 1256 2460 2342 
2327 2272 2839 1521 
2328 1410 1411 1408 
2329 889 952 950 
2330 2174 2176 2175 
2331 1611 2323 2322 
2332 2323 3102 1658 
2333 2348 2517 2285 
2334 1735 2008 1386 
2335 729 731 730 
2336 797 800 799 
2337 666 2244 684 
2338 1080 1081 980 
2339 629 2365 631 
2340 1647 2581 1764 
2341 328 2252 1465 
2342 1564 1674 1673 
2343 1893 1894 1892 
2344 1196 1320 1197 
2345 1308 1460 1212 
2346 923 3076 2073 
2347 706 2326 707 
2348 1812 3175 1075 
2349 1206 2312 1785 
2350 750 786 764 
2351 2020 3022 2021 
2352 1067 1482 1236 
2353 2165 2768 2166 
2354 2177 2685 1742 
2355 843 844 826 
2356 1006 1972 1663 
2357 1320 1351 1321 
2358 1931 2949 2155 
2359 1030 2286 1065 
2360 338 1782 337 
2361 2084 2282 786 
2362 2314 2908 1282 
2363 1168 1178 1115 
2364 817 845 843 
2365 1271 1405 1202 
2366 1082 2167 1863 
2367 787 788 764 
2368 2507 3024 691 
2369 1273 2188 1271 
2370 2097 2101 2098 
2371 633 2468 621 
2372 1791 3042 1647 
2373 182 1981 181 
2374 1119 1275 1135 
2375 147 2715 146 
2376 199 2716 198 
2377 251 2717 250 
2378 303 2714 302 
2379 305 2714 304 
2380 97 2713 96 
2381 355 2713 354 
2382 253 2717 252 
2383 149 2715 148 
2384 201 2716 200 
2385 682 3079 2994 
2386 923 2072 731 
2387 1840 2146 1070 
2388 722 740 739 
2389 710 711 705 
2390 869 871 870 
2391 1585 2649 2591 
2392 2769 2802 1887 
2393 1909 2642 1906 
2394 754 2230 775 
2395 2016 3007 2014 
2396 2398 2795 608 
2397 2176 2910 1309 
2398 346 2630 345 
2399 163 2506 162 
2400 333 2175 332 
2401 814 818 799 
2402 1869 3146 2115 
2403 742 770 752 
2404 2358 2362 2361 
2405 1001 2253 2252 
2406 861 862 824 
2407 2192 2237 2193 
2408 222 2183 221 
2409 2286 3182 1065 
2410 1865 1866 1083 
2411 871 874 873 
2412 1095 2317 1196 
2413 796 1886 794 
2414 1030 1065 1064 
2415 874 876 875 
2416 773 2259 2164 
2417 1219 2390 2204 
2418 876 913 912 
2419 1193 2261 658 
2420 711 2164 973 
2421 787 813 811 
2422 1095 1196 1096 
2423 118 2185 646 
2424 2116 2118 1767 
2425 1224 1225 1081 
2426 2335 2336 1714 
2427 2525 3080 1349 
2428 1490 1491 1429 
2429 2551 2799 1094 
2430 1564 1673 1273 
2431 181 1023 180 
2432 810 2097 808 
2433 1410 2199 1411 
2434 754 773 738 
2435 2174 2175 333 
2436 2143 2563 2142 
2437 123 2178 1438 
2438 672 2254 2174 
2439 2799 2824 2188 
2440 1090 1091 1088 
2441 986 2699 921 
2442 1244 2347 2346 
2443 784 791 790 
2444 2238 2799 1673 
2445 2543 2566 766 
2446 1291 1410 1408 
2447 1271 2188 1405 
2448 754 775 774 
2449 780 2094 829 
2450 874 2573 876 
2451 817 826 816 
2452 1414 2199 1603 
2453 2387 2806 1670 
2454 769 816 768 
2455 1614 2121 1968 
2456 1999 3004 749 
2457 752 768 751 
2458 790 3143 2917 
2459 1004 1095 1025 
2460 770 2085 752 
2461 1968 2121 1971 
2462 742 751 741 
2463 639 2449 636 
2464 2129 2173 2130 
2465 707 2325 716 
2466 2073 2082 2072 
2467 99 2388 1676 
2468 1263 2388 100 
2469 1371 1386 1369 
2470 1413 2260 1661 
2471 2035 2960 314 
2472 2404 2852 1977 
2473 1897 3156 2520 
2474 1795 3189 3170 
2475 1494 2335 1496 
2476 2363 3090 2067 
2477 2313 2314 2311 
2478 707 2326 2325 
2479 2205 2206 2159 
2480 2179 2946 661 
2481 1339 1442 1322 
2482 638 639 636 
2483 281 2915 2005 
2484 660 2578 2367 
2485 1054 1271 1202 
2486 1876 2606 1875 
2487 1367 1593 1592 
2488 914 1137 940 
2489 1770 2517 2348 
2490 1241 1559 1427 
2491 1674 2238 1673 
2492 2302 2303 1203 
2493 2525 2983 2333 
2494 795 797 796 
2495 1392 2766 2359 
2496 352 2295 351 
2497 843 2699 844 
2498 780 782 778 
2499 1669 2545 1361 
2500 840 841 812 
2501 776 779 778 
2502 1905 1906 1674 
2503 824 2180 810 
2504 952 2037 989 
2505 740 741 739 
2506 274 2129 273 
2507 1845 2378 1848 
2508 2364 2399 2365 
2509 327 2145 326 
2510 811 812 788 
2511 1351 1529 1352 
2512 1832 1833 1388 
2513 1555 1607 1557 
2514 632 638 636 
2515 624 635 622 
2516 951 2608 2124 
2517 2310 2313 2311 
2518 1832 1896 1833 
2519 781 2094 780 
2520 793 795 794 
2521 776 777 774 
2522 807 808 805 
2523 1054 1202 1009 
2524 1039 2449 639 
2525 1995 2381 670 
2526 1490 2000 1999 
2527 1448 1450 1446 
2528 1369 2006 1368 
2529 1850 3170 1794 
2530 631 2365 650 
2531 178 2138 177 
2532 1265 2258 1267 
2533 1435 1690 1689 
2534 731 732 730 
2535 1151 1248 1247 
2536 1593 3128 2780 
2537 808 1024 805 
2538 1414 1603 1443 
2539 711 973 705 
2540 1698 2992 2407 
2541 1072 1119 1073 
2542 863 864 862 
2543 1052 2321 1155 
2544 1711 3031 2284 
2545 692 701 673 
2546 865 868 867 
2547 124 2178 123 
2548 599 2226 223 
2549 1677 2391 144 
2550 143 2391 1259 
2551 733 748 732 
2552 838 2640 916 
2553 713 723 714 
2554 1930 3049 1929 
2555 1550 1551 1491 
2556 58 2050 482 
2557 2358 2361 2360 
2558 729 923 731 
2559 1588 2669 2371 
2560 2108 2110 2109 
2561 2055 2069 40 
2562 1411 2199 1414 
2563 872 2150 871 
2564 2398 3187 2281 
2565 750 763 748 
2566 271 2859 2689 
2567 1410 2200 2199 
2568 959 2495 918 
2569 2310 2311 1111 
2570 658 2261 666 
2571 710 737 711 
2572 799 2160 796 
2573 1625 3067 2197 
2574 714 1505 701 
2575 1098 1108 1106 
2576 1482 1748 1483 
2577 1189 1211 1005 
2578 692 713 701 
2579 1988 2871 1103 
2580 2341 2342 1705 
2581 869 872 871 
2582 1979 2348 2318 
2583 1166 1338 1337 
2584 2689 2956 271 
2585 638 658 639 
2586 1107 1397 1105 
2587 1498 1893 1892 
2588 275 1002 274 
2589 2355 2356 2353 
2590 2381 3003 670 
2591 1528 1852 1851 
2592 1288 1289 1126 
2593 21 2064 2053 
2594 180 2120 179 
2595 177 1003 176 
2596 833 2318 2285 
2597 1036 2334 1494 
2598 1840 2588 2146 
2599 1009 2262 1172 
2600 2166 2768 2305 
2601 1849 3155 1842 
2602 737 753 738 
2603 1002 2679 2512 
2604 81 2038 551 
2605 152 2327 151 
2606 1190 2668 2275 
2607 865 866 864 
2608 1291 2201 1410 
2609 655 2302 1203 
2610 2313 2911 1728 
2611 2100 2105 2104 
2612 366 2042 367 
2613 869 2225 872 
2614 2182 2647 1628 
2615 1470 1508 1471 
2616 753 2230 754 
2617 1288 1388 1289 
2618 735 2382 762 
2619 1100 1997 1047 
2620 1146 1151 1150 
2621 1547 2232 1955 
2622 598 2313 2310 
2623 919 2285 1000 
2624 1016 2345 1288 
2625 715 2344 703 
2626 2336 2337 1714 
2627 2257 2258 1265 
2628 869 870 867 
2629 1974 2241 1543 
2630 1803 3140 1810 
2631 1601 1760 1460 
2632 1411 1413 1412 
2633 1436 2746 2710 
2634 1027 2365 629 
2635 2360 2361 1027 
2636 1906 2238 1674 
2637 1111 2312 1206 
2638 858 2354 2353 
2639 900 2206 2205 
2640 2038 2579 856 
2641 1400 1401 1398 
2642 1023 3117 2120 
2643 2384 2867 1100 
2644 930 2273 970 
2645 1368 2006 1938 
2646 627 2360 1027 
2647 2174 2254 2176 
2648 1834 1965 1884 
2649 784 792 791 
2650 226 2310 1111 
2651 692 2315 713 
2652 1444 1445 1415 
2653 2353 2356 619 
2654 1209 2345 1014 
2655 1288 2345 1487 
2656 1049 2377 1077 
2657 1272 1273 1271 
2658 271 2956 270 
2659 223 2226 222 
2660 1014 1016 1015 
2661 2409 3142 1617 
2662 1065 1170 1169 
2663 1908 2981 2677 
2664 324 1980 323 
2665 2044 2904 1378 
2666 1016 1288 1126 
2667 328 1465 327 
2668 726 2320 1504 
2669 1000 1054 1009 
2670 1391 1583 1255 
2671 1563 1564 1273 
2672 2367 2578 2103 
2673 2325 2447 716 
2674 1075 3175 140 
2675 1905 1907 1906 
2676 2149 3112 1852 
2677 2591 2649 110 
2678 1480 1481 1479 
2679 831 855 634 
2680 1000 1009 981 
2681 1918 1919 1484 
2682 2334 2335 1494 
2683 1067 2539 1482 
2684 1139 1140 1138 
2685 1161 2319 695 
2686 632 2192 638 
2687 2580 2768 2165 
2688 541 2022 78 
2689 1762 2940 1944 
2690 807 809 808 
2691 1936 2782 2053 
2692 725 2318 833 
2693 1386 2008 2007 
2694 1212 2147 1005 
2695 1864 3173 1870 
2696 919 1000 981 
2697 2167 2599 1863 
2698 1046 1050 1047 
2699 930 2382 2273 
2700 1291 1408 1407 
2701 2586 2830 1984 
2702 792 793 791 
2703 1982 2964 1667 
2704 669 2830 2001 
2705 1492 2382 735 
2706 2361 2364 1027 
2707 1815 3149 1822 
2708 1830 3150 1823 
2709 2290 2919 2289 
2710 2546 2550 1559 
2711 1786 3015 2523 
2712 1130 1131 994 
2713 701 2179 673 
2714 923 2073 2072 
2715 1216 1255 1118 
2716 1811 3175 3168 
2717 1680 2566 2543 
2718 1779 2442 1529 
2719 931 2433 761 
2720 1467 1468 1218 
2721 1012 1209 1014 
2722 1289 1291 1290 
2723 1468 2301 2276 
2724 829 830 782 
2725 714 2445 1505 
2726 120 2339 1214 
2727 329 2252 328 
2728 2308 2913 859 
2729 1447 1453 1449 
2730 2303 2305 2304 
2731 2189 2575 1304 
2732 1504 2344 715 
2733 330 2330 1988 
2734 2364 2365 1027 
2735 1710 3181 1871 
2736 1387 1434 1249 
2737 277 2811 276 
2738 1329 2410 1327 
2739 809 823 810 
2740 2075 2866 915 
2741 2232 2388 1263 
2742 1580 2984 2504 
2743 1537 2810 2786 
2744 1628 2672 2182 
2745 1295 2526 1778 
2746 2620 2912 2258 
2747 2365 2399 650 
2748 794 2134 791 
2749 2356 2357 642 
2750 872 2151 2150 
2751 952 963 950 
2752 1400 2227 1403 
2753 1468 1470 1469 
2754 1784 2331 1787 
2755 427 2055 40 
2756 2354 2355 2353 
2757 716 2447 736 
2758 1148 2787 2243 
2759 2166 2463 973 
2760 860 935 861 
2761 628 2366 1210 
2762 1003 2190 176 
2763 845 922 921 
2764 1016 1126 1125 
2765 723 746 724 
2766 2181 3056 1149 
2767 888 889 830 
2768 688 2463 2302 
2769 1617 3142 1129 
2770 2105 2106 2104 
2771 823 860 824 
2772 652 1001 603 
2773 866 2257 1265 
2774 838 839 818 
2775 1468 2276 1470 
2776 611 894 615 
2777 1466 2533 1124 
2778 1259 2391 2241 
2779 2669 2722 821 
2780 1012 1014 1013 
2781 746 747 724 
2782 613 789 609 
2783 988 990 963 
2784 2583 2970 2869 
2785 1507 2076 2075 
2786 2362 2363 2361 
2787 779 781 780 
2788 2677 2981 765 
2789 2311 2312 1111 
2790 483 2585 484 
2791 334 2174 333 
2792 1319 2457 1239 
2793 1001 2252 603 
2794 868 2225 869 
2795 704 705 688 
2796 688 2302 664 
2797 1002 2512 2173 
2798 2099 2420 1024 
2799 1784 1787 1783 
2800 2303 2304 1203 
2801 1405 1406 1202 
2802 858 2353 614 
2803 598 2310 227 
2804 916 917 839 
2805 2318 2348 2285 
2806 2139 2140 1003 
2807 703 2344 700 
2808 2164 2165 973 
2809 833 2285 919 
2810 332 600 331 
2811 280 596 279 
2812 172 597 171 
2813 224 599 223 
2814 228 598 227 
2815 693 2315 692 
2816 727 729 728 
2817 2647 2792 1628 
2818 693 2319 2315 
2819 1482 2539 1961 
2820 1086 2838 2607 
2821 790 2917 1116 
2822 2103 2420 2099 
2823 724 2445 714 
2824 1363 2559 286 
2825 123 1438 122 
2826 370 2064 21 
2827 1206 1784 1783 
2828 2231 2534 2337 
2829 3168 3175 1812 
2830 625 2360 627 
2831 1589 2516 1590 
2832 1904 1905 1674 
2833 1014 2345 1016 
2834 1614 1968 1967 
2835 1283 1548 1315 
2836 861 2840 863 
2837 1901 3179 1362 
2838 720 2328 721 
2839 1470 1471 1469 
2840 2041 3060 749 
2841 1485 2066 1509 
2842 1391 1741 1583 
2843 600 2330 331 
2844 655 1203 643 
2845 919 981 955 
2846 2585 2961 484 
2847 1979 2318 602 
2848 1919 3196 1484 
2849 922 957 956 
2850 1217 1218 1160 
2851 2176 2177 2175 
2852 1149 2971 2181 
2853 761 2433 734 
2854 2117 3063 2116 
2855 1267 1538 1269 
2856 680 688 664 
2857 351 2295 1547 
2858 1077 2377 1181 
2859 669 2915 282 
2860 2357 2358 642 
2861 120 1214 119 
2862 1216 1391 1255 
2863 1895 2954 2699 
2864 744 2320 726 
2865 1468 1469 1218 
2866 1372 1441 1192 
2867 2066 2068 1509 
2868 2086 3097 1639 
2869 1485 1509 1303 
2870 1841 2688 1325 
2871 2370 2371 821 
2872 2368 2433 931 
2873 1493 1885 1802 
2874 650 2399 1099 
2875 1785 1786 1784 
2876 1099 1485 1303 
2877 833 919 847 
2878 975 2532 977 
2879 2103 2578 2420 
2880 1411 1412 1408 
2881 2386 2432 2385 
2882 721 2328 1492 
2883 1456 1478 1477 
2884 1111 1206 6 
2885 763 1877 1063 
2886 2304 2443 1203 
2887 1487 1832 1388 
2888 680 704 688 
2889 1090 1092 1091 
2890 1467 2301 1468 
2891 1860 2432 2386 
2892 762 2382 930 
2893 1041 1042 815 
2894 722 2244 1018 
2895 1620 1622 1621 
2896 729 730 728 
2897 1703 1704 1702 
2898 664 2302 655 
2899 1684 2966 2681 
2900 1103 2375 653 
2901 1078 1283 1274 
2902 807 2370 821 
2903 1453 1594 1454 
2904 1786 2331 1784 
2905 1092 1097 1093 
2906 1206 1785 1784 
2907 783 2445 724 
2908 1968 1970 1969 
2909 1564 1904 1674 
2910 169 2972 689 
2911 1435 1689 1434 
2912 973 2463 705 
2913 610 858 614 
2914 478 2144 57 
2915 2283 3068 2674 
2916 3170 3189 1794 
2917 704 710 705 
2918 602 2318 725 
2919 747 783 724 
2920 1206 1783 6 
2921 2197 3067 851 
2922 1587 2422 2421 
2923 1971 2561 1970 
2924 967 968 966 
2925 2535 2794 1721 
2926 955 2334 1036 
2927 1469 2435 1218 
2928 739 2328 720 
2929 614 2353 619 
2930 1543 2327 152 
2931 924 1026 827 
2932 719 2379 1028 
2933 970 2273 1012 
2934 336 2242 335 
2935 628 1210 626 
2936 2187 2793 342 
2937 616 859 612 
2938 1979 3135 2348 
2939 623 2356 642 
2940 1623 2227 2058 
2941 1217 1467 1218 
2942 630 2366 628 
2943 1634 2036 1381 
2944 2 1979 602 
2945 2168 2169 1091 
2946 680 2372 704 
2947 638 1193 658 
2948 991 2373 924 
2949 681 2376 2372 
2950 1289 1290 1126 
2951 1539 2369 2368 
2952 725 833 832 
2953 2493 2898 2178 
2954 226 1111 6 
2955 2659 3023 185 
2956 1645 1646 1442 
2957 1022 1160 1159 
2958 1099 1303 1199 
2959 535 2195 76 
2960 694 2374 1032 
2961 1114 1246 1245 
2962 1496 1714 1713 
2963 954 2368 931 
2964 1181 1493 1185 
2965 1017 2416 1013 
2966 1617 2663 2233 
2967 1117 1118 968 
2968 1157 2513 1314 
2969 1254 2079 1588 
2970 1181 2377 1493 
2971 2025 2926 2733 
2972 684 2244 722 
2973 924 2373 1026 
2974 1310 1614 1612 
2975 970 1012 1011 
2976 640 2468 633 
2977 702 727 706 
2978 1539 2368 1233 
2979 302 2393 301 
2980 98 2396 97 
2981 146 2395 145 
2982 198 2392 197 
2983 250 2394 249 
2984 725 832 831 
2985 601 2339 121 
2986 804 805 803 
2987 1014 1015 1013 
2988 619 2356 623 
2989 727 728 706 
2990 1141 1142 1140 
2991 2307 2443 2304 
2992 1159 2421 964 
2993 1237 2397 1539 
2994 674 3013 2038 
2995 121 2339 120 
2996 1306 2387 1305 
2997 1233 2368 954 
2998 833 847 832 
2999 1587 2421 1159 
3000 627 1027 629 
3001 603 2252 329 
3002 1246 1369 1368 
3003 1237 1539 1233 
3004 649 2385 654 
3005 698 1161 695 
3006 227 2310 226 
3007 2514 2865 1552 
3008 717 2379 719 
3009 758 827 744 
3010 2410 2941 1841 
3011 2092 2729 982 
3012 1506 2435 1469 
3013 2305 2306 2304 
3014 695 2319 693 
3015 197 2392 1679 
3016 301 2393 1678 
3017 145 2395 1677 
3018 249 2394 1675 
3019 1676 2396 98 
3020 820 1022 964 
3021 1331 1540 1329 
3022 725 831 634 
3023 1022 1159 964 
3024 2222 2889 1176 
3025 1787 1943 1783 
3026 2285 2517 1000 
3027 1305 2387 1570 
3028 939 941 913 
3029 650 1099 651 
3030 1054 1272 1271 
3031 1485 2067 2066 
3032 637 1488 641 
3033 2359 2766 2357 
3034 658 659 639 
3035 694 1032 696 
3036 953 2403 947 
3037 719 803 679 
3038 1099 1199 651 
3039 604 1103 653 
3040 2385 2432 654 
3041 2377 2576 1493 
3042 784 790 783 
3043 1494 1496 1495 
3044 942 966 836 
3045 1488 2428 641 
3046 641 643 640 
3047 953 2404 2403 
3048 662 2375 2374 
3049 1540 2410 1329 
3050 1012 1013 1011 
3051 1303 1304 1199 
3052 1036 1494 1360 
3053 719 804 803 
3054 726 1504 715 
3055 1028 2370 804 
3056 330 1988 10 
3057 2300 2855 2510 
3058 1540 2411 2410 
3059 331 2330 330 
3060 681 2372 680 
3061 1510 1976 1511 
3062 828 924 827 
3063 1510 1511 1306 
3064 1671 1697 974 
3065 804 2370 807 
3066 949 1189 1005 
3067 1061 1114 1113 
3068 654 678 660 
3069 1671 1698 1697 
3070 2307 2468 2443 
3071 2319 2401 2315 
3072 1022 2427 1217 
3073 637 640 633 
3074 786 2282 787 
3075 1022 1217 1160 
3076 827 2320 744 
3077 832 915 831 
3078 1465 2909 2145 
3079 1129 2376 1034 
3080 2427 2447 1636 
3081 1239 2457 1280 
3082 654 660 648 
3083 1110 1510 1306 
3084 1489 1565 1037 
3085 736 2447 759 
3086 675 2374 694 
3087 653 2375 662 
3088 1016 1125 1015 
3089 1009 1172 981 
3090 1034 2376 681 
3091 736 759 757 
3092 1223 2386 2385 
3093 1130 1282 1131 
3094 2873 3151 1992 
3095 919 955 847 
3096 678 717 679 
3097 1494 1495 1360 
3098 1506 2499 2435 
3099 1345 2389 2182 
3100 925 991 924 
3101 721 1492 735 
3102 1254 1588 1366 
3103 2127 3081 2868 
3104 1594 2680 1454 
3105 649 654 648 
3106 804 807 805 
3107 1670 1671 974 
3108 2834 2891 1424 
3109 684 722 720 
3110 974 2379 717 
3111 1656 2163 1940 
3112 1345 1656 1486 
3113 1110 1306 1305 
3114 2425 2431 1038 
3115 759 819 757 
3116 286 2559 285 
3117 1910 2677 2071 
3118 662 2374 675 
3119 602 725 634 
3120 2434 2446 758 
3121 947 1110 1109 
3122 1160 1250 1159 
3123 1515 2431 2425 
3124 1345 2182 1656 
3125 631 648 630 
3126 643 2443 640 
3127 718 974 717 
3128 608 609 607 
3129 605 611 606 
3130 1708 2836 1376 
3131 658 666 659 
3132 651 2385 649 
3133 1223 2385 651 
3134 1006 1007 961 
3135 675 694 693 
3136 758 828 827 
3137 1026 2320 827 
3138 1272 1563 1273 
3139 1496 1713 1497 
3140 2421 2422 1285 
3141 678 679 660 
3142 1127 1345 1344 
3143 759 820 819 
3144 1127 2389 1345 
3145 965 1285 1284 
3146 1128 1129 1034 
3147 610 613 609 
3148 611 615 612 
3149 1012 2273 1209 
3150 656 2426 665 
3151 945 947 944 
3152 119 2185 118 
3153 1285 1374 1284 
3154 743 2779 2021 
3155 2496 3090 2363 
3156 1199 1223 651 
3157 1288 1487 1388 
3158 608 610 609 
3159 645 655 643 
3160 611 612 606 
3161 1345 1486 1344 
3162 938 2436 946 
3163 764 2208 763 
3164 1128 1617 1129 
3165 947 1109 944 
3166 694 695 693 
3167 8 608 607 
3168 10 604 603 
3169 605 606 4 
3170 2 602 601 
3171 1110 1305 1109 
3172 1718 2466 1385 
3173 1697 2379 974 
3174 747 2566 2548 
3175 1656 1940 1486 
3176 678 718 717 
3177 694 696 695 
3178 938 944 937 
3179 2 601 121 
3180 10 603 329 
3181 8 607 277 
3182 174 605 4 
3183 1066 1254 1198 
3184 1109 2415 944 
3185 1199 2400 1223 
3186 604 652 603 
3187 637 641 640 
3188 928 937 927 
3189 602 634 601 
3190 610 614 613 
3191 2300 2990 1668 
3192 615 616 612 
3193 945 953 947 
3194 1512 2415 1109 
3195 1286 2408 2233 
3196 947 2403 1110 
3197 914 2573 1137 
3198 1033 2389 1127 
3199 719 1028 804 
3200 1570 1737 1512 
3201 2098 2100 2099 
3202 722 739 720 
3203 1217 2427 1636 
3204 631 649 648 
3205 717 719 679 
3206 1127 1128 1034 
3207 1305 1570 1512 
3208 938 945 944 
3209 1033 1127 1034 
3210 928 938 937 
3211 614 618 613 
3212 615 620 616 
3213 1110 2403 1510 
3214 1127 1344 1128 
3215 1636 2447 2325 
3216 991 2351 2350 
3217 937 1085 927 
3218 604 653 652 
3219 926 928 927 
3220 668 2426 656 
3221 820 964 854 
3222 718 1670 974 
3223 1510 1977 1976 
3224 665 2426 1033 
3225 937 2415 1085 
3226 964 2421 965 
3227 656 664 655 
3228 1033 1034 681 
3229 696 699 698 
3230 995 2455 1173 
3231 653 661 652 
3232 944 2415 937 
3233 675 692 673 
3234 662 673 661 
3235 1486 1657 1344 
3236 675 693 692 
3237 653 662 661 
3238 662 675 673 
3239 757 758 744 
3240 1327 1841 1325 
3241 1814 3168 3133 
3242 1218 2435 1160 
3243 351 1547 350 
3244 1675 2412 248 
3245 143 1259 142 
3246 249 1675 248 
3247 299 2414 1261 
3248 195 2413 1262 
3249 301 1678 300 
3250 145 1677 144 
3251 247 2412 1260 
3252 1678 2414 300 
3253 1679 2413 196 
3254 247 1260 246 
3255 197 1679 196 
3256 248 2412 247 
3257 300 2414 299 
3258 299 1261 298 
3259 195 1262 194 
3260 196 2413 195 
3261 309 1546 308 
3262 99 1676 98 
3263 205 1545 204 
3264 354 2396 353 
3265 150 2395 149 
3266 254 2394 253 
3267 202 2392 201 
3268 101 1263 100 
3269 153 1543 152 
3270 257 1544 256 
3271 306 2393 305 
3272 1178 3189 1201 
3273 629 631 630 
3274 696 698 695 
3275 636 637 633 
3276 629 630 628 
3277 665 680 664 
3278 1286 2233 1513 
3279 736 757 744 
3280 699 702 700 
3281 716 736 726 
3282 707 715 703 
3283 736 744 726 
3284 623 642 625 
3285 716 726 715 
3286 699 700 698 
3287 707 716 715 
3288 702 703 700 
3289 632 636 633 
3290 706 707 703 
3291 1004 1025 948 
3292 965 1284 1136 
3293 627 629 628 
3294 702 706 703 
3295 964 965 854 
3296 614 619 618 
3297 632 633 621 
3298 620 621 616 
3299 987 2973 888 
3300 1374 2408 1284 
3301 625 627 626 
3302 627 628 626 
3303 820 2427 1022 
3304 1510 2403 1977 
3305 623 625 624 
3306 1015 1017 1013 
3307 625 626 624 
3308 1509 3160 2189 
3309 650 651 649 
3310 619 623 622 
3311 619 622 618 
3312 620 632 621 
3313 623 624 622 
3314 1250 2383 1587 
3315 1513 1643 1346 
3316 1717 1718 1385 
3317 1284 1286 1136 
3318 1036 1359 1035 
3319 1643 1644 1346 
3320 1486 2417 1657 
3321 758 2446 828 
3322 820 854 819 
3323 965 1136 854 
3324 1284 2408 1286 
3325 926 927 925 
3326 1286 1513 1346 
3327 2403 2404 1977 
3328 938 946 945 
3329 1013 2416 1011 
3330 1305 1512 1109 
3331 674 3000 2026 
3332 1160 2435 1250 
3333 1644 2419 1346 
3334 1215 1216 1118 
3335 946 2436 2424 
3336 2080 2197 851 
3337 1286 1346 1136 
3338 1940 2417 1486 
3339 1136 2419 854 
3340 854 2419 819 
3341 1033 2426 2389 
3342 965 2421 1285 
3343 1036 1360 1359 
3344 1304 2400 1199 
3345 1040 1233 954 
3346 1346 2419 1136 
3347 1578 2397 1237 
3348 2023 2969 986 
3349 1513 2424 1643 
3350 955 1036 1035 
3351 1066 1198 1010 
3352 2309 2468 2307 
3353 942 967 966 
3354 57 2144 683 
3355 678 2432 718 
3356 1207 2495 959 
3357 993 2405 1253 
3358 665 1033 681 
3359 774 2202 773 
3360 631 650 649 
3361 2002 2096 2004 
3362 759 2427 820 
3363 1637 2301 1467 
3364 1496 1497 1495 
3365 2369 2433 2368 
3366 1872 2516 1589 
3367 2405 2406 1253 
3368 1202 2262 1009 
3369 636 2449 637 
3370 1359 1516 1035 
3371 641 645 643 
3372 936 2455 995 
3373 1011 1066 1010 
3374 1254 1366 1198 
3375 1356 1569 1165 
3376 2326 2380 1637 
3377 993 1253 1252 
3378 654 2432 678 
3379 1902 2810 2513 
3380 928 2436 938 
3381 1029 2286 1030 
3382 2372 2439 704 
3383 932 2405 993 
3384 1391 2441 1741 
3385 665 681 680 
3386 1203 2443 643 
3387 969 1038 929 
3388 757 2434 758 
3389 930 969 929 
3390 1643 2437 1644 
3391 970 1010 969 
3392 847 2438 832 
3393 95 2214 593 
3394 1250 1587 1159 
3395 718 2432 1860 
3396 718 1860 1670 
3397 967 1117 968 
3398 1471 1507 1506 
3399 1515 2425 1198 
3400 642 2360 625 
3401 1010 2425 969 
3402 1713 1715 1497 
3403 832 2438 915 
3404 1011 2416 1066 
3405 298 2029 297 
3406 762 929 834 
3407 981 2334 955 
3408 1234 1237 1233 
3409 656 665 664 
3410 762 930 929 
3411 828 925 924 
3412 2710 2746 1626 
3413 828 2446 926 
3414 2025 2733 1601 
3415 645 2428 668 
3416 1250 2499 2383 
3417 1644 2446 2434 
3418 666 684 667 
3419 855 2595 634 
3420 1644 2434 2419 
3421 1636 1637 1467 
3422 1366 1515 1198 
3423 1493 1802 1185 
3424 1664 1665 1515 
3425 929 2440 834 
3426 2419 2434 819 
3427 645 668 656 
3428 1035 2438 847 
3429 1099 2399 1485 
3430 278 2398 8 
3431 1665 2431 1515 
3432 684 720 686 
3433 666 667 659 
3434 1495 1775 1360 
3435 985 1517 1292 
3436 645 656 655 
3437 2424 2436 1643 
3438 926 2437 928 
3439 246 2017 245 
3440 206 2018 205 
3441 2363 2364 2361 
3442 1959 2751 188 
3443 2315 2492 713 
3444 732 756 730 
3445 1366 1664 1515 
3446 805 2420 803 
3447 2100 2104 2102 
3448 819 2434 757 
3449 2406 2407 1253 
3450 2358 2360 642 
3451 930 970 969 
3452 1198 2425 1010 
3453 969 2425 1038 
3454 971 972 941 
3455 1291 1407 1290 
3456 807 821 809 
3457 871 873 870 
3458 721 734 686 
3459 1637 2380 2301 
3460 828 926 925 
3461 1686 1831 1781 
3462 2192 2193 1193 
3463 970 1011 1010 
3464 1040 1234 1233 
3465 735 761 734 
3466 1516 2438 1035 
3467 762 834 761 
3468 2436 2437 1643 
3469 1281 1578 1237 
3470 729 2537 923 
3471 684 686 667 
3472 1422 1605 1425 
3473 928 2437 2436 
3474 993 1252 1040 
3475 720 721 686 
3476 1664 2093 1665 
3477 1432 1627 1514 
3478 1209 2770 2345 
3479 1029 1030 972 
3480 641 2428 645 
3481 735 762 761 
3482 1038 2440 929 
3483 721 735 734 
3484 834 931 761 
3485 2852 3029 1977 
3486 2369 2467 2433 
3487 1413 1661 1412 
3488 2325 2326 1637 
3489 1658 3117 2323 
3490 1393 1475 1207 
3491 1170 1317 1316 
3492 1928 3087 1926 
3493 747 784 783 
3494 1234 1354 1281 
3495 932 993 954 
3496 992 2763 2023 
3497 759 2447 2427 
3498 993 1040 954 
3499 1696 1920 1518 
3500 955 1035 847 
3501 2735 2790 1695 
3502 1715 1732 1497 
3503 932 2440 2405 
3504 803 2578 679 
3505 1471 1506 1469 
3506 1314 1537 1439 
3507 1217 1636 1467 
3508 270 3048 269 
3509 1281 1628 1578 
3510 2437 2446 1644 
3511 834 2440 932 
3512 1751 2499 1506 
3513 1234 1281 1237 
3514 1487 1834 1832 
3515 2786 2810 1681 
3516 1179 2996 2096 
3517 288 2984 2294 
3518 1173 1433 1432 
3519 834 932 931 
3520 792 1037 793 
3521 1591 2512 1873 
3522 790 1116 783 
3523 2405 2464 2406 
3524 79 2059 545 
3525 1887 2497 1548 
3526 932 954 931 
3527 1538 1774 1269 
3528 760 766 746 
3529 2098 2099 1024 
3530 1417 1859 1790 
3531 704 2439 710 
3532 2306 2308 2307 
3533 1745 3044 1966 
3534 926 2446 2437 
3535 637 2449 1488 
3536 2283 2674 813 
3537 1495 2448 1775 
3538 1252 2444 1040 
3539 1636 2325 1637 
3540 2442 3053 2049 
3541 1973 3133 1812 
3542 2019 2823 2020 
3543 1517 1518 1292 
3544 985 1292 1187 
3545 837 985 943 
3546 2358 2766 2362 
3547 659 1039 639 
3548 1497 2448 1495 
3549 1056 1057 1053 
3550 1338 1502 1501 
3551 1790 2189 1789 
3552 1485 2399 2067 
3553 1310 2569 1614 
3554 2087 2170 884 
3555 1432 1514 1258 
3556 1024 2420 805 
3557 1696 2265 2264 
3558 2043 3098 1954 
3559 1877 1878 1063 
3560 1116 2445 783 
3561 1696 2264 1920 
3562 1517 1695 1518 
3563 1417 1789 1187 
3564 1117 1215 1118 
3565 988 3185 2761 
3566 867 2257 866 
3567 1040 2444 1234 
3568 1401 2589 1398 
3569 1614 1967 1612 
3570 866 1265 960 
3571 1427 1686 1685 
3572 2246 2247 1544 
3573 2248 2249 1545 
3574 2084 2988 2828 
3575 2250 2251 1546 
3576 1234 2444 1354 
3577 1356 3014 1569 
3578 1172 2335 2334 
3579 775 2600 776 
3580 1531 1532 1481 
3581 862 2180 824 
3582 322 2968 321 
3583 1280 1581 1416 
3584 2110 2111 2109 
3585 1507 2075 1751 
3586 1732 2448 1497 
3587 1241 1427 1426 
3588 2323 3117 1023 
3589 1859 2350 1790 
3590 1068 2554 258 
3591 193 2553 1069 
3592 837 942 836 
3593 2511 2540 1039 
3594 1137 1139 1138 
3595 2464 2515 2406 
3596 1122 2465 1466 
3597 1074 2557 310 
3598 2397 2540 1539 
3599 1417 1790 1789 
3600 705 2463 688 
3601 874 875 873 
3602 2140 2191 2190 
3603 1292 1417 1187 
3604 2465 3068 2283 
3605 1695 1696 1518 
3606 1565 2538 1037 
3607 985 1187 943 
3608 1049 2676 2377 
3609 1213 2045 1440 
3610 2184 3192 1938 
3611 977 2532 1334 
3612 1077 1181 1180 
3613 1216 1392 1391 
3614 2165 2166 973 
3615 734 2467 686 
3616 1298 2526 1295 
3617 1334 1638 1418 
3618 985 2490 1517 
3619 2306 2307 2304 
3620 1173 1432 1258 
3621 1412 2536 1408 
3622 751 755 741 
3623 1920 2454 1518 
3624 767 836 766 
3625 837 943 942 
3626 2574 3148 2815 
3627 1581 1772 1641 
3628 1502 2681 1792 
3629 2273 2644 1209 
3630 844 2954 2065 
3631 2443 2468 640 
3632 876 912 875 
3633 767 837 836 
3634 836 2543 766 
3635 1015 2481 1017 
3636 1518 2454 1292 
3637 2433 2467 734 
3638 1173 2455 1433 
3639 1427 2778 1686 
3640 2191 2228 2198 
3641 2369 2511 2467 
3642 1647 3042 2581 
3643 1258 1519 1171 
3644 967 1235 1117 
3645 1172 2334 981 
3646 1153 1241 1228 
3647 2308 2309 2307 
3648 767 2490 837 
3649 1225 1287 1251 
3650 1406 2263 2262 
3651 793 2538 795 
3652 1054 2517 1272 
3653 1417 2454 1859 
3654 1692 2013 1690 
3655 2431 2464 1038 
3656 1980 2593 934 
3657 2079 3174 1433 
3658 995 1173 1171 
3659 1422 2542 1605 
3660 686 2467 667 
3661 1098 2633 1108 
3662 1292 2454 1417 
3663 1300 1558 1298 
3664 601 2595 2339 
3665 1390 1918 1484 
3666 1492 2644 2382 
3667 1622 1625 1624 
3668 1347 1463 1462 
3669 1348 1489 1037 
3670 1173 1258 1171 
3671 699 2541 702 
3672 760 767 766 
3673 2456 2722 2669 
3674 857 961 885 
3675 638 2192 1193 
3676 1133 1319 1239 
3677 1265 1267 1266 
3678 723 760 746 
3679 1895 2567 1594 
3680 1255 2712 1118 
3681 2239 2978 2943 
3682 2944 2977 2240 
3683 1613 1615 1311 
3684 1122 1466 1124 
3685 1181 1185 1182 
3686 1392 2441 1391 
3687 1124 2533 1133 
3688 1008 1157 1007 
3689 1402 1436 1401 
3690 1563 2493 1564 
3691 1775 3058 2422 
3692 1507 1751 1506 
3693 2455 2456 1433 
3694 710 2439 745 
3695 1640 2128 1489 
3696 1038 2464 2440 
3697 2719 2855 237 
3698 2339 3162 1214 
3699 760 1333 767 
3700 2106 2107 2104 
3701 2256 2752 160 
3702 936 994 935 
3703 2369 2540 2511 
3704 1540 2418 2411 
3705 114 2762 113 
3706 1120 2777 2465 
3707 20 2266 697 
3708 1605 1606 1425 
3709 2261 2822 2244 
3710 1280 2457 1581 
3711 2440 2464 2405 
3712 2066 3090 1235 
3713 2431 2515 2464 
3714 971 2539 1067 
3715 1108 1168 1115 
3716 60 2060 488 
3717 2513 2810 1537 
3718 2477 2892 1204 
3719 995 1130 994 
3720 841 857 842 
3721 1772 1773 1641 
3722 710 745 737 
3723 1333 2490 767 
3724 1295 1778 1293 
3725 1125 2481 1015 
3726 2435 2499 1250 
3727 76 2195 709 
3728 2396 2713 97 
3729 250 2717 2394 
3730 146 2715 2395 
3731 198 2716 2392 
3732 302 2714 2393 
3733 792 1348 1037 
3734 1968 1969 1967 
3735 978 1080 980 
3736 1143 1144 1142 
3737 1475 2495 1207 
3738 1761 2779 1780 
3739 1572 1574 1573 
3740 2322 2323 1023 
3741 1581 1641 1416 
3742 1230 2665 1147 
3743 1649 2545 1648 
3744 1283 1315 1274 
3745 1297 2569 1296 
3746 837 2490 985 
3747 1348 1680 1640 
3748 1505 2179 701 
3749 1641 1642 1416 
3750 697 2061 368 
3751 1461 2324 1719 
3752 448 2205 47 
3753 37 2224 419 
3754 2100 2102 2099 
3755 795 2538 798 
3756 1478 1480 1479 
3757 1120 2465 1122 
3758 1451 1452 1450 
3759 1137 2573 1523 
3760 1613 1731 1709 
3761 2047 3027 2847 
3762 667 2511 659 
3763 659 2511 1039 
3764 597 2827 2494 
3765 1278 1429 1428 
3766 1020 1242 1194 
3767 1043 1044 1042 
3768 2684 2772 1488 
3769 1415 2260 1413 
3770 763 1063 748 
3771 753 2231 2230 
3772 2394 2717 253 
3773 354 2713 2396 
3774 2395 2715 149 
3775 2392 2716 201 
3776 2393 2714 305 
3777 50 2209 458 
3778 1280 1416 1389 
3779 2140 2190 1003 
3780 2241 2327 1543 
3781 2467 2511 667 
3782 1000 2517 1054 
3783 486 2823 487 
3784 880 2820 2195 
3785 1226 1754 1384 
3786 2282 2283 813 
3787 2994 3079 1947 
3788 1348 1640 1489 
3789 1254 2623 2079 
3790 1389 1742 1279 
3791 1314 2513 1537 
3792 1574 1648 1647 
3793 1299 1310 1301 
3794 958 2656 1078 
3795 1410 2201 2200 
3796 2548 2566 1680 
3797 644 2673 425 
3798 1662 2536 1412 
3799 1533 3025 2046 
3800 1267 1269 1268 
3801 727 2541 2537 
3802 995 1171 1130 
3803 1357 1385 1183 
3804 2191 2198 2190 
3805 2417 2998 946 
3806 166 3086 165 
3807 1613 1709 1615 
3808 1463 1767 1766 
3809 1046 2450 1050 
3810 2270 2960 1536 
3811 2570 2571 1582 
3812 1622 3067 1625 
3813 2102 2103 2099 
3814 2232 3191 2388 
3815 1407 1925 1409 
3816 2455 2556 2456 
3817 859 2989 612 
3818 1724 2863 2288 
3819 2202 2259 773 
3820 1181 1182 1180 
3821 113 2762 1377 
3822 2036 2867 2384 
3823 1665 2515 2431 
3824 800 1041 815 
3825 1946 3176 2158 
3826 550 2402 674 
3827 1406 2262 1202 
3828 1272 2517 1770 
3829 723 2492 760 
3830 2634 2667 158 
3831 1132 2527 1123 
3832 1450 2686 1446 
3833 1547 2295 2232 
3834 1651 3013 2920 
3835 545 2059 881 
3836 1620 1621 1404 
3837 1867 1868 1866 
3838 1072 1073 990 
3839 866 960 864 
3840 1389 1743 1742 
3841 2243 2546 1559 
3842 1182 1183 1180 
3843 2416 2623 1066 
3844 1607 2518 1557 
3845 109 2721 2186 
3846 1768 2589 1401 
3847 2178 2898 1438 
3848 2112 2740 845 
3849 39 2690 644 
3850 1719 2281 1717 
3851 1086 2607 102 
3852 1310 1612 1311 
3853 556 2136 83 
3854 1087 1088 781 
3855 876 2573 914 
3856 2295 3191 2232 
3857 1612 1613 1311 
3858 194 2553 193 
3859 258 2554 257 
3860 1076 1221 1048 
3861 747 2548 784 
3862 760 2492 1333 
3863 1627 2523 1514 
3864 310 2557 309 
3865 1434 2621 1249 
3866 1242 1430 1307 
3867 753 2534 2231 
3868 1905 1908 1907 
3869 89 2157 575 
3870 727 2537 729 
3871 1058 1059 1057 
3872 1045 1046 1044 
3873 732 2502 756 
3874 1280 1389 1279 
3875 1589 1590 1336 
3876 1235 2496 1117 
3877 1878 1879 1063 
3878 1265 1266 960 
3879 1267 1268 1266 
3880 1301 1302 1300 
3881 1998 3130 770 
3882 1021 1464 1019 
3883 1945 1973 1867 
3884 1629 1630 1423 
3885 2389 2647 2182 
3886 1929 2949 1931 
3887 2123 2561 1971 
3888 1638 1998 1418 
3889 1182 1184 1183 
3890 517 2162 70 
3891 2815 3148 1791 
3892 1310 1311 1301 
3893 540 806 541 
3894 1184 1358 1357 
3895 1461 1717 1385 
3896 1184 1357 1183 
3897 1089 1090 1088 
3898 936 995 994 
3899 1161 2790 2319 
3900 1117 2496 1215 
3901 39 644 425 
3902 449 2158 450 
3903 1731 2519 1709 
3904 1793 2875 1584 
3905 163 3147 2506 
3906 1077 1180 1179 
3907 1393 1720 1475 
3908 1461 1719 1717 
3909 1272 1770 1563 
3910 2211 2921 1822 
3911 1609 1632 1307 
3912 28 2154 392 
3913 1894 3184 2561 
3914 1790 2575 2189 
3915 1686 1781 1685 
3916 1422 1425 1423 
3917 1407 1409 1290 
3918 1332 1336 1331 
3919 889 950 890 
3920 1613 2494 1731 
3921 1615 2491 1311 
3922 1269 1375 1268 
3923 1296 2569 1299 
3924 263 2747 1960 
3925 1539 2540 2369 
3926 788 2208 764 
3927 668 2647 2426 
3928 702 2541 727 
3929 1987 3054 1001 
3930 20 697 368 
3931 1427 1685 1426 
3932 1558 2526 1298 
3933 1214 3162 2874 
3934 1196 1197 1096 
3935 2146 2588 1827 
3936 1867 1973 1868 
3937 1301 2491 1302 
3938 1778 2596 1293 
3939 2272 2986 1730 
3940 966 2615 2543 
3941 1085 2826 2352 
3942 1408 2536 1407 
3943 1050 2657 1051 
3944 1616 1895 1594 
3945 1239 1280 1279 
3946 1189 1381 1211 
3947 1334 2532 1638 
3948 1564 2493 1904 
3949 1447 2610 1453 
3950 697 2063 2061 
3951 1128 2663 1617 
3952 102 2607 101 
3953 1320 1321 1197 
3954 1133 2533 1319 
3955 80 2033 785 
3956 2448 3058 1775 
3957 1419 1420 1335 
3958 1700 1788 1524 
3959 966 2543 836 
3960 4 2962 173 
3961 1382 1733 1174 
3962 860 936 935 
3963 1657 2663 1344 
3964 1357 1461 1385 
3965 1403 2227 1623 
3966 1642 2508 1416 
3967 1139 1141 1140 
3968 1376 3165 1782 
3969 1967 2494 1612 
3970 340 3074 2459 
3971 795 798 797 
3972 713 2492 723 
3973 1873 2229 1872 
3974 1193 2804 2261 
3975 1742 2685 1279 
3976 1686 2864 1831 
3977 1713 2845 1715 
3978 1180 2466 1179 
3979 1683 2966 1363 
3980 482 685 483 
3981 1416 2508 1389 
3982 737 2534 753 
3983 1238 1309 1132 
3984 1419 1422 1421 
3985 1065 1169 1064 
3986 1268 1270 1266 
3987 1311 2491 1301 
3988 1211 2423 1213 
3989 2624 2976 2047 
3990 1670 2806 1671 
3991 276 2679 275 
3992 1425 1629 1423 
3993 1323 1525 1324 
3994 1537 2027 1439 
3995 88 2279 572 
3996 1183 2466 1180 
3997 1992 2687 1993 
3998 1241 1426 1228 
3999 291 2745 2255 
4000 1661 1662 1412 
4001 1041 1043 1042 
4002 1694 3064 2487 
4003 1095 1096 1025 
4004 975 976 957 
4005 1612 2494 1613 
4006 1430 1874 1609 
4007 1037 2538 793 
4008 1517 2735 1695 
4009 514 2275 69 
4010 2093 2862 1028 
4011 80 785 548 
4012 818 2160 799 
4013 1131 2879 994 
4014 1774 2501 1269 
4015 475 2298 56 
4016 1294 1297 1296 
4017 826 835 816 
4018 2065 2954 1616 
4019 133 3124 2612 
4020 1242 1307 1194 
4021 984 1056 1053 
4022 1591 1873 1872 
4023 778 2842 777 
4024 361 2343 18 
4025 1727 1749 1561 
4026 1407 2536 1925 
4027 1299 1301 1300 
4028 1121 2617 1188 
4029 2449 2684 1488 
4030 1480 1531 1481 
4031 1389 2508 1743 
4032 844 2483 826 
4033 777 2202 774 
4034 1642 2906 2887 
4035 1716 2760 1264 
4036 857 885 842 
4037 1381 2423 1211 
4038 1458 3156 1897 
4039 1744 2497 1353 
4040 1540 2643 2418 
4041 863 2938 865 
4042 1332 1591 1589 
4043 1755 2891 2834 
4044 1525 1701 1527 
4045 2438 2675 915 
4046 1244 2503 2347 
4047 1421 1424 1420 
4048 1886 2134 794 
4049 1208 1395 1394 
4050 550 674 81 
4051 1020 1194 1021 
4052 1700 1987 1788 
4053 1229 1560 1167 
4054 365 2041 749 
4055 872 2550 2151 
4056 2061 2063 2062 
4057 787 2282 813 
4058 1221 2450 1048 
4059 2391 3183 2241 
4060 1332 1589 1336 
4061 1396 1524 1394 
4062 989 3185 988 
4063 943 2618 942 
4064 1619 2664 1620 
4065 59 743 485 
4066 1194 1195 1021 
4067 1877 2837 1878 
4068 1595 2956 2689 
4069 1330 1331 1329 
4070 1541 1982 1520 
4071 1281 2672 1628 
4072 1090 1094 1092 
4073 2354 2870 2355 
4074 1108 2633 1200 
4075 1123 2617 1121 
4076 2570 3085 2011 
4077 2225 2550 872 
4078 870 2257 867 
4079 1395 1631 1396 
4080 1385 2466 1183 
4081 2122 2611 2123 
4082 1916 2872 1915 
4083 540 2817 806 
4084 1609 1763 1632 
4085 1049 1077 1076 
4086 1351 1352 1321 
4087 1145 1146 1144 
4088 1213 2423 2045 
4089 1334 1418 1335 
4090 1168 1323 1178 
4091 1275 1276 1135 
4092 1457 1520 1452 
4093 2241 3183 2327 
4094 1309 2527 1132 
4095 1422 1423 1421 
4096 967 2618 1235 
4097 1077 1179 1076 
4098 1087 1089 1088 
4099 2113 2583 1607 
4100 365 749 366 
4101 1926 2877 1927 
4102 1418 1419 1335 
4103 481 2051 853 
4104 779 1087 781 
4105 1453 2610 1616 
4106 1048 2450 1046 
4107 1154 2890 2126 
4108 1080 1224 1081 
4109 1719 2795 2398 
4110 961 962 885 
4111 142 2707 141 
4112 2009 3101 1765 
4113 1089 2551 1090 
4114 1430 1609 1307 
4115 1319 2988 2082 
4116 2208 2899 1877 
4117 1898 1949 1948 
4118 1164 1166 1163 
4119 2494 2827 1731 
4120 2235 2668 1836 
4121 1954 3051 1710 
4122 921 2699 843 
4123 699 2950 2541 
4124 1807 2599 2167 
4125 2170 2936 884 
4126 1045 1048 1046 
4127 977 1334 979 
4128 1754 1755 1384 
4129 1419 1421 1420 
4130 1826 2588 1829 
4131 141 2707 1075 
4132 1482 1961 1748 
4133 1165 2384 1101 
4134 698 2807 1161 
4135 864 2528 862 
4136 1269 2501 1375 
4137 1562 1728 1727 
4138 1079 1207 959 
4139 1566 3157 2170 
4140 2322 3169 1645 
4141 1962 2621 1434 
4142 949 2640 1189 
4143 1063 2502 748 
4144 1825 1827 1826 
4145 1818 1819 1817 
4146 2170 2805 1566 
4147 766 2566 746 
4148 1328 1472 1330 
4149 2149 2652 846 
4150 551 856 552 
4151 1087 1602 1089 
4152 2420 2578 803 
4153 1591 1872 1589 
4154 1334 1335 979 
4155 1456 2680 1478 
4156 2141 3082 1755 
4157 1460 2147 1212 
4158 2535 3023 1660 
4159 2904 3169 1981 
4160 1330 1332 1331 
4161 1591 2577 2512 
4162 367 2266 20 
4163 1208 1393 1207 
4164 856 3043 2813 
4165 2283 2828 1466 
4166 1328 1329 1327 
4167 1299 1300 1298 
4168 369 2061 852 
4169 813 2674 2092 
4170 1444 2610 1447 
4171 745 2534 737 
4172 2002 2004 2003 
4173 1788 2625 1524 
4174 1844 1846 1845 
4175 1879 2502 1063 
4176 1806 1807 1805 
4177 593 2214 708 
4178 1348 2548 1680 
4179 1493 2576 1885 
4180 1602 1753 1752 
4181 1382 1734 1733 
4182 1078 1274 1079 
4183 1819 2791 2119 
4184 1020 1021 1019 
4185 481 853 58 
4186 51 2216 461 
4187 1602 1752 1089 
4188 1287 1339 1322 
4189 960 2528 864 
4190 821 2722 809 
4191 2098 2758 2100 
4192 549 2402 550 
4193 352 2932 2295 
4194 1714 2773 1713 
4195 1396 1700 1524 
4196 1239 1279 1238 
4197 1306 2806 2387 
4198 1685 1687 1426 
4199 451 2222 32 
4200 862 2528 2180 
4201 1433 2939 2079 
4202 977 978 976 
4203 1278 1428 1156 
4204 1249 2621 1150 
4205 1937 1939 1355 
4206 368 2061 369 
4207 489 2196 490 
4208 1727 2338 1749 
4209 1395 1396 1394 
4210 1548 1549 1315 
4211 1661 2873 1662 
4212 1673 2799 2188 
4213 1975 2775 2707 
4214 1008 2955 1158 
4215 936 2556 2455 
4216 841 842 812 
4217 2401 2735 1333 
4218 1043 1045 1044 
4219 518 2210 519 
4220 916 2640 949 
4221 64 2220 500 
4222 1208 1394 1393 
4223 1314 1439 1382 
4224 426 2673 850 
4225 1219 2473 2390 
4226 2452 2453 1759 
4227 962 1020 1019 
4228 917 918 839 
4229 2130 2774 676 
4230 1598 3066 2125 
4231 1809 2599 1806 
4232 1133 1239 1238 
4233 2350 2575 1790 
4234 1045 1049 1048 
4235 746 2566 747 
4236 2096 3154 1179 
4237 1025 2682 948 
4238 2071 2677 765 
4239 1398 2589 1397 
4240 1758 2859 2774 
4241 1402 2746 1436 
4242 1796 2002 2001 
4243 1336 2963 2643 
4244 130 2925 1112 
4245 1229 1562 1561 
4246 775 2833 2600 
4247 1119 1135 1073 
4248 889 890 830 
4249 1152 1230 1147 
4250 117 2942 116 
4251 2265 2807 2344 
4252 792 2548 1348 
4253 2559 3188 285 
4254 1519 2739 1171 
4255 1157 1314 1174 
4256 917 958 918 
4257 173 2827 172 
4258 1752 2551 1089 
4259 2401 2790 2735 
4260 1336 2643 1331 
4261 2383 2821 1587 
4262 2541 2950 1773 
4263 1302 2580 1300 
4264 977 979 978 
4265 1039 2684 2449 
4266 1130 2739 1282 
4267 127 2981 126 
4268 1296 1299 1298 
4269 1737 3070 2400 
4270 2033 2048 785 
4271 1687 2764 2552 
4272 1090 2551 1094 
4273 958 1078 959 
4274 1124 1133 1132 
4275 1078 1079 959 
4276 2376 2896 2372 
4277 2073 3076 2457 
4278 875 877 873 
4279 2090 2507 691 
4280 2876 2923 2022 
4281 1326 1327 1325 
4282 784 2548 792 
4283 748 2502 732 
4284 1296 1298 1295 
4285 2061 2062 852 
4286 1153 1228 1167 
4287 1060 1061 1059 
4288 1436 1769 1768 
4289 1079 1208 1207 
4290 2415 2826 1085 
4291 2327 2931 151 
4292 1653 1716 1264 
4293 1141 1143 1142 
4294 488 2060 883 
4295 1630 2549 1423 
4296 2556 2722 2456 
4297 1314 1382 1174 
4298 1622 1624 1621 
4299 922 975 957 
4300 1049 1076 1048 
4301 2845 2896 1715 
4302 950 951 890 
4303 1315 1582 1274 
4304 2370 2862 2371 
4305 962 1019 885 
4306 1328 1330 1329 
4307 1133 1238 1132 
4308 1384 1658 1383 
4309 1737 2826 1512 
4310 1072 2761 1186 
4311 968 2615 966 
4312 2471 3039 2390 
4313 652 2946 1001 
4314 480 2052 2051 
4315 674 2038 81 
4316 1124 1132 1123 
4317 1122 1124 1123 
4318 2298 2776 892 
4319 1299 2569 1310 
4320 480 2051 481 
4321 1746 3010 1747 
4322 1514 2801 1258 
4323 2778 2864 1686 
4324 425 2673 426 
4325 1562 1727 1561 
4326 823 2556 860 
4327 1930 3100 2622 
4328 371 690 372 
4329 1121 1188 1062 
4330 951 1293 890 
4331 806 2022 541 
4332 968 2712 2615 
4333 915 2866 831 
4334 19 2041 365 
4335 2139 2814 2140 
4336 2742 2984 289 
4337 1846 2378 1845 
4338 1642 2887 2508 
4339 683 2052 479 
4340 82 687 554 
4341 2004 2005 2003 
4342 2545 3055 1361 
4343 2324 2795 1719 
4344 595 2033 80 
4345 82 2500 687 
4346 426 850 427 
4347 853 2050 58 
4348 76 709 536 
4349 57 683 479 
4350 544 682 79 
4351 2344 2807 700 
4352 1104 1635 1326 
4353 1696 2803 2265 
4354 2106 2975 2108 
4355 371 2053 690 
4356 487 712 60 
4357 1226 1384 1383 
4358 1445 2260 1415 
4359 1228 1229 1167 
4360 369 852 370 
4361 1461 2718 2324 
4362 2779 2961 1780 
4363 634 2595 601 
4364 2257 2620 2258 
4365 2294 2984 1580 
4366 749 2042 366 
4367 1300 2580 1558 
4368 2281 3187 596 
4369 1229 1561 1560 
4370 1294 1295 1293 
4371 1878 2837 2039 
4372 424 2690 39 
4373 2002 2003 2001 
4374 1380 1777 1776 
4375 860 2556 936 
4376 1078 2656 1283 
4377 1598 2686 1450 
4378 1488 2772 2428 
4379 1397 3028 2168 
4380 1916 3114 2594 
4381 2552 2764 1562 
4382 1242 2883 1430 
4383 1066 2623 1254 
4384 165 3040 1364 
4385 1030 1064 1031 
4386 2583 2869 1706 
4387 428 663 429 
4388 1056 1058 1057 
4389 856 2813 552 
4390 479 2052 480 
4391 1294 1296 1295 
4392 1725 1898 1726 
4393 230 3003 229 
4394 1419 2542 1422 
4395 1576 1634 1381 
4396 851 2690 424 
4397 2564 2732 1935 
4398 2040 3195 1508 
4399 2479 2882 1712 
4400 2144 2520 683 
4401 885 2560 842 
4402 2866 3152 855 
4403 553 2500 82 
4404 942 2618 967 
4405 1148 1153 1152 
4406 826 2483 835 
4407 2374 2906 1032 
4408 1998 2542 1418 
4409 1354 2852 2163 
4410 1464 2560 1019 
4411 2397 2772 2684 
4412 1137 1523 1139 
4413 1898 1948 1726 
4414 1834 2770 1965 
4415 1421 2549 1424 
4416 21 2053 371 
4417 77 848 539 
4418 1531 1608 1532 
4419 1689 1962 1434 
4420 542 2277 543 
4421 1333 2735 2490 
4422 1453 1616 1594 
4423 2160 2894 1886 
4424 990 1055 963 
4425 428 2069 663 
4426 78 849 542 
4427 951 1294 1293 
4428 709 2087 536 
4429 1718 3009 2703 
4430 1371 1735 1386 
4431 1326 1328 1327 
4432 2144 2959 2520 
4433 1100 2867 1997 
4434 1367 1592 1276 
4435 2965 3030 1704 
4436 2230 2833 775 
4437 1189 2640 1576 
4438 1418 2542 1419 
4439 2999 3152 2678 
4440 1423 2549 1421 
4441 40 2069 428 
4442 2973 3096 888 
4443 849 2277 542 
4444 1906 2642 2238 
4445 685 2585 483 
4446 1551 1553 1552 
4447 1508 3195 1471 
4448 1507 3195 2076 
4449 2576 3016 1885 
4450 1654 1796 1655 
4451 1122 1123 1121 
4452 595 2054 2033 
4453 2376 2953 2896 
4454 1153 1167 1152 
4455 423 851 424 
4456 1195 2857 2236 
4457 1270 2565 1266 
4458 1204 2892 2213 
4459 1266 2565 960 
4460 1478 2680 1604 
4461 1358 2718 1357 
4462 1097 2633 1098 
4463 1571 1572 1248 
4464 913 2856 912 
4465 1631 3139 2571 
4466 2027 2028 1439 
4467 597 3144 171 
4468 2069 2070 663 
4469 2534 2773 2337 
4470 880 3063 2820 
4471 2275 2668 2235 
4472 536 2087 537 
4473 275 2679 1002 
4474 975 977 976 
4475 2382 2644 2273 
4476 1796 2001 1655 
4477 27 2451 389 
4478 1143 1145 1144 
4479 2183 2873 671 
4480 1487 2770 1834 
4481 1529 2708 1352 
4482 2643 2963 1774 
4483 2772 2792 2428 
4484 800 2646 1041 
4485 1646 2904 2044 
4486 184 3023 2535 
4487 1940 2998 2417 
4488 1041 1599 1043 
4489 2527 2617 1123 
4490 1104 1325 1031 
4491 1225 2788 1287 
4492 1524 2547 1394 
4493 485 3022 486 
4494 958 959 918 
4495 2216 2218 1191 
4496 2540 2684 1039 
4497 1332 2577 1591 
4498 1145 1148 1147 
4499 1157 1174 1007 
4500 538 2074 77 
4501 2426 2647 2389 
4502 1570 3070 1737 
4503 1020 2832 1242 
4504 594 2054 595 
4505 1393 2547 1720 
4506 2359 3171 2441 
4507 1840 3114 2588 
4508 1331 2643 1540 
4509 1454 2680 1456 
4510 537 884 538 
4511 1654 1655 1653 
4512 1652 1654 1653 
4513 77 2074 848 
4514 1436 1768 1401 
4515 1426 2552 1228 
4516 1344 2663 1128 
4517 1060 1120 1062 
4518 1061 2544 1114 
4519 2311 3032 2312 
4520 1208 2584 1395 
4521 2909 3034 2145 
4522 1866 1953 1083 
4523 2428 2792 668 
4524 363 691 364 
4525 2371 2669 821 
4526 2495 2691 918 
4527 1973 2775 1868 
4528 1120 1122 1121 
4529 948 2682 917 
4530 1189 1576 1381 
4531 1663 2955 1008 
4532 1007 2666 961 
4533 2007 3137 2184 
4534 1226 2695 1754 
4535 1226 1383 1224 
4536 596 3187 279 
4537 1058 1060 1059 
4538 798 2646 797 
4539 1215 3111 2902 
4540 1894 3050 1892 
4541 1032 2950 696 
4542 114 3194 2762 
4543 2397 2684 2540 
4544 816 2658 768 
4545 1394 2547 1393 
4546 1935 2732 1937 
4547 593 708 594 
4548 2081 2197 2080 
4549 1848 3100 1930 
4550 1145 1147 1146 
4551 2236 2678 2076 
4552 776 2600 779 
4553 848 2817 539 
4554 2057 3129 2070 
4555 1104 1326 1325 
4556 2616 3118 1927 
4557 1513 2900 2424 
4558 1354 2672 1281 
4559 2333 3080 2525 
4560 1229 2552 1562 
4561 2082 3163 1319 
4562 2188 2824 1405 
4563 960 2565 2528 
4564 1880 3134 2050 
4565 537 2087 884 
4566 2258 2912 1538 
4567 898 2781 2267 
4568 1857 3043 1650 
4569 1837 3093 1899 
4570 1560 2624 1167 
4571 3016 3158 1885 
4572 1018 2767 2089 
4573 2906 2934 1032 
4574 445 2473 46 
4575 785 2926 548 
4576 2152 3074 341 
4577 1868 2775 1975 
4578 49 2477 455 
4579 1151 1571 1248 
4580 1170 1316 1169 
4581 1821 2791 1818 
4582 422 2080 423 
4583 943 3012 2618 
4584 2392 2929 1679 
4585 2393 2928 1678 
4586 2394 2930 1675 
4587 2395 2931 1677 
4588 1676 2932 2396 
4589 797 2646 800 
4590 1563 2898 2493 
4591 687 2135 554 
4592 1908 2677 1907 
4593 1102 1164 1163 
4594 158 2667 157 
4595 1804 3091 1808 
4596 1516 2675 2438 
4597 850 2055 427 
4598 1148 1152 1147 
4599 2546 3123 2151 
4600 1429 1756 1428 
4601 553 2813 2500 
4602 1060 1062 1061 
4603 884 2074 538 
4604 690 2609 372 
4605 1019 2560 885 
4606 254 2930 2394 
4607 2396 2932 353 
4608 150 2931 2395 
4609 202 2929 2392 
4610 306 2928 2393 
4611 1118 2712 968 
4612 1701 1703 1702 
4613 812 2645 788 
4614 1847 3099 1843 
4615 1977 3029 1976 
4616 520 2271 71 
4617 2045 2920 1440 
4618 1829 3114 1916 
4619 90 2269 578 
4620 2767 2850 2089 
4621 2189 3160 1789 
4622 1472 2577 1330 
4623 1228 2552 1229 
4624 29 2287 395 
4625 1446 2686 1445 
4626 1174 2666 1007 
4627 2842 2979 777 
4628 1478 1604 1480 
4629 423 2080 851 
4630 2093 2907 1665 
4631 1687 2552 1426 
4632 1120 1121 1062 
4633 1865 3146 1869 
4634 663 2601 429 
4635 38 657 422 
4636 852 2064 370 
4637 1404 2746 1402 
4638 1382 2555 1734 
4639 745 2773 2534 
4640 1330 2577 1332 
4641 1733 2666 1174 
4642 1569 2384 1165 
4643 1274 2584 1079 
4644 708 2054 594 
4645 554 2135 555 
4646 1439 2555 1382 
4647 1593 2780 1592 
4648 433 2316 42 
4649 1084 1917 1844 
4650 1141 1318 1143 
4651 429 2601 430 
4652 1087 2600 1602 
4653 36 2503 416 
4654 1551 1552 1491 
4655 1339 1645 1442 
4656 2967 3117 1658 
4657 1184 2885 1358 
4658 372 2609 373 
4659 532 2524 75 
4660 2600 2833 1602 
4661 1030 1031 972 
4662 1161 2803 2790 
4663 559 2293 84 
4664 823 2722 2556 
4665 2125 2816 1901 
4666 1582 2584 1274 
4667 501 2299 502 
4668 1056 1577 1058 
4669 1188 2544 1062 
4670 709 2088 2087 
4671 1621 2746 1404 
4672 1347 1462 1317 
4673 2059 2581 881 
4674 420 2700 421 
4675 1610 2682 1025 
4676 982 2729 984 
4677 2101 2758 2098 
4678 1129 2953 2376 
4679 1279 2685 1238 
4680 1215 2902 1216 
4681 2345 2770 1487 
4682 835 2658 816 
4683 1080 1226 1224 
4684 892 2776 2143 
4685 1503 1684 1502 
4686 1827 2588 1826 
4687 278 3187 2398 
4688 1079 2584 1208 
4689 61 2329 491 
4690 1328 2619 1472 
4691 94 2529 590 
4692 788 2645 2208 
4693 421 2114 38 
4694 2200 2809 2199 
4695 1899 3094 2234 
4696 1841 2856 2688 
4697 975 2740 2532 
4698 2599 3118 1863 
4699 1903 3134 1880 
4700 47 2205 802 
4701 1624 1757 1626 
4702 2568 2820 1600 
4703 2698 2982 1723 
4704 2490 2735 1517 
4705 1064 1104 1031 
4706 549 2926 2402 
4707 2357 2766 2358 
4708 1373 2860 1876 
4709 1796 3057 2002 
4710 2060 3051 883 
4711 2059 2918 2581 
4712 1646 2044 2043 
4713 2195 2568 709 
4714 946 2998 945 
4715 1182 2841 1184 
4716 676 2859 272 
4717 1806 2599 1807 
4718 1041 2646 1599 
4719 2088 2170 2087 
4720 1914 3094 1821 
4721 950 2608 951 
4722 1741 2789 1583 
4723 1607 2583 2518 
4724 1652 1653 1264 
4725 458 2209 772 
4726 2056 2057 2055 
4727 96 2713 355 
4728 148 2715 147 
4729 304 2714 303 
4730 252 2717 251 
4731 200 2716 199 
4732 2864 2938 1831 
4733 1653 2586 1716 
4734 1735 2836 2008 
4735 2004 2703 2005 
4736 1691 2876 1692 
4737 2422 3058 1285 
4738 1736 3075 1600 
4739 1370 1725 1699 
4740 1632 2857 1307 
4741 830 2596 782 
4742 2400 3070 1223 
4743 978 2695 1080 
4744 1873 2811 2229 
4745 839 2691 818 
4746 1912 1933 1827 
4747 1819 1932 1911 
4748 1839 3121 2594 
4749 1807 1941 1913 
4750 1357 2718 1461 
4751 1420 2831 1335 
4752 1108 1200 1168 
4753 2562 3050 1894 
4754 419 2224 825 
4755 1135 1222 1073 
4756 873 2620 870 
4757 59 2961 743 
4758 1370 1371 1369 
4759 1957 2670 135 
4760 316 2697 1958 
4761 2349 2903 1693 
4762 3051 3098 883 
4763 2913 2989 859 
4764 1595 1758 1379 
4765 1430 2683 1874 
4766 961 2666 962 
4767 1858 3101 2875 
4768 779 2600 1087 
4769 1625 2709 1624 
4770 1788 3006 2914 
4771 2506 3078 162 
4772 2148 3007 848 
4773 1907 2677 1910 
4774 1927 3118 1809 
4775 708 2606 2054 
4776 2994 3097 2918 
4777 1171 2739 1130 
4778 1828 3106 1824 
4779 1816 3107 1820 
4780 1238 2685 1309 
4781 963 2608 950 
4782 984 2729 1056 
4783 751 3161 755 
4784 657 2080 422 
4785 915 3178 2075 
4786 285 3188 997 
4787 2337 2773 1714 
4788 1360 3035 1359 
4789 83 2136 891 
4790 1096 1610 1025 
4791 1080 2695 1226 
4792 917 2682 958 
4793 1152 2624 1230 
4794 3133 3168 1812 
4795 555 879 556 
4796 1818 2791 1819 
4797 1717 3009 1718 
4798 809 2722 823 
4799 2134 3143 790 
4800 1062 2544 1061 
4801 657 2081 2080 
4802 1116 2914 2445 
4803 979 2695 978 
4804 545 881 546 
4805 477 882 478 
4806 1725 1726 1699 
4807 1624 1626 1621 
4808 19 2878 2041 
4809 877 2620 873 
4810 845 2740 922 
4811 998 3038 2125 
4812 575 2157 898 
4813 946 3088 2417 
4814 1578 2772 2397 
4815 1789 3012 1187 
4816 2028 2555 1439 
4817 682 2059 79 
4818 1164 1264 1166 
4819 1018 2822 2767 
4820 1524 2625 2547 
4821 2306 2880 2308 
4822 842 2645 812 
4823 918 2691 839 
4824 391 822 28 
4825 1606 2893 1425 
4826 1556 1902 1554 
4827 986 2969 2567 
4828 1655 2586 1653 
4829 23 2458 377 
4830 1769 3103 3096 
4831 1635 2619 1326 
4832 47 802 449 
4833 574 801 89 
4834 1164 1652 1264 
4835 818 2691 2160 
4836 2836 3081 2008 
4837 1045 2676 1049 
4838 1773 2934 1641 
4839 890 2596 830 
4840 2125 3038 1598 
4841 2582 3041 3017 
4842 1855 2838 1086 
4843 1395 3139 1631 
4844 458 772 459 
4845 516 771 517 
4846 70 2162 904 
4847 2457 3076 1581 
4848 1323 1526 1525 
4849 1684 2681 1502 
4850 552 2813 553 
4851 2579 3013 1651 
4852 1557 2518 1740 
4853 362 2090 363 
4854 1293 2596 890 
4855 419 825 420 
4856 450 2158 899 
4857 1578 2792 2772 
4858 1706 2869 2341 
4859 38 2114 657 
4860 870 2620 2257 
4861 1788 2914 2625 
4862 392 2154 895 
4863 1559 2778 1427 
4864 2774 2859 676 
4865 41 846 431 
4866 1530 2734 1744 
4867 1553 1555 1554 
4868 1433 3174 1432 
4869 1194 2857 1195 
4870 1629 2765 1630 
4871 1565 3158 2538 
4872 1807 1913 1805 
4873 1825 1912 1827 
4874 1819 1911 1817 
4875 276 2811 2679 
4876 1436 2710 1769 
4877 1326 2619 1328 
4878 1316 1379 1169 
4879 2237 2980 2193 
4880 850 2056 2055 
4881 431 2652 432 
4882 1628 2792 1578 
4883 1999 3060 1550 
4884 2523 3015 1514 
4885 1167 2624 1152 
4886 882 2144 478 
4887 1751 3145 2499 
4888 2618 3012 2068 
4889 2193 2804 1193 
4890 421 2700 2114 
4891 2305 2844 2306 
4892 1571 1575 1572 
4893 1557 1740 1681 
4894 2422 3035 1775 
4895 1352 1530 1353 
4896 1268 2861 1270 
4897 1176 2889 2487 
4898 1802 2789 1185 
4899 1452 1598 1450 
4900 2806 2992 1671 
4901 539 2817 540 
4902 2462 2868 1708 
4903 712 2060 60 
4904 922 2740 975 
4905 2244 2822 1018 
4906 2319 2790 2401 
4907 1316 1595 1379 
4908 2567 2969 1604 
4909 1780 2961 2585 
4910 852 2564 2064 
4911 877 3104 2411 
4912 1147 2665 1146 
4913 1055 2608 963 
4914 1051 2657 1102 
4915 1592 1891 1890 
4916 1551 3024 1553 
4917 363 2090 691 
4918 1246 1370 1369 
4919 1511 2806 1306 
4920 691 2878 364 
4921 2292 2849 1683 
4922 2773 2845 1713 
4923 1043 2676 1045 
4924 1302 2768 2580 
4925 1595 2689 1758 
4926 1562 2764 1728 
4927 1633 3157 1566 
4928 555 2135 879 
4929 1574 1649 1648 
4930 269 2469 268 
4931 1587 2821 2422 
4932 1750 3188 2559 
4933 1302 2844 2768 
4934 2506 3147 2347 
4935 700 2807 698 
4936 22 2808 374 
4937 1503 1750 1684 
4938 2691 2894 2160 
4939 1338 1503 1502 
4940 2542 2850 1605 
4941 1258 2801 1519 
4942 1175 2846 2279 
4943 2880 2913 2308 
4944 1287 2788 1611 
4945 2053 2782 690 
4946 2623 3174 2079 
4947 1695 2803 1696 
4948 2871 2887 1103 
4949 476 2142 477 
4950 546 2221 547 
4951 1658 3102 1383 
4952 1553 1554 1552 
4953 1156 2890 1154 
4954 2381 2976 1560 
4955 1918 2771 1919 
4956 2900 3088 2424 
4957 2560 2645 842 
4958 1104 2796 1635 
4959 534 880 535 
4960 2096 3153 2004 
4961 1138 3138 940 
4962 1691 2923 2876 
4963 488 883 489 
4964 1050 2947 2657 
4965 185 3023 184 
4966 1555 1557 1556 
4967 2163 2852 2404 
4968 2084 2828 2282 
4969 1445 2687 2260 
4970 1146 2665 1151 
4971 972 2688 941 
4972 2679 2811 1873 
4973 2402 2926 2025 
4974 573 2156 574 
4975 373 878 22 
4976 1056 2729 1577 
4977 459 2219 460 
4978 2416 3045 2623 
4979 880 2195 535 
4980 2378 2838 1855 
4981 1874 3113 2185 
4982 515 2161 516 
4983 1626 2746 1621 
4984 1424 2891 1420 
4985 1874 2874 1609 
4986 1112 3041 2582 
4987 2047 2976 1995 
4988 172 2827 597 
4989 2062 2564 852 
4990 935 2840 861 
4991 2259 3083 1558 
4992 1352 1353 1321 
4993 447 900 448 
4994 575 898 576 
4995 1169 2796 1064 
4996 933 3194 114 
4997 825 2700 420 
4998 934 2968 322 
4999 904 2921 2210 
5000 1463 1766 1462 
5001 70 904 518 
5002 457 902 50 
5003 544 3079 682 
5004 83 891 557 
5005 592 887 95 
5006 2022 2923 849 
5007 848 3007 2817 
5008 69 901 515 
5009 460 903 51 
5010 18 886 362 
5011 56 892 476 
5012 547 893 64 
5013 2450 2947 1050 
5014 1662 2901 2536 
5015 2875 3101 1584 
5016 1224 2788 1225 
5017 1778 2842 2596 
5018 2026 3000 2024 
5019 572 897 573 
5020 450 899 451 
5021 1599 2676 1043 
5022 418 905 37 
5023 1996 3027 2047 
5024 1557 1681 1556 
5025 392 895 393 
5026 2338 2911 598 
5027 2001 2830 1655 
5028 2766 2902 2362 
5029 1530 1744 1353 
5030 1512 2826 2415 
5031 1325 2688 1031 
5032 2818 3128 1944 
5033 2497 2802 1353 
5034 2498 3002 2639 
5035 1370 1699 1371 
5036 1707 2997 2462 
5037 1140 3069 1149 
5038 900 2798 2206 
5039 1566 2881 1441 
5040 1139 2702 1141 
5041 1748 3056 2181 
5042 2277 3079 543 
5043 1671 2992 1698 
5044 2466 2996 1179 
5045 2625 2914 1116 
5046 2495 2894 2691 
5047 2675 3145 1751 
5048 2695 2831 1754 
5049 1995 2976 2381 
5050 1741 2841 2789 
5051 2789 2841 1185 
5052 1793 2958 2135 
5053 2005 2915 2003 
5054 1624 2709 1757 
5055 2572 2574 1669 
5056 887 2214 95 
5057 2515 2907 1698 
5058 1537 2786 2027 
5059 1420 2891 2831 
5060 1727 2911 2338 
5061 390 2155 391 
5062 2768 2844 2305 
5063 979 2831 2695 
5064 1592 1890 1276 
5065 3061 3188 1750 
5066 2332 3080 2333 
5067 111 2591 110 
5068 2666 2832 962 
5069 2764 3011 2908 
5070 1484 3196 1921 
5071 1523 2702 1139 
5072 242 2978 241 
5073 210 2977 209 
5074 1799 3131 1798 
5075 1429 2865 1756 
5076 1733 2832 2666 
5077 2865 3177 1756 
5078 1664 2862 2093 
5079 1287 1611 1339 
5080 1349 3080 2524 
5081 1978 2923 1691 
5082 1151 2665 1571 
5083 1141 2702 1318 
5084 709 2568 2088 
5085 1379 2796 1169 
5086 2181 2971 1689 
5087 136 2736 1957 
5088 1145 2787 1148 
5089 373 2609 878 
5090 1958 2696 315 
5091 879 2136 556 
5092 1021 3119 1464 
5093 1555 1556 1554 
5094 2225 2864 2778 
5095 2062 2732 2564 
5096 2048 2733 785 
5097 1876 2860 2048 
5098 1548 3105 1549 
5099 2483 2809 835 
5100 2832 2883 1242 
5101 690 3192 2609 
5102 1631 2995 1396 
5103 1480 2759 1531 
5104 990 2800 1055 
5105 1405 2843 1406 
5106 2898 3135 1438 
5107 2355 2870 2359 
5108 2549 2814 1424 
5109 801 2157 89 
5110 2091 2507 2090 
5111 782 2842 778 
5112 2686 2687 1445 
5113 1781 2974 1685 
5114 1720 3143 3037 
5115 2550 2778 1559 
5116 1060 2777 1120 
5117 446 2203 447 
5118 1966 3044 1458 
5119 771 2162 517 
5120 802 2158 449 
5121 822 2154 28 
5122 962 2832 1020 
5123 1064 2796 1104 
5124 576 2267 577 
5125 2920 3013 2026 
5126 831 2866 855 
5127 2841 2885 1184 
5128 2139 2834 2814 
5129 2601 2945 430 
5130 765 2981 127 
5131 2234 3094 2641 
5132 846 2652 431 
5133 456 2212 457 
5134 1498 3086 166 
5135 341 3074 340 
5136 533 2194 534 
5137 2140 2848 2191 
5138 1584 3101 2009 
5139 1335 2831 979 
5140 2118 2332 1767 
5141 3037 3143 2134 
5142 2088 2805 2170 
5143 1197 2769 1096 
5144 2630 3062 2453 
5145 69 2275 901 
5146 900 2205 448 
5147 557 2291 558 
5148 393 2290 394 
5149 2439 2845 745 
5150 1264 2760 1166 
5151 2115 3176 1946 
5152 1031 2688 972 
5153 572 2279 897 
5154 2154 3166 895 
5155 1657 2900 2663 
5156 1586 3074 2651 
5157 406 2488 33 
5158 1185 2841 1182 
5159 2042 3004 1922 
5160 477 2142 882 
5161 3096 3103 2037 
5162 1648 2815 1791 
5163 1852 3112 1851 
5164 902 2209 50 
5165 646 2942 117 
5166 2044 2858 2043 
5167 881 2221 546 
5168 905 2224 37 
5169 417 2223 418 
5170 1600 3075 2568 
5171 2161 2641 771 
5172 1743 2905 1742 
5173 1352 2708 1530 
5174 1782 3165 2757 
5175 1364 3040 2780 
5176 887 3053 2442 
5177 2902 3111 2362 
5178 2563 2959 882 
5179 1102 2657 1164 
5180 237 2855 236 
5181 56 2298 892 
5182 2804 2893 1606 
5183 1028 2862 2370 
5184 1383 2788 1224 
5185 591 2215 592 
5186 1166 2760 1338 
5187 1462 2835 1317 
5188 46 1219 446 
5189 577 1220 90 
5190 1602 2833 1753 
5191 18 2343 886 
5192 886 2113 2091 
5193 2790 2803 1695 
5194 935 2879 2840 
5195 455 1204 456 
5196 519 1205 520 
5197 2544 2784 1114 
5198 1384 3082 1658 
5199 1627 3174 2623 
5200 2444 2852 1354 
5201 2661 2983 1659 
5202 513 1190 514 
5203 461 1191 462 
5204 1855 3100 2378 
5205 487 2823 712 
5206 1092 3116 1097 
5207 262 2839 261 
5208 1359 3035 2821 
5209 289 2984 288 
5210 1097 3116 2642 
5211 32 1176 404 
5212 571 1175 88 
5213 574 2156 801 
5214 1703 2590 1704 
5215 3042 3148 2221 
5216 394 1134 29 
5217 2108 2897 2110 
5218 314 2960 313 
5219 1531 2763 1608 
5220 389 896 390 
5221 772 2219 459 
5222 2407 2992 1511 
5223 1752 2824 2551 
5224 1604 2759 1480 
5225 1114 2784 1246 
5226 416 1244 417 
5227 558 1243 559 
5228 516 2161 771 
5229 1282 3011 1131 
5230 2282 2828 2283 
5231 1230 2847 2665 
5232 500 1232 501 
5233 474 1231 475 
5234 1708 3081 2836 
5235 2378 3100 1848 
5236 1541 2964 1982 
5237 2596 2842 782 
5238 677 2967 2141 
5239 657 2948 2081 
5240 1947 3079 2277 
5241 2225 2778 2550 
5242 2623 3045 1627 
5243 1441 3182 2286 
5244 1317 2835 1316 
5245 432 906 433 
5246 2195 2820 2568 
5247 3065 3131 1799 
5248 1370 2784 1725 
5249 2642 3116 2238 
5250 1142 3069 1140 
5251 1766 1771 1462 
5252 1774 2963 2501 
5253 3084 3120 2892 
5254 2491 2844 1302 
5255 1073 2800 990 
5256 1577 2777 1058 
5257 1925 2854 1409 
5258 579 2472 580 
5259 2197 3065 1625 
5260 2095 2985 987 
5261 1318 2787 1143 
5262 2813 3043 1857 
5263 26 2629 386 
5264 356 2649 357 
5265 886 2090 362 
5266 2400 3046 1737 
5267 2253 2909 1465 
5268 2524 3080 2118 
5269 521 2474 522 
5270 364 2878 19 
5271 75 907 533 
5272 1375 2861 1268 
5273 490 908 61 
5274 461 2216 1191 
5275 2050 3134 685 
5276 2021 3025 1533 
5277 116 2851 115 
5278 2254 3186 1949 
5279 2734 3071 1777 
5280 1321 2802 1197 
5281 519 2210 1205 
5282 1058 2777 1060 
5283 1778 2979 2842 
5284 1987 3006 1788 
5285 2445 2914 1505 
5286 1639 2994 1947 
5287 2085 3018 2112 
5288 1235 3090 2496 
5289 1096 2769 1610 
5290 646 3113 3077 
5291 1143 2787 1145 
5292 1752 2843 2824 
5293 32 2222 1176 
5294 1307 2857 1194 
5295 2658 3161 768 
5296 374 909 375 
5297 267 2983 266 
5298 590 910 591 
5299 941 2856 913 
5300 41 2945 846 
5301 1753 2843 1752 
5302 886 2091 2090 
5303 2112 3018 2740 
5304 1491 2865 1429 
5305 598 2911 2313 
5306 391 2155 822 
5307 173 2962 2827 
5308 2847 3027 1575 
5309 2520 3010 683 
5310 1669 2815 2545 
5311 2545 2815 1648 
5312 1103 2887 2375 
5313 2439 2896 2845 
5314 360 911 361 
5315 878 2808 22 
5316 2844 2880 2306 
5317 1982 2816 1520 
5318 1634 2867 2036 
5319 3119 3190 2039 
5320 2740 3018 2532 
5321 670 3003 230 
5322 2809 2888 835 
5323 490 2196 908 
5324 2118 3080 2332 
5325 912 3104 875 
5326 2027 2851 2028 
5327 2780 3040 1891 
5328 2887 2906 2375 
5329 1164 2657 1652 
5330 500 2220 1232 
5331 1552 2865 1491 
5332 994 2879 935 
5333 1222 2800 1073 
5334 1592 2780 1891 
5335 2641 3094 1914 
5336 1135 2819 1222 
5337 1195 3190 3119 
5338 387 2853 388 
5339 901 2235 2234 
5340 2136 2137 891 
5341 2136 3001 2137 
5342 883 2196 489 
5343 1630 2848 2549 
5344 1575 2812 1572 
5345 560 2504 561 
5346 65 2510 503 
5347 2441 2885 1741 
5348 903 2216 51 
5349 2456 2939 1433 
5350 892 2142 476 
5351 2260 3151 1661 
5352 1276 2819 1135 
5353 2561 3184 689 
5354 547 2221 893 
5355 1998 2850 2542 
5356 1549 3105 2593 
5357 899 2222 451 
5358 2267 2781 2268 
5359 2450 3019 2947 
5360 904 2210 518 
5361 1149 3138 1138 
5362 893 2220 64 
5363 2594 3121 1916 
5364 600 2905 2330 
5365 460 2219 903 
5366 868 2864 2225 
5367 897 2156 573 
5368 2923 2957 849 
5369 901 2161 515 
5370 266 2983 2661 
5371 745 2845 2773 
5372 1630 2952 2848 
5373 2411 2941 2410 
5374 1175 2279 88 
5375 1767 2469 1766 
5376 1190 2275 514 
5377 2498 2863 1724 
5378 2575 2916 1304 
5379 1655 2830 2586 
5380 892 2143 2142 
5381 2110 3036 2111 
5382 1698 2907 1697 
5383 2687 3151 2260 
5384 2757 3165 1735 
5385 1440 2920 2026 
5386 2254 2910 2176 
5387 1538 2912 2418 
5388 1582 3085 2570 
5389 1231 2298 475 
5390 1716 2935 2760 
5391 2914 3006 1505 
5392 1338 2760 1503 
5393 2831 2891 1754 
5394 2582 3017 1526 
5395 2233 2900 1513 
5396 2213 3193 1830 
5397 2217 2218 2216 
5398 1609 2874 1763 
5399 2372 2896 2439 
5400 1572 2812 1574 
5401 2375 2906 2374 
5402 2894 3037 1886 
5403 2896 2953 1715 
5404 2762 3194 1740 
5405 1615 2913 2880 
5406 1315 3085 1582 
5407 2220 2574 2572 
5408 2985 3028 2589 
5409 2870 3171 2359 
5410 1856 2818 2346 
5411 1716 3008 2935 
5412 512 2274 513 
5413 462 2478 463 
5414 375 2461 376 
5415 1556 2810 1902 
5416 359 2340 360 
5417 2688 2856 941 
5418 1222 3050 2562 
5419 570 2278 571 
5420 404 2486 405 
5421 2514 3177 2865 
5422 2533 2988 1319 
5423 268 2469 2332 
5424 1892 3050 2819 
5425 1371 2757 1735 
5426 2805 2881 1566 
5427 2848 2952 2191 
5428 388 1240 27 
5429 2625 2917 2547 
5430 1304 2916 2400 
5431 2759 2763 1531 
5432 2996 3153 2096 
5433 1220 2922 2269 
5434 282 2915 281 
5435 2581 2918 1764 
5436 2191 2952 2228 
5437 1642 2934 2906 
5438 2424 3088 946 
5439 2777 3068 2465 
5440 911 2343 361 
5441 1464 3119 2837 
5442 2019 3181 2895 
5443 473 2296 474 
5444 1001 3054 2253 
5445 1246 2784 1370 
5446 1216 2902 1392 
5447 548 2926 549 
5448 1615 2880 2491 
5449 2457 3163 2073 
5450 17 1256 359 
5451 376 1257 23 
5452 2796 2927 1635 
5453 1699 2757 1371 
5454 1883 3067 1622 
5455 2236 3190 1195 
5456 2079 2939 1588 
5457 777 2979 2202 
5458 255 2930 254 
5459 307 2928 306 
5460 203 2929 202 
5461 151 2931 150 
5462 353 2932 352 
5463 534 2194 880 
5464 1789 3160 3012 
5465 2824 2843 1405 
5466 1890 2819 1276 
5467 1243 2933 2293 
5468 1896 3161 2658 
5469 806 2876 2022 
5470 1771 2835 1462 
5471 1770 2898 1563 
5472 2200 2888 2809 
5473 1605 2850 2767 
5474 1353 2802 1321 
5475 2663 2900 2233 
5476 1519 3032 2739 
5477 1574 2812 1649 
5478 432 2652 906 
5479 1425 2893 1629 
5480 447 2203 900 
5481 2171 2756 161 
5482 290 2741 2172 
5483 1734 2883 1733 
5484 898 2267 576 
5485 506 2724 507 
5486 2703 3153 1718 
5487 772 2872 2219 
5488 2657 2947 1652 
5489 2536 2901 1925 
5490 2491 2880 2844 
5491 1511 2992 2806 
5492 430 2945 41 
5493 2963 3021 2501 
5494 1740 3194 3005 
5495 992 2924 2763 
5496 1639 3097 2994 
5497 2645 2899 2208 
5498 1571 2847 1575 
5499 457 2212 902 
5500 1992 3151 2687 
5501 1240 2453 2452 
5502 436 2612 43 
5503 93 2655 587 
5504 386 1542 387 
5505 2571 3034 1631 
5506 1681 2810 1556 
5507 444 1535 445 
5508 578 1536 579 
5509 1754 2891 1755 
5510 71 1521 521 
5511 454 1522 49 
5512 2023 2763 2759 
5513 1197 2802 2769 
5514 661 2946 652 
5515 1709 2913 1615 
5516 891 2291 557 
5517 1530 3071 2734 
5518 68 1500 512 
5519 463 1499 52 
5520 901 2234 2161 
5521 865 2938 868 
5522 405 1474 406 
5523 569 1473 570 
5524 2091 2797 2507 
5525 1665 2907 2515 
5526 1475 3037 2894 
5527 895 2290 393 
5528 1733 2883 2832 
5529 2444 3029 2852 
5530 2085 3130 3018 
5531 395 1437 396 
5532 2549 2848 2814 
5533 696 2950 699 
5534 2193 2980 2893 
5535 1725 3026 1898 
5536 529 2661 74 
5537 418 2223 905 
5538 2908 3011 1282 
5539 2352 3020 2351 
5540 592 2215 887 
5541 2814 2834 1424 
5542 2076 3152 2075 
5543 1158 3177 2514 
5544 596 3009 2281 
5545 1641 2934 1642 
5546 901 2275 2235 
5547 1718 2996 2466 
5548 2526 2979 1778 
5549 377 1586 378 
5550 357 1585 358 
5551 2627 2736 136 
5552 389 2451 896 
5553 84 1580 560 
5554 415 1579 36 
5555 1608 2924 2133 
5556 55 1567 473 
5557 502 1568 65 
5558 1205 2986 2271 
5559 358 2460 17 
5560 1599 3016 2576 
5561 2501 2897 1375 
5562 1715 2953 1732 
5563 2113 2970 2583 
5564 1379 2927 2796 
5565 484 2961 59 
5566 1981 3169 2322 
5567 1017 3045 2416 
5568 1428 2890 1156 
5569 2218 2882 1191 
5570 1475 2894 2495 
5571 2037 3103 989 
5572 374 2808 909 
5573 886 2343 2113 
5574 2932 3191 2295 
5575 2032 3024 1551 
5576 3008 3061 2935 
5577 2349 2846 1175 
5578 770 3130 2085 
5579 2683 3113 1874 
5580 46 2473 1219 
5581 1728 2911 1727 
5582 2979 3083 2202 
5583 2665 2847 1571 
5584 2279 2280 897 
5585 495 2662 496 
5586 2383 3145 1516 
5587 2327 3183 2931 
5588 1316 2835 1595 
5589 455 2477 1204 
5590 1651 3014 1356 
5591 2593 3105 1744 
5592 1116 2917 2625 
5593 437 2653 438 
5594 466 2637 53 
5595 170 2972 169 
5596 884 2936 2074 
5597 2245 3115 1634 
5598 1768 2985 2589 
5599 2689 2859 1758 
5600 1232 2990 2299 
5601 30 2638 398 
5602 1553 2797 1555 
5603 1645 2904 1646 
5604 2185 3113 646 
5605 44 2670 440 
5606 583 2697 92 
5607 531 1349 532 
5608 491 1350 492 
5609 2937 2955 1663 
5610 1221 3019 2450 
5611 2560 2899 2645 
5612 1220 2269 90 
5613 496 2783 63 
5614 1205 2271 520 
5615 1741 2885 2841 
5616 896 2155 390 
5617 53 2785 467 
5618 42 1313 434 
5619 24 2650 380 
5620 589 1312 94 
5621 2609 3137 878 
5622 1590 2963 1336 
5623 2040 3190 2236 
5624 2681 3109 2137 
5625 1763 2999 1632 
5626 1464 2899 2560 
5627 2292 2933 1243 
5628 1134 2287 29 
5629 1514 3015 2801 
5630 2203 2798 900 
5631 868 2938 2864 
5632 1744 3105 2497 
5633 1392 2902 2766 
5634 170 3144 2972 
5635 2909 2995 1631 
5636 31 2692 401 
5637 407 2634 408 
5638 525 2750 526 
5639 712 2895 2060 
5640 910 2698 2215 
5641 416 2503 1244 
5642 1657 3088 2900 
5643 91 2626 581 
5644 849 2957 2277 
5645 1243 2293 559 
5646 2571 3139 1582 
5647 2402 3000 674 
5648 1219 2203 446 
5649 903 2217 2216 
5650 1232 2299 501 
5651 835 2888 2658 
5652 577 2267 1220 
5653 881 3042 2221 
5654 906 2316 433 
5655 2193 2893 2804 
5656 1709 2989 2913 
5657 2268 2922 1220 
5658 1204 2212 456 
5659 2220 2572 1232 
5660 2212 2829 902 
5661 1871 3181 2019 
5662 2363 3111 2496 
5663 1758 2927 1379 
5664 2223 2818 905 
5665 1731 2962 2519 
5666 1611 3102 2323 
5667 75 2524 907 
5668 2547 2917 1720 
5669 893 2574 2220 
5670 2816 3179 1901 
5671 2774 2927 1758 
5672 1240 2853 2453 
5673 394 2290 1134 
5674 1309 2910 2527 
5675 908 2329 61 
5676 672 3186 2254 
5677 380 2793 381 
5678 2814 2848 2140 
5679 2817 3007 2016 
5680 558 2291 1243 
5681 2156 2877 801 
5682 708 3122 2606 
5683 2786 3005 933 
5684 945 2998 953 
5685 2893 2980 1629 
5686 1219 2204 2203 
5687 54 2723 470 
5688 505 2720 66 
5689 1244 2223 417 
5690 1616 2954 1895 
5691 1949 3186 1948 
5692 2210 2211 1205 
5693 1409 3089 2482 
5694 1652 2947 1654 
5695 2234 2641 2161 
5696 2453 3062 1759 
5697 590 2529 910 
5698 2002 3057 2096 
5699 1526 3017 1525 
5700 2452 2632 2451 
5701 2558 2776 2298 
5702 1747 3010 2520 
5703 907 2194 533 
5704 2523 3045 1017 
5705 2114 2948 657 
5706 682 2918 2059 
5707 1785 3015 1786 
5708 895 3166 2919 
5709 1240 2451 27 
5710 2291 2292 1243 
5711 1737 3046 2826 
5712 2892 3120 1729 
5713 2575 3020 2916 
5714 2572 2990 1232 
5715 499 2751 48 
5716 2314 3032 2311 
5717 2574 2815 1669 
5718 1231 2558 2298 
5719 85 2741 563 
5720 412 2756 35 
5721 2609 3192 2184 
5722 2595 3162 2339 
5723 1756 2937 1428 
5724 2519 2989 1709 
5725 1076 3154 1221 
5726 1799 3132 3065 
5727 825 3110 2700 
5728 2039 3190 2040 
5729 1318 3123 2546 
5730 910 2215 591 
5731 2073 3163 2082 
5732 1588 2939 2669 
5733 2329 2858 2794 
5734 2669 2939 2456 
5735 2267 2268 1220 
5736 1777 3071 1776 
5737 2211 2986 1205 
5738 1204 2213 2212 
5739 1687 3011 2764 
5740 2955 3177 1158 
5741 2941 3104 912 
5742 1851 2945 2601 
5743 685 2951 2585 
5744 2255 2741 290 
5745 161 2756 2256 
5746 1689 2971 1962 
5747 1129 3142 2953 
5748 2544 3026 2784 
5749 1685 2974 1687 
5750 1505 3006 2179 
5751 1944 2940 2224 
5752 1396 2995 1700 
5753 2351 3020 2350 
5754 2281 3009 1717 
5755 2332 2469 1767 
5756 1649 3055 2545 
5757 87 2484 569 
5758 1978 2957 2923 
5759 1944 3128 1593 
5760 2739 3032 2314 
5761 588 2530 589 
5762 1187 3012 943 
5763 396 2639 397 
5764 2459 3074 1586 
5765 1732 3142 2409 
5766 1244 2346 2223 
5767 434 2613 435 
5768 1945 3133 1973 
5769 685 3134 2951 
5770 683 3010 2052 
5771 443 2470 444 
5772 2451 2632 896 
5773 2499 3145 2383 
5774 2045 3014 2920 
5775 241 2978 2239 
5776 2240 2977 210 
5777 1632 2999 2678 
5778 1503 2935 1750 
5779 2947 3019 1654 
5780 453 2475 454 
5781 578 2269 1536 
5782 492 2628 493 
5783 1769 2973 1768 
5784 2526 3083 2979 
5785 71 2271 1521 
5786 2279 2846 2280 
5787 530 2525 531 
5788 1134 2288 2287 
5789 1319 3163 2457 
5790 1535 2473 445 
5791 2516 3036 1590 
5792 2170 3157 2936 
5793 2664 3164 644 
5794 1522 2477 49 
5795 3018 3130 1638 
5796 1761 3025 2779 
5797 1775 3035 1360 
5798 1658 3082 2967 
5799 1252 3029 2444 
5800 1582 3139 2584 
5801 1452 3066 1598 
5802 1560 2976 2624 
5803 2362 3111 2363 
5804 395 2287 1437 
5805 2760 2935 1503 
5806 2348 3135 1770 
5807 1285 3058 1374 
5808 1886 3037 2134 
5809 2224 2940 825 
5810 2184 3137 2609 
5811 378 2651 379 
5812 2646 3016 1599 
5813 2827 2962 1731 
5814 414 2505 415 
5815 2202 3083 2259 
5816 472 2509 55 
5817 513 2274 1190 
5818 1191 2478 462 
5819 2067 3090 2066 
5820 1428 2937 2890 
5821 1223 3070 2386 
5822 1581 3076 1772 
5823 2215 3053 887 
5824 908 2858 2329 
5825 1149 3069 2971 
5826 571 2278 1175 
5827 1176 2486 404 
5828 2779 3025 2021 
5829 587 1596 588 
5830 435 1597 436 
5831 2008 3081 2127 
5832 1179 3154 1076 
5833 1257 2997 2458 
5834 2095 3028 2985 
5835 798 3158 3016 
5836 84 2293 1580 
5837 1579 2503 36 
5838 1897 2959 2563 
5839 1471 3195 1507 
5840 502 2299 1568 
5841 52 2944 464 
5842 511 2943 68 
5843 171 3144 170 
5844 2496 3111 1215 
5845 2222 3180 2889 
5846 1720 3037 1475 
5847 1257 2458 23 
5848 2417 3088 1657 
5849 2867 3115 1997 
5850 882 2959 2144 
5851 2594 3114 1840 
5852 474 2296 1231 
5853 1661 3151 2873 
5854 2588 3114 1829 
5855 897 2886 2156 
5856 1256 2341 2340 
5857 45 2034 443 
5858 580 2035 91 
5859 1631 3034 2909 
5860 74 1659 530 
5861 493 1660 62 
5862 385 2010 26 
5863 644 3164 2673 
5864 2461 2462 1257 
5865 2480 3129 2057 
5866 33 1924 407 
5867 568 1923 87 
5868 909 2461 375 
5869 1809 3118 2599 
5870 1667 2776 2558 
5871 509 1888 510 
5872 465 1889 466 
5873 467 2726 468 
5874 2764 2908 1728 
5875 2081 3131 3065 
5876 2897 2975 1375 
5877 2784 3026 1725 
5878 891 2849 2291 
5879 397 1801 30 
5880 279 3187 278 
5881 1893 3184 1894 
5882 2885 3171 1358 
5883 1349 2524 532 
5884 2068 3160 1509 
5885 2219 2884 903 
5886 2765 2952 1630 
5887 2675 3178 915 
5888 360 2340 911 
5889 2135 2958 879 
5890 42 2316 1313 
5891 2288 2863 2287 
5892 1516 3145 2675 
5893 63 2749 497 
5894 2521 2747 263 
5895 491 2329 1350 
5896 2995 3054 1700 
5897 2388 3191 1676 
5898 1683 3109 2966 
5899 1677 3183 2391 
5900 1654 3019 1796 
5901 2872 2884 2219 
5902 1590 3021 2963 
5903 2038 3013 2579 
5904 1312 2529 94 
5905 2763 2924 1608 
5906 388 2853 1240 
5907 2204 2798 2203 
5908 2186 2692 108 
5909 1863 3118 2616 
5910 2738 2982 2529 
5911 2278 2349 1175 
5912 1176 2487 2486 
5913 2155 2949 822 
5914 543 3079 544 
5915 1961 3056 1748 
5916 2710 3103 1769 
5917 510 3072 511 
5918 464 3073 465 
5919 377 2458 1586 
5920 16 2153 356 
5921 379 2152 24 
5922 2130 3095 2774 
5923 43 2078 437 
5924 586 2077 93 
5925 34 2753 410 
5926 1747 3044 1745 
5927 1375 2975 2861 
5928 528 1986 529 
5929 494 1985 495 
5930 1432 3174 1627 
5931 1627 3045 2523 
5932 2049 3053 2698 
5933 2462 2997 1257 
5934 2819 3050 1222 
5935 2316 2965 2825 
5936 743 3022 485 
5937 1777 2968 2734 
5938 3047 3189 1795 
5939 92 2604 584 
5940 439 2605 44 
5941 343 2694 2187 
5942 468 2725 469 
5943 1131 3011 2974 
5944 2622 3100 1855 
5945 2586 3008 1716 
5946 798 3016 2646 
5947 497 2748 498 
5948 526 2705 73 
5949 2611 3167 1055 
5950 410 2752 411 
5951 1240 2452 2451 
5952 1626 2993 2710 
5953 1542 2853 387 
5954 749 3004 2042 
5955 2156 2886 2877 
5956 1765 3101 1858 
5957 2776 2964 2143 
5958 1699 3059 2757 
5959 1638 3130 1998 
5960 1700 3054 1987 
5961 2532 3018 1638 
5962 2916 3020 2352 
5963 1629 2980 2765 
5964 62 2659 494 
5965 2816 3066 1520 
5966 2480 3047 1795 
5967 909 2868 2461 
5968 2350 3020 2575 
5969 452 2587 453 
5970 1190 3031 2668 
5971 2340 2869 911 
5972 522 2737 523 
5973 1094 3116 1092 
5974 565 2744 86 
5975 1757 2993 1626 
5976 400 2429 31 
5977 25 2430 383 
5978 2075 3178 1751 
5979 2108 2975 2897 
5980 2253 3054 2995 
5981 2213 2829 2212 
5982 401 2186 402 
5983 381 2187 382 
5984 1954 3098 3051 
5985 2820 3063 2117 
5986 1950 3182 2881 
5987 582 1958 583 
5988 440 1957 441 
5989 1770 3135 2898 
5990 471 2603 472 
5991 2631 2711 344 
5992 376 2461 1257 
5993 503 2719 504 
5994 527 2660 528 
5995 1256 2340 359 
5996 585 2654 586 
5997 73 2701 527 
5998 2653 3124 134 
5999 67 2636 509 
6000 2579 3043 856 
6001 413 2602 414 
6002 1195 3119 1021 
6003 2329 2794 1350 
6004 561 2742 562 
6005 384 2631 385 
6006 768 3161 751 
6007 409 2754 34 
6008 1736 2881 2805 
6009 2347 3147 1688 
6010 188 2751 2522 
6011 470 1881 471 
6012 504 1882 505 
6013 403 2648 16 
6014 1312 2738 2529 
6015 66 2598 506 
6016 469 2597 54 
6017 1191 2882 2478 
6018 107 2693 2592 
6019 1500 2284 2274 
6020 2478 2479 1499 
6021 2801 3015 1785 
6022 2538 3158 798 
6023 1500 2274 512 
6024 463 2478 1499 
6025 2918 3097 1764 
6026 567 2635 568 
6027 86 2743 566 
6028 269 3048 2469 
6029 508 2706 67 
6030 442 2627 45 
6031 1473 2278 570 
6032 405 2486 1474 
6033 48 1959 452 
6034 523 1960 72 
6035 315 2696 2626 
6036 875 3104 877 
6037 398 2592 399 
6038 2346 2818 2223 
6039 1681 3005 2786 
6040 2137 2849 891 
6041 584 2704 585 
6042 1755 3082 1384 
6043 438 2671 439 
6044 2088 3075 2805 
6045 35 2171 413 
6046 562 2172 85 
6047 566 2728 567 
6048 2210 2921 2211 
6049 382 2694 25 
6050 498 2522 499 
6051 524 2521 525 
6052 563 2255 564 
6053 411 2256 412 
6054 2291 2849 2292 
6055 1795 3129 2480 
6056 2648 2721 109 
6057 1740 3092 2762 
6058 2703 3009 596 
6059 507 2730 508 
6060 2951 3134 1903 
6061 2030 3108 2825 
6062 1791 3148 3042 
6063 2849 3109 1683 
6064 2271 2272 1521 
6065 383 2711 384 
6066 1567 2296 473 
6067 1821 3093 2791 
6068 2641 3159 771 
6069 402 2721 403 
6070 564 2745 565 
6071 1558 3083 2526 
6072 17 2460 1256 
6073 1525 3017 1701 
6074 399 2693 400 
6075 1474 2488 406 
6076 441 2736 442 
6077 581 2696 582 
6078 1567 2297 2296 
6079 1726 3059 1699 
6080 2700 3110 1800 
6081 1763 3162 2595 
6082 408 2755 409 
6083 2927 3095 1635 
6084 2636 2706 240 
6085 2269 2270 1536 
6086 1990 3047 2480 
6087 906 2965 2316 
6088 2774 3095 2927 
6089 3129 3170 2070 
6090 2501 3021 2897 
6091 1740 3005 1681 
6092 72 2747 524 
6093 1188 3026 2544 
6094 1703 2925 2590 
6095 2897 3021 2110 
6096 2280 2886 897 
6097 879 3001 2136 
6098 1536 2472 579 
6099 386 2629 1542 
6100 2390 3039 1738 
6101 2788 3102 1611 
6102 772 3141 2872 
6103 2762 3092 1377 
6104 2299 2300 1568 
6105 1521 2474 521 
6106 903 2884 2217 
6107 1585 2460 358 
6108 2836 3165 1376 
6109 1734 3077 2683 
6110 1604 2969 2759 
6111 2214 3122 708 
6112 2877 2886 1927 
6113 2837 3119 2039 
6114 2608 3167 2124 
6115 2341 2869 2340 
6116 1756 2955 2937 
6117 357 2649 1585 
6118 2343 2970 2113 
6119 2287 2863 1437 
6120 2293 2294 1580 
6121 2461 2868 2462 
6122 1549 3085 1315 
6123 2581 3042 881 
6124 2075 3152 2866 
6125 2316 2825 1313 
6126 2674 3068 1577 
6127 2497 3105 1548 
6128 1667 2964 2776 
6129 2759 2969 2023 
6130 2728 2743 292 
6131 2333 2983 267 
6132 2589 3028 1397 
6133 2137 3109 2849 
6134 2469 3048 1766 
6135 2754 2755 159 
6136 1580 2504 560 
6137 1568 2510 65 
6138 1625 3132 2709 
6139 2004 3153 2703 
6140 2584 3139 1395 
6141 2081 3065 2197 
6142 2821 3035 2422 
6143 1856 3128 2818 
6144 2555 3077 1734 
6145 1795 3170 3129 
6146 1520 3066 1452 
6147 2958 3001 879 
6148 1701 3041 1703 
6149 893 3148 2574 
6150 2948 3131 2081 
6151 1635 3095 2619 
6152 2826 3046 2352 
6153 1474 2489 2488 
6154 911 2970 2343 
6155 1766 3048 1771 
6156 2430 2694 343 
6157 569 2484 1473 
6158 2877 3087 801 
6159 444 2470 1535 
6160 1437 2639 396 
6161 454 2475 1522 
6162 2488 2667 1924 
6163 1201 3189 3047 
6164 1751 3178 2675 
6165 2654 2704 317 
6166 2660 2701 265 
6167 1938 3192 2782 
6168 213 2723 2597 
6169 2598 2720 238 
6170 2916 3046 2400 
6171 2484 2485 1473 
6172 108 2692 2429 
6173 2973 2985 1768 
6174 2458 2459 1586 
6175 1916 2884 2872 
6176 589 2530 1312 
6177 2475 2476 1522 
6178 2518 3092 1740 
6179 1313 2613 434 
6180 1586 2651 378 
6181 2881 3182 1441 
6182 1350 2628 492 
6183 3093 3094 1899 
6184 3017 3041 1701 
6185 1499 2944 52 
6186 68 2943 1500 
6187 415 2505 1579 
6188 531 2525 1349 
6189 55 2509 1567 
6190 2470 2471 1535 
6191 822 3049 2154 
6192 33 2488 1924 
6193 2209 3141 772 
6194 2734 2968 934 
6195 2945 3112 846 
6196 2478 2882 2479 
6197 682 2994 2918 
6198 2269 2922 2270 
6199 2125 3066 2816 
6200 2949 3049 822 
6201 2698 3053 2215 
6202 2253 2995 2909 
6203 987 2985 2973 
6204 989 3103 2993 
6205 910 2982 2698 
6206 2194 3063 880 
6207 1821 3094 3093 
6208 2568 3075 2088 
6209 1703 3041 2925 
6210 2761 3185 1757 
6211 2477 3084 2892 
6212 2678 3152 2076 
6213 580 2472 2035 
6214 2010 2629 26 
6215 1383 3102 2788 
6216 2872 3141 1915 
6217 2505 2506 1579 
6218 2854 3089 1409 
6219 2293 2933 2294 
6220 3012 3160 2068 
6221 2520 3156 1747 
6222 1792 3001 2958 
6223 801 3087 2157 
6224 2917 3143 1720 
6225 1221 3154 3057 
6226 2153 2649 356 
6227 1596 2531 2530 
6228 2613 2614 1597 
6229 1660 3023 2659 
6230 1473 2903 2278 
6231 1055 3167 2608 
6232 2895 3051 2060 
6233 1577 3068 2777 
6234 2158 3176 899 
6235 2869 2970 911 
6236 2993 3103 2710 
6237 2673 3164 1964 
6238 2629 2630 1542 
6239 2489 2667 2488 
6240 2474 2737 522 
6241 3056 3138 1149 
6242 2652 3030 906 
6243 2271 2986 2272 
6244 2529 2982 910 
6245 2931 3183 1677 
6246 2805 3075 1736 
6247 1710 3051 2895 
6248 2702 3123 1318 
6249 1776 3071 2708 
6250 2974 3011 1687 
6251 1596 2530 588 
6252 587 2655 1596 
6253 1597 2612 436 
6254 2284 3031 2274 
6255 435 2613 1597 
6256 1676 3191 2932 
6257 2296 2987 1231 
6258 3077 3113 2683 
6259 2510 2719 503 
6260 2221 3148 893 
6261 1231 2987 2558 
6262 1923 2484 87 
6263 2504 2742 561 
6264 2034 2470 443 
6265 2299 2990 2300 
6266 397 2639 1801 
6267 74 2661 1659 
6268 2920 3014 1651 
6269 493 2628 1660 
6270 2196 3098 2043 
6271 1659 2525 530 
6272 2782 3192 690 
6273 1982 3179 2816 
6274 906 3030 2965 
6275 2278 2903 2349 
6276 2149 3030 2652 
6277 2077 2655 93 
6278 43 2612 2078 
6279 2297 2987 2296 
6280 771 3159 2162 
6281 2352 3046 2916 
6282 1986 2661 529 
6283 1914 3159 2641 
6284 1889 2637 466 
6285 1801 2638 30 
6286 2662 2783 496 
6287 467 2785 2726 
6288 2637 2785 53 
6289 134 2671 2653 
6290 63 2783 2749 
6291 1924 2634 407 
6292 2035 2626 91 
6293 511 3072 2943 
6294 2944 3073 464 
6295 379 2651 2152 
6296 2274 3031 1190 
6297 1985 2662 495 
6298 2078 2653 437 
6299 1358 3171 2870 
6300 2411 3104 2941 
6301 342 2793 2650 
6302 453 2587 2475 
6303 2152 2650 24 
6304 1888 3072 510 
6305 465 3073 1889 
6306 2935 3061 1750 
6307 2598 2724 506 
6308 92 2697 2604 
6309 2605 2670 44 
6310 3040 3086 1891 
6311 2487 3064 2486 
6312 2708 3071 1530 
6313 2650 2793 380 
6314 2724 2730 507 
6315 2858 3172 2794 
6316 526 2750 2705 
6317 1762 3110 2940 
6318 472 2603 2509 
6319 440 2670 1957 
6320 1958 2697 583 
6321 883 3098 2196 
6322 211 2785 2637 
6323 468 2726 2725 
6324 1590 3036 3021 
6325 414 2602 2505 
6326 2752 2753 160 
6327 2429 2692 31 
6328 1634 3115 2867 
6329 1660 2659 62 
6330 401 2692 2186 
6331 497 2749 2748 
6332 2967 3082 2141 
6333 2458 2997 2459 
6334 2604 2697 316 
6335 135 2670 2605 
6336 2653 2671 438 
6337 398 2638 2592 
6338 410 2753 2752 
6339 509 2636 1888 
6340 385 2631 2010 
6341 381 2793 2187 
6342 2953 3142 1732 
6343 2874 3162 1763 
6344 2612 3124 2078 
6345 2639 3002 1801 
6346 3021 3036 2110 
6347 494 2659 1985 
6348 45 2627 2034 
6349 568 2635 1923 
6350 2486 3064 1474 
6351 2521 2750 525 
6352 2971 3069 1962 
6353 2940 3110 825 
6354 586 2654 2077 
6355 528 2660 1986 
6356 470 2723 1881 
6357 1882 2720 505 
6358 2597 2723 54 
6359 66 2720 2598 
6360 899 3180 2222 
6361 34 2754 2753 
6362 16 2648 2153 
6363 1916 3121 2884 
6364 2485 2903 1473 
6365 2634 2755 408 
6366 2626 2696 581 
6367 73 2705 2701 
6368 469 2725 2597 
6369 48 2751 1959 
6370 2892 3193 2213 
6371 2925 3041 1112 
6372 2744 2745 291 
6373 2993 3185 989 
6374 2604 2704 584 
6375 2794 3172 1721 
6376 2522 2751 499 
6377 439 2671 2605 
6378 35 2756 2171 
6379 2172 2741 85 
6380 2441 3171 2885 
6381 527 2701 2660 
6382 563 2741 2255 
6383 2256 2756 412 
6384 1769 3096 2973 
6385 3065 3132 1625 
6386 498 2748 2522 
6387 1522 3084 2477 
6388 411 2752 2256 
6389 1881 2603 471 
6390 1959 2587 452 
6391 86 2744 2743 
6392 504 2719 1882 
6393 523 2737 1960 
6394 2748 2749 187 
6395 67 2706 2636 
6396 25 2694 2430 
6397 2187 2694 382 
6398 585 2704 2654 
6399 1747 3156 3044 
6400 2868 3081 1708 
6401 2171 2602 413 
6402 2430 2711 383 
6403 562 2742 2172 
6404 565 2745 2744 
6405 997 3061 3008 
6406 3005 3194 933 
6407 2186 2721 402 
6408 400 2693 2429 
6409 567 2728 2635 
6410 566 2743 2728 
6411 1735 3165 2836 
6412 1957 2736 441 
6413 2725 2726 212 
6414 384 2711 2631 
6415 582 2696 1958 
6416 508 2730 2706 
6417 403 2721 2648 
6418 186 2783 2662 
6419 1757 3185 2993 
6420 1645 3169 2904 
6421 1926 3087 2877 
6422 409 2755 2754 
6423 442 2736 2627 
6424 1756 3177 2955 
6425 2884 3121 2217 
6426 2592 2693 399 
6427 2255 2745 564 
6428 1474 3064 2489 
6429 1960 2747 72 
6430 524 2747 2521 
6431 1567 2991 2297 
6432 2509 2991 1567 
6433 1929 3049 2949 
6434 1798 3131 2948 
6435 3049 3166 2154 
6436 2476 3120 3084 
6437 1718 3153 2996 
6438 3176 3180 899 
6439 2476 3084 1522 
6440 2613 3108 2614 
6441 2044 3172 2858 
6442 2936 3157 1633 
6443 2895 3181 1710 
6444 1830 3193 3150 
6445 2825 3108 1313 
6446 1961 3138 3056 
6447 3044 3156 1458 
6448 2705 2750 264 
6449 1313 3108 2613 
6450 1923 3033 2484 
6451 1851 3112 2945 
6452 3057 3154 2096 
6453 239 2730 2724 
6454 2919 3166 1930 
6455 2484 3033 2485 
6456 2078 3124 2653 
6457 2475 3052 2476 
6458 2587 3052 2475 
6459 2602 3078 2505 
6460 2505 3078 2506 
6461 3150 3193 1729 
6462 997 3188 3061 
6463 1729 3193 2892 
6464 2115 3180 3176 
6465 2240 3073 2944 
6466 2943 3072 2239 
6467 2701 2705 265 
6468 2592 2638 107 
6469 2153 2648 110 
6470 239 2724 2598 
6471 2706 2730 239 
6472 186 2662 1985 
6473 2749 2783 187 
6474 2635 2728 292 
6475 2034 2627 137 
6476 2010 2631 345 
6477 2077 2654 317 
6478 2530 2738 1312 
6479 1750 2966 1684 
6480 2338 3003 1749 
6481 2635 3033 1923 
6482 1959 3052 2587 
6483 2034 2471 2470 
6484 2171 3078 2602 
6485 2603 2991 2509 
$EndElements
