$MeshFormat
4.1 0 8
$EndMeshFormat
$PhysicalNames
3
1 101 "头部_固定"
1 102 "手柄端"
2 200 "domain"
$EndPhysicalNames
$Entities
33 31 1 0
1 -21.65 12.5 0 0 
2 24 10 0 0 
3 110 10 0 0 
4 110 -10 0 0 
5 24 -10 0 0 
6 -21.65 -12.5 0 0 
10 0 0 0 0 
11 -25 0 0 0 
100 8 0 0 0 
101 7.727406610312546 2.070552360820166 0 0 
102 6.92820323027551 4 0 0 
103 5.656854249492381 5.65685424949238 0 0 
104 4.000000000000001 6.928203230275509 0 0 
105 2.070552360820166 7.727406610312546 0 0 
106 4.898425415289509e-16 8 0 0 
107 -2.070552360820165 7.727406610312546 0 0 
108 -3.999999999999998 6.92820323027551 0 0 
109 -5.65685424949238 5.656854249492381 0 0 
110 -6.92820323027551 4 0 0 
111 -7.727406610312546 2.070552360820168 0 0 
112 -8 9.796850830579018e-16 0 0 
113 -7.727406610312546 -2.070552360820166 0 0 
114 -6.928203230275511 -3.999999999999998 0 0 
115 -5.656854249492383 -5.656854249492377 0 0 
116 -4.000000000000004 -6.928203230275507 0 0 
117 -2.070552360820165 -7.727406610312546 0 0 
118 -1.469527624586853e-15 -8 0 0 
119 2.070552360820162 -7.727406610312547 0 0 
120 4.000000000000001 -6.928203230275509 0 0 
121 5.656854249492379 -5.656854249492381 0 0 
122 6.928203230275507 -4.000000000000004 0 0 
123 7.727406610312545 -2.070552360820173 0 0 
199 0 0 0 0 
1 -24.99944999394987 -1.77635683940025e-15 0 -21.65 12.5 0 1 101 2 1 -11 
2 -25 -12.50027500907533 0 -21.65047631571847 0 0 1 101 2 11 -6 
3 -21.65 -12.5 0 24 -10 0 0 2 6 -5 
4 24 -10 0 110 -10 0 0 2 5 -4 
5 110 -10 0 110 10 0 1 102 2 4 -3 
6 24 10 0 110 10 0 0 2 3 -2 
7 -21.65 10 0 24 12.5 0 0 2 2 -1 
200 7.727406610312546 0 0 8 2.070552360820166 0 0 2 101 -100 
201 6.92820323027551 2.070552360820166 0 7.727406610312546 4 0 0 2 102 -101 
202 5.656854249492381 4 0 6.92820323027551 5.65685424949238 0 0 2 103 -102 
203 4.000000000000001 5.65685424949238 0 5.656854249492381 6.928203230275509 0 0 2 104 -103 
204 2.070552360820166 6.928203230275509 0 4.000000000000001 7.727406610312546 0 0 2 105 -104 
205 4.440892098500626e-16 7.727406610312546 0 2.070552360820166 8 0 0 2 106 -105 
206 -2.070552360820165 7.727406610312546 0 4.440892098500626e-16 8 0 0 2 107 -106 
207 -3.999999999999998 6.92820323027551 0 -2.070552360820165 7.727406610312546 0 0 2 108 -107 
208 -5.65685424949238 5.656854249492381 0 -3.999999999999998 6.92820323027551 0 0 2 109 -108 
209 -6.92820323027551 4 0 -5.65685424949238 5.656854249492381 0 0 2 110 -109 
210 -7.727406610312546 2.070552360820168 0 -6.92820323027551 4 0 0 2 111 -110 
211 -8 8.881784197001252e-16 0 -7.727406610312546 2.070552360820168 0 0 2 112 -111 
212 -8 -2.070552360820166 0 -7.727406610312546 8.881784197001252e-16 0 0 2 113 -112 
213 -7.727406610312546 -3.999999999999998 0 -6.928203230275511 -2.070552360820166 0 0 2 114 -113 
214 -6.928203230275511 -5.656854249492377 0 -5.656854249492383 -3.999999999999998 0 0 2 115 -114 
215 -5.656854249492383 -6.928203230275507 0 -4.000000000000004 -5.656854249492377 0 0 2 116 -115 
216 -4.000000000000004 -7.727406610312546 0 -2.070552360820165 -6.928203230275507 0 0 2 117 -116 
217 -2.070552360820165 -8 0 -1.554312234475219e-15 -7.727406610312546 0 0 2 118 -117 
218 -1.332267629550188e-15 -8 0 2.070552360820162 -7.727406610312547 0 0 2 119 -118 
219 2.070552360820162 -7.727406610312547 0 4.000000000000001 -6.928203230275509 0 0 2 120 -119 
220 4.000000000000001 -6.928203230275509 0 5.656854249492379 -5.656854249492381 0 0 2 121 -120 
221 5.656854249492379 -5.656854249492381 0 6.928203230275507 -4.000000000000004 0 0 2 122 -121 
222 6.928203230275507 -4.000000000000004 0 7.727406610312545 -2.070552360820173 0 0 2 123 -122 
223 7.727406610312545 -2.070552360820173 0 8 0 0 0 2 100 -123 
1 -25 -12.50027500907533 0 110 12.5 0 1 200 31 1 2 3 4 5 6 7 -201 -202 -203 -204 -205 -206 -207 -208 -209 -210 -211 -212 -213 -214 -215 -216 -217 -218 -219 -220 -221 -222 -223 -200 
$EndEntities
$Nodes
65 10817 1 10817
0 1 0 1
1
-21.65 12.5 0
0 2 0 1
2
24 10 0
0 3 0 1
3
110 10 0
0 4 0 1
4
110 -10 0
0 5 0 1
5
24 -10 0
0 6 0 1
6
-21.65 -12.5 0
0 10 0 1
7
0 0 0
0 11 0 1
8
-25 0 0
0 100 0 1
9
8 0 0
0 101 0 1
10
7.727406610312546 2.070552360820166 0
0 102 0 1
11
6.92820323027551 4 0
0 103 0 1
12
5.656854249492381 5.65685424949238 0
0 104 0 1
13
4.000000000000001 6.928203230275509 0
0 105 0 1
14
2.070552360820166 7.727406610312546 0
0 106 0 1
15
4.898425415289509e-16 8 0
0 107 0 1
16
-2.070552360820165 7.727406610312546 0
0 108 0 1
17
-3.999999999999998 6.92820323027551 0
0 109 0 1
18
-5.65685424949238 5.656854249492381 0
0 110 0 1
19
-6.92820323027551 4 0
0 111 0 1
20
-7.727406610312546 2.070552360820168 0
0 112 0 1
21
-8 9.796850830579018e-16 0
0 113 0 1
22
-7.727406610312546 -2.070552360820166 0
0 114 0 1
23
-6.928203230275511 -3.999999999999998 0
0 115 0 1
24
-5.656854249492383 -5.656854249492377 0
0 116 0 1
25
-4.000000000000004 -6.928203230275507 0
0 117 0 1
26
-2.070552360820165 -7.727406610312546 0
0 118 0 1
27
-1.469527624586853e-15 -8 0
0 119 0 1
28
2.070552360820162 -7.727406610312547 0
0 120 0 1
29
4.000000000000001 -6.928203230275509 0
0 121 0 1
30
5.656854249492379 -5.656854249492381 0
0 122 0 1
31
6.928203230275507 -4.000000000000004 0
0 123 0 1
32
7.727406610312545 -2.070552360820173 0
0 199 0 1
33
0 0 0
1 1 0 41
34
35
36
37
38
39
40
41
42
43
44
45
46
47
48
49
50
51
52
53
54
55
56
57
58
59
60
61
62
63
64
65
66
67
68
69
70
71
72
73
74
-21.8450891306826 12.15584554329863 0
-22.03244856333668 11.81286207080756 0
-22.21225572606672 11.47118980576192 0
-22.38468703460562 11.13096071158098 0
-22.54991711669708 10.79229994162931 0
-22.7081190982711 10.45532529473547 0
-22.85946449957844 10.12014737009857 0
-23.00412273489708 9.786870653982882 0
-23.14226146927392 9.455592741217224 0
-23.27404614274781 9.126405433972669 0
-23.39964006765868 8.79939456462901 0
-23.51920438253866 8.474640122882757 0
-23.63289791825705 8.152216630171296 0
-23.74087705864159 7.832193593525728 0
-23.84329588017793 7.514635158827761 0
-23.94030589980423 7.199600921148259 0
-24.03205613829408 6.887145835967314 0
-24.11869313273332 6.577320242244777 0
-24.20036083149123 6.270170302760933 0
-24.27720058723535 5.96573814771818 0
-24.34935114994646 5.664062020899952 0
-24.41694867397131 5.365176367338838 0
-24.48012666127316 5.069112214976429 0
-24.53901602630545 4.775897032047966 0
-24.59374503958603 4.485555141544629 0
-24.6444393546383 4.198107775600229 0
-24.69122201048457 3.913573255857402 0
-24.73421346620214 3.631966988884225 0
-24.77353158361763 3.353301787119674 0
-24.80929165939833 3.077587912458204 0
-24.84160644365762 2.80483320331675 0
-24.87058616067612 2.535043199707987 0
-24.89633853224399 2.268221260790787 0
-24.91896880281163 2.004368679784351 0
-24.93857976676605 1.743484791057021 0
-24.95527179342999 1.485567136159533 0
-24.96914286967532 1.230611373969277 0
-24.98028861726841 0.9786115664401915 0
-24.98880233032578 0.7295602071831269 0
-24.99477500867759 0.4834483070468831 0
-24.99829539190846 0.2402654758561926 0
1 2 0 41
75
76
77
78
79
80
81
82
83
84
85
86
87
88
89
90
91
92
93
94
95
96
97
98
99
100
101
102
103
104
105
106
107
108
109
110
111
112
113
114
115
-24.99884537254928 -0.2402707626227999 0
-24.99532491184193 -0.4834589449518748 0
-24.98935210203751 -0.7295762608484117 0
-24.98083820159446 -0.9786331006863053 0
-24.96969220868509 -1.230638453621224 0
-24.95582082714125 -1.485599826205899 0
-24.93912843306445 -1.743523157034695 0
-24.9195170374559 -2.004412786814409 0
-24.89688626875004 -2.268271174468762 0
-24.87113333036601 -2.535098984883442 0
-24.84215297548807 -2.804894925384756 0
-24.80983747996153 -3.07765563666507 0
-24.77407661705014 -3.353375578805561 0
-24.73475763419702 -3.632046912903555 0
-24.69176523214632 -3.913659377177606 0
-24.64498154654114 -4.198200158478261 0
-24.5942861156222 -4.485653850099538 0
-24.53955589768383 -4.776002129862431 0
-24.48066523640819 -5.069223765322993 0
-24.41748585843606 -5.365294433027427 0
-24.34988684647213 -5.664186663944217 0
-24.2777346954851 -5.965869429985794 0
-24.20089324830144 -6.270308284631465 0
-24.11922375210477 -6.577464982491726 0
-24.03258485166624 -6.887297390665115 0
-23.94083259462251 -7.199759348496341 0
-23.84382046011252 -7.51480045416506 0
-23.74139940964784 -7.832365802972505 0
-23.63341785039891 -8.152396010281025 0
-23.51972181335364 -8.474826595421098 0
-23.40015488698263 -8.799588130431029 0
-23.27455813682298 -9.126606353713703 0
-23.14277060837291 -9.455800789368977 0
-23.00462887467609 -9.787085896139837 0
-22.85996741809105 -10.12037003492538 0
-22.70861873350546 -10.45555523232913 0
-22.55041322657025 -10.79253738983217 0
-22.38517951017154 -11.13120560844135 0
-22.21274440897192 -11.47144218577972 0
-22.03293329128432 -11.8131219659248 0
-21.84556973755994 -12.15611298242186 0
1 3 0 79
116
117
118
119
120
121
122
123
124
125
126
127
128
129
130
131
132
133
134
135
136
137
138
139
140
141
142
143
144
145
146
147
148
149
150
151
152
153
154
155
156
157
158
159
160
161
162
163
164
165
166
167
168
169
170
171
172
173
174
175
176
177
178
179
180
181
182
183
184
185
186
187
188
189
190
191
192
193
194
-21.25275437047528 -12.47824503671825 0
-20.85205200220138 -12.45630076682373 0
-20.44786269781777 -12.43416553657272 0
-20.0401561922018 -12.4118376885105 0
-19.62890175962935 -12.3893155399578 0
-19.21406866761108 -12.36659740786479 0
-18.7956256539607 -12.34368158017309 0
-18.37354142032932 -12.32056634284388 0
-17.9477841065371 -12.29724995106994 0
-17.5183219203267 -12.27373066376378 0
-17.08512259610841 -12.25000671391612 0
-16.64815351777243 -12.2260763153216 0
-16.20738197960823 -12.20193767686792 0
-15.7627748353018 -12.17758898331335 0
-15.31429879983763 -12.15302841182024 0
-14.86192004732981 -12.12825410993044 0
-14.40560475316259 -12.10326422525534 0
-13.94531852074225 -12.07805687408227 0
-13.4810269994455 -12.05263017521607 0
-13.01269517628568 -12.02698221118761 0
-12.54028767283472 -12.0011110445145 0
-12.06376968272777 -11.97501476904314 0
-11.58310481977198 -11.94869139210142 0
-11.09825732370294 -11.92213895529589 0
-10.60919062078681 -11.89535545568383 0
-10.11586828352204 -11.86833889833089 0
-9.618252719064239 -11.84108722448326 0
-9.116307101546955 -11.8135984173903 0
-8.609993777850661 -11.7858704149973 0
-8.099274196911344 -11.75790110607401 0
-7.584110497751341 -11.72968841718244 0
-7.064463657469558 -11.70123021125244 0
-6.540295015543016 -11.67252437105931 0
-6.011565101300556 -11.64356873501098 0
-5.478234254113413 -11.61436113111245 0
-4.940262072208125 -11.58489934678029 0
-4.397608846995961 -11.55518120739299 0
-3.850233176324625 -11.52520444558185 0
-3.298094205614024 -11.49496682396572 0
-2.741150656308058 -11.46446608194458 0
-2.17936080114838 -11.43369993434548 0
-1.612681973807625 -11.40266604456778 0
-1.041071977955678 -11.37136210175004 0
-0.4644879007859721 -11.33978575579332 0
0.1171136213141999 -11.3079346319105 0
0.703776367093262 -11.27580633257978 0
1.295544076166021 -11.24339846242245 0
1.892461461720124 -11.2107085727426 0
2.494573140892911 -11.17773422010444 0
3.101924251857305 -11.14447293253794 0
3.714560674164016 -11.11092219747185 0
4.332528313318416 -11.07707950091356 0
4.955873383673641 -11.04294231195654 0
5.584642854050479 -11.00850805837621 0
6.218883849180294 -10.97377415940962 0
6.858643798791327 -10.93873801759084 0
7.50397118301936 -10.90339697792884 0
8.154914202127721 -10.86774840075971 0
8.811521603353977 -10.83178961646473 0
9.473842891071101 -10.79551791396106 0
10.14192763287652 -10.75893057870337 0
10.81582586007539 -10.72202487075162 0
11.49558850480089 -10.68479800083237 0
12.18126661161412 -10.64724717351511 0
12.87291129513963 -10.60936958953233 0
13.57057461030984 -10.57116239812104 0
14.27430908620124 -10.53262272255196 0
14.9841672587981 -10.49374768571752 0
15.70020287154249 -10.45453434438431 0
16.42246920150109 -10.41497978085974 0
17.15102088949771 -10.37508100276573 0
17.88591229626891 -10.33483503306304 0
18.62719860136541 -10.29423884987046 0
19.37493564486024 -10.25328939513361 0
20.12917967608629 -10.2119835883852 0
20.88998686018037 -10.17031835376887 0
21.65741477172718 -10.12829053824057 0
22.43152078039624 -10.0858969999783 0
23.21236303561805 -10.04313455445684 0
1 4 0 107
195
196
197
198
199
200
201
202
203
204
205
206
207
208
209
210
211
212
213
214
215
216
217
218
219
220
221
222
223
224
225
226
227
228
229
230
231
232
233
234
235
236
237
238
239
240
241
242
243
244
245
246
247
248
249
250
251
252
253
254
255
256
257
258
259
260
261
262
263
264
265
266
267
268
269
270
271
272
273
274
275
276
277
278
279
280
281
282
283
284
285
286
287
288
289
290
291
292
293
294
295
296
297
298
299
300
301
24.79629629629605 -10 0
25.5925925925921 -10 0
26.38888888888815 -10 0
27.1851851851842 -10 0
27.98148148148026 -10 0
28.77777777777631 -10 0
29.57407407407236 -10 0
30.37037037036841 -10 0
31.16666666666446 -10 0
31.96296296295933 -10 0
32.7592592592523 -10 0
33.55555555554506 -10 0
34.35185185183782 -10 0
35.14814814813058 -10 0
35.94444444442334 -10 0
36.74074074071611 -10 0
37.53703703700887 -10 0
38.33333333330163 -10 0
39.12962962959439 -10 0
39.92592592588716 -10 0
40.72222222217991 -10 0
41.51851851847267 -10 0
42.31481481476544 -10 0
43.1111111110582 -10 0
43.90740740735096 -10 0
44.70370370364373 -10 0
45.49999999993649 -10 0
46.29629629622925 -10 0
47.09259259252201 -10 0
47.88888888881478 -10 0
48.68518518510753 -10 0
49.48148148140029 -10 0
50.27777777769306 -10 0
51.07407407398581 -10 0
51.87037037027858 -10 0
52.66666666657134 -10 0
53.4629629628641 -10 0
54.25925925915686 -10 0
55.05555555544963 -10 0
55.85185185174239 -10 0
56.64814814803515 -10 0
57.44444444432791 -10 0
58.24074074062067 -10 0
59.03703703691344 -10 0
59.8333333332062 -10 0
60.62962962949896 -10 0
61.42592592579172 -10 0
62.22222222208448 -10 0
63.01851851837725 -10 0
63.81481481467001 -10 0
64.61111111096277 -10 0
65.40740740725553 -10 0
66.20370370354829 -10 0
66.99999999984382 -10 0
67.79629629614698 -10 0
68.59259259245289 -10 0
69.3888888887588 -10 0
70.18518518506474 -10 0
70.98148148137065 -10 0
71.77777777767656 -10 0
72.57407407398249 -10 0
73.37037037028841 -10 0
74.16666666659432 -10 0
74.96296296290025 -10 0
75.75925925920617 -10 0
76.5555555555121 -10 0
77.35185185181803 -10 0
78.14814814812394 -10 0
78.94444444442988 -10 0
79.74074074073579 -10 0
80.53703703704173 -10 0
81.33333333334767 -10 0
82.12962962965358 -10 0
82.92592592595952 -10 0
83.72222222226543 -10 0
84.51851851857136 -10 0
85.31481481487728 -10 0
86.11111111118322 -10 0
86.90740740748913 -10 0
87.70370370379507 -10 0
88.50000000009543 -10 0
89.29629629638819 -10 0
90.09259259268094 -10 0
90.88888888897371 -10 0
91.68518518526648 -10 0
92.48148148155924 -10 0
93.27777777785201 -10 0
94.07407407414476 -10 0
94.87037037043753 -10 0
95.66666666673028 -10 0
96.46296296302306 -10 0
97.25925925931581 -10 0
98.05555555560856 -10 0
98.85185185190133 -10 0
99.6481481481941 -10 0
100.4444444444868 -10 0
101.2407407407796 -10 0
102.0370370370724 -10 0
102.8333333333651 -10 0
103.6296296296579 -10 0
104.4259259259507 -10 0
105.2222222222434 -10 0
106.0185185185362 -10 0
106.8148148148289 -10 0
107.6111111111217 -10 0
108.4074074074145 -10 0
109.2037037037072 -10 0
1 5 0 24
302
303
304
305
306
307
308
309
310
311
312
313
314
315
316
317
318
319
320
321
322
323
324
325
110 -9.199999999999013 0
110 -8.399999999998027 0
110 -7.599999999997102 0
110 -6.799999999999162 0
110 -6.000000000001728 0
110 -5.200000000004295 0
110 -4.400000000006862 0
110 -3.600000000009428 0
110 -2.800000000011993 0
110 -2.00000000001449 0
110 -1.200000000013784 0
110 -0.400000000012799 0
110 0.3999999999881858 0
110 1.199999999989171 0
110 1.999999999990154 0
110 2.799999999991138 0
110 3.599999999992125 0
110 4.39999999999311 0
110 5.199999999994095 0
110 5.999999999995078 0
110 6.799999999996061 0
110 7.599999999997046 0
110 8.39999999999803 0
110 9.199999999999015 0
1 6 0 107
326
327
328
329
330
331
332
333
334
335
336
337
338
339
340
341
342
343
344
345
346
347
348
349
350
351
352
353
354
355
356
357
358
359
360
361
362
363
364
365
366
367
368
369
370
371
372
373
374
375
376
377
378
379
380
381
382
383
384
385
386
387
388
389
390
391
392
393
394
395
396
397
398
399
400
401
402
403
404
405
406
407
408
409
410
411
412
413
414
415
416
417
418
419
420
421
422
423
424
425
426
427
428
429
430
431
432
109.2037037037056 10 0
108.4074074074111 10 0
107.6111111111167 10 0
106.8148148148222 10 0
106.0185185185278 10 0
105.2222222222333 10 0
104.4259259259389 10 0
103.6296296296444 10 0
102.83333333335 10 0
102.0370370370555 10 0
101.2407407407611 10 0
100.4444444444666 10 0
99.6481481481722 10 0
98.85185185187775 10 0
98.05555555558331 10 0
97.25925925928885 10 0
96.46296296299441 10 0
95.66666666669997 10 0
94.87037037040551 10 0
94.07407407411107 10 0
93.27777777781662 10 0
92.48148148152218 10 0
91.68518518522774 10 0
90.88888888893328 10 0
90.09259259263884 10 0
89.29629629634439 10 0
88.50000000004994 10 0
87.70370370375549 10 0
86.90740740746105 10 0
86.11111111116661 10 0
85.31481481487215 10 0
84.51851851857771 10 0
83.72222222228326 10 0
82.92592592598882 10 0
82.12962962969436 10 0
81.33333333339992 10 0
80.53703703710548 10 0
79.74074074081102 10 0
78.94444444451659 10 0
78.14814814822213 10 0
77.35185185192769 10 0
76.55555555563323 10 0
75.75925925933879 10 0
74.96296296304435 10 0
74.1666666667499 10 0
73.37037037045545 10 0
72.57407407416102 10 0
71.77777777786656 10 0
70.98148148157212 10 0
70.18518518527767 10 0
69.38888888898322 10 0
68.59259259268877 10 0
67.79629629639433 10 0
67.00000000009712 10 0
66.20370370379229 10 0
65.40740740748467 10 0
64.61111111117707 10 0
63.81481481487152 10 0
63.01851851856978 10 0
62.22222222226875 10 0
61.42592592596773 10 0
60.6296296296667 10 0
59.83333333336569 10 0
59.03703703706466 10 0
58.24074074076365 10 0
57.44444444446262 10 0
56.6481481481616 10 0
55.85185185186058 10 0
55.05555555555956 10 0
54.25925925925853 10 0
53.4629629629575 10 0
52.66666666665649 10 0
51.87037037035547 10 0
51.07407407405444 10 0
50.27777777775342 10 0
49.4814814814524 10 0
48.68518518515138 10 0
47.88888888885037 10 0
47.09259259254933 10 0
46.29629629624831 10 0
45.49999999995006 10 0
44.70370370365562 10 0
43.90740740736116 10 0
43.11111111106672 10 0
42.31481481477228 10 0
41.51851851847783 10 0
40.72222222218338 10 0
39.92592592588893 10 0
39.12962962959449 10 0
38.33333333330003 10 0
37.5370370370056 10 0
36.74074074071115 10 0
35.94444444441669 10 0
35.14814814812226 10 0
34.3518518518278 10 0
33.55555555553336 10 0
32.75925925923892 10 0
31.96296296294447 10 0
31.16666666665002 10 0
30.37037037035557 10 0
29.57407407406113 10 0
28.77777777776667 10 0
27.98148148147224 10 0
27.18518518517779 10 0
26.38888888888334 10 0
25.5925925925889 10 0
24.79629629629444 10 0
1 7 0 79
433
434
435
436
437
438
439
440
441
442
443
444
445
446
447
448
449
450
451
452
453
454
455
456
457
458
459
460
461
462
463
464
465
466
467
468
469
470
471
472
473
474
475
476
477
478
479
480
481
482
483
484
485
486
487
488
489
490
491
492
493
494
495
496
497
498
499
500
501
502
503
504
505
506
507
508
509
510
511
23.21236303562107 10.04313455445668 0
22.43152078040228 10.08589699997797 0
21.65741477173622 10.12829053824007 0
20.88998686019234 10.17031835376822 0
20.1291796761018 10.21198358838435 0
19.37493564487974 10.25328939513254 0
18.62719860138881 10.29423884986918 0
17.88591229629658 10.33483503306152 0
17.15102088952968 10.37508100276398 0
16.42246920153731 10.41497978085776 0
15.70020287158299 10.45453434438209 0
14.98416725884303 10.49374768571506 0
14.27430908625047 10.53262272254926 0
13.57057461036329 10.57116239811811 0
12.87291129519703 10.60936958952919 0
12.18126661167535 10.64724717351175 0
11.49558850486594 10.68479800082881 0
10.81582586014441 10.72202487074784 0
10.14192763294921 10.75893057869939 0
9.473842891147079 10.7955179139569 0
8.811521603433498 10.83178961646038 0
8.154914202210888 10.86774840075515 0
7.503971183105914 10.9033969779241 0
6.858643798881175 10.93873801758592 0
6.218883849273364 10.97377415940453 0
5.584642854147045 11.00850805837092 0
4.955873383773831 11.04294231195105 0
4.332528313422099 11.07707950090788 0
3.714560674271123 11.11092219746599 0
3.101924251967791 11.14447293253188 0
2.494573141006732 11.17773422009821 0
1.892461461837179 11.21070857273619 0
1.29554407628622 11.24339846241587 0
0.7037763672107573 11.27580633257334 0
0.1171136214275741 11.3079346319043 0
-0.4644879006767191 11.33978575578733 0
-1.041071977850418 11.37136210174427 0
-1.612681973706373 11.40266604456223 0
-2.179360801051054 11.43369993434015 0
-2.741150656214565 11.46446608193946 0
-3.298094205524318 11.49496682396081 0
-3.850233176238504 11.52520444557714 0
-4.397608846913091 11.55518120738845 0
-4.940262072128426 11.58489934677593 0
-5.478234254036884 11.61436113110826 0
-6.011565101227255 11.64356873500697 0
-6.540295015472992 11.67252437105548 0
-7.064463657402566 11.70123021124877 0
-7.584110497687107 11.72968841717892 0
-8.099274196849905 11.75790110607064 0
-8.609993777792269 11.7858704149941 0
-9.116307101491564 11.81359841738727 0
-9.618252719011736 11.84108722448038 0
-10.11586828347227 11.86833889832816 0
-10.60919062073975 11.89535545568126 0
-11.09825732365856 11.92213895529346 0
-11.58310481973036 11.94869139209914 0
-12.06376968268891 11.97501476904101 0
-12.54028767279858 12.00111104451252 0
-13.01269517625219 12.02698221118577 0
-13.48102699941466 12.05263017521438 0
-13.94531852071398 12.07805687408072 0
-14.40560475313685 12.10326422525393 0
-14.86192004730654 12.12825410992916 0
-15.3142987998168 12.1530284118191 0
-15.76277483528336 12.17758898331234 0
-16.20738197959183 12.20193767686702 0
-16.64815351775785 12.2260763153208 0
-17.08512259609563 12.25000671391542 0
-17.51832192031571 12.27373066376318 0
-17.94778410652785 12.29724995106943 0
-18.37354142032159 12.32056634284346 0
-18.79562565395399 12.34368158017273 0
-19.21406866760537 12.36659740786448 0
-19.62890175962465 12.38931553995754 0
-20.04015619219803 12.4118376885103 0
-20.44786269781498 12.43416553657256 0
-20.85205200219952 12.45630076682363 0
-21.25275437047437 12.4782450367182 0
1 200 0 8
512
513
514
515
516
517
518
519
7.75769476472219 1.840490987396258 0
7.787982919131818 1.610429613972472 0
7.818271073541431 1.380368240548802 0
7.848559227951008 1.150306867125402 0
7.878847382360691 0.920245493701201 0
7.909135536770511 0.6901841202759564 0
7.939423691180345 0.4601227468506095 0
7.969711845590167 0.2300613734253456 0
1 201 0 8
520
521
522
523
524
525
526
527
7.017003605835089 3.785616928980239 0
7.105803981394437 3.571233857961038 0
7.19460435695385 3.356850786941679 0
7.283404732513257 3.142467715922332 0
7.372205108072947 2.928084644902305 0
7.461005483632797 2.71370157388189 0
7.549805859192748 2.499318502861232 0
7.63860623475261 2.28493543184079 0
1 202 0 8
528
529
530
531
532
533
534
535
5.798115247356614 5.472759332882843 0
5.939376245220838 5.28866441627332 0
6.080637243085034 5.104569499663831 0
6.221898240948939 4.920474583054723 0
6.363159238813866 4.736379666444283 0
6.50442023667928 4.552284749833207 0
6.645681234544611 4.368189833222241 0
6.786942232410079 4.184094916611097 0
1 203 0 8
536
537
538
539
540
541
542
543
4.184094916609908 6.786942232410991 0
4.368189833219585 6.645681234546649 0
4.552284749829239 6.504420236682326 0
4.736379666438991 6.363159238817927 0
4.920474583049547 6.221898240952911 0
5.104569499660726 6.080637243087417 0
5.288664416270728 5.939376245222826 0
5.472759332881306 5.798115247357794 0
1 204 0 8
544
545
546
547
548
549
550
551
2.284935431839625 7.638606234753092 0
2.499318502859114 7.549805859193625 0
2.713701573878368 7.461005483634255 0
2.928084644897787 7.372205108074818 0
3.142467715917784 7.283404732515141 0
3.356850786938248 7.194604356955271 0
3.571233857958907 7.105803981395319 0
3.785616928979423 7.017003605835427 0
1 205 0 8
552
553
554
555
556
557
558
559
0.2300613734240141 7.969711845590342 0
0.4601227468478567 7.939423691180707 0
0.6901841202717013 7.909135536771071 0
0.9202454936953987 7.878847382361455 0
1.150306867119733 7.848559227951755 0
1.380368240544846 7.818271073541952 0
1.610429613970003 7.787982919132143 0
1.840490987395152 7.757694764722336 0
1 206 0 8
560
561
562
563
564
565
566
567
-1.840490987396143 7.757694764722205 0
-1.610429613972182 7.787982919131856 0
-1.380368240548332 7.818271073541493 0
-1.150306867124766 7.848559227951092 0
-0.9202454937002904 7.878847382360811 0
-0.6901841202752019 7.90913553677061 0
-0.4601227468500686 7.939423691180416 0
-0.2300613734249899 7.969711845590213 0
1 207 0 8
568
569
570
571
572
573
574
575
-3.785616928980237 7.017003605835089 0
-3.571233857960929 7.105803981394481 0
-3.356850786941554 7.194604356953901 0
-3.142467715922422 7.28340473251322 0
-2.928084644902452 7.372205108072886 0
-2.713701573882037 7.461005483632736 0
-2.499318502861379 7.549805859192687 0
-2.284935431840789 7.63860623475261 0
1 208 0 8
576
577
578
579
580
581
582
583
-5.47275933288249 5.798115247356884 0
-5.288664416272665 5.93937624522134 0
-5.104569499662848 6.080637243085788 0
-4.920474583053619 6.221898240949786 0
-4.736379666443094 6.363159238814778 0
-4.552284749832333 6.504420236679951 0
-4.368189833221852 6.645681234544909 0
-4.184094916610659 6.786942232410413 0
1 209 0 8
584
585
586
587
588
589
590
591
-6.786942232411125 4.184094916609733 0
-6.64568123454665 4.368189833219583 0
-6.504420236682483 4.552284749829034 0
-6.3631592388178 4.736379666439156 0
-6.221898240952662 4.920474583049872 0
-6.080637243087675 5.10456949966039 0
-5.939376245223094 5.28866441627038 0
-5.798115247357679 5.472759332881455 0
1 210 0 8
592
593
594
595
596
597
598
599
-7.638606234753065 2.28493543183969 0
-7.549805859193608 2.499318502859157 0
-7.461005483634227 2.713701573878438 0
-7.372205108074829 2.92808464489776 0
-7.283404732515194 3.142467715917655 0
-7.194604356955239 3.356850786938324 0
-7.105803981395368 3.571233857958787 0
-7.017003605835454 3.785616928979359 0
1 211 0 8
600
601
602
603
604
605
606
607
-7.969711845590336 0.2300613734240597 0
-7.939423691180701 0.4601227468479023 0
-7.909135536771069 0.6901841202717174 0
-7.878847382361449 0.9202454936954448 0
-7.848559227951731 1.150306867119909 0
-7.81827107354194 1.380368240544937 0
-7.787982919132137 1.61042961397005 0
-7.757694764722346 1.840490987395078 0
1 212 0 8
608
609
610
611
612
613
614
615
-7.757694764722215 -1.840490987396073 0
-7.78798291913185 -1.61042961397223 0
-7.818271073541495 -1.380368240548318 0
-7.848559227951096 -1.150306867124733 0
-7.878847382360812 -0.9202454937002813 0
-7.909135536770602 -0.690184120275259 0
-7.93942369118041 -0.4601227468501068 0
-7.969711845590201 -0.2300613734250843 0
1 213 0 8
616
617
618
619
620
621
622
623
-7.017003605834991 -3.785616928980476 0
-7.105803981394448 -3.571233857961009 0
-7.194604356953829 -3.356850786941728 0
-7.283404732513227 -3.142467715922406 0
-7.372205108072862 -2.928084644902511 0
-7.461005483632817 -2.713701573881842 0
-7.549805859192688 -2.499318502861379 0
-7.638606234752602 -2.284935431840807 0
1 214 0 8
624
625
626
627
628
629
630
631
-5.79811524735701 -5.472759332882329 0
-5.939376245221217 -5.288664416272826 0
-6.080637243085759 -5.104569499662887 0
-6.221898240949976 -4.920474583053372 0
-6.363159238814637 -4.736379666443279 0
-6.504420236680235 -4.552284749831963 0
-6.645681234544899 -4.368189833221866 0
-6.786942232409912 -4.184094916611313 0
1 215 0 8
632
633
634
635
636
637
638
639
-4.1840949166098 -6.786942232411074 0
-4.368189833219918 -6.645681234546394 0
-4.55228474982953 -6.504420236682103 0
-4.736379666439035 -6.363159238817893 0
-4.92047458304888 -6.221898240953423 0
-5.104569499659704 -6.080637243088201 0
-5.288664416270754 -5.939376245222807 0
-5.472759332882034 -5.798115247357234 0
1 216 0 8
640
641
642
643
644
645
646
647
-2.284935431839489 -7.638606234753148 0
-2.499318502859447 -7.549805859193487 0
-2.713701573878454 -7.46100548363422 0
-2.928084644897593 -7.372205108074898 0
-3.142467715917726 -7.283404732515164 0
-3.356850786938286 -7.194604356955254 0
-3.571233857958881 -7.105803981395329 0
-3.785616928979416 -7.017003605835429 0
1 217 0 8
648
649
650
651
652
653
654
655
-0.2300613734240244 -7.969711845590341 0
-0.4601227468478762 -7.939423691180704 0
-0.69018412027173 -7.909135536771068 0
-0.9202454936954368 -7.87884738236145 0
-1.150306867119866 -7.848559227951737 0
-1.380368240544902 -7.818271073541944 0
-1.61042961397007 -7.787982919132134 0
-1.840490987395151 -7.757694764722336 0
1 218 0 8
656
657
658
659
660
661
662
663
1.840490987395911 -7.757694764722237 0
1.61042961397222 -7.787982919131852 0
1.380368240548547 -7.818271073541465 0
1.150306867124758 -7.848559227951093 0
0.9202454937001314 -7.878847382360831 0
0.6901841202750694 -7.909135536770628 0
0.4601227468500459 -7.939423691180418 0
0.2300613734249939 -7.969711845590213 0
1 219 0 8
664
665
666
667
668
669
670
671
3.785616928980656 -7.017003605834915 0
3.571233857960862 -7.105803981394509 0
3.356850786942038 -7.1946043569537 0
3.14246771592275 -7.283404732513084 0
2.928084644902501 -7.372205108072865 0
2.713701573881798 -7.461005483632835 0
2.499318502861264 -7.549805859192734 0
2.284935431840879 -7.638606234752572 0
1 220 0 8
672
673
674
675
676
677
678
679
5.472759332882464 -5.798115247356906 0
5.288664416272658 -5.939376245221346 0
5.104569499663071 -6.080637243085618 0
4.920474583053266 -6.221898240950058 0
4.736379666443172 -6.363159238814719 0
4.552284749832184 -6.504420236680065 0
4.368189833221651 -6.645681234545065 0
4.184094916610769 -6.786942232410329 0
1 221 0 8
680
681
682
683
684
685
686
687
6.786942232411057 -4.184094916609821 0
6.645681234546784 -4.368189833219409 0
6.504420236682476 -4.552284749829043 0
6.363159238818047 -4.736379666438835 0
6.221898240953204 -4.920474583049166 0
6.080637243087946 -5.104569499660037 0
5.939376245222788 -5.288664416270778 0
5.798115247357677 -5.472759332881457 0
1 222 0 8
688
689
690
691
692
693
694
695
7.638606234752968 -2.284935431839928 0
7.549805859193576 -2.499318502859236 0
7.461005483634192 -2.713701573878522 0
7.372205108074789 -2.928084644897858 0
7.283404732515173 -3.142467715917706 0
7.194604356955269 -3.356850786938251 0
7.105803981395317 -3.57123385795891 0
7.017003605835425 -3.785616928979426 0
1 223 0 8
696
697
698
699
700
701
702
703
7.969711845590336 -0.2300613734240638 0
7.939423691180705 -0.4601227468478668 0
7.909135536771073 -0.6901841202716869 0
7.878847382361451 -0.9202454936954194 0
7.848559227951734 -1.150306867119889 0
7.818271073541942 -1.380368240544922 0
7.787982919132132 -1.610429613970084 0
7.75769476472234 -1.840490987395117 0
2 1 0 10114
704
705
706
707
708
709
710
711
712
713
714
715
716
717
718
719
720
721
722
723
724
725
726
727
728
729
730
731
732
733
734
735
736
737
738
739
740
741
742
743
744
745
746
747
748
749
750
751
752
753
754
755
756
757
758
759
760
761
762
763
764
765
766
767
768
769
770
771
772
773
774
775
776
777
778
779
780
781
782
783
784
785
786
787
788
789
790
791
792
793
794
795
796
797
798
799
800
801
802
803
804
805
806
807
808
809
810
811
812
813
814
815
816
817
818
819
820
821
822
823
824
825
826
827
828
829
830
831
832
833
834
835
836
837
838
839
840
841
842
843
844
845
846
847
848
849
850
851
852
853
854
855
856
857
858
859
860
861
862
863
864
865
866
867
868
869
870
871
872
873
874
875
876
877
878
879
880
881
882
883
884
885
886
887
888
889
890
891
892
893
894
895
896
897
898
899
900
901
902
903
904
905
906
907
908
909
910
911
912
913
914
915
916
917
918
919
920
921
922
923
924
925
926
927
928
929
930
931
932
933
934
935
936
937
938
939
940
941
942
943
944
945
946
947
948
949
950
951
952
953
954
955
956
957
958
959
960
961
962
963
964
965
966
967
968
969
970
971
972
973
974
975
976
977
978
979
980
981
982
983
984
985
986
987
988
989
990
991
992
993
994
995
996
997
998
999
1000
1001
1002
1003
1004
1005
1006
1007
1008
1009
1010
1011
1012
1013
1014
1015
1016
1017
1018
1019
1020
1021
1022
1023
1024
1025
1026
1027
1028
1029
1030
1031
1032
1033
1034
1035
1036
1037
1038
1039
1040
1041
1042
1043
1044
1045
1046
1047
1048
1049
1050
1051
1052
1053
1054
1055
1056
1057
1058
1059
1060
1061
1062
1063
1064
1065
1066
1067
1068
1069
1070
1071
1072
1073
1074
1075
1076
1077
1078
1079
1080
1081
1082
1083
1084
1085
1086
1087
1088
1089
1090
1091
1092
1093
1094
1095
1096
1097
1098
1099
1100
1101
1102
1103
1104
1105
1106
1107
1108
1109
1110
1111
1112
1113
1114
1115
1116
1117
1118
1119
1120
1121
1122
1123
1124
1125
1126
1127
1128
1129
1130
1131
1132
1133
1134
1135
1136
1137
1138
1139
1140
1141
1142
1143
1144
1145
1146
1147
1148
1149
1150
1151
1152
1153
1154
1155
1156
1157
1158
1159
1160
1161
1162
1163
1164
1165
1166
1167
1168
1169
1170
1171
1172
1173
1174
1175
1176
1177
1178
1179
1180
1181
1182
1183
1184
1185
1186
1187
1188
1189
1190
1191
1192
1193
1194
1195
1196
1197
1198
1199
1200
1201
1202
1203
1204
1205
1206
1207
1208
1209
1210
1211
1212
1213
1214
1215
1216
1217
1218
1219
1220
1221
1222
1223
1224
1225
1226
1227
1228
1229
1230
1231
1232
1233
1234
1235
1236
1237
1238
1239
1240
1241
1242
1243
1244
1245
1246
1247
1248
1249
1250
1251
1252
1253
1254
1255
1256
1257
1258
1259
1260
1261
1262
1263
1264
1265
1266
1267
1268
1269
1270
1271
1272
1273
1274
1275
1276
1277
1278
1279
1280
1281
1282
1283
1284
1285
1286
1287
1288
1289
1290
1291
1292
1293
1294
1295
1296
1297
1298
1299
1300
1301
1302
1303
1304
1305
1306
1307
1308
1309
1310
1311
1312
1313
1314
1315
1316
1317
1318
1319
1320
1321
1322
1323
1324
1325
1326
1327
1328
1329
1330
1331
1332
1333
1334
1335
1336
1337
1338
1339
1340
1341
1342
1343
1344
1345
1346
1347
1348
1349
1350
1351
1352
1353
1354
1355
1356
1357
1358
1359
1360
1361
1362
1363
1364
1365
1366
1367
1368
1369
1370
1371
1372
1373
1374
1375
1376
1377
1378
1379
1380
1381
1382
1383
1384
1385
1386
1387
1388
1389
1390
1391
1392
1393
1394
1395
1396
1397
1398
1399
1400
1401
1402
1403
1404
1405
1406
1407
1408
1409
1410
1411
1412
1413
1414
1415
1416
1417
1418
1419
1420
1421
1422
1423
1424
1425
1426
1427
1428
1429
1430
1431
1432
1433
1434
1435
1436
1437
1438
1439
1440
1441
1442
1443
1444
1445
1446
1447
1448
1449
1450
1451
1452
1453
1454
1455
1456
1457
1458
1459
1460
1461
1462
1463
1464
1465
1466
1467
1468
1469
1470
1471
1472
1473
1474
1475
1476
1477
1478
1479
1480
1481
1482
1483
1484
1485
1486
1487
1488
1489
1490
1491
1492
1493
1494
1495
1496
1497
1498
1499
1500
1501
1502
1503
1504
1505
1506
1507
1508
1509
1510
1511
1512
1513
1514
1515
1516
1517
1518
1519
1520
1521
1522
1523
1524
1525
1526
1527
1528
1529
1530
1531
1532
1533
1534
1535
1536
1537
1538
1539
1540
1541
1542
1543
1544
1545
1546
1547
1548
1549
1550
1551
1552
1553
1554
1555
1556
1557
1558
1559
1560
1561
1562
1563
1564
1565
1566
1567
1568
1569
1570
1571
1572
1573
1574
1575
1576
1577
1578
1579
1580
1581
1582
1583
1584
1585
1586
1587
1588
1589
1590
1591
1592
1593
1594
1595
1596
1597
1598
1599
1600
1601
1602
1603
1604
1605
1606
1607
1608
1609
1610
1611
1612
1613
1614
1615
1616
1617
1618
1619
1620
1621
1622
1623
1624
1625
1626
1627
1628
1629
1630
1631
1632
1633
1634
1635
1636
1637
1638
1639
1640
1641
1642
1643
1644
1645
1646
1647
1648
1649
1650
1651
1652
1653
1654
1655
1656
1657
1658
1659
1660
1661
1662
1663
1664
1665
1666
1667
1668
1669
1670
1671
1672
1673
1674
1675
1676
1677
1678
1679
1680
1681
1682
1683
1684
1685
1686
1687
1688
1689
1690
1691
1692
1693
1694
1695
1696
1697
1698
1699
1700
1701
1702
1703
1704
1705
1706
1707
1708
1709
1710
1711
1712
1713
1714
1715
1716
1717
1718
1719
1720
1721
1722
1723
1724
1725
1726
1727
1728
1729
1730
1731
1732
1733
1734
1735
1736
1737
1738
1739
1740
1741
1742
1743
1744
1745
1746
1747
1748
1749
1750
1751
1752
1753
1754
1755
1756
1757
1758
1759
1760
1761
1762
1763
1764
1765
1766
1767
1768
1769
1770
1771
1772
1773
1774
1775
1776
1777
1778
1779
1780
1781
1782
1783
1784
1785
1786
1787
1788
1789
1790
1791
1792
1793
1794
1795
1796
1797
1798
1799
1800
1801
1802
1803
1804
1805
1806
1807
1808
1809
1810
1811
1812
1813
1814
1815
1816
1817
1818
1819
1820
1821
1822
1823
1824
1825
1826
1827
1828
1829
1830
1831
1832
1833
1834
1835
1836
1837
1838
1839
1840
1841
1842
1843
1844
1845
1846
1847
1848
1849
1850
1851
1852
1853
1854
1855
1856
1857
1858
1859
1860
1861
1862
1863
1864
1865
1866
1867
1868
1869
1870
1871
1872
1873
1874
1875
1876
1877
1878
1879
1880
1881
1882
1883
1884
1885
1886
1887
1888
1889
1890
1891
1892
1893
1894
1895
1896
1897
1898
1899
1900
1901
1902
1903
1904
1905
1906
1907
1908
1909
1910
1911
1912
1913
1914
1915
1916
1917
1918
1919
1920
1921
1922
1923
1924
1925
1926
1927
1928
1929
1930
1931
1932
1933
1934
1935
1936
1937
1938
1939
1940
1941
1942
1943
1944
1945
1946
1947
1948
1949
1950
1951
1952
1953
1954
1955
1956
1957
1958
1959
1960
1961
1962
1963
1964
1965
1966
1967
1968
1969
1970
1971
1972
1973
1974
1975
1976
1977
1978
1979
1980
1981
1982
1983
1984
1985
1986
1987
1988
1989
1990
1991
1992
1993
1994
1995
1996
1997
1998
1999
2000
2001
2002
2003
2004
2005
2006
2007
2008
2009
2010
2011
2012
2013
2014
2015
2016
2017
2018
2019
2020
2021
2022
2023
2024
2025
2026
2027
2028
2029
2030
2031
2032
2033
2034
2035
2036
2037
2038
2039
2040
2041
2042
2043
2044
2045
2046
2047
2048
2049
2050
2051
2052
2053
2054
2055
2056
2057
2058
2059
2060
2061
2062
2063
2064
2065
2066
2067
2068
2069
2070
2071
2072
2073
2074
2075
2076
2077
2078
2079
2080
2081
2082
2083
2084
2085
2086
2087
2088
2089
2090
2091
2092
2093
2094
2095
2096
2097
2098
2099
2100
2101
2102
2103
2104
2105
2106
2107
2108
2109
2110
2111
2112
2113
2114
2115
2116
2117
2118
2119
2120
2121
2122
2123
2124
2125
2126
2127
2128
2129
2130
2131
2132
2133
2134
2135
2136
2137
2138
2139
2140
2141
2142
2143
2144
2145
2146
2147
2148
2149
2150
2151
2152
2153
2154
2155
2156
2157
2158
2159
2160
2161
2162
2163
2164
2165
2166
2167
2168
2169
2170
2171
2172
2173
2174
2175
2176
2177
2178
2179
2180
2181
2182
2183
2184
2185
2186
2187
2188
2189
2190
2191
2192
2193
2194
2195
2196
2197
2198
2199
2200
2201
2202
2203
2204
2205
2206
2207
2208
2209
2210
2211
2212
2213
2214
2215
2216
2217
2218
2219
2220
2221
2222
2223
2224
2225
2226
2227
2228
2229
2230
2231
2232
2233
2234
2235
2236
2237
2238
2239
2240
2241
2242
2243
2244
2245
2246
2247
2248
2249
2250
2251
2252
2253
2254
2255
2256
2257
2258
2259
2260
2261
2262
2263
2264
2265
2266
2267
2268
2269
2270
2271
2272
2273
2274
2275
2276
2277
2278
2279
2280
2281
2282
2283
2284
2285
2286
2287
2288
2289
2290
2291
2292
2293
2294
2295
2296
2297
2298
2299
2300
2301
2302
2303
2304
2305
2306
2307
2308
2309
2310
2311
2312
2313
2314
2315
2316
2317
2318
2319
2320
2321
2322
2323
2324
2325
2326
2327
2328
2329
2330
2331
2332
2333
2334
2335
2336
2337
2338
2339
2340
2341
2342
2343
2344
2345
2346
2347
2348
2349
2350
2351
2352
2353
2354
2355
2356
2357
2358
2359
2360
2361
2362
2363
2364
2365
2366
2367
2368
2369
2370
2371
2372
2373
2374
2375
2376
2377
2378
2379
2380
2381
2382
2383
2384
2385
2386
2387
2388
2389
2390
2391
2392
2393
2394
2395
2396
2397
2398
2399
2400
2401
2402
2403
2404
2405
2406
2407
2408
2409
2410
2411
2412
2413
2414
2415
2416
2417
2418
2419
2420
2421
2422
2423
2424
2425
2426
2427
2428
2429
2430
2431
2432
2433
2434
2435
2436
2437
2438
2439
2440
2441
2442
2443
2444
2445
2446
2447
2448
2449
2450
2451
2452
2453
2454
2455
2456
2457
2458
2459
2460
2461
2462
2463
2464
2465
2466
2467
2468
2469
2470
2471
2472
2473
2474
2475
2476
2477
2478
2479
2480
2481
2482
2483
2484
2485
2486
2487
2488
2489
2490
2491
2492
2493
2494
2495
2496
2497
2498
2499
2500
2501
2502
2503
2504
2505
2506
2507
2508
2509
2510
2511
2512
2513
2514
2515
2516
2517
2518
2519
2520
2521
2522
2523
2524
2525
2526
2527
2528
2529
2530
2531
2532
2533
2534
2535
2536
2537
2538
2539
2540
2541
2542
2543
2544
2545
2546
2547
2548
2549
2550
2551
2552
2553
2554
2555
2556
2557
2558
2559
2560
2561
2562
2563
2564
2565
2566
2567
2568
2569
2570
2571
2572
2573
2574
2575
2576
2577
2578
2579
2580
2581
2582
2583
2584
2585
2586
2587
2588
2589
2590
2591
2592
2593
2594
2595
2596
2597
2598
2599
2600
2601
2602
2603
2604
2605
2606
2607
2608
2609
2610
2611
2612
2613
2614
2615
2616
2617
2618
2619
2620
2621
2622
2623
2624
2625
2626
2627
2628
2629
2630
2631
2632
2633
2634
2635
2636
2637
2638
2639
2640
2641
2642
2643
2644
2645
2646
2647
2648
2649
2650
2651
2652
2653
2654
2655
2656
2657
2658
2659
2660
2661
2662
2663
2664
2665
2666
2667
2668
2669
2670
2671
2672
2673
2674
2675
2676
2677
2678
2679
2680
2681
2682
2683
2684
2685
2686
2687
2688
2689
2690
2691
2692
2693
2694
2695
2696
2697
2698
2699
2700
2701
2702
2703
2704
2705
2706
2707
2708
2709
2710
2711
2712
2713
2714
2715
2716
2717
2718
2719
2720
2721
2722
2723
2724
2725
2726
2727
2728
2729
2730
2731
2732
2733
2734
2735
2736
2737
2738
2739
2740
2741
2742
2743
2744
2745
2746
2747
2748
2749
2750
2751
2752
2753
2754
2755
2756
2757
2758
2759
2760
2761
2762
2763
2764
2765
2766
2767
2768
2769
2770
2771
2772
2773
2774
2775
2776
2777
2778
2779
2780
2781
2782
2783
2784
2785
2786
2787
2788
2789
2790
2791
2792
2793
2794
2795
2796
2797
2798
2799
2800
2801
2802
2803
2804
2805
2806
2807
2808
2809
2810
2811
2812
2813
2814
2815
2816
2817
2818
2819
2820
2821
2822
2823
2824
2825
2826
2827
2828
2829
2830
2831
2832
2833
2834
2835
2836
2837
2838
2839
2840
2841
2842
2843
2844
2845
2846
2847
2848
2849
2850
2851
2852
2853
2854
2855
2856
2857
2858
2859
2860
2861
2862
2863
2864
2865
2866
2867
2868
2869
2870
2871
2872
2873
2874
2875
2876
2877
2878
2879
2880
2881
2882
2883
2884
2885
2886
2887
2888
2889
2890
2891
2892
2893
2894
2895
2896
2897
2898
2899
2900
2901
2902
2903
2904
2905
2906
2907
2908
2909
2910
2911
2912
2913
2914
2915
2916
2917
2918
2919
2920
2921
2922
2923
2924
2925
2926
2927
2928
2929
2930
2931
2932
2933
2934
2935
2936
2937
2938
2939
2940
2941
2942
2943
2944
2945
2946
2947
2948
2949
2950
2951
2952
2953
2954
2955
2956
2957
2958
2959
2960
2961
2962
2963
2964
2965
2966
2967
2968
2969
2970
2971
2972
2973
2974
2975
2976
2977
2978
2979
2980
2981
2982
2983
2984
2985
2986
2987
2988
2989
2990
2991
2992
2993
2994
2995
2996
2997
2998
2999
3000
3001
3002
3003
3004
3005
3006
3007
3008
3009
3010
3011
3012
3013
3014
3015
3016
3017
3018
3019
3020
3021
3022
3023
3024
3025
3026
3027
3028
3029
3030
3031
3032
3033
3034
3035
3036
3037
3038
3039
3040
3041
3042
3043
3044
3045
3046
3047
3048
3049
3050
3051
3052
3053
3054
3055
3056
3057
3058
3059
3060
3061
3062
3063
3064
3065
3066
3067
3068
3069
3070
3071
3072
3073
3074
3075
3076
3077
3078
3079
3080
3081
3082
3083
3084
3085
3086
3087
3088
3089
3090
3091
3092
3093
3094
3095
3096
3097
3098
3099
3100
3101
3102
3103
3104
3105
3106
3107
3108
3109
3110
3111
3112
3113
3114
3115
3116
3117
3118
3119
3120
3121
3122
3123
3124
3125
3126
3127
3128
3129
3130
3131
3132
3133
3134
3135
3136
3137
3138
3139
3140
3141
3142
3143
3144
3145
3146
3147
3148
3149
3150
3151
3152
3153
3154
3155
3156
3157
3158
3159
3160
3161
3162
3163
3164
3165
3166
3167
3168
3169
3170
3171
3172
3173
3174
3175
3176
3177
3178
3179
3180
3181
3182
3183
3184
3185
3186
3187
3188
3189
3190
3191
3192
3193
3194
3195
3196
3197
3198
3199
3200
3201
3202
3203
3204
3205
3206
3207
3208
3209
3210
3211
3212
3213
3214
3215
3216
3217
3218
3219
3220
3221
3222
3223
3224
3225
3226
3227
3228
3229
3230
3231
3232
3233
3234
3235
3236
3237
3238
3239
3240
3241
3242
3243
3244
3245
3246
3247
3248
3249
3250
3251
3252
3253
3254
3255
3256
3257
3258
3259
3260
3261
3262
3263
3264
3265
3266
3267
3268
3269
3270
3271
3272
3273
3274
3275
3276
3277
3278
3279
3280
3281
3282
3283
3284
3285
3286
3287
3288
3289
3290
3291
3292
3293
3294
3295
3296
3297
3298
3299
3300
3301
3302
3303
3304
3305
3306
3307
3308
3309
3310
3311
3312
3313
3314
3315
3316
3317
3318
3319
3320
3321
3322
3323
3324
3325
3326
3327
3328
3329
3330
3331
3332
3333
3334
3335
3336
3337
3338
3339
3340
3341
3342
3343
3344
3345
3346
3347
3348
3349
3350
3351
3352
3353
3354
3355
3356
3357
3358
3359
3360
3361
3362
3363
3364
3365
3366
3367
3368
3369
3370
3371
3372
3373
3374
3375
3376
3377
3378
3379
3380
3381
3382
3383
3384
3385
3386
3387
3388
3389
3390
3391
3392
3393
3394
3395
3396
3397
3398
3399
3400
3401
3402
3403
3404
3405
3406
3407
3408
3409
3410
3411
3412
3413
3414
3415
3416
3417
3418
3419
3420
3421
3422
3423
3424
3425
3426
3427
3428
3429
3430
3431
3432
3433
3434
3435
3436
3437
3438
3439
3440
3441
3442
3443
3444
3445
3446
3447
3448
3449
3450
3451
3452
3453
3454
3455
3456
3457
3458
3459
3460
3461
3462
3463
3464
3465
3466
3467
3468
3469
3470
3471
3472
3473
3474
3475
3476
3477
3478
3479
3480
3481
3482
3483
3484
3485
3486
3487
3488
3489
3490
3491
3492
3493
3494
3495
3496
3497
3498
3499
3500
3501
3502
3503
3504
3505
3506
3507
3508
3509
3510
3511
3512
3513
3514
3515
3516
3517
3518
3519
3520
3521
3522
3523
3524
3525
3526
3527
3528
3529
3530
3531
3532
3533
3534
3535
3536
3537
3538
3539
3540
3541
3542
3543
3544
3545
3546
3547
3548
3549
3550
3551
3552
3553
3554
3555
3556
3557
3558
3559
3560
3561
3562
3563
3564
3565
3566
3567
3568
3569
3570
3571
3572
3573
3574
3575
3576
3577
3578
3579
3580
3581
3582
3583
3584
3585
3586
3587
3588
3589
3590
3591
3592
3593
3594
3595
3596
3597
3598
3599
3600
3601
3602
3603
3604
3605
3606
3607
3608
3609
3610
3611
3612
3613
3614
3615
3616
3617
3618
3619
3620
3621
3622
3623
3624
3625
3626
3627
3628
3629
3630
3631
3632
3633
3634
3635
3636
3637
3638
3639
3640
3641
3642
3643
3644
3645
3646
3647
3648
3649
3650
3651
3652
3653
3654
3655
3656
3657
3658
3659
3660
3661
3662
3663
3664
3665
3666
3667
3668
3669
3670
3671
3672
3673
3674
3675
3676
3677
3678
3679
3680
3681
3682
3683
3684
3685
3686
3687
3688
3689
3690
3691
3692
3693
3694
3695
3696
3697
3698
3699
3700
3701
3702
3703
3704
3705
3706
3707
3708
3709
3710
3711
3712
3713
3714
3715
3716
3717
3718
3719
3720
3721
3722
3723
3724
3725
3726
3727
3728
3729
3730
3731
3732
3733
3734
3735
3736
3737
3738
3739
3740
3741
3742
3743
3744
3745
3746
3747
3748
3749
3750
3751
3752
3753
3754
3755
3756
3757
3758
3759
3760
3761
3762
3763
3764
3765
3766
3767
3768
3769
3770
3771
3772
3773
3774
3775
3776
3777
3778
3779
3780
3781
3782
3783
3784
3785
3786
3787
3788
3789
3790
3791
3792
3793
3794
3795
3796
3797
3798
3799
3800
3801
3802
3803
3804
3805
3806
3807
3808
3809
3810
3811
3812
3813
3814
3815
3816
3817
3818
3819
3820
3821
3822
3823
3824
3825
3826
3827
3828
3829
3830
3831
3832
3833
3834
3835
3836
3837
3838
3839
3840
3841
3842
3843
3844
3845
3846
3847
3848
3849
3850
3851
3852
3853
3854
3855
3856
3857
3858
3859
3860
3861
3862
3863
3864
3865
3866
3867
3868
3869
3870
3871
3872
3873
3874
3875
3876
3877
3878
3879
3880
3881
3882
3883
3884
3885
3886
3887
3888
3889
3890
3891
3892
3893
3894
3895
3896
3897
3898
3899
3900
3901
3902
3903
3904
3905
3906
3907
3908
3909
3910
3911
3912
3913
3914
3915
3916
3917
3918
3919
3920
3921
3922
3923
3924
3925
3926
3927
3928
3929
3930
3931
3932
3933
3934
3935
3936
3937
3938
3939
3940
3941
3942
3943
3944
3945
3946
3947
3948
3949
3950
3951
3952
3953
3954
3955
3956
3957
3958
3959
3960
3961
3962
3963
3964
3965
3966
3967
3968
3969
3970
3971
3972
3973
3974
3975
3976
3977
3978
3979
3980
3981
3982
3983
3984
3985
3986
3987
3988
3989
3990
3991
3992
3993
3994
3995
3996
3997
3998
3999
4000
4001
4002
4003
4004
4005
4006
4007
4008
4009
4010
4011
4012
4013
4014
4015
4016
4017
4018
4019
4020
4021
4022
4023
4024
4025
4026
4027
4028
4029
4030
4031
4032
4033
4034
4035
4036
4037
4038
4039
4040
4041
4042
4043
4044
4045
4046
4047
4048
4049
4050
4051
4052
4053
4054
4055
4056
4057
4058
4059
4060
4061
4062
4063
4064
4065
4066
4067
4068
4069
4070
4071
4072
4073
4074
4075
4076
4077
4078
4079
4080
4081
4082
4083
4084
4085
4086
4087
4088
4089
4090
4091
4092
4093
4094
4095
4096
4097
4098
4099
4100
4101
4102
4103
4104
4105
4106
4107
4108
4109
4110
4111
4112
4113
4114
4115
4116
4117
4118
4119
4120
4121
4122
4123
4124
4125
4126
4127
4128
4129
4130
4131
4132
4133
4134
4135
4136
4137
4138
4139
4140
4141
4142
4143
4144
4145
4146
4147
4148
4149
4150
4151
4152
4153
4154
4155
4156
4157
4158
4159
4160
4161
4162
4163
4164
4165
4166
4167
4168
4169
4170
4171
4172
4173
4174
4175
4176
4177
4178
4179
4180
4181
4182
4183
4184
4185
4186
4187
4188
4189
4190
4191
4192
4193
4194
4195
4196
4197
4198
4199
4200
4201
4202
4203
4204
4205
4206
4207
4208
4209
4210
4211
4212
4213
4214
4215
4216
4217
4218
4219
4220
4221
4222
4223
4224
4225
4226
4227
4228
4229
4230
4231
4232
4233
4234
4235
4236
4237
4238
4239
4240
4241
4242
4243
4244
4245
4246
4247
4248
4249
4250
4251
4252
4253
4254
4255
4256
4257
4258
4259
4260
4261
4262
4263
4264
4265
4266
4267
4268
4269
4270
4271
4272
4273
4274
4275
4276
4277
4278
4279
4280
4281
4282
4283
4284
4285
4286
4287
4288
4289
4290
4291
4292
4293
4294
4295
4296
4297
4298
4299
4300
4301
4302
4303
4304
4305
4306
4307
4308
4309
4310
4311
4312
4313
4314
4315
4316
4317
4318
4319
4320
4321
4322
4323
4324
4325
4326
4327
4328
4329
4330
4331
4332
4333
4334
4335
4336
4337
4338
4339
4340
4341
4342
4343
4344
4345
4346
4347
4348
4349
4350
4351
4352
4353
4354
4355
4356
4357
4358
4359
4360
4361
4362
4363
4364
4365
4366
4367
4368
4369
4370
4371
4372
4373
4374
4375
4376
4377
4378
4379
4380
4381
4382
4383
4384
4385
4386
4387
4388
4389
4390
4391
4392
4393
4394
4395
4396
4397
4398
4399
4400
4401
4402
4403
4404
4405
4406
4407
4408
4409
4410
4411
4412
4413
4414
4415
4416
4417
4418
4419
4420
4421
4422
4423
4424
4425
4426
4427
4428
4429
4430
4431
4432
4433
4434
4435
4436
4437
4438
4439
4440
4441
4442
4443
4444
4445
4446
4447
4448
4449
4450
4451
4452
4453
4454
4455
4456
4457
4458
4459
4460
4461
4462
4463
4464
4465
4466
4467
4468
4469
4470
4471
4472
4473
4474
4475
4476
4477
4478
4479
4480
4481
4482
4483
4484
4485
4486
4487
4488
4489
4490
4491
4492
4493
4494
4495
4496
4497
4498
4499
4500
4501
4502
4503
4504
4505
4506
4507
4508
4509
4510
4511
4512
4513
4514
4515
4516
4517
4518
4519
4520
4521
4522
4523
4524
4525
4526
4527
4528
4529
4530
4531
4532
4533
4534
4535
4536
4537
4538
4539
4540
4541
4542
4543
4544
4545
4546
4547
4548
4549
4550
4551
4552
4553
4554
4555
4556
4557
4558
4559
4560
4561
4562
4563
4564
4565
4566
4567
4568
4569
4570
4571
4572
4573
4574
4575
4576
4577
4578
4579
4580
4581
4582
4583
4584
4585
4586
4587
4588
4589
4590
4591
4592
4593
4594
4595
4596
4597
4598
4599
4600
4601
4602
4603
4604
4605
4606
4607
4608
4609
4610
4611
4612
4613
4614
4615
4616
4617
4618
4619
4620
4621
4622
4623
4624
4625
4626
4627
4628
4629
4630
4631
4632
4633
4634
4635
4636
4637
4638
4639
4640
4641
4642
4643
4644
4645
4646
4647
4648
4649
4650
4651
4652
4653
4654
4655
4656
4657
4658
4659
4660
4661
4662
4663
4664
4665
4666
4667
4668
4669
4670
4671
4672
4673
4674
4675
4676
4677
4678
4679
4680
4681
4682
4683
4684
4685
4686
4687
4688
4689
4690
4691
4692
4693
4694
4695
4696
4697
4698
4699
4700
4701
4702
4703
4704
4705
4706
4707
4708
4709
4710
4711
4712
4713
4714
4715
4716
4717
4718
4719
4720
4721
4722
4723
4724
4725
4726
4727
4728
4729
4730
4731
4732
4733
4734
4735
4736
4737
4738
4739
4740
4741
4742
4743
4744
4745
4746
4747
4748
4749
4750
4751
4752
4753
4754
4755
4756
4757
4758
4759
4760
4761
4762
4763
4764
4765
4766
4767
4768
4769
4770
4771
4772
4773
4774
4775
4776
4777
4778
4779
4780
4781
4782
4783
4784
4785
4786
4787
4788
4789
4790
4791
4792
4793
4794
4795
4796
4797
4798
4799
4800
4801
4802
4803
4804
4805
4806
4807
4808
4809
4810
4811
4812
4813
4814
4815
4816
4817
4818
4819
4820
4821
4822
4823
4824
4825
4826
4827
4828
4829
4830
4831
4832
4833
4834
4835
4836
4837
4838
4839
4840
4841
4842
4843
4844
4845
4846
4847
4848
4849
4850
4851
4852
4853
4854
4855
4856
4857
4858
4859
4860
4861
4862
4863
4864
4865
4866
4867
4868
4869
4870
4871
4872
4873
4874
4875
4876
4877
4878
4879
4880
4881
4882
4883
4884
4885
4886
4887
4888
4889
4890
4891
4892
4893
4894
4895
4896
4897
4898
4899
4900
4901
4902
4903
4904
4905
4906
4907
4908
4909
4910
4911
4912
4913
4914
4915
4916
4917
4918
4919
4920
4921
4922
4923
4924
4925
4926
4927
4928
4929
4930
4931
4932
4933
4934
4935
4936
4937
4938
4939
4940
4941
4942
4943
4944
4945
4946
4947
4948
4949
4950
4951
4952
4953
4954
4955
4956
4957
4958
4959
4960
4961
4962
4963
4964
4965
4966
4967
4968
4969
4970
4971
4972
4973
4974
4975
4976
4977
4978
4979
4980
4981
4982
4983
4984
4985
4986
4987
4988
4989
4990
4991
4992
4993
4994
4995
4996
4997
4998
4999
5000
5001
5002
5003
5004
5005
5006
5007
5008
5009
5010
5011
5012
5013
5014
5015
5016
5017
5018
5019
5020
5021
5022
5023
5024
5025
5026
5027
5028
5029
5030
5031
5032
5033
5034
5035
5036
5037
5038
5039
5040
5041
5042
5043
5044
5045
5046
5047
5048
5049
5050
5051
5052
5053
5054
5055
5056
5057
5058
5059
5060
5061
5062
5063
5064
5065
5066
5067
5068
5069
5070
5071
5072
5073
5074
5075
5076
5077
5078
5079
5080
5081
5082
5083
5084
5085
5086
5087
5088
5089
5090
5091
5092
5093
5094
5095
5096
5097
5098
5099
5100
5101
5102
5103
5104
5105
5106
5107
5108
5109
5110
5111
5112
5113
5114
5115
5116
5117
5118
5119
5120
5121
5122
5123
5124
5125
5126
5127
5128
5129
5130
5131
5132
5133
5134
5135
5136
5137
5138
5139
5140
5141
5142
5143
5144
5145
5146
5147
5148
5149
5150
5151
5152
5153
5154
5155
5156
5157
5158
5159
5160
5161
5162
5163
5164
5165
5166
5167
5168
5169
5170
5171
5172
5173
5174
5175
5176
5177
5178
5179
5180
5181
5182
5183
5184
5185
5186
5187
5188
5189
5190
5191
5192
5193
5194
5195
5196
5197
5198
5199
5200
5201
5202
5203
5204
5205
5206
5207
5208
5209
5210
5211
5212
5213
5214
5215
5216
5217
5218
5219
5220
5221
5222
5223
5224
5225
5226
5227
5228
5229
5230
5231
5232
5233
5234
5235
5236
5237
5238
5239
5240
5241
5242
5243
5244
5245
5246
5247
5248
5249
5250
5251
5252
5253
5254
5255
5256
5257
5258
5259
5260
5261
5262
5263
5264
5265
5266
5267
5268
5269
5270
5271
5272
5273
5274
5275
5276
5277
5278
5279
5280
5281
5282
5283
5284
5285
5286
5287
5288
5289
5290
5291
5292
5293
5294
5295
5296
5297
5298
5299
5300
5301
5302
5303
5304
5305
5306
5307
5308
5309
5310
5311
5312
5313
5314
5315
5316
5317
5318
5319
5320
5321
5322
5323
5324
5325
5326
5327
5328
5329
5330
5331
5332
5333
5334
5335
5336
5337
5338
5339
5340
5341
5342
5343
5344
5345
5346
5347
5348
5349
5350
5351
5352
5353
5354
5355
5356
5357
5358
5359
5360
5361
5362
5363
5364
5365
5366
5367
5368
5369
5370
5371
5372
5373
5374
5375
5376
5377
5378
5379
5380
5381
5382
5383
5384
5385
5386
5387
5388
5389
5390
5391
5392
5393
5394
5395
5396
5397
5398
5399
5400
5401
5402
5403
5404
5405
5406
5407
5408
5409
5410
5411
5412
5413
5414
5415
5416
5417
5418
5419
5420
5421
5422
5423
5424
5425
5426
5427
5428
5429
5430
5431
5432
5433
5434
5435
5436
5437
5438
5439
5440
5441
5442
5443
5444
5445
5446
5447
5448
5449
5450
5451
5452
5453
5454
5455
5456
5457
5458
5459
5460
5461
5462
5463
5464
5465
5466
5467
5468
5469
5470
5471
5472
5473
5474
5475
5476
5477
5478
5479
5480
5481
5482
5483
5484
5485
5486
5487
5488
5489
5490
5491
5492
5493
5494
5495
5496
5497
5498
5499
5500
5501
5502
5503
5504
5505
5506
5507
5508
5509
5510
5511
5512
5513
5514
5515
5516
5517
5518
5519
5520
5521
5522
5523
5524
5525
5526
5527
5528
5529
5530
5531
5532
5533
5534
5535
5536
5537
5538
5539
5540
5541
5542
5543
5544
5545
5546
5547
5548
5549
5550
5551
5552
5553
5554
5555
5556
5557
5558
5559
5560
5561
5562
5563
5564
5565
5566
5567
5568
5569
5570
5571
5572
5573
5574
5575
5576
5577
5578
5579
5580
5581
5582
5583
5584
5585
5586
5587
5588
5589
5590
5591
5592
5593
5594
5595
5596
5597
5598
5599
5600
5601
5602
5603
5604
5605
5606
5607
5608
5609
5610
5611
5612
5613
5614
5615
5616
5617
5618
5619
5620
5621
5622
5623
5624
5625
5626
5627
5628
5629
5630
5631
5632
5633
5634
5635
5636
5637
5638
5639
5640
5641
5642
5643
5644
5645
5646
5647
5648
5649
5650
5651
5652
5653
5654
5655
5656
5657
5658
5659
5660
5661
5662
5663
5664
5665
5666
5667
5668
5669
5670
5671
5672
5673
5674
5675
5676
5677
5678
5679
5680
5681
5682
5683
5684
5685
5686
5687
5688
5689
5690
5691
5692
5693
5694
5695
5696
5697
5698
5699
5700
5701
5702
5703
5704
5705
5706
5707
5708
5709
5710
5711
5712
5713
5714
5715
5716
5717
5718
5719
5720
5721
5722
5723
5724
5725
5726
5727
5728
5729
5730
5731
5732
5733
5734
5735
5736
5737
5738
5739
5740
5741
5742
5743
5744
5745
5746
5747
5748
5749
5750
5751
5752
5753
5754
5755
5756
5757
5758
5759
5760
5761
5762
5763
5764
5765
5766
5767
5768
5769
5770
5771
5772
5773
5774
5775
5776
5777
5778
5779
5780
5781
5782
5783
5784
5785
5786
5787
5788
5789
5790
5791
5792
5793
5794
5795
5796
5797
5798
5799
5800
5801
5802
5803
5804
5805
5806
5807
5808
5809
5810
5811
5812
5813
5814
5815
5816
5817
5818
5819
5820
5821
5822
5823
5824
5825
5826
5827
5828
5829
5830
5831
5832
5833
5834
5835
5836
5837
5838
5839
5840
5841
5842
5843
5844
5845
5846
5847
5848
5849
5850
5851
5852
5853
5854
5855
5856
5857
5858
5859
5860
5861
5862
5863
5864
5865
5866
5867
5868
5869
5870
5871
5872
5873
5874
5875
5876
5877
5878
5879
5880
5881
5882
5883
5884
5885
5886
5887
5888
5889
5890
5891
5892
5893
5894
5895
5896
5897
5898
5899
5900
5901
5902
5903
5904
5905
5906
5907
5908
5909
5910
5911
5912
5913
5914
5915
5916
5917
5918
5919
5920
5921
5922
5923
5924
5925
5926
5927
5928
5929
5930
5931
5932
5933
5934
5935
5936
5937
5938
5939
5940
5941
5942
5943
5944
5945
5946
5947
5948
5949
5950
5951
5952
5953
5954
5955
5956
5957
5958
5959
5960
5961
5962
5963
5964
5965
5966
5967
5968
5969
5970
5971
5972
5973
5974
5975
5976
5977
5978
5979
5980
5981
5982
5983
5984
5985
5986
5987
5988
5989
5990
5991
5992
5993
5994
5995
5996
5997
5998
5999
6000
6001
6002
6003
6004
6005
6006
6007
6008
6009
6010
6011
6012
6013
6014
6015
6016
6017
6018
6019
6020
6021
6022
6023
6024
6025
6026
6027
6028
6029
6030
6031
6032
6033
6034
6035
6036
6037
6038
6039
6040
6041
6042
6043
6044
6045
6046
6047
6048
6049
6050
6051
6052
6053
6054
6055
6056
6057
6058
6059
6060
6061
6062
6063
6064
6065
6066
6067
6068
6069
6070
6071
6072
6073
6074
6075
6076
6077
6078
6079
6080
6081
6082
6083
6084
6085
6086
6087
6088
6089
6090
6091
6092
6093
6094
6095
6096
6097
6098
6099
6100
6101
6102
6103
6104
6105
6106
6107
6108
6109
6110
6111
6112
6113
6114
6115
6116
6117
6118
6119
6120
6121
6122
6123
6124
6125
6126
6127
6128
6129
6130
6131
6132
6133
6134
6135
6136
6137
6138
6139
6140
6141
6142
6143
6144
6145
6146
6147
6148
6149
6150
6151
6152
6153
6154
6155
6156
6157
6158
6159
6160
6161
6162
6163
6164
6165
6166
6167
6168
6169
6170
6171
6172
6173
6174
6175
6176
6177
6178
6179
6180
6181
6182
6183
6184
6185
6186
6187
6188
6189
6190
6191
6192
6193
6194
6195
6196
6197
6198
6199
6200
6201
6202
6203
6204
6205
6206
6207
6208
6209
6210
6211
6212
6213
6214
6215
6216
6217
6218
6219
6220
6221
6222
6223
6224
6225
6226
6227
6228
6229
6230
6231
6232
6233
6234
6235
6236
6237
6238
6239
6240
6241
6242
6243
6244
6245
6246
6247
6248
6249
6250
6251
6252
6253
6254
6255
6256
6257
6258
6259
6260
6261
6262
6263
6264
6265
6266
6267
6268
6269
6270
6271
6272
6273
6274
6275
6276
6277
6278
6279
6280
6281
6282
6283
6284
6285
6286
6287
6288
6289
6290
6291
6292
6293
6294
6295
6296
6297
6298
6299
6300
6301
6302
6303
6304
6305
6306
6307
6308
6309
6310
6311
6312
6313
6314
6315
6316
6317
6318
6319
6320
6321
6322
6323
6324
6325
6326
6327
6328
6329
6330
6331
6332
6333
6334
6335
6336
6337
6338
6339
6340
6341
6342
6343
6344
6345
6346
6347
6348
6349
6350
6351
6352
6353
6354
6355
6356
6357
6358
6359
6360
6361
6362
6363
6364
6365
6366
6367
6368
6369
6370
6371
6372
6373
6374
6375
6376
6377
6378
6379
6380
6381
6382
6383
6384
6385
6386
6387
6388
6389
6390
6391
6392
6393
6394
6395
6396
6397
6398
6399
6400
6401
6402
6403
6404
6405
6406
6407
6408
6409
6410
6411
6412
6413
6414
6415
6416
6417
6418
6419
6420
6421
6422
6423
6424
6425
6426
6427
6428
6429
6430
6431
6432
6433
6434
6435
6436
6437
6438
6439
6440
6441
6442
6443
6444
6445
6446
6447
6448
6449
6450
6451
6452
6453
6454
6455
6456
6457
6458
6459
6460
6461
6462
6463
6464
6465
6466
6467
6468
6469
6470
6471
6472
6473
6474
6475
6476
6477
6478
6479
6480
6481
6482
6483
6484
6485
6486
6487
6488
6489
6490
6491
6492
6493
6494
6495
6496
6497
6498
6499
6500
6501
6502
6503
6504
6505
6506
6507
6508
6509
6510
6511
6512
6513
6514
6515
6516
6517
6518
6519
6520
6521
6522
6523
6524
6525
6526
6527
6528
6529
6530
6531
6532
6533
6534
6535
6536
6537
6538
6539
6540
6541
6542
6543
6544
6545
6546
6547
6548
6549
6550
6551
6552
6553
6554
6555
6556
6557
6558
6559
6560
6561
6562
6563
6564
6565
6566
6567
6568
6569
6570
6571
6572
6573
6574
6575
6576
6577
6578
6579
6580
6581
6582
6583
6584
6585
6586
6587
6588
6589
6590
6591
6592
6593
6594
6595
6596
6597
6598
6599
6600
6601
6602
6603
6604
6605
6606
6607
6608
6609
6610
6611
6612
6613
6614
6615
6616
6617
6618
6619
6620
6621
6622
6623
6624
6625
6626
6627
6628
6629
6630
6631
6632
6633
6634
6635
6636
6637
6638
6639
6640
6641
6642
6643
6644
6645
6646
6647
6648
6649
6650
6651
6652
6653
6654
6655
6656
6657
6658
6659
6660
6661
6662
6663
6664
6665
6666
6667
6668
6669
6670
6671
6672
6673
6674
6675
6676
6677
6678
6679
6680
6681
6682
6683
6684
6685
6686
6687
6688
6689
6690
6691
6692
6693
6694
6695
6696
6697
6698
6699
6700
6701
6702
6703
6704
6705
6706
6707
6708
6709
6710
6711
6712
6713
6714
6715
6716
6717
6718
6719
6720
6721
6722
6723
6724
6725
6726
6727
6728
6729
6730
6731
6732
6733
6734
6735
6736
6737
6738
6739
6740
6741
6742
6743
6744
6745
6746
6747
6748
6749
6750
6751
6752
6753
6754
6755
6756
6757
6758
6759
6760
6761
6762
6763
6764
6765
6766
6767
6768
6769
6770
6771
6772
6773
6774
6775
6776
6777
6778
6779
6780
6781
6782
6783
6784
6785
6786
6787
6788
6789
6790
6791
6792
6793
6794
6795
6796
6797
6798
6799
6800
6801
6802
6803
6804
6805
6806
6807
6808
6809
6810
6811
6812
6813
6814
6815
6816
6817
6818
6819
6820
6821
6822
6823
6824
6825
6826
6827
6828
6829
6830
6831
6832
6833
6834
6835
6836
6837
6838
6839
6840
6841
6842
6843
6844
6845
6846
6847
6848
6849
6850
6851
6852
6853
6854
6855
6856
6857
6858
6859
6860
6861
6862
6863
6864
6865
6866
6867
6868
6869
6870
6871
6872
6873
6874
6875
6876
6877
6878
6879
6880
6881
6882
6883
6884
6885
6886
6887
6888
6889
6890
6891
6892
6893
6894
6895
6896
6897
6898
6899
6900
6901
6902
6903
6904
6905
6906
6907
6908
6909
6910
6911
6912
6913
6914
6915
6916
6917
6918
6919
6920
6921
6922
6923
6924
6925
6926
6927
6928
6929
6930
6931
6932
6933
6934
6935
6936
6937
6938
6939
6940
6941
6942
6943
6944
6945
6946
6947
6948
6949
6950
6951
6952
6953
6954
6955
6956
6957
6958
6959
6960
6961
6962
6963
6964
6965
6966
6967
6968
6969
6970
6971
6972
6973
6974
6975
6976
6977
6978
6979
6980
6981
6982
6983
6984
6985
6986
6987
6988
6989
6990
6991
6992
6993
6994
6995
6996
6997
6998
6999
7000
7001
7002
7003
7004
7005
7006
7007
7008
7009
7010
7011
7012
7013
7014
7015
7016
7017
7018
7019
7020
7021
7022
7023
7024
7025
7026
7027
7028
7029
7030
7031
7032
7033
7034
7035
7036
7037
7038
7039
7040
7041
7042
7043
7044
7045
7046
7047
7048
7049
7050
7051
7052
7053
7054
7055
7056
7057
7058
7059
7060
7061
7062
7063
7064
7065
7066
7067
7068
7069
7070
7071
7072
7073
7074
7075
7076
7077
7078
7079
7080
7081
7082
7083
7084
7085
7086
7087
7088
7089
7090
7091
7092
7093
7094
7095
7096
7097
7098
7099
7100
7101
7102
7103
7104
7105
7106
7107
7108
7109
7110
7111
7112
7113
7114
7115
7116
7117
7118
7119
7120
7121
7122
7123
7124
7125
7126
7127
7128
7129
7130
7131
7132
7133
7134
7135
7136
7137
7138
7139
7140
7141
7142
7143
7144
7145
7146
7147
7148
7149
7150
7151
7152
7153
7154
7155
7156
7157
7158
7159
7160
7161
7162
7163
7164
7165
7166
7167
7168
7169
7170
7171
7172
7173
7174
7175
7176
7177
7178
7179
7180
7181
7182
7183
7184
7185
7186
7187
7188
7189
7190
7191
7192
7193
7194
7195
7196
7197
7198
7199
7200
7201
7202
7203
7204
7205
7206
7207
7208
7209
7210
7211
7212
7213
7214
7215
7216
7217
7218
7219
7220
7221
7222
7223
7224
7225
7226
7227
7228
7229
7230
7231
7232
7233
7234
7235
7236
7237
7238
7239
7240
7241
7242
7243
7244
7245
7246
7247
7248
7249
7250
7251
7252
7253
7254
7255
7256
7257
7258
7259
7260
7261
7262
7263
7264
7265
7266
7267
7268
7269
7270
7271
7272
7273
7274
7275
7276
7277
7278
7279
7280
7281
7282
7283
7284
7285
7286
7287
7288
7289
7290
7291
7292
7293
7294
7295
7296
7297
7298
7299
7300
7301
7302
7303
7304
7305
7306
7307
7308
7309
7310
7311
7312
7313
7314
7315
7316
7317
7318
7319
7320
7321
7322
7323
7324
7325
7326
7327
7328
7329
7330
7331
7332
7333
7334
7335
7336
7337
7338
7339
7340
7341
7342
7343
7344
7345
7346
7347
7348
7349
7350
7351
7352
7353
7354
7355
7356
7357
7358
7359
7360
7361
7362
7363
7364
7365
7366
7367
7368
7369
7370
7371
7372
7373
7374
7375
7376
7377
7378
7379
7380
7381
7382
7383
7384
7385
7386
7387
7388
7389
7390
7391
7392
7393
7394
7395
7396
7397
7398
7399
7400
7401
7402
7403
7404
7405
7406
7407
7408
7409
7410
7411
7412
7413
7414
7415
7416
7417
7418
7419
7420
7421
7422
7423
7424
7425
7426
7427
7428
7429
7430
7431
7432
7433
7434
7435
7436
7437
7438
7439
7440
7441
7442
7443
7444
7445
7446
7447
7448
7449
7450
7451
7452
7453
7454
7455
7456
7457
7458
7459
7460
7461
7462
7463
7464
7465
7466
7467
7468
7469
7470
7471
7472
7473
7474
7475
7476
7477
7478
7479
7480
7481
7482
7483
7484
7485
7486
7487
7488
7489
7490
7491
7492
7493
7494
7495
7496
7497
7498
7499
7500
7501
7502
7503
7504
7505
7506
7507
7508
7509
7510
7511
7512
7513
7514
7515
7516
7517
7518
7519
7520
7521
7522
7523
7524
7525
7526
7527
7528
7529
7530
7531
7532
7533
7534
7535
7536
7537
7538
7539
7540
7541
7542
7543
7544
7545
7546
7547
7548
7549
7550
7551
7552
7553
7554
7555
7556
7557
7558
7559
7560
7561
7562
7563
7564
7565
7566
7567
7568
7569
7570
7571
7572
7573
7574
7575
7576
7577
7578
7579
7580
7581
7582
7583
7584
7585
7586
7587
7588
7589
7590
7591
7592
7593
7594
7595
7596
7597
7598
7599
7600
7601
7602
7603
7604
7605
7606
7607
7608
7609
7610
7611
7612
7613
7614
7615
7616
7617
7618
7619
7620
7621
7622
7623
7624
7625
7626
7627
7628
7629
7630
7631
7632
7633
7634
7635
7636
7637
7638
7639
7640
7641
7642
7643
7644
7645
7646
7647
7648
7649
7650
7651
7652
7653
7654
7655
7656
7657
7658
7659
7660
7661
7662
7663
7664
7665
7666
7667
7668
7669
7670
7671
7672
7673
7674
7675
7676
7677
7678
7679
7680
7681
7682
7683
7684
7685
7686
7687
7688
7689
7690
7691
7692
7693
7694
7695
7696
7697
7698
7699
7700
7701
7702
7703
7704
7705
7706
7707
7708
7709
7710
7711
7712
7713
7714
7715
7716
7717
7718
7719
7720
7721
7722
7723
7724
7725
7726
7727
7728
7729
7730
7731
7732
7733
7734
7735
7736
7737
7738
7739
7740
7741
7742
7743
7744
7745
7746
7747
7748
7749
7750
7751
7752
7753
7754
7755
7756
7757
7758
7759
7760
7761
7762
7763
7764
7765
7766
7767
7768
7769
7770
7771
7772
7773
7774
7775
7776
7777
7778
7779
7780
7781
7782
7783
7784
7785
7786
7787
7788
7789
7790
7791
7792
7793
7794
7795
7796
7797
7798
7799
7800
7801
7802
7803
7804
7805
7806
7807
7808
7809
7810
7811
7812
7813
7814
7815
7816
7817
7818
7819
7820
7821
7822
7823
7824
7825
7826
7827
7828
7829
7830
7831
7832
7833
7834
7835
7836
7837
7838
7839
7840
7841
7842
7843
7844
7845
7846
7847
7848
7849
7850
7851
7852
7853
7854
7855
7856
7857
7858
7859
7860
7861
7862
7863
7864
7865
7866
7867
7868
7869
7870
7871
7872
7873
7874
7875
7876
7877
7878
7879
7880
7881
7882
7883
7884
7885
7886
7887
7888
7889
7890
7891
7892
7893
7894
7895
7896
7897
7898
7899
7900
7901
7902
7903
7904
7905
7906
7907
7908
7909
7910
7911
7912
7913
7914
7915
7916
7917
7918
7919
7920
7921
7922
7923
7924
7925
7926
7927
7928
7929
7930
7931
7932
7933
7934
7935
7936
7937
7938
7939
7940
7941
7942
7943
7944
7945
7946
7947
7948
7949
7950
7951
7952
7953
7954
7955
7956
7957
7958
7959
7960
7961
7962
7963
7964
7965
7966
7967
7968
7969
7970
7971
7972
7973
7974
7975
7976
7977
7978
7979
7980
7981
7982
7983
7984
7985
7986
7987
7988
7989
7990
7991
7992
7993
7994
7995
7996
7997
7998
7999
8000
8001
8002
8003
8004
8005
8006
8007
8008
8009
8010
8011
8012
8013
8014
8015
8016
8017
8018
8019
8020
8021
8022
8023
8024
8025
8026
8027
8028
8029
8030
8031
8032
8033
8034
8035
8036
8037
8038
8039
8040
8041
8042
8043
8044
8045
8046
8047
8048
8049
8050
8051
8052
8053
8054
8055
8056
8057
8058
8059
8060
8061
8062
8063
8064
8065
8066
8067
8068
8069
8070
8071
8072
8073
8074
8075
8076
8077
8078
8079
8080
8081
8082
8083
8084
8085
8086
8087
8088
8089
8090
8091
8092
8093
8094
8095
8096
8097
8098
8099
8100
8101
8102
8103
8104
8105
8106
8107
8108
8109
8110
8111
8112
8113
8114
8115
8116
8117
8118
8119
8120
8121
8122
8123
8124
8125
8126
8127
8128
8129
8130
8131
8132
8133
8134
8135
8136
8137
8138
8139
8140
8141
8142
8143
8144
8145
8146
8147
8148
8149
8150
8151
8152
8153
8154
8155
8156
8157
8158
8159
8160
8161
8162
8163
8164
8165
8166
8167
8168
8169
8170
8171
8172
8173
8174
8175
8176
8177
8178
8179
8180
8181
8182
8183
8184
8185
8186
8187
8188
8189
8190
8191
8192
8193
8194
8195
8196
8197
8198
8199
8200
8201
8202
8203
8204
8205
8206
8207
8208
8209
8210
8211
8212
8213
8214
8215
8216
8217
8218
8219
8220
8221
8222
8223
8224
8225
8226
8227
8228
8229
8230
8231
8232
8233
8234
8235
8236
8237
8238
8239
8240
8241
8242
8243
8244
8245
8246
8247
8248
8249
8250
8251
8252
8253
8254
8255
8256
8257
8258
8259
8260
8261
8262
8263
8264
8265
8266
8267
8268
8269
8270
8271
8272
8273
8274
8275
8276
8277
8278
8279
8280
8281
8282
8283
8284
8285
8286
8287
8288
8289
8290
8291
8292
8293
8294
8295
8296
8297
8298
8299
8300
8301
8302
8303
8304
8305
8306
8307
8308
8309
8310
8311
8312
8313
8314
8315
8316
8317
8318
8319
8320
8321
8322
8323
8324
8325
8326
8327
8328
8329
8330
8331
8332
8333
8334
8335
8336
8337
8338
8339
8340
8341
8342
8343
8344
8345
8346
8347
8348
8349
8350
8351
8352
8353
8354
8355
8356
8357
8358
8359
8360
8361
8362
8363
8364
8365
8366
8367
8368
8369
8370
8371
8372
8373
8374
8375
8376
8377
8378
8379
8380
8381
8382
8383
8384
8385
8386
8387
8388
8389
8390
8391
8392
8393
8394
8395
8396
8397
8398
8399
8400
8401
8402
8403
8404
8405
8406
8407
8408
8409
8410
8411
8412
8413
8414
8415
8416
8417
8418
8419
8420
8421
8422
8423
8424
8425
8426
8427
8428
8429
8430
8431
8432
8433
8434
8435
8436
8437
8438
8439
8440
8441
8442
8443
8444
8445
8446
8447
8448
8449
8450
8451
8452
8453
8454
8455
8456
8457
8458
8459
8460
8461
8462
8463
8464
8465
8466
8467
8468
8469
8470
8471
8472
8473
8474
8475
8476
8477
8478
8479
8480
8481
8482
8483
8484
8485
8486
8487
8488
8489
8490
8491
8492
8493
8494
8495
8496
8497
8498
8499
8500
8501
8502
8503
8504
8505
8506
8507
8508
8509
8510
8511
8512
8513
8514
8515
8516
8517
8518
8519
8520
8521
8522
8523
8524
8525
8526
8527
8528
8529
8530
8531
8532
8533
8534
8535
8536
8537
8538
8539
8540
8541
8542
8543
8544
8545
8546
8547
8548
8549
8550
8551
8552
8553
8554
8555
8556
8557
8558
8559
8560
8561
8562
8563
8564
8565
8566
8567
8568
8569
8570
8571
8572
8573
8574
8575
8576
8577
8578
8579
8580
8581
8582
8583
8584
8585
8586
8587
8588
8589
8590
8591
8592
8593
8594
8595
8596
8597
8598
8599
8600
8601
8602
8603
8604
8605
8606
8607
8608
8609
8610
8611
8612
8613
8614
8615
8616
8617
8618
8619
8620
8621
8622
8623
8624
8625
8626
8627
8628
8629
8630
8631
8632
8633
8634
8635
8636
8637
8638
8639
8640
8641
8642
8643
8644
8645
8646
8647
8648
8649
8650
8651
8652
8653
8654
8655
8656
8657
8658
8659
8660
8661
8662
8663
8664
8665
8666
8667
8668
8669
8670
8671
8672
8673
8674
8675
8676
8677
8678
8679
8680
8681
8682
8683
8684
8685
8686
8687
8688
8689
8690
8691
8692
8693
8694
8695
8696
8697
8698
8699
8700
8701
8702
8703
8704
8705
8706
8707
8708
8709
8710
8711
8712
8713
8714
8715
8716
8717
8718
8719
8720
8721
8722
8723
8724
8725
8726
8727
8728
8729
8730
8731
8732
8733
8734
8735
8736
8737
8738
8739
8740
8741
8742
8743
8744
8745
8746
8747
8748
8749
8750
8751
8752
8753
8754
8755
8756
8757
8758
8759
8760
8761
8762
8763
8764
8765
8766
8767
8768
8769
8770
8771
8772
8773
8774
8775
8776
8777
8778
8779
8780
8781
8782
8783
8784
8785
8786
8787
8788
8789
8790
8791
8792
8793
8794
8795
8796
8797
8798
8799
8800
8801
8802
8803
8804
8805
8806
8807
8808
8809
8810
8811
8812
8813
8814
8815
8816
8817
8818
8819
8820
8821
8822
8823
8824
8825
8826
8827
8828
8829
8830
8831
8832
8833
8834
8835
8836
8837
8838
8839
8840
8841
8842
8843
8844
8845
8846
8847
8848
8849
8850
8851
8852
8853
8854
8855
8856
8857
8858
8859
8860
8861
8862
8863
8864
8865
8866
8867
8868
8869
8870
8871
8872
8873
8874
8875
8876
8877
8878
8879
8880
8881
8882
8883
8884
8885
8886
8887
8888
8889
8890
8891
8892
8893
8894
8895
8896
8897
8898
8899
8900
8901
8902
8903
8904
8905
8906
8907
8908
8909
8910
8911
8912
8913
8914
8915
8916
8917
8918
8919
8920
8921
8922
8923
8924
8925
8926
8927
8928
8929
8930
8931
8932
8933
8934
8935
8936
8937
8938
8939
8940
8941
8942
8943
8944
8945
8946
8947
8948
8949
8950
8951
8952
8953
8954
8955
8956
8957
8958
8959
8960
8961
8962
8963
8964
8965
8966
8967
8968
8969
8970
8971
8972
8973
8974
8975
8976
8977
8978
8979
8980
8981
8982
8983
8984
8985
8986
8987
8988
8989
8990
8991
8992
8993
8994
8995
8996
8997
8998
8999
9000
9001
9002
9003
9004
9005
9006
9007
9008
9009
9010
9011
9012
9013
9014
9015
9016
9017
9018
9019
9020
9021
9022
9023
9024
9025
9026
9027
9028
9029
9030
9031
9032
9033
9034
9035
9036
9037
9038
9039
9040
9041
9042
9043
9044
9045
9046
9047
9048
9049
9050
9051
9052
9053
9054
9055
9056
9057
9058
9059
9060
9061
9062
9063
9064
9065
9066
9067
9068
9069
9070
9071
9072
9073
9074
9075
9076
9077
9078
9079
9080
9081
9082
9083
9084
9085
9086
9087
9088
9089
9090
9091
9092
9093
9094
9095
9096
9097
9098
9099
9100
9101
9102
9103
9104
9105
9106
9107
9108
9109
9110
9111
9112
9113
9114
9115
9116
9117
9118
9119
9120
9121
9122
9123
9124
9125
9126
9127
9128
9129
9130
9131
9132
9133
9134
9135
9136
9137
9138
9139
9140
9141
9142
9143
9144
9145
9146
9147
9148
9149
9150
9151
9152
9153
9154
9155
9156
9157
9158
9159
9160
9161
9162
9163
9164
9165
9166
9167
9168
9169
9170
9171
9172
9173
9174
9175
9176
9177
9178
9179
9180
9181
9182
9183
9184
9185
9186
9187
9188
9189
9190
9191
9192
9193
9194
9195
9196
9197
9198
9199
9200
9201
9202
9203
9204
9205
9206
9207
9208
9209
9210
9211
9212
9213
9214
9215
9216
9217
9218
9219
9220
9221
9222
9223
9224
9225
9226
9227
9228
9229
9230
9231
9232
9233
9234
9235
9236
9237
9238
9239
9240
9241
9242
9243
9244
9245
9246
9247
9248
9249
9250
9251
9252
9253
9254
9255
9256
9257
9258
9259
9260
9261
9262
9263
9264
9265
9266
9267
9268
9269
9270
9271
9272
9273
9274
9275
9276
9277
9278
9279
9280
9281
9282
9283
9284
9285
9286
9287
9288
9289
9290
9291
9292
9293
9294
9295
9296
9297
9298
9299
9300
9301
9302
9303
9304
9305
9306
9307
9308
9309
9310
9311
9312
9313
9314
9315
9316
9317
9318
9319
9320
9321
9322
9323
9324
9325
9326
9327
9328
9329
9330
9331
9332
9333
9334
9335
9336
9337
9338
9339
9340
9341
9342
9343
9344
9345
9346
9347
9348
9349
9350
9351
9352
9353
9354
9355
9356
9357
9358
9359
9360
9361
9362
9363
9364
9365
9366
9367
9368
9369
9370
9371
9372
9373
9374
9375
9376
9377
9378
9379
9380
9381
9382
9383
9384
9385
9386
9387
9388
9389
9390
9391
9392
9393
9394
9395
9396
9397
9398
9399
9400
9401
9402
9403
9404
9405
9406
9407
9408
9409
9410
9411
9412
9413
9414
9415
9416
9417
9418
9419
9420
9421
9422
9423
9424
9425
9426
9427
9428
9429
9430
9431
9432
9433
9434
9435
9436
9437
9438
9439
9440
9441
9442
9443
9444
9445
9446
9447
9448
9449
9450
9451
9452
9453
9454
9455
9456
9457
9458
9459
9460
9461
9462
9463
9464
9465
9466
9467
9468
9469
9470
9471
9472
9473
9474
9475
9476
9477
9478
9479
9480
9481
9482
9483
9484
9485
9486
9487
9488
9489
9490
9491
9492
9493
9494
9495
9496
9497
9498
9499
9500
9501
9502
9503
9504
9505
9506
9507
9508
9509
9510
9511
9512
9513
9514
9515
9516
9517
9518
9519
9520
9521
9522
9523
9524
9525
9526
9527
9528
9529
9530
9531
9532
9533
9534
9535
9536
9537
9538
9539
9540
9541
9542
9543
9544
9545
9546
9547
9548
9549
9550
9551
9552
9553
9554
9555
9556
9557
9558
9559
9560
9561
9562
9563
9564
9565
9566
9567
9568
9569
9570
9571
9572
9573
9574
9575
9576
9577
9578
9579
9580
9581
9582
9583
9584
9585
9586
9587
9588
9589
9590
9591
9592
9593
9594
9595
9596
9597
9598
9599
9600
9601
9602
9603
9604
9605
9606
9607
9608
9609
9610
9611
9612
9613
9614
9615
9616
9617
9618
9619
9620
9621
9622
9623
9624
9625
9626
9627
9628
9629
9630
9631
9632
9633
9634
9635
9636
9637
9638
9639
9640
9641
9642
9643
9644
9645
9646
9647
9648
9649
9650
9651
9652
9653
9654
9655
9656
9657
9658
9659
9660
9661
9662
9663
9664
9665
9666
9667
9668
9669
9670
9671
9672
9673
9674
9675
9676
9677
9678
9679
9680
9681
9682
9683
9684
9685
9686
9687
9688
9689
9690
9691
9692
9693
9694
9695
9696
9697
9698
9699
9700
9701
9702
9703
9704
9705
9706
9707
9708
9709
9710
9711
9712
9713
9714
9715
9716
9717
9718
9719
9720
9721
9722
9723
9724
9725
9726
9727
9728
9729
9730
9731
9732
9733
9734
9735
9736
9737
9738
9739
9740
9741
9742
9743
9744
9745
9746
9747
9748
9749
9750
9751
9752
9753
9754
9755
9756
9757
9758
9759
9760
9761
9762
9763
9764
9765
9766
9767
9768
9769
9770
9771
9772
9773
9774
9775
9776
9777
9778
9779
9780
9781
9782
9783
9784
9785
9786
9787
9788
9789
9790
9791
9792
9793
9794
9795
9796
9797
9798
9799
9800
9801
9802
9803
9804
9805
9806
9807
9808
9809
9810
9811
9812
9813
9814
9815
9816
9817
9818
9819
9820
9821
9822
9823
9824
9825
9826
9827
9828
9829
9830
9831
9832
9833
9834
9835
9836
9837
9838
9839
9840
9841
9842
9843
9844
9845
9846
9847
9848
9849
9850
9851
9852
9853
9854
9855
9856
9857
9858
9859
9860
9861
9862
9863
9864
9865
9866
9867
9868
9869
9870
9871
9872
9873
9874
9875
9876
9877
9878
9879
9880
9881
9882
9883
9884
9885
9886
9887
9888
9889
9890
9891
9892
9893
9894
9895
9896
9897
9898
9899
9900
9901
9902
9903
9904
9905
9906
9907
9908
9909
9910
9911
9912
9913
9914
9915
9916
9917
9918
9919
9920
9921
9922
9923
9924
9925
9926
9927
9928
9929
9930
9931
9932
9933
9934
9935
9936
9937
9938
9939
9940
9941
9942
9943
9944
9945
9946
9947
9948
9949
9950
9951
9952
9953
9954
9955
9956
9957
9958
9959
9960
9961
9962
9963
9964
9965
9966
9967
9968
9969
9970
9971
9972
9973
9974
9975
9976
9977
9978
9979
9980
9981
9982
9983
9984
9985
9986
9987
9988
9989
9990
9991
9992
9993
9994
9995
9996
9997
9998
9999
10000
10001
10002
10003
10004
10005
10006
10007
10008
10009
10010
10011
10012
10013
10014
10015
10016
10017
10018
10019
10020
10021
10022
10023
10024
10025
10026
10027
10028
10029
10030
10031
10032
10033
10034
10035
10036
10037
10038
10039
10040
10041
10042
10043
10044
10045
10046
10047
10048
10049
10050
10051
10052
10053
10054
10055
10056
10057
10058
10059
10060
10061
10062
10063
10064
10065
10066
10067
10068
10069
10070
10071
10072
10073
10074
10075
10076
10077
10078
10079
10080
10081
10082
10083
10084
10085
10086
10087
10088
10089
10090
10091
10092
10093
10094
10095
10096
10097
10098
10099
10100
10101
10102
10103
10104
10105
10106
10107
10108
10109
10110
10111
10112
10113
10114
10115
10116
10117
10118
10119
10120
10121
10122
10123
10124
10125
10126
10127
10128
10129
10130
10131
10132
10133
10134
10135
10136
10137
10138
10139
10140
10141
10142
10143
10144
10145
10146
10147
10148
10149
10150
10151
10152
10153
10154
10155
10156
10157
10158
10159
10160
10161
10162
10163
10164
10165
10166
10167
10168
10169
10170
10171
10172
10173
10174
10175
10176
10177
10178
10179
10180
10181
10182
10183
10184
10185
10186
10187
10188
10189
10190
10191
10192
10193
10194
10195
10196
10197
10198
10199
10200
10201
10202
10203
10204
10205
10206
10207
10208
10209
10210
10211
10212
10213
10214
10215
10216
10217
10218
10219
10220
10221
10222
10223
10224
10225
10226
10227
10228
10229
10230
10231
10232
10233
10234
10235
10236
10237
10238
10239
10240
10241
10242
10243
10244
10245
10246
10247
10248
10249
10250
10251
10252
10253
10254
10255
10256
10257
10258
10259
10260
10261
10262
10263
10264
10265
10266
10267
10268
10269
10270
10271
10272
10273
10274
10275
10276
10277
10278
10279
10280
10281
10282
10283
10284
10285
10286
10287
10288
10289
10290
10291
10292
10293
10294
10295
10296
10297
10298
10299
10300
10301
10302
10303
10304
10305
10306
10307
10308
10309
10310
10311
10312
10313
10314
10315
10316
10317
10318
10319
10320
10321
10322
10323
10324
10325
10326
10327
10328
10329
10330
10331
10332
10333
10334
10335
10336
10337
10338
10339
10340
10341
10342
10343
10344
10345
10346
10347
10348
10349
10350
10351
10352
10353
10354
10355
10356
10357
10358
10359
10360
10361
10362
10363
10364
10365
10366
10367
10368
10369
10370
10371
10372
10373
10374
10375
10376
10377
10378
10379
10380
10381
10382
10383
10384
10385
10386
10387
10388
10389
10390
10391
10392
10393
10394
10395
10396
10397
10398
10399
10400
10401
10402
10403
10404
10405
10406
10407
10408
10409
10410
10411
10412
10413
10414
10415
10416
10417
10418
10419
10420
10421
10422
10423
10424
10425
10426
10427
10428
10429
10430
10431
10432
10433
10434
10435
10436
10437
10438
10439
10440
10441
10442
10443
10444
10445
10446
10447
10448
10449
10450
10451
10452
10453
10454
10455
10456
10457
10458
10459
10460
10461
10462
10463
10464
10465
10466
10467
10468
10469
10470
10471
10472
10473
10474
10475
10476
10477
10478
10479
10480
10481
10482
10483
10484
10485
10486
10487
10488
10489
10490
10491
10492
10493
10494
10495
10496
10497
10498
10499
10500
10501
10502
10503
10504
10505
10506
10507
10508
10509
10510
10511
10512
10513
10514
10515
10516
10517
10518
10519
10520
10521
10522
10523
10524
10525
10526
10527
10528
10529
10530
10531
10532
10533
10534
10535
10536
10537
10538
10539
10540
10541
10542
10543
10544
10545
10546
10547
10548
10549
10550
10551
10552
10553
10554
10555
10556
10557
10558
10559
10560
10561
10562
10563
10564
10565
10566
10567
10568
10569
10570
10571
10572
10573
10574
10575
10576
10577
10578
10579
10580
10581
10582
10583
10584
10585
10586
10587
10588
10589
10590
10591
10592
10593
10594
10595
10596
10597
10598
10599
10600
10601
10602
10603
10604
10605
10606
10607
10608
10609
10610
10611
10612
10613
10614
10615
10616
10617
10618
10619
10620
10621
10622
10623
10624
10625
10626
10627
10628
10629
10630
10631
10632
10633
10634
10635
10636
10637
10638
10639
10640
10641
10642
10643
10644
10645
10646
10647
10648
10649
10650
10651
10652
10653
10654
10655
10656
10657
10658
10659
10660
10661
10662
10663
10664
10665
10666
10667
10668
10669
10670
10671
10672
10673
10674
10675
10676
10677
10678
10679
10680
10681
10682
10683
10684
10685
10686
10687
10688
10689
10690
10691
10692
10693
10694
10695
10696
10697
10698
10699
10700
10701
10702
10703
10704
10705
10706
10707
10708
10709
10710
10711
10712
10713
10714
10715
10716
10717
10718
10719
10720
10721
10722
10723
10724
10725
10726
10727
10728
10729
10730
10731
10732
10733
10734
10735
10736
10737
10738
10739
10740
10741
10742
10743
10744
10745
10746
10747
10748
10749
10750
10751
10752
10753
10754
10755
10756
10757
10758
10759
10760
10761
10762
10763
10764
10765
10766
10767
10768
10769
10770
10771
10772
10773
10774
10775
10776
10777
10778
10779
10780
10781
10782
10783
10784
10785
10786
10787
10788
10789
10790
10791
10792
10793
10794
10795
10796
10797
10798
10799
10800
10801
10802
10803
10804
10805
10806
10807
10808
10809
10810
10811
10812
10813
10814
10815
10816
10817
-24.7943983193098 -0.1404137669446255 0
-8.161602357084449 -0.366808638707482 0
-8.07642523062353 1.049882788948175 0
-24.65378446503787 2.379464824648078 0
-24.62187896858192 -2.631634809171002 0
-24.28538776805913 4.861229696962221 0
-24.21285876768386 -5.126370554547289 0
-7.939730630640254 -1.987942486970967 0
-7.869689707466662 2.255774470959544 0
8.197264326083181 0.1907180019003436 0
7.980056078000317 1.762352853011139 0
8.055250194836418 -1.284919484243774 0
-15.54634383569356 -11.73578093118646 0
-15.55971515055604 11.77859233687684 0
-23.71379062854317 6.989812868600572 0
-7.319568757757626 3.538355913521094 0
-7.408725530897434 -3.317011969533305 0
7.683518630286 2.705892048180996 0
7.163608487663261 3.969234437671935 0
-23.61749235285619 -7.30775291573023 0
18.96575682610548 -9.628998099147896 0
-13.31551275812674 11.57587119310413 0
-13.30959456344675 -11.65226237387092 0
18.20034622037832 9.688238580948452 0
7.868667608176994 -2.254647277430161 0
7.330645979513156 -3.53828592447037 0
-7.017003605834733 -4.214383071020467 0
-7.011614394396011 4.202562328270896 0
-6.29805252801304 -5.158793329601321 0
-6.310698616512227 5.134857654069971 0
-17.76978458369363 11.9362597901293 0
-17.74547239735621 -11.91001132674591 0
22.0704970230174 9.464002133208721 0
-24.7230445668502 -1.348363605864138 0
-24.76390867837521 1.113785450814896 0
15.35697477500382 -9.884862298940222 0
-23.07758847840683 8.848180027131189 0
25.19444444444408 -9.310387178468158 0
37.95285204469619 -9.356539229641127 0
41.8822965003155 -9.186178428255744 0
33.99776346179755 -9.281291476712401 0
45.89817067845611 -9.310384654554417 0
99.31318665018313 -9.30576481390702 0
95.31218392613638 -9.340695151897178 0
89.69103034864902 -9.375883932599322 0
29.21423053173718 9.332680708915177 0
49.88018659903526 -9.349510944536579 0
53.87956042251665 -9.318731595961022 0
57.81850319001043 -9.408337353327891 0
61.79712471308973 -9.265727069055348 0
65.80555555540191 -9.310387178471013 0
84.91158777434002 9.313319485681754 0
80.90615877446881 9.343504534395711 0
76.95653717559517 9.325888873362366 0
72.95682683883557 9.319275733564256 0
-23.05113340517195 -8.836687946950539 0
6.591205203327307 4.766934792110144 0
68.99074074083588 9.357004979397656 0
92.9582356792214 9.284896676053661 0
-10.8360148632847 -11.47808466838229 0
-10.88175367658216 11.45692727851633 0
97.69868618550406 9.332309272951505 0
43.57645488527297 9.360402101868059 0
36.44896310299595 9.388290616632933 0
63.47741871635395 9.380799687532129 0
59.4351884322835 9.310380868472869 0
55.51927995889009 9.225204467714139 0
51.47222222220495 9.310387178463854 0
47.52956696932214 9.235762492914633 0
71.37174313299924 -9.290501815383951 0
75.39081071704032 -9.337350338993549 0
79.41078679385119 -9.273706921971913 0
83.34196283613173 -9.322909330877495 0
88.76366783393634 9.363210846890704 0
30.0063854024177 -9.337100301287204 0
14.6297712308694 9.912613316700075 0
109.3216944777996 -4.228348337444639e-05 0
25.21943654049209 9.327253277143535 0
7.02984330112818 -4.195924134079179 0
6.301073582759144 -5.127472105910148 0
-5.684109492913665 -5.881999682348819 0
-5.687880915003282 5.890369011151727 0
101.6151906512642 9.274021789721205 0
21.99877241087247 -9.44979037276098 0
12.50606794651629 -10.01396719539083 0
86.54676257702242 -9.327617141566588 0
40.43094181333232 9.253142602502262 0
33.14585419043168 9.278648164910447 0
-4.949014244032269 -6.457419900136125 0
-4.949044704199472 6.449720629833734 0
-4.206054681249246 7.017296482130053 0
-4.201969797438165 -7.023143585282486 0
-8.911362107015766 -11.37081006330202 0
-8.887060019507439 11.36314548784625 0
5.99508787525875 5.483501701709283 0
5.520755386793482 6.016328970476311 0
4.76666782084859 6.593220612241705 0
102.446012941083 -9.377035988200818 0
11.82186603269545 10.08267675845047 0
-24.5041030988493 3.458369147355528 0
-19.44956401410092 -11.94267641024022 0
-19.44107482977182 12.02025008288768 0
-24.49200818724027 -3.706391511964235 0
109.3062235787652 3.200807447670584 0
-22.47530516857604 10.10832087915973 0
-22.48729947288503 -10.15129032624019 0
109.3563503918567 -3.082853492493287 0
5.704079306336422 -5.881813283909483 0
4.968145657003185 -6.470276086889942 0
4.221197947277165 -7.020157789885939 0
-3.538574691086974 -7.34026621625688 0
-3.547610479593114 7.343181147078187 0
3.547980812526168 -7.348150646883419 0
9.817048708222522 -10.24582155800399 0
-6.810403295341613 -11.24944874862206 0
-6.843225721436943 11.25852702303472 0
9.165434731089562 10.22567998461321 0
-2.678551563587391 -7.68954957980435 0
-2.689302897065975 7.700349134248532 0
104.7889793796396 9.330599392881769 0
3.974249064637015 7.177074139312538 0
7.859241282577235 -10.27090184937428 0
-5.25725862602231 -11.13651233184428 0
-5.247967143986171 11.18170188608915 0
105.6076694662342 -9.261208813201351 0
65.80555555563855 9.310387178459353 0
68.19444444429989 -9.310387178460811 0
95.36721954972002 9.376933933317963 0
27.48634398583245 -9.391168076337422 0
92.88481557573267 -9.473911165269753 0
-8.083108100877951 -1.080368536199156 0
-8.144166274499367 0.3682979714855191 0
3.107635048302334 7.54625900376557 0
-7.565747269084321 2.883229402243713 0
-7.691066857057796 -2.683413419472056 0
8.104125778890012 0.8117671338924418 0
8.116070055690576 -0.6018920563659611 0
7.626379728245946 -2.879758729279212 0
-1.979241288408425 -7.948484881274225 0
-2.000348678005242 7.947479424466994 0
7.434297169737587 3.308203423627697 0
-1.290742483667625 -8.026384751026443 0
-1.291485738981789 8.017458853897304 0
-0.5931901621231508 8.11573220603665 0
-0.6125439641730053 -8.120340324197544 0
2.89779649049257 -7.602266481497831 0
2.245335657890408 -7.857426025268581 0
2.471889583217219 7.793972408377473 0
7.051957573104382 10.33746851250735 0
-24.04409385646892 5.767801669314725 0
-24.0283014185002 -6.049969195514372 0
-23.41141453740232 7.899257639175779 0
-22.02869336680655 -11.22034186410873 0
-22.02375758498028 11.16008379206879 0
1.983016952586138 7.940475240533214 0
1.302281301310168 8.054995319326235 0
0.6013837447122602 8.123518607790409 0
109.3072160683345 5.600318090378033 0
1.304019011516909 -8.037996320067206 0
0.6019908098884534 -8.128129725577457 0
109.3138908170366 -5.612905834319982 0
5.830769721788055 -10.4682043729962 0
-3.697040628399738 -10.97501566110048 0
-3.573593260019722 10.98207160612647 0
5.242495610594966 10.50339617766593 0
3.994362281823756 -10.56113365957989 0
-1.939206321763642 -10.92070695512681 0
-1.904143601069303 10.95440115685074 0
3.454221998189363 10.6021110468294 0
-7.960143005088199 1.748167248436535 0
2.183903739369719 -10.72419889286188 0
-0.2592776705872183 -10.79522964158392 0
-0.165873375962827 10.82047706611745 0
107.2407502146217 9.297295297099755 0
1.593042370251147 10.63248790725684 0
-20.66904433346566 -12.09670483379024 0
-20.64643672033691 12.10371899260916 0
0.9511747148196613 -10.76337216091359 0
10.39117153795973 10.11977947253573 0
11.09897602592688 -10.13474762846374 0
13.1617275197642 10.01736206971306 0
13.89175572986012 -9.961059062896362 0
16.02370235941957 9.820632048700013 0
-7.851306624125386 11.33388887907878 0
-7.89554193932155 -11.33488398349237 0
16.7710268974369 -9.73168953853849 0
-9.88467654865811 11.45096659572165 0
-9.888410050353006 -11.46297086208583 0
-12.2544549048167 11.62325424622125 0
-12.27382301073951 -11.58677779669314 0
-14.67285955005672 11.75870818368022 0
-14.63755931330598 -11.75701188508306 0
19.74414378657884 9.595387304136326 0
20.47597272445714 -9.557487096295473 0
23.61519328388814 -9.226359605967451 0
-16.42839514093284 11.84285764210564 0
-16.45102248853267 -11.8426483363952 0
-18.59992965641198 -11.9673332981011 0
-18.60246863006992 11.96726580960901 0
23.57059212027593 9.375105286594838 0
26.78758016001036 9.326929293339807 0
109.3445509157791 -7.200156584631039 0
109.3071796769716 7.199999999996551 0
109.3633618786514 -1.584040456375465 0
109.2196598653463 1.646777101650689 0
45.90915830276667 9.314813553281095 0
31.58372361806393 -9.364319736355377 0
77.75030363354347 -9.331637899188129 0
88.04842622292306 -9.329473272099206 0
72.94505804668535 -9.331998969645426 0
81.70041640110188 -9.280718805982621 0
84.91301618297905 -9.320496616420487 0
69.78557102651271 -9.36209997009275 0
53.86111656473204 9.310380811701034 0
49.13854388446039 9.317510830381533 0
57.71380333146555 9.269737190113224 0
67.41533728373547 9.226047029443155 0
61.02777928193795 9.310387198470162 0
87.30555555560821 9.310387178469549 0
91.28476562533972 9.359907164326996 0
37.82192741311906 9.246477551594538 0
34.70304653019799 9.303278005119028 0
41.82558608402452 9.355518538078405 0
31.50979926459368 9.296367209891109 0
70.5833333334249 9.310387178469549 0
99.30875581332529 9.251072929884375 0
97.6563294299046 -9.332343887095703 0
35.47187905584831 -9.288583034882585 0
44.30555555549735 -9.310387178471004 0
39.49603767851211 -9.338353795953966 0
91.28428430959349 -9.309636579193816 0
47.43881883880399 -9.335657691291516 0
100.8367906019678 -9.308795577013493 0
55.37978659936951 -9.323676431271556 0
63.42953773556227 -9.31926093449662 0
59.50558289997114 -9.164078105043524 0
78.54629629636942 9.317113052386944 0
51.60280017520057 -9.260349706543506 0
74.57665774662156 9.317224716942873 0
82.57892877888153 9.297961554645452 0
104.0318687343931 -9.324897891890524 0
103.2458555495259 9.359334709902194 0
107.2332483028408 -9.370677477911002 0
-8.002365990151148 -1.521629238412749 0
-7.251853395243359 -3.767975752087663 0
-6.717814404149004 -4.58113724510157 0
-6.734481610105929 4.582572904238615 0
-6.018744555764913 -5.50522937499215 0
-6.028176620782621 5.503047487290893 0
7.981773305075535 -1.760859023943628 0
8.033965214761849 1.289075434669759 0
-5.318952570680523 -6.169437618648153 0
-4.566173896596872 6.732126597816233 0
-4.57454491382034 -6.74885432924818 0
-5.318952570682113 6.169437618644987 0
7.925834937129054 2.262368248059742 0
-24.73088964245981 -1.861411654771945 0
-24.55374100168498 2.942345531309466 0
6.734975651596006 -4.58235373842676 0
-24.52812476460417 -3.206528380504716 0
-24.7278488312867 1.604622311927685 0
6.030837518998337 -5.516729637412755 0
-24.41424075896681 3.995053281333332 0
-24.34925544219226 -4.312661300194974 0
6.889067653549849 4.400502237261039 0
6.309336364026939 5.133812360980123 0
-24.79581893720555 -0.6007695610184217 0
-3.108785180835986 7.505271346072264 0
5.313286497206605 -6.186867974374853 0
-3.107093887441857 -7.501188202635358 0
-23.93338756330161 6.319628505308056 0
5.141024253915685 6.323368560522046 0
-23.82491442691591 -6.65243317182532 0
-24.77993780059568 0.6013630303078887 0
4.611330674578187 -6.719256875480938 0
4.410814272516605 6.892774134777707 0
-23.47302877835709 -7.861355837483753 0
-0.1408025388002093 8.187547204106865 0
-0.1207212725364659 -8.188347952333178 0
3.539111136817867 7.331436318937002 0
-22.76202364813497 -9.516389516344139 0
-22.78515599294653 9.56567201987648 0
1.751690611836538 -7.97207783574149 0
-21.65548526435362 -11.76342406156521 0
-21.64353186497042 11.82307655059634 0
109.2353964876 -8.80352346877703 0
109.2393225256189 8.780015245701385 0
-7.882239986863955 -2.234522539725408 0
-8.100634778706779 -2.170558547133909 0
-8.168027666473918 -1.942067030560672 0
-8.330719338080938 -2.11667968439679 0
-8.408790387003105 -1.896351242815012 0
-8.565841411587733 -2.06849938356748 0
-8.645731329990484 -1.84849818782656 0
-8.804669501027693 -2.021322703821635 0
-8.884441153567465 -1.800059189087628 0
-9.04593260189079 -1.98541059557513 0
-9.12565989744501 -1.753014311665525 0
-9.288581835008934 -1.939950357995041 0
-9.369182611027037 -1.713227478488313 0
-9.534055793205038 -1.894421925396408 0
-9.622531640119391 -1.66772499491595 0
-9.783314853885233 -1.847785647420608 0
-9.872520329663704 -1.609230986869658 0
-10.03424397537472 -1.797803141941788 0
-10.11751837483117 -1.557865333018153 0
-10.28598929904613 -1.748084236376987 0
-10.36817849863426 -1.502452496485478 0
-10.53962849521439 -1.697376265969504 0
-10.6238861428423 -1.454950085858868 0
-10.79501109619799 -1.647560595614156 0
-10.87899754953386 -1.400680870755831 0
-11.05115381518433 -1.596609195668536 0
-11.13539856676646 -1.348832917441193 0
-11.30812133343234 -1.545763675723192 0
-11.39373450429424 -1.302856730950633 0
-11.56601083179658 -1.495816603070297 0
-11.65189934315484 -1.252412736459274 0
-11.82448821298999 -1.445183621264298 0
-11.91071880272635 -1.201734843414559 0
-12.08359436270515 -1.394266356628554 0
-12.17001500447489 -1.150193423035662 0
-12.34540186699236 -1.348965889453683 0
-12.43063234695714 -1.101373350264471 0
-12.60603525730287 -1.29848680801524 0
-12.69127404463533 -1.050053151744856 0
-12.86489288598077 -1.241427631401645 0
-12.95250968120829 -0.9995568872878815 0
-13.12742149595505 -1.19107821319978 0
-13.21437209479236 -0.9478413440462458 0
-13.39008896015929 -1.139216339248549 0
-13.47456284252015 -0.8849468937784599 0
-13.6505521114574 -1.08371821084934 0
-13.73652800244457 -0.8302476306256183 0
-13.91288944568924 -1.031263791896446 0
-13.99854680844064 -0.7770669944048418 0
-13.82231094097759 -0.575570702320696 0
-14.08537595063298 -0.5225107700460675 0
-13.9082459063758 -0.3201277705052266 0
-14.17091426541017 -0.2664597204227072 0
-13.99450230414587 -0.06396245953123636 0
-14.2604861992292 -0.01086841498661436 0
-14.35561322727755 -0.4591018025857037 0
-14.08068753985891 0.1948183483771888 0
-14.34689748755994 0.249301977456211 0
-10.20025422336828 -1.984778663998909 0
-14.16694972069664 0.4561551210039138 0
-14.43923101035824 0.5094476457594094 0
-14.25485079458992 0.7202598489570401 0
-14.5332105768981 0.7745981808214122 0
-13.82673007826402 -1.28617049464574 0
-14.34416332368868 0.9875720692411664 0
-14.62423522523334 1.043324717370868 0
-12.26058520433097 -1.614789024667091 0
-14.43437357438548 1.258790895470675 0
-14.71587064669392 1.314813029947243 0
-14.90522899647114 1.098347541696861 0
-14.99827072249421 1.370347795397295 0
-15.18718193570381 1.153151099141549 0
-15.28057826801335 1.425382637895981 0
-15.46909693704023 1.208585124724312 0
-15.56406142311655 1.473470816130561 0
-15.75128335527703 1.262605955738676 0
-15.84764134761153 1.526325789693628 0
-16.03327184214061 1.317167102932465 0
-16.12820665602213 1.587767571240074 0
-16.31455972380165 1.373225000361458 0
-16.40776372133834 1.644498466138655 0
-16.59540505311645 1.42868753900162 0
-15.35274984729314 1.68241615670697 0
-16.68861700393731 1.699322625723308 0
-16.87611609237171 1.483715896680496 0
-16.96924889288885 1.753969688515891 0
-17.15688218015523 1.538490422848932 0
-16.78213132147614 1.967759544807901 0
-17.24962654559065 1.808494137825905 0
-17.43636716969084 1.593107206149101 0
-17.35075378622814 1.330673440889584 0
-17.62308020336504 1.379548430235476 0
-17.53813597322664 1.11877600665486 0
-17.80824641225063 1.16650004956413 0
-17.72367609691194 0.9066618892215058 0
-17.53012699081413 1.862867798092293 0
-17.99311965818334 0.9536871041855964 0
-17.90809740825141 0.6938068100656959 0
-18.1779470546738 0.7406882174661975 0
-18.09401680830316 0.4814702831434575 0
-18.36344955236001 0.5273732938595349 0
-18.27920163112881 0.2674272627609394 0
-18.45278663680175 0.7925231979944594 0
-11.73499588056855 -0.9958766043484476 0
-18.54932595689949 0.3133029755014112 0
-18.45610584105701 0.04511815790972241 0
-18.73343460697703 0.09713011563093579 0
-18.63994154110766 -0.1720394077155716 0
-18.9205730004695 -0.1187560501599706 0
-18.82600822660447 -0.3891260189295923 0
-14.16371146296071 1.211398393220273 0
-19.10754709041143 -0.3349684874410435 0
-19.01751148901182 -0.6078007933838142 0
-18.73157672171732 -0.6612382388210701 0
-18.92433109165048 -0.8807423453635427 0
-18.63883888548904 -0.9347952128994229 0
-18.8249416584438 -1.152383899933176 0
-18.5424105792665 -1.207795316915138 0
-18.72935433126254 -1.426304689017729 0
-18.44788048001615 -1.482805751293821 0
-18.63560308849186 -1.702049232233911 0
-18.34991446390983 -1.757384378460953 0
-18.53976885540637 -1.978228999332524 0
-18.25288507262101 -2.034440043304532 0
-18.44378077665445 -2.256417298123063 0
-18.15530688825422 -2.312907241321907 0
-18.34972817954152 -2.536554241542105 0
-18.06466724808808 -2.595762259229076 0
-18.25426795152361 -2.819406310207356 0
-17.96717239729135 -2.878753619471232 0
-18.14785252219167 -3.100676566393764 0
-17.86838093985797 -3.16395496725003 0
-18.03980647947621 -3.395227555650147 0
-17.76543279383704 -3.452839679228792 0
-17.94890325939772 -3.690668587553054 0
-17.65497377438146 -3.739951880316688 0
-17.85878925424974 -3.974517647968683 0
-17.55018064855139 -4.034773899423799 0
-17.76402609995424 -4.277336350956989 0
-17.44622059475239 -4.334657832101475 0
-17.65392143483583 -4.577413119046012 0
-17.34100973847545 -4.639938321578581 0
-18.63630495554543 -2.479234776175473 0
-19.11458660121307 -1.109243518642151 0
-18.13475373395289 -3.914806834870184 0
-17.55100564621967 -4.887288986524537 0
-17.230162294854 -4.950374676128197 0
-17.4434665109466 -5.19987216898605 0
-17.11567160304136 -5.262361404833232 0
-19.20032169778575 -0.06445284777616693 0
-14.24518502636998 1.476534081115141 0
-13.97268057547367 1.428797045576051 0
-14.05447261516036 1.694941507405094 0
-13.76297049069976 1.632745446906015 0
-13.8593149041428 1.912130440995429 0
-13.56529531558041 1.849186589625012 0
-13.66452546372119 2.132262247067944 0
-13.36586804616533 2.072395727134323 0
-13.46874734204256 2.354422536522478 0
-13.16078855331905 2.292291219145886 0
-13.27262235253651 2.577610906012171 0
-12.97037215383682 2.516841372500604 0
-13.0762187061501 2.804079294480747 0
-12.78034068908266 2.743787025913575 0
-12.87715593389432 3.031031554896295 0
-13.17743690981785 3.092446470057349 0
-12.96831068171772 3.325080545632189 0
-13.27749994378155 3.385153827609666 0
-13.06441062398143 3.621385809064923 0
-13.37907024248675 3.682181694368534 0
-13.16836364831283 3.918292225365781 0
-13.48096781641997 3.982336044647384 0
-12.85027745700782 3.857977340777228 0
-12.95648628769916 4.157169412309063 0
-12.6397924505757 4.094547131804077 0
-12.74353477372171 4.397911410177289 0
-12.42617606195804 4.334150661777893 0
-12.52962505025122 4.639718184494592 0
-12.21060668778277 4.575415489779402 0
-17.78076714025585 -5.122867096828402 0
-11.2233749205097 -1.793908939473206 0
-12.31445883380479 4.883279011514954 0
-11.99453151435716 4.818268835841095 0
-17.66571452077113 -5.44699706957016 0
-12.6294941910776 4.94445483670784 0
-9.19235601864724 -2.165555629442496 0
-18.00331368072273 -5.369716639832887 0
-16.90951320036492 -4.995634437693626 0
-16.78758678700931 -5.322855008362946 0
-16.57652814865443 -5.052209116875012 0
-16.45638357612482 -5.384883582212675 0
-16.22786974986184 -5.123203989206509 0
-16.11056953849457 -5.443850366708237 0
-16.34165599822932 -5.708669333083612 0
-16.00407188021261 -5.772456735712869 0
-15.78310701306067 -5.511255292145082 0
-15.66722904848093 -5.836219858577377 0
-15.43538579173704 -5.558086612508288 0
-15.32556367089719 -5.897099708332227 0
-15.10216524797318 -5.635288254394237 0
-14.98543274349615 -5.96240062245809 0
-14.75927294418006 -5.698366867331667 0
-17.8863576439616 -5.698914970440988 0
-14.64291011921427 -6.026374600040572 0
-14.41602426260254 -5.761229872149406 0
-12.09826057161918 5.12861152533744 0
-11.7760455840269 5.062380407763157 0
-14.29947115526059 -6.090096941267898 0
-14.07193702433381 -5.824105121003558 0
-18.21755657003182 -5.632540903157946 0
-18.10272233871419 -5.958105859679306 0
-10.7181120271008 -1.212311053869316 0
-13.95505183480839 -6.15386901006115 0
-13.72662573566896 -5.887170866382834 0
-11.88026494634566 5.376023604478078 0
-11.55464436432258 5.310715515235957 0
-13.60949535131401 -6.218031438080044 0
-13.38022789547852 -5.950458263906882 0
-11.89304791008024 4.510971490435447 0
-18.43919339054876 -5.888920662290995 0
-18.32696175868791 -6.21353560807501 0
-13.26275115211408 -6.282492984244431 0
-13.03260005869478 -6.014176400275736 0
-12.91494543487292 -6.347063684102483 0
-12.68420438559534 -6.078233777111828 0
-11.66017119853793 5.625866021658672 0
-11.33177916691333 5.560086892973323 0
-16.23058175005852 -6.036235934972478 0
-12.56644662548191 -6.411298096551346 0
-12.33759706590555 -6.14216980821364 0
-12.21831996905356 -6.475611821180373 0
-11.99188188695699 -6.205627459456402 0
-18.66118083945588 -6.147890110401408 0
-18.54976680831843 -6.472116392792548 0
-11.43810664315865 5.876175076898636 0
-11.77000232068226 5.946323256758781 0
-11.10965323143083 5.807487540529682 0
-11.87130411635668 -6.539118566862829 0
-11.64462117878057 -6.270742683530673 0
-17.45454299608858 -3.481889730062939 0
-12.67881122918559 2.457183543216103 0
-14.86980970140627 -6.293503191630912 0
-11.52517970556105 -6.602843029120723 0
-11.29836524235203 -6.336509676283728 0
-11.00514669828572 5.492777355505661 0
-10.78284623520006 5.738936782933366 0
-10.8865316061877 6.055845029223563 0
-10.55857512035483 5.985036610829238 0
-11.17890272679853 -6.660136960045912 0
-10.95369218776113 -6.400092571564284 0
-17.82364128197833 0.417720852155858 0
-17.83088231255547 -2.385834823290462 0
-18.90056228779898 -6.41097431744782 0
-18.99831931419337 -6.0837062179791 0
-18.7933544458031 -6.738417702595867 0
-10.83468938089343 -6.72249199236776 0
-10.60976091660004 -6.46399957299526 0
-10.49169194202148 -6.786805707440671 0
-13.84780689994148 -5.577809651871964 0
-10.66103394634955 6.303884783674567 0
-10.32919409828187 6.233995105093931 0
-11.41924039243683 -6.011117161620335 0
-13.49285822717003 -6.552984925640613 0
-10.67091779675468 5.431356565340333 0
-19.24238059191142 -6.339778481259416 0
-19.33297962875688 -6.01825029455322 0
-10.26759314335322 -6.528296708872252 0
-10.14954819199288 -6.850393122873623 0
-10.43445202768852 6.555721738099575 0
-10.09931009182351 6.484944448031002 0
-9.926008268872691 -6.592399815734928 0
-10.04044568218597 -6.269047537143088 0
-9.808842507836413 -6.919355509659574 0
-19.5511143804578 -6.270495242506119 0
-19.65705662277978 -5.943139874331771 0
-12.09992384772162 -6.811327750483515 0
-10.20568052985192 6.809477848977656 0
-9.871523932994286 6.73506466429165 0
-10.54387642157913 6.883800572251094 0
-15.9389520877704 1.053464687833511 0
-9.585599779065307 -6.65759223583156 0
-9.469368990565426 -6.982897513382658 0
-19.86376096759981 -6.197087841543889 0
-19.98123163620537 -5.875739929313021 0
-9.767800700697091 6.414004134280385 0
-9.542007984511539 6.660863729610065 0
-9.640491554327113 6.983418062436489 0
-9.309426782822326 6.90978924566937 0
-18.43864310403296 -6.800551752824327 0
-18.68286304633174 -7.069042344509723 0
-18.32361005481677 -7.131877847713249 0
-18.57073269228013 -7.403852759143175 0
-18.20645824496059 -7.467577223224517 0
-10.72512366097279 -7.074034747492321 0
-18.44182677751119 -7.737620981222524 0
-18.08459687070979 -7.80565675727104 0
-18.81284226240219 -7.668459592669707 0
-12.77780696792628 -0.7961303207256348 0
-9.245196419127415 -6.721749871336395 0
-9.125081728404499 -7.047119058808565 0
-20.20309740710539 -6.175090921992618 0
-20.31027257653491 -5.82800023860655 0
-9.445507502732472 6.342487390944187 0
-12.45543190890474 -5.812488495095209 0
-9.409260968363119 7.235442453409957 0
-9.072911389983194 7.160504231221359 0
-18.67606021209399 -8.006763447279559 0
-19.047948289026 -7.934217820680719 0
-9.354265895003124 -7.313690707900438 0
-9.000519415197905 -7.378237264811042 0
-15.20827329574332 -5.261288580901128 0
-8.906885318912069 -6.783742658058265 0
-9.021368104954837 -6.469232631284527 0
-13.24818136402413 1.788713536454893 0
-19.38739606013602 -0.2799635452032413 0
-19.47931045075041 -0.0104431715821534 0
-19.6657396837981 -0.224579955169099 0
-19.75967230431329 0.0316340782964345 0
-19.94331930894341 -0.1719038779833469 0
-20.0368181002002 0.0829394771281376 0
-20.21923171739707 -0.1176938786912941 0
-20.31017685974073 0.1468185279089151 0
-20.49321636252312 -0.06120706598716568 0
-20.58357488139523 0.2019605823109663 0
-20.76191652707263 -0.005467722261998888 0
-20.85358346931764 0.2564031844181796 0
-20.6736011247014 0.4650182388627894 0
-20.94153442380141 0.5193370001360421 0
-20.76364050015306 0.72745895975588 0
-20.675382508892 -0.2689872171309953 0
-21.03594326312505 0.7803394703316072 0
-20.85492859886638 0.9894771260156414 0
-20.94423450415527 -0.2254628142702174 0
-20.85882596025391 -0.4770404357915359 0
-21.12765984102068 1.042219513769417 0
-20.9294135922686 1.247079269790482 0
-21.21175525260343 1.306449488037804 0
-20.9913094121639 1.53643058673621 0
-21.13031348253275 -0.4372669956399507 0
-21.0406265128773 -0.6852903126890584 0
-21.29785630277352 1.575526236521505 0
-21.12685824176048 1.782513497740994 0
-21.31216928195033 -0.6346648250621125 0
-21.22362884014303 -0.8935522515328557 0
-21.39349897221455 1.107525536135371 0
-21.40132140502678 1.837288859736929 0
-21.21803651310336 2.050997608008844 0
-20.93877890614149 1.99625779787854 0
-21.02100003981656 2.258895735091437 0
-21.31065203087906 2.320188396981397 0
-21.12232691463302 2.537973297954591 0
-20.82888950895311 2.474629815052765 0
-20.93253810623273 2.75718070227075 0
-20.63779569754121 2.688053597030148 0
-20.74200461725829 2.977694984376571 0
-20.43972771506994 2.894312349915254 0
-20.55558014602698 3.204451758875872 0
-20.26078314525119 3.146764526566149 0
-20.3650999854812 3.435265735469349 0
-20.06127038379288 3.370117312234199 0
-20.16759987145935 3.661863585632288 0
-19.86187604172636 3.596589391906635 0
-19.96947097047015 3.891200123520161 0
-19.66426293812532 3.828302487800519 0
-19.7647825298179 4.118395313730619 0
-19.46129421913133 4.059164780738143 0
-19.56236351809537 4.351803245571102 0
-19.25621058634889 4.292600082572901 0
-19.35845384820728 4.588453235951214 0
-19.04918391229855 4.52845961078912 0
-19.15246768544392 4.827993860638322 0
-18.83981147776401 4.767218373895143 0
-18.9441067663228 5.070390581599048 0
-18.62728384626407 5.009333988316568 0
-18.73321185687836 5.315857741683765 0
-18.41294125919967 5.253933910969613 0
-18.52025915655049 5.56228576492233 0
-18.19540057939952 5.501412138154535 0
-18.30430609002095 5.814308964185037 0
-17.97638000813626 5.751955733885169 0
-18.09409449169054 6.077376353244723 0
-17.75663771322976 6.006892793085143 0
-18.4398672215874 6.134700902255656 0
-19.25555280430149 5.126299982291794 0
-17.87484708967465 6.336440243933494 0
-17.53234178437696 6.264013275566497 0
-20.06578648080413 4.174759848161665 0
-17.64300518402866 6.589638393941346 0
-17.30058615337956 6.522338947602513 0
-17.64748582249447 5.684138148286991 0
-17.41461006580215 6.851955175667062 0
-17.06895363145419 6.784832503086171 0
-20.84798953106684 3.259094702569313 0
-17.18491522430806 7.118739042446943 0
-16.83743824265463 7.050995323128132 0
-17.53340692185526 7.185022885707228 0
-21.49440895836569 -0.8406567085078389 0
-21.4064751737937 -1.101648396894988 0
-16.72102210816735 6.714539976606897 0
-16.4869264508613 6.980777874768664 0
-16.60385857009349 7.315996612990951 0
-16.25247172986075 7.247970828968845 0
-21.67711348054125 -1.04970435908098 0
-21.58835175948623 -1.311844876695314 0
-21.76473672290146 -0.7976608310033173 0
-16.13690584104622 6.90969434917903 0
-15.90125818356162 7.178589831449416 0
-16.01912357416663 7.51906349853364 0
-15.66060953256868 7.448936801374212 0
-18.52495758653138 4.703993799722594 0
-15.78878021517202 6.839056532258851 0
-21.86007840344335 -1.25918457537479 0
-21.77025422332952 -1.523052111575148 0
-21.5091261025256 -1.580786819539391 0
-21.68239868755482 -1.789983887851236 0
-21.41782224614121 -1.849140493224087 0
-21.59216288314374 -2.058795353251201 0
-21.31316114218024 -2.114045240465938 0
-21.49847229690063 -2.327941294867841 0
-21.21689087010268 -2.383894128875219 0
-21.40744734855991 -2.60160930499901 0
-21.12273771129486 -2.657164885926982 0
-21.31530830758787 -2.875847689778553 0
-21.02606848287575 -2.93400905869869 0
-21.6007092680609 -2.820091950636705 0
-21.50983246273069 -3.094681162018466 0
-15.77981947125577 7.7952052251938 0
-15.41555800266981 7.722775457359405 0
-21.85504377018434 -1.995449281805618 0
-9.961436353864077 -1.341496817491907 0
-20.529911651229 -6.070807414856443 0
-13.04769118419922 -1.445071430724921 0
-18.16399663386196 -1.550573413463861 0
-14.09527656976389 -1.228866938917499 0
-14.00971969059775 -1.486794802565743 0
-14.27851861234479 -1.43210373924775 0
-14.18998544024838 -1.694390325899673 0
-14.45967506377947 -1.644351158611599 0
-14.36657990040391 -1.910919699984432 0
-14.64421448774686 -1.856616642526213 0
-14.55161301758539 -2.12554715238301 0
-14.27105946841766 -2.179993428302331 0
-14.83088342443964 -2.070581021752524 0
-14.92132754191076 -1.800653714235117 0
-20.63116508818871 -5.745744056444041 0
-18.92106541342284 -8.277112938017288 0
-19.2718726393683 -8.207977047821412 0
-9.174668230659439 7.490827169401546 0
-8.837075348642596 7.410617002835199 0
-8.737819167887832 7.083126067828291 0
-8.505201941180376 7.330119722299226 0
-21.40684708213402 2.59332922145792 0
-14.45910428411256 -2.39725350368419 0
-14.17440340597711 -2.452524627824441 0
-15.11100750404554 -2.014702062615666 0
-15.20234035628599 -1.742476973261737 0
-13.69227022216715 3.742953403672631 0
-13.79470858508288 4.04462768384049 0
-14.00527845899487 3.805434729952261 0
-14.10933456343536 4.107226097768661 0
-14.31998435117793 3.86729845810628 0
-21.79497056353556 -3.039782407539109 0
-21.70197584713894 -3.316971361072445 0
-14.42436980711753 4.169373819487724 0
-14.63583012834887 3.926861259445768 0
-20.07675619203324 -5.540407524851386 0
-19.95170459759009 3.048124823791218 0
-9.236363073157275 -7.652312032907315 0
-8.874819885284447 -7.717435659946397 0
-15.53183096946909 8.073747813483303 0
-15.166451947011 7.998583801056262 0
-15.05226345359592 7.646484120716675 0
-14.8012433278871 7.922696590259419 0
-15.90069513137486 8.147010590508199 0
-14.68639808499738 7.568744600333811 0
-14.43161659273483 7.842818460250899 0
-8.696979704684871 -6.526400411876751 0
-8.804638779461804 -6.221972248692124 0
-8.59880783681764 7.659270756752802 0
-8.263128964329228 7.578277453148535 0
-20.85064748947465 -6.00328306928334 0
-20.74662580149018 -6.290429076872167 0
-8.41125995936992 7.006038700410611 0
-12.48757945045965 2.682605403849669 0
-12.3908289205497 2.39896316923697 0
-12.19759639782205 2.62171309773777 0
-12.10397587997055 2.341552354587594 0
-11.91018861301913 2.560760096211424 0
-11.81841082179947 2.283233025813591 0
-11.62594729354193 2.499731716837351 0
-11.53569532815785 2.226910063150038 0
-11.34545335390152 2.439669423558504 0
-11.2563239980111 2.171254104153616 0
-11.06877971222297 2.380443531886984 0
-10.98087671983166 2.115823053169842 0
-10.79598234266189 2.321960694316954 0
-10.70928920272747 2.059482293602666 0
-10.89215096131806 1.854293350174992 0
-10.62352124914187 1.799289930631166 0
-10.52599590151545 2.264455778687737 0
-11.72396876410266 2.011246089938286 0
-10.80547055888967 1.594236690806346 0
-10.53958747382958 1.541514720861682 0
-10.61064103366643 2.525483134200291 0
-10.34236732697235 2.469354857365583 0
-10.71860401827862 1.338154525247216 0
-10.45491117589964 1.286396542946367 0
-10.42728846177636 2.729902650077069 0
-10.1584645493249 2.673658751953006 0
-14.74010183264668 4.229980475258494 0
-14.95182576733827 3.988795678916807 0
-14.51854377115335 4.470506114499169 0
-10.2440579822592 2.932984772470518 0
-9.975107908057975 2.860888868013229 0
-15.05607667021689 4.291054081115245 0
-15.2677906293779 4.050568236735595 0
-19.15574191481096 -8.553703130250465 0
-18.81560395586043 -8.628795690176966 0
-19.51427447148123 -8.481768178537466 0
-19.15956149561016 3.988336184157083 0
-14.36553131079558 -2.672648873067335 0
-14.07821245024948 -2.727475344411798 0
-14.55096742234401 8.202163026938203 0
-14.17549510551023 8.118966634250478 0
-20.67159033672371 1.199551786005663 0
-20.95159569231073 -5.678830933039729 0
-10.05330573609582 3.128443895107177 0
-9.748189523980692 3.039184965586112 0
-9.86079267184148 3.329411882618205 0
-21.98938921611946 -3.260691468260887 0
-21.89544642256626 -3.539334645301975 0
-10.63113152984332 1.086457862507116 0
-10.3706345318959 1.034686742974403 0
-10.19584614294052 1.232109680824902 0
-10.11262670840333 0.9838329313662139 0
-15.392302701956 -1.95782086110666 0
-15.48402036186344 -1.684480295462202 0
-9.580789815536388 3.279312183096902 0
-9.676970829094138 3.538963384536085 0
-8.359789851088543 7.912871211196772 0
-8.015739309087458 7.830253230406541 0
-15.64963399212642 8.429707969985394 0
-16.02302604840083 8.50389203433331 0
-8.488377877642552 -6.278482887558515 0
-8.59537891070255 -5.982895105895065 0
-21.16991445816065 -5.936943835166527 0
-9.891890951121226 2.583390183530537 0
-19.39773114773782 -8.829574360451943 0
-19.75840757157976 -8.757589894218366 0
-9.115924034568428 -8.00082310038008 0
-8.741892041403846 -8.068632167546731 0
-14.31806979827261 7.487060357126193 0
-13.79962352161291 0.1420324437497615 0
-14.27100334045137 -2.951863006239359 0
-13.97717308418368 -3.008057509503673 0
-9.413131791330724 3.489624364673933 0
-9.49544802376426 3.745991474895096 0
-14.29808325592498 8.484451777864114 0
-13.92108272804202 8.403106737377325 0
-15.37177003419888 4.354322494748891 0
-15.58376761996892 4.112699728639677 0
-21.604259590319 -3.598287946425767 0
-20.9353889152052 -2.472296769393028 0
-22.17430956016679 -3.49085672548086 0
-22.08920642205115 -3.762673853686299 0
-22.29137280215457 -3.223880894109591 0
-9.939048277208325 1.182955341200863 0
-8.457021633022084 -2.280864229951661 0
-10.54599806398076 0.8355136456935298 0
-10.80662390755014 0.8869541273365588 0
-8.114479226510625 8.173918744677055 0
-7.770114894645038 8.084479261599219 0
-8.458955149654507 8.259715076331373 0
-7.673640663082402 7.747260005914172 0
-7.431271759799092 7.994737997539914 0
-7.342891490994186 7.663511579554258 0
-7.102425740431435 7.905935513374484 0
-19.64058282415227 -9.106374292788072 0
-8.379206108789479 -6.578908553229383 0
-8.174442308516481 -6.336685937227749 0
-8.066614428933388 -6.631508133986018 0
-9.228675572813769 3.69520409774039 0
-9.321551726878628 3.946138739632717 0
-15.6750315943914 -1.900600341053112 0
-15.76556958675366 -1.627753986148766 0
-15.58283927095428 -2.174698950363533 0
-9.857438751575122 0.9316115459048165 0
-7.191980971560106 8.239675555181927 0
-6.859497348120251 8.148327811498191 0
-14.16292326358423 -3.23153104480782 0
-13.87641964675606 -3.291650328524347 0
-14.4233339606148 -3.175704059844316 0
-13.68050148757454 -3.063436897607174 0
-13.58105879353823 -3.348050223286962 0
-13.3848730156452 -3.118953052693346 0
-13.28398502932532 -3.40400999654308 0
-13.0879317805594 -3.174757144790462 0
-12.98688541268418 -3.459593735214121 0
-12.79101704263086 -3.230520379226277 0
-12.68884230374582 -3.508351984050461 0
-12.49337092627764 -3.285474941571555 0
-12.39273932201079 -3.566169639992093 0
-12.19879659087772 -3.340674641072448 0
-12.09684587089616 -3.618108380882647 0
-11.90232031862539 -3.396796540443496 0
-11.80196162309744 -3.67386380671964 0
-11.60820187811957 -3.452209060863721 0
-11.5079577286216 -3.728667273222685 0
-11.31451319325543 -3.507651556371679 0
-11.21526243795949 -3.785520148044359 0
-11.02305734445374 -3.563047674365436 0
-10.92349380644759 -3.840074821962598 0
-10.73212459144564 -3.618239108362577 0
-10.63317863808337 -3.896660008169488 0
-10.44412756322105 -3.672902141055074 0
-10.34484675598872 -3.94994339281818 0
-10.15636217421589 -3.728064918214873 0
-10.06002262861026 -4.016567741773861 0
-9.870717763731019 -3.785374376668489 0
-9.776879385497956 -4.072245189845813 0
-9.585860648996663 -3.836473709655257 0
-9.493188582300075 -4.11034740586944 0
-9.516932221313649 7.569667088636174 0
-15.76814127396234 8.790224894187597 0
-16.14727469175609 8.865845746728137 0
-9.0471946279783 3.899907004735469 0
-9.148742622888546 4.180230962482796 0
-20.0020102907218 -9.032900386388095 0
-20.11887761291574 -8.685735122212948 0
-9.308097782040889 -3.89103784843331 0
-9.210887919098992 -4.143882105524094 0
-19.88487180650048 -9.384827886055188 0
-19.51969009349818 -9.458819079882939 0
-8.992397171464647 -8.357075393776281 0
-8.595057545454555 -8.422837984989233 0
-9.368897728852914 -8.288357212498195 0
-14.6283139188868 0.3260402555167948 0
-6.774337732658783 7.819970149713062 0
-6.53214075025179 8.057348223128177 0
-6.613618705068212 8.387095619349568 0
-6.278580230971905 8.294133065747062 0
-8.860366173857473 4.105573254311766 0
-8.938670370029417 4.379253526118529 0
-9.910404623119964 3.604219001395084 0
-14.04307933692353 8.772641350302356 0
-13.66475748133805 8.692053992760556 0
-13.54647251640432 8.32152092606478 0
-13.28423467724079 8.609381434124389 0
-13.16661487692565 8.239513476414759 0
-12.9039304711798 8.526488536300958 0
-16.36653443019149 -4.786051700450746 0
-9.213324112518281 -1.548306439773213 0
-15.6890209488487 4.417646492368021 0
-15.89908099584387 4.174140705738934 0
-15.79359835576214 3.871569532682143 0
-16.10635725860511 3.932291652157213 0
-7.865867192481603 -6.391741987937224 0
-7.757711544003328 -6.680619477578037 0
-10.72131948449791 0.6357073269389399 0
-10.98214809707267 0.6872723766404095 0
-22.36866845608353 -3.715257879288707 0
-22.28346170943183 -3.98711238988091 0
-10.5094742960946 2.986976476741767 0
-20.9497859165933 -0.9480802323413079 0
-15.86773177846568 -2.116963086178376 0
-15.77472053068301 -2.393310828512353 0
-12.78697824416271 8.157280930639528 0
-12.52925694727777 8.448308973085426 0
-9.686536833144446 1.130178977461524 0
-9.300709353081075 3.232754600187994 0
-10.27336821985434 -4.252456154886208 0
-15.47383584121638 4.660505919265308 0
-6.366024279196743 8.633182156341373 0
-6.019651922798387 8.536415308343386 0
-8.212553617646746 8.52624807762783 0
-8.571770501774715 8.617361759159365 0
-20.36145262734597 -8.958697061578741 0
-20.47731946314006 -8.613467226590847 0
-15.57514351016363 -1.412461803501035 0
-15.85578154193534 -1.355657728094482 0
-15.66580422849152 -1.140999375815527 0
-15.94559703885309 -1.083557309437326 0
-16.13572333133627 -1.29822210436797 0
-16.22558145292719 -1.026848930050331 0
-12.64244666051789 8.817053683696329 0
-12.26503058595576 8.738309447453206 0
-14.54034544791909 3.622646806394881 0
-8.664535330640456 4.302650832925404 0
-8.761850368578486 4.577979311706136 0
-12.87057047617419 -3.725663338734886 0
-14.05618116562091 -3.509716031245683 0
-9.237177479061311 -8.65460498929669 0
-9.631165856882697 -8.582721688084577 0
-9.330446175152902 -4.341663124397447 0
-9.604497280827028 0.8858914869547871 0
-9.775113002500161 0.6911935050766164 0
-16.03481791050433 -0.8120127149693346 0
-16.31515010655233 -0.7556347083504461 0
-17.84826974722939 -7.533295232836282 0
-17.72725392459657 -7.87544973639509 0
-15.90109881762199 9.15272849081072 0
-16.27288629431866 9.226976223884531 0
-16.52732791069944 8.939448263279701 0
-16.65141277632065 9.304062951818979 0
-16.90502110717057 9.014250165677776 0
-17.03211869977599 9.376029404704049 0
-17.28568755479078 9.088543551210609 0
-17.41171757153823 9.45156316697495 0
-17.66353407952106 9.162547114321436 0
-17.79071277327064 9.523755889440023 0
-18.04205079094696 9.241003515620154 0
-18.16810358082698 9.60011963296431 0
-18.41906706680088 9.316291761735965 0
-18.5445757752899 9.675205422964062 0
-18.79384820020726 9.385735898859325 0
-18.68417872980969 9.042860438357378 0
-19.04495200751739 9.102455741047311 0
-19.16608236805256 9.456134486065896 0
-19.42101392690175 9.167820275962335 0
-19.29106106567129 8.818109947264036 0
-19.66488954123799 8.880183889717047 0
-19.5337895253653 8.538463689133341 0
-19.89337152206525 8.603890048813325 0
-19.77196169737527 8.264077418726687 0
-20.11282807459371 8.336920806442331 0
-20.00581780016732 7.994462145164363 0
-20.39096142997183 8.10614156434035 0
-20.2466664383327 7.733932596528342 0
-20.58882461112582 7.791489818382813 0
-20.47335458191842 7.463153226299823 0
-20.80472607903972 7.518817315199581 0
-20.70069223737559 7.199481114701849 0
-21.03330413393319 7.260296763534916 0
-20.92572326367501 6.942757207324298 0
-19.54761307052033 9.521533792357108 0
-21.2491213312775 6.998260527653816 0
-21.14786304345192 6.687083809315653 0
-20.22359718501382 8.68731434552034 0
-21.46938267836594 6.7463596948155 0
-21.36747015597509 6.435607499445977 0
-21.67594361366251 6.496278305404267 0
-21.57733895502961 6.184455503668327 0
-21.26168702452175 6.124422202331282 0
-21.47642435410963 5.879576096162754 0
-21.7907491303543 5.937036955967852 0
-21.68930418626759 5.635059980924499 0
-20.88915900952784 7.856161542115815 0
-22.00084826174509 5.693870939562033 0
-21.90015592201814 5.395020183941271 0
-20.60188803427854 6.87349990271549 0
-22.20635600119824 5.44838580295475 0
-22.10384608493459 5.15489964204765 0
-6.453180156282945 7.734450436160582 0
-10.89663546659922 0.4357871266773166 0
-11.15754209067333 0.4873114556781361 0
-9.029114956447943 -3.943553821533436 0
-8.93314158826453 -4.190058366283717 0
-15.79460348680293 4.723907065696549 0
-7.561241764256396 -6.445128306731793 0
-7.453462623931967 -6.730455571697207 0
-7.666769862318862 -6.15908984923025 0
-21.79869266770298 5.097025076359187 0
-22.00483983799472 4.862736114541256 0
-22.30713751442597 4.918139799338976 0
-22.20828592987026 4.628720500331585 0
-11.409728225259 -4.017267593514456 0
-8.492795039229293 4.518919105164576 0
-8.580603913266396 4.784765335362297 0
-19.66310061730338 7.924219858903985 0
-8.322658586295622 4.739277606918904 0
-8.410234947858552 5.004653756672388 0
-21.15820786310903 5.817466412603254 0
-9.021386634988467 4.618456194109133 0
-16.06208047637789 -2.335174556267719 0
-15.96815532155839 -2.614547025381229 0
-21.26727895122619 -5.634671825360538 0
-21.48668039223775 -5.874974275573522 0
-21.06105984803482 -5.389337897743926 0
-9.519382559174355 0.6511979550300272 0
-9.702049192935545 0.4494086615357658 0
-13.78392180265289 9.066162758488183 0
-17.48784446467025 -7.599167159274912 0
-17.36664559916158 -7.946284134234258 0
-17.12678602585981 -7.667283078476113 0
-17.00442086554855 -8.01681790162562 0
-17.24736313525314 -8.298332453403871 0
-16.87930021376096 -8.371161751594727 0
-17.12820511388651 -8.657442647029514 0
-16.75259386961622 -8.729869031919 0
-16.50947156582625 -8.440540295081043 0
-16.38044833476454 -8.824403807072654 0
-16.13057135841431 -8.512988431921892 0
-16.00157797513829 -8.90180716521199 0
-15.74368777076491 -8.585185016983115 0
-15.61012332867867 -8.932597003135431 0
-15.35774867355135 -8.650249597050131 0
-15.22021954167106 -8.996808109862654 0
-14.96984973654314 -8.718830617054381 0
-17.00343031559046 -9.02013062679748 0
-14.83575244084988 -9.090351857670807 0
-14.58017416302933 -8.793660977862936 0
-14.45946435880767 -9.154040458380969 0
-14.19023645524461 -8.867494309913278 0
-14.0824887479122 -9.29152755511149 0
-13.80036794034951 -8.949349052076727 0
-15.77855656300761 -9.22497975038231 0
-13.6623083296579 -9.320666549358402 0
-13.39983243996189 -9.016950325143513 0
-22.57473653131262 -3.930016241446359 0
-22.48070838106594 -4.210227163999818 0
-22.50896249280401 4.685594527897065 0
-22.4107351410521 4.398915185685167 0
-9.442298402621756 0.4090524400937716 0
-9.622882608383536 0.2101681573883499 0
-16.41453190156827 -1.240581880922716 0
-19.76635112472373 -9.741766771520959 0
-19.39407279318264 -9.81566746678444 0
-19.60123185423302 0.2691027310876328 0
-18.34784754596957 -5.284678132572964 0
-21.53877549253892 7.070414286091359 0
-8.103164407096646 4.935168135984028 0
-8.221183951548248 5.212048943347271 0
-7.939573476488655 5.157717364868315 0
-16.00257437213499 3.633082238453075 0
-16.31263550467544 3.692548744128118 0
-16.4166079764499 3.99138752009744 0
-16.62286822118655 3.752221265180058 0
-16.72671291289544 4.049845561287984 0
-16.93316561121804 3.812390922468525 0
-11.70185820693715 2.762085140615905 0
-13.26421203571238 -9.397442170233441 0
-12.99760680391954 -9.090491642814564 0
-22.70843959959122 4.457122243955472 0
-22.60922171880469 4.172410894684556 0
-14.14302992170273 1.966218433678902 0
-12.40910090691677 8.079211859107861 0
-12.66707501557461 7.792262049582654 0
-20.71794534908878 -8.885195920386801 0
-20.83150691975976 -8.541246341481667 0
-15.88476375840296 -8.219892168082863 0
-12.37726550868041 9.110181993334766 0
-11.98773897544962 9.024783158894778 0
-8.026889508809553 5.412151228099071 0
-7.751541949416939 5.354244196843205 0
-21.701256323643 4.802366739135334 0
-7.260062319155068 -6.498682054540766 0
-7.150555203783989 -6.784604267852504 0
-7.365463283643835 -7.017972260634998 0
-7.04122256049903 -7.073697499608543 0
-7.262900934678074 -7.31600407165601 0
-6.916464503636824 -7.368357843262319 0
-7.136213153919323 -7.626545271261818 0
-6.787493571597084 -7.674592626323772 0
-7.023536249958925 -7.951658237044559 0
-6.670492429760707 -7.995297902161549 0
-6.897775351213113 -8.271907871421577 0
-6.547327999109964 -8.32224688270793 0
-6.321820330953503 -8.046664388605274 0
-6.194713614047888 -8.375586943869886 0
-5.976388840072188 -8.098351612398277 0
-5.841258328066814 -8.428648196383044 0
-6.065980206142783 -8.714890567273086 0
-5.701082761412348 -8.762925446402958 0
-5.477251671490973 -8.472694181719755 0
-5.335045185427346 -8.810610476510796 0
-5.110791913817492 -8.520179316427178 0
-4.970515462014298 -8.859993587260449 0
-6.718851845978467 -7.105504252108571 0
-9.967198214340897 -3.511995523242051 0
-8.761220669816947 3.835604617396621 0
-6.112320143403231 8.884983741153121 0
-5.764493244314694 8.782090123230331 0
-5.675801288455934 8.43738058159947 0
-5.420442023182891 8.678904697135673 0
-6.465640020774712 8.986369998635071 0
-12.86333675615944 -9.475117062265474 0
-12.59500404552747 -9.165468230689559 0
-12.46022169681208 -9.552588248515411 0
-12.19113839481597 -9.240770768710691 0
-9.435061806834216 1.078883670880209 0
-9.500819893437633 -8.960016809170396 0
-8.314585947817921 8.892550014406078 0
-8.692138969985928 8.982304202049248 0
-20.59368518283937 -8.272672740103157 0
-20.94523467581279 -8.200809721355725 0
-9.896425520339847 -8.885144808237605 0
-22.3144819813796 4.113885225590422 0
-22.51086607449054 3.888638969505651 0
-22.80315018718596 3.945602143276754 0
-22.70632318578456 3.667031741416611 0
-13.13453067832055 -8.708047826076411 0
-9.11944124894004 -3.682109595777602 0
-14.70756545091464 -8.405287002458623 0
-7.838637236672019 5.617358552624688 0
-7.563744891476691 5.560193365383864 0
-7.651344939944484 5.825646642079625 0
-15.5773240875418 4.970879729865731 0
-15.90412408220224 5.034750484269443 0
-8.75594584706125 -3.996396599466709 0
-8.663552727996001 -4.252961777810025 0
-9.513669811922718 1.321152097278337 0
-4.750801501722474 -8.571168886557471 0
-4.608401566755035 -8.907623868712788 0
-7.377185672993215 5.767300897520751 0
-16.12489524242358 -0.5419880538041838 0
-16.4049559987449 -0.4849856382306337 0
-9.365802519790673 0.1629984542744166 0
-12.00481601905665 -3.121290509444931 0
-16.05265858366826 9.529124567873632 0
-5.349683710194128 8.33767538460757 0
-5.093932217754922 8.57313389506346 0
-5.146210387712062 8.938331595159186 0
-4.814551146373025 8.801524457045888 0
-22.29896010207931 5.767266280389993 0
-9.533218144729085 -0.02512162180459957 0
-5.942166904843297 -9.049186363992217 0
-22.77446450134613 -4.151864017608061 0
-22.67822617329357 -4.434592770797345 0
-22.8606219347099 -3.880366008236934 0
-9.797125744108847 0.001031001709680818 0
-19.77364260859154 -6.522103295537911 0
-14.74946915469017 -9.489775163609384 0
-17.13518522314159 9.74265250381454 0
-11.07168340908596 0.235833090920462 0
-11.33277874224211 0.2871322680137718 0
-11.41928222402348 0.5394490293143774 0
-11.59624463390799 0.3380804484222981 0
-11.68284419480929 0.5929475357015342 0
-11.8610141860267 0.3898633812022355 0
-11.9485421612505 0.64698690374096 0
-12.12840660338454 0.4420719759696621 0
-12.21625296669639 0.7010900737802519 0
-7.463813280384682 6.035279505842033 0
-7.186599160174888 5.97640407993977 0
-21.1808232967882 -8.468093463665065 0
-21.29361751985549 -8.131638995240658 0
-4.390050860756036 -8.620292551432138 0
-4.24651706584317 -8.952304547331773 0
-9.268952288299232 1.264109191306668 0
-9.348424808674503 1.500287651480251 0
-8.90497825971975 -5.924000499281839 0
-10.82987533891065 -3.342675113559435 0
-12.2940180191621 7.726122417495799 0
-12.54740913160624 7.435009207526563 0
-22.99406307479261 3.722134996538989 0
-22.89956934611023 3.447110643482806 0
-17.77880173167921 -6.019342993173875 0
-12.39730316808281 0.4948838611560089 0
-12.89490947237 -2.957247835336419 0
-12.10677305655881 9.408270875523701 0
-11.7100439419436 9.31897263227796 0
-11.59022635278151 8.928632159722024 0
-11.31312022450159 9.227163644853171 0
-11.18837206096544 8.841663813208031 0
-10.91686036981624 9.135949324362194 0
-14.56888421986621 7.217076060091713 0
-14.209787764698 7.139855592230279 0
-14.45244601535001 6.870548914048798 0
-14.09950178886943 6.796641233514447 0
-14.33857619273506 6.530331422124423 0
-13.99030874251452 6.456558771409967 0
-16.2582111792178 -2.556266468020987 0
-16.16355782259234 -2.838545102778923 0
-22.80812300486019 4.741638236805821 0
-17.03607832086678 4.109228980264952 0
-17.24063619876395 3.87035806223407 0
-17.1384153422986 3.575851677517509 0
-17.44315409652294 3.63320531665453 0
-4.733509561456071 8.440713309316132 0
-4.475555163092095 8.703982570358518 0
-4.562068944658844 9.04243180135809 0
-4.225038182965164 8.929644952346202 0
-14.16997581328915 9.146406830278572 0
-13.90693309341747 9.445167596099987 0
-15.86687241476895 -2.8950360011403 0
-16.06779884248056 -3.123862583998152 0
-9.287316115538031 -0.07360694699567752 0
-12.05463621570911 -9.630896849305422 0
-22.18506656506591 -4.266234786407664 0
-15.76582290666104 -3.181321570614025 0
-19.85208008628828 -0.4368345180975067 0
-22.22748025573575 3.839419634032396 0
-14.30345104175538 9.527240429179317 0
-16.20919241834829 3.395851722690512 0
-15.90307492483472 3.335965250232661 0
-8.129454167749572 5.705937942333967 0
-19.64670430362007 -10.10270098893208 0
-20.01957609719055 -10.02645510935428 0
-19.27077600539847 -10.17920676664398 0
-14.22521263649808 6.198191887005533 0
-18.28995239962447 9.963895133697429 0
-4.030761203584988 -8.668468464309539 0
-3.889337080681528 -9.000868035860586 0
-19.01621999084414 -9.888285097596333 0
-18.89102581798634 -10.2552677724194 0
-6.19064777149716 9.249820276001993 0
-6.569983725981511 9.357378200635832 0
-22.97309813216452 -4.376069530547745 0
-22.87625427498351 -4.660068656124471 0
-9.765449449791966 -9.272319137833387 0
-9.352100241471634 -9.348384670181453 0
-17.34055971228454 3.341772169652714 0
-17.64344033990557 3.398974554789669 0
-13.88044014228818 6.119936990410824 0
-8.200808202043275 4.475527659979189 0
-8.486972819862446 -4.049363527132182 0
-8.395064272122529 -4.306001623350208 0
-8.567693827328011 -4.502765904173987 0
-8.301457593460473 -4.55930400858063 0
-18.63469069855568 -9.961606381869954 0
-4.46832853015207 -9.250638279406735 0
-9.451639087977735 -0.260801636974032 0
-9.208180875841657 -0.3093249893499596 0
-12.0350279834782 0.187047686513084 0
-8.420254285070389 9.271238724857353 0
-8.809278069930228 9.366544908463172 0
-21.54388309208386 -5.542523805882969 0
-21.80376708023388 -5.811034359834384 0
-21.70170485657422 -6.116824267535637 0
-22.0216528227628 -6.067570048556553 0
-21.91646222491735 -6.362211322627339 0
-22.22680110335891 -6.304941936076037 0
-22.13157308275912 -6.606127123154145 0
-21.81066597007083 -6.670160218564958 0
-22.02993652384727 -6.918193071537662 0
-22.34903927931092 -6.055657830796986 0
-23.18030108797425 3.49931127920458 0
-23.08657591532165 3.227363702193589 0
-22.80721211887483 3.174072343381239 0
-22.9932711232618 2.956735737005535 0
-22.71596500379587 2.903045586701966 0
-22.90376152001519 2.690345376327703 0
-23.17974284108864 2.743323738804475 0
-23.08900827026565 2.479234743366412 0
-22.81559321671793 2.424287128950859 0
-23.0006484786448 2.216024055067287 0
-23.27066474937823 2.270193450450215 0
-23.18153583158086 2.009695722268118 0
-22.91368261638096 1.955291119992874 0
-23.09353177944656 1.750824241519871 0
-22.82694032469392 1.696598531779203 0
-23.00722928815984 1.493947619186337 0
-23.27121723914385 1.547184314646533 0
-23.18437707708735 1.290796211189656 0
-22.92336565668859 1.238471342189371 0
-23.09862267496297 1.036615415257768 0
-22.83941792739965 0.9854286766482122 0
-23.0153627495844 0.7862653647854835 0
-22.75587968156387 0.7336287467653616 0
-22.93192304342142 0.5351420994752409 0
-23.1918059766648 0.5886091382932863 0
-23.10813083010188 0.3382703897995667 0
-23.36595485328809 0.3894667479410419 0
-23.28300943358761 0.1422198650110595 0
-22.67273039111248 0.4823258063994004 0
-23.44310086069851 1.333090106301721 0
-23.53868216123872 0.1954558711884187 0
-23.4569209237758 -0.05255032976670315 0
-23.20005342052334 -0.1062289060897528 0
-23.37570288474184 -0.3031762886909375 0
-23.11673654526651 -0.3562974007041467 0
-23.29378573437619 -0.5544031192147859 0
-23.62125619739495 0.4398784868887979 0
-23.03397214575341 -0.6080471394324033 0
-23.21108956282547 -0.8057770321271475 0
-23.47059425247186 -0.7518645416114325 0
-23.38870216277663 -1.003944536188978 0
-23.12800338603281 -1.058986866856856 0
-23.30724112984685 -1.25806524861361 0
-23.04483374439637 -1.31392244685274 0
-23.2253056264706 -1.513665953587979 0
-22.8564171131969 -0.40949276101653 0
-23.48680670748886 -1.456453411024386 0
-23.40507865520711 -1.71325757885206 0
-23.14166520383925 -1.771263079083447 0
-23.32337950964967 -1.972367883587913 0
-23.05841478231404 -2.030895650247485 0
-23.24288213498307 -2.234016409934993 0
-9.102116851871234 1.450436912395199 0
-9.180571139612045 1.687353294850295 0
-7.274838694133796 6.243872442628123 0
-6.998477515616075 6.185267955962296 0
-20.71010562796665 -7.935767873521589 0
-3.673431447877545 -8.716830837378684 0
-3.532682745446318 -9.048185287376905 0
-11.83093482423983 9.712582597916681 0
-12.23564938329006 9.800705565026332 0
-16.21546888938763 -0.2722047245387665 0
-16.49472126594419 -0.2145930728182949 0
-16.68432944138476 -0.4275228833495591 0
-15.93550778604694 -0.3286285584681082 0
-13.52014039801756 -9.664952537888853 0
-12.48745550599626 0.7461397174658052 0
-11.80778488671827 -9.325161978989231 0
-11.92629543162922 -8.931206992647517 0
-11.6704632629302 -9.719495000153643 0
-9.081131174064634 9.086129488321111 0
-9.203469194996963 9.460561200884438 0
-4.869837027212547 -8.183857001390106 0
-14.03227392411412 9.831185663351549 0
-14.43540114824455 9.914279715852981 0
-15.68561428456148 5.285182895675903 0
-16.01263165387092 5.348838650071224 0
-19.90052585172367 -10.38956262801057 0
-20.27675487230223 -10.31286694742822 0
-15.35702267436845 5.219931549424359 0
-15.97108176283186 -3.413354994146378 0
-15.6706854144171 -3.4733706847624 0
-4.148122254429548 8.603573922919875 0
-3.894569211326314 8.8131162549856 0
-3.956479260723051 9.153704536728561 0
-3.625453777354633 9.030777527274067 0
-9.66342675887471 6.100939790350306 0
-18.50775141404517 -10.33210878183241 0
-10.89831327656207 5.185288556804743 0
-10.57777081151397 5.122686264978991 0
-10.79325749507863 4.884652588056984 0
-10.48830756308515 4.821065168497996 0
-10.6931869988469 4.589353999619361 0
-10.27906885418606 5.052576742011696 0
-10.72768338015999 -6.140297844990521 0
-21.52955891553966 -8.395507359592646 0
-8.576718467253173 -3.79291846643059 0
-16.10806872500433 3.103277934025174 0
-15.80687466868528 3.043516427671814 0
-13.64491780261835 6.38201522538971 0
-10.80228585396591 8.751001821420457 0
-11.06688027039302 8.462311629282491 0
-11.42583490323182 -3.236952201152297 0
-3.302522259932345 -8.770563832951407 0
-3.174102175550309 -9.096648951905346 0
-12.28804957912139 2.11849271403789 0
-13.15200443605944 -5.683636270845456 0
-14.53260719427887 -5.458630458068384 0
-19.43361755392436 -5.687976132796368 0
-17.90177359394241 8.867867321052325 0
-12.32399542651513 4.030918795799791 0
-9.019600069497312 1.219746192413392 0
-19.18208661096999 8.479327427128071 0
-12.18331287137592 7.356661183382337 0
-10.81188561705796 0.1845787809191833 0
-10.98593352152085 -0.0144249398316257 0
-10.72733447835656 -0.06610383784803417 0
-20.14602086137902 7.389058963799211 0
-13.91053414652348 -8.560617047801953 0
-15.38707528778538 -1.197689233801335 0
-13.48684964304525 -2.844620762905865 0
-9.191579676607486 0.368254443644872 0
-22.57901851759667 0.9321743424862188 0
-23.51133224982652 -2.174482587106733 0
-23.42852879803147 -2.437313584965822 0
-9.349822895378743 6.0316792006074 0
-13.72894164087179 1.354154584511739 0
-15.37510702220061 0.9427861370953824 0
-16.50133457049514 1.164510016118294 0
-23.44975403658145 2.063335795877722 0
-23.00556745188394 4.514038593368199 0
-23.10492531464904 4.798119197616629 0
-21.39138378347162 -0.386366416391792 0
-12.66279766800094 0.5427969766113921 0
-23.28454460875282 3.77795527080645 0
-18.0653330798837 1.212845783743573 0
-21.5943989224081 2.375643755947382 0
-21.58202212734046 1.643130987276721 0
-23.36146821021762 3.273016197462939 0
-6.680337066497485 7.528283923542793 0
-6.375573633660093 7.475449762218695 0
-20.53531751711561 2.400355795581646 0
-23.53928218503305 2.321774527038089 0
-21.23854225886945 0.5330327247200437 0
-19.41352258946214 -7.860742496328932 0
-18.09776596809527 5.195875331622001 0
-18.39593387901528 -0.728479419154125 0
-10.01650359751575 1.437747119259562 0
-19.56446595484127 3.526453745378847 0
-23.6323303330335 -0.248081510574783 0
-18.67162970467913 10.0399122853394 0
-17.66318966287247 -2.921196825810792 0
-12.43409385147678 7.081312002080899 0
-11.0337827996246 9.525677188318417 0
-10.71056359309314 -1.893517364568615 0
-9.371651212043613 -0.4957580387017822 0
-9.129264667190863 -0.544143805829053 0
-21.41798725459198 -8.733182000884508 0
-13.29712569349211 -0.6809460251483743 0
-10.02590160490026 -8.506187459953228 0
-18.91790576249688 -1.652360711249512 0
-11.73903781892798 -1.693497481481108 0
-18.41450506921923 -3.044486176282821 0
-13.91764136417383 3.505051258924263 0
-14.00055430887049 -2.23193700642296 0
-11.06852524367891 0.9364999708365572 0
-17.23423028817157 -4.07650945402658 0
-17.24781083186584 -7.321853950783747 0
-16.88859456243804 -7.388701231370148 0
-15.01876942522834 -2.283828361230337 0
-20.10083950094947 0.3511629019863327 0
-17.30089999003354 7.455719641225642 0
-17.65480877761292 7.522948559009291 0
-20.47101848254692 3.725374782348473 0
-16.34320346952993 -2.275755891537849 0
-9.615536760274573 -0.4479709305296815 0
-10.83863652913021 -4.122282383006769 0
-18.1776426990418 0.03888237383239609 0
-9.6924369617563 -2.067125781824793 0
-16.22130385271088 1.856618234648853 0
-21.13582792796019 -1.877432614665807 0
-17.34200543098288 2.079908776914409 0
-17.62459265335779 2.134675233388057 0
-18.83493562444127 5.616933058546895 0
-19.6640671176374 4.644152181409008 0
-17.99496381911146 6.658712051517603 0
-13.89847696986501 4.347984475363661 0
-16.23117302286904 5.097288621469409 0
-16.34041685876819 5.411088889249982 0
-16.55770075491603 5.16259522312646 0
-22.58032932028451 -4.719128298630137 0
-6.275945570337187 9.63655060659128 0
-11.76924337903493 0.8465540273359281 0
-11.95737535426225 -3.901492270007858 0
-23.64697065743723 -0.9479396851799238 0
-13.48055950321141 -3.632321869419401 0
-17.44834703237854 0.8408004568575599 0
-22.43962100621312 -6.577910614017681 0
-2.94999834298587 -8.825889274630265 0
-2.816141157985652 -9.147342590749146 0
-18.24959110563419 -10.03612215581611 0
-18.12084228093685 -10.40974790706845 0
-13.73788869293495 2.404653462272353 0
-9.044131168174447 -0.123964285824251 0
-14.18381088106711 -6.436996672862121 0
-15.57169857432401 -6.164755787036513 0
-12.79747826343762 -6.683829023545001 0
-14.10002841766708 5.861923166303291 0
-12.72109960962085 -9.903992387550799 0
-14.58142991334719 6.270596530043833 0
-9.59408521118473 4.018973378010113 0
-23.79244130271464 0.2476269920005163 0
-8.651683611708497 5.021666447448739 0
-12.20150821339283 5.434393529417417 0
-18.41865961054115 10.33408159128018 0
-18.80225618829364 10.40981105642998 0
-11.36181251010034 -6.92960457616527 0
-6.775535640727274 -8.603542174258992 0
-11.2387128505395 -1.075545700651275 0
-16.77383104551918 -0.1568694767740116 0
-16.96371604801375 -0.3697947386556525 0
-6.962658948550962 -6.550631141818688 0
-7.066306778066638 -6.273130147731627 0
-6.780015888341167 -6.323245418453541 0
-6.879247346973495 -6.05792877975522 0
-11.54553652149907 6.197925939098904 0
-8.128106898463972 -4.35530640380347 0
-8.036630757350604 -4.607930406922303 0
-8.209160868010974 -4.817036209396604 0
-7.941230159085724 -4.862373869415715 0
-3.57091313863958 8.690960295789248 0
-3.30051337079611 8.90447288072987 0
-3.3508810539412 9.255558532293067 0
-3.017216419002105 9.120934786764694 0
-3.062704366247728 9.486279390391717 0
-2.721920699054789 9.341186008196658 0
-7.940136573125956 -6.931200655648509 0
-8.724693914124346 -1.628348519564296 0
-7.265259773961091 5.480622365078347 0
-13.53532450366677 6.04753000434518 0
-22.64588478060169 1.900569519581698 0
-11.50679862262675 0.08646934559609976 0
-12.32169350530607 0.9321935666444362 0
-17.7469201746 3.68997781225917 0
-17.94848232374611 3.456001536885097 0
-7.657348821825591 5.090775119620582 0
-12.24411316629539 -0.8893264009444694 0
-7.138032988953501 -8.547732390975995 0
-7.01184107954723 -8.899380695405712 0
-22.96953158603397 -2.288936384677343 0
-16.4562648114226 -2.778910575202623 0
-22.78025929240525 -4.9481194035148 0
-3.416703094310393 9.628505963967717 0
-8.313784243143377 -3.845710011328087 0
-8.402419581891852 -3.595909249997098 0
-14.15927445546048 10.22311117569354 0
-13.75326068054071 10.13787870600341 0
-4.16087608518471 -8.335754069019499 0
-5.20936701308836 -9.157491848125233 0
-23.87332810241543 0.4912541996734245 0
-23.71759022660605 2.115781991750861 0
-22.77332938015448 -0.6627852072355058 0
-14.56546682614672 10.30607759560918 0
-8.935239302325053 1.637401747241231 0
-9.013423577009412 1.873828280158328 0
-8.52940838582648 9.664354722654323 0
-8.130649762089938 9.56301709729272 0
-17.34550277138221 4.167466273315825 0
-12.57867297237746 0.2882118089158844 0
-3.743533983099574 -9.290543326727658 0
-9.62808993967459 -9.668772804464204 0
-9.21026908944223 -9.746508998741968 0
-7.507060035966559 -7.580126584232048 0
-23.66363995367801 -1.656361324161055 0
-9.423936075903843 1.74104191949838 0
-17.38126301886592 -8.945125208751582 0
-3.040575196695781 -9.443141429660599 0
-21.69052854796245 2.647430563805441 0
-22.87815060503355 -1.829030675024367 0
-2.662925446285639 -9.489564015681431 0
-2.462598637466146 -9.18852268873505 0
-16.02628574772369 -0.05978600377438312 0
-15.74808052411212 -0.1171461992996962 0
-23.17081432403281 -4.600494523267582 0
-23.26672212012798 -4.317503029876543 0
-15.4659831441886 5.538025310456129 0
-16.58443785847074 0.0557684921799065 0
-6.673941515482219 9.750226737317512 0
-16.26645342379294 -3.348111846466017 0
-2.679908895244749 8.985642397384499 0
-2.383610474874673 9.194268911738488 0
-17.8632949345085 -10.12709189241111 0
-17.72963473515104 -10.4856602274863 0
-17.4699226097872 -10.20445024021272 0
-11.49475530697898 -9.059564697248156 0
-11.67378274134316 -8.638316252471412 0
-21.72151310908783 -6.989581981884897 0
-21.92719195343226 -7.234300421341299 0
-22.25297562173627 -7.16676447020037 0
-22.14704742262314 -7.484088056510249 0
-20.15593310309412 -10.67741961521727 0
-20.53242664068281 -10.59887667907513 0
-20.65291394498605 -10.2345730516384 0
-10.03751096165021 -9.586596226267924 0
-12.77499776639189 0.764743996988036 0
-2.284941374720602 -9.533006313940055 0
-2.078468092338308 -9.176835813133458 0
-1.902512133304906 -9.565710368447084 0
-1.658477526961162 -9.197368350969704 0
-1.512486247182791 -9.60354361297537 0
-1.284635206713119 -9.298602221548524 0
-15.87431717056119 -3.707241033100181 0
-15.56656980972417 -3.768335910619526 0
-22.5929216387 -0.4549833425207972 0
-23.30110647195886 4.570348711119817 0
-17.01171446931377 -7.057510433808754 0
-16.65415848603551 -7.12732499105864 0
-17.33531094387299 -10.56547629761006 0
-17.06999563365825 -10.26506297526991 0
-6.913699088619142 5.920518608103323 0
-6.724865300985989 6.127333466330971 0
-6.810014994439457 6.392694900733559 0
-6.535784938410676 6.332582998928385 0
-10.70444115173187 8.385087255142327 0
-7.755091681838563 6.07939127741901 0
-19.14672861755756 -10.54533242178972 0
-12.2905262946275 2.904713627545643 0
-7.379387962516505 -8.845999417082455 0
-7.253194929248925 -9.20974306053907 0
-7.637916063444349 -9.149513651431425 0
-7.517298767817139 -9.525990376219903 0
-7.103886641486278 -9.593950149990546 0
-21.76664675057323 -8.659515394461344 0
-21.65500580855739 -8.997300987213311 0
-10.9550564971108 8.091848296424232 0
-13.85513482395435 7.064893382152926 0
-17.84361929709134 3.167361577745452 0
-18.14574643711215 3.223034909793376 0
-11.95606897929908 10.11243134410978 0
-12.37006193200717 10.20247178931691 0
-8.115534258123887 -5.072489998044431 0
-7.84430862292642 -5.119364812444635 0
-8.393276762704048 -5.020321213928833 0
-7.671699764694088 -4.907485760888986 0
-7.575053496892307 -5.162443106031538 0
-11.92398646008925 -10.03108365898651 0
-12.84249290939989 0.3361331474098296 0
-11.50710029824029 -10.11186318078784 0
-18.06182390008573 3.748556680933226 0
-10.06690320674005 -7.176565022516863 0
-9.562053158407245 5.79611756577172 0
-16.10118878156694 5.659983273718799 0
-16.57157977558024 -5.971211723858155 0
-10.63425035941228 9.433538025844324 0
-10.75242670673645 9.830649280972947 0
-10.44361009486836 8.675681968655825 0
-23.69834378151545 -2.380788235575242 0
-23.61520280863656 -2.64150808422003 0
-23.34459526364843 -2.700973142348816 0
-23.53270223125327 -2.906904475623268 0
-23.25804941146588 -2.967474916673595 0
-23.44916550057504 -3.175492568863989 0
-16.78098264770252 8.650703308554169 0
-23.80613955354823 2.372039103301811 0
-3.257909614980659 8.569511323365697 0
-3.511957431379999 8.366638120675974 0
-24.04304968750376 0.3002823850640276 0
-5.591651819705146 8.103283225263205 0
-5.269649482643575 8.007992746018642 0
-5.507468514783808 7.790263919674426 0
-5.208457516910818 7.696583300923874 0
-5.417628386146888 7.492819216496458 0
-7.588576192262733 7.417485336149569 0
-18.05523014180853 2.94914336420278 0
-18.33990880857339 2.993833632326075 0
-18.2578096360694 2.722841219524342 0
-18.53380525062879 2.766511165840936 0
-18.44600073452423 2.490986099282174 0
-18.72426944412247 2.539660257720629 0
-18.63838273302406 2.26822079037656 0
-18.91398550993202 2.315631423037342 0
-18.81624038135716 2.0408456351964 0
-19.10029518545529 2.092331383263006 0
-19.00268777721346 1.818967405201049 0
-19.28683126960261 1.871052244542999 0
-19.19048645098798 1.599616489475751 0
-19.47289967480917 1.651301528962759 0
-19.37707612359515 1.381354459771275 0
-19.38379379610627 2.142627504471081 0
-19.00936103408261 2.589286868634738 0
-19.65795874303896 1.432777215784616 0
-19.75405415085659 1.701490456023041 0
-18.62965103235715 3.043080340448086 0
-8.769576457061781 1.821799081707387 0
-8.846547068284101 2.059367128772784 0
-9.091402173387534 2.112403683020041 0
-8.923518887164843 2.299456593004785 0
-6.102149905986251 -7.778881781955296 0
-5.771181852910058 -7.829082683023373 0
-5.889499237494612 -7.524797063962197 0
-5.578626322262459 -7.567063254193266 0
-5.688934724372478 -7.281347882217553 0
-5.394228576624937 -7.320736474564479 0
-10.90074317704962 -0.2633845004931739 0
-10.6441240225639 -0.3150037775074111 0
-3.107492781859586 9.876511726729435 0
-8.637400053334627 6.766185284523619 0
-7.86681832578374 -4.400543405872103 0
-13.30165656335876 6.304658206716282 0
-8.692166806361572 1.587874481899475 0
-1.127299609051817 -9.654496547514549 0
-0.9084759953854886 -9.338762623705875 0
-17.19655359554167 6.191975004664204 0
-22.47940322458462 -5.007586650948885 0
-21.8772196005151 2.429514360674045 0
-8.676873286951405 2.246147109216778 0
-8.752551657802053 2.486851751778409 0
-12.05615048287566 -8.550193778851215 0
-11.80790850916607 -8.253626677416536 0
-12.18035324536617 -8.171899296610897 0
-11.41921270444822 -8.338048147688731 0
-20.90633241854346 -10.51951935728616 0
-21.02629129874024 -10.15987316149236 0
-2.422607131807136 9.560042431321259 0
-2.079801721125794 9.408325202937151 0
-2.018259816782518 9.014196035826188 0
-1.734583396127503 9.260913167296893 0
-17.43540147839944 2.354042573255303 0
-23.46322262660624 -4.540197346435227 0
-23.36961622757827 -4.824162401573638 0
-1.764514754691479 9.628885471077867 0
-1.42737638235081 9.453533059444828 0
-1.434857955002557 9.132316166653027 0
-1.106393827571683 9.300401278141567 0
-1.109664135910222 9.660713178533952 0
-0.7750626616745065 9.480559667682682 0
-6.60171982424482 -6.107438658602126 0
-6.504157197708223 -6.366680633420927 0
-15.45602091302872 -3.23798961885193 0
-10.25911598985906 2.209080485833767 0
-17.03873757839883 3.284140082965925 0
-2.896106360758516 -9.809169850953731 0
-14.55209185509755 -1.374877275579404 0
-16.86307450919922 0.1136229574640247 0
-16.0256855310161 -4.838722207401688 0
-15.16371157753905 3.750124512341694 0
-3.418503998609973 -8.442198279349869 0
-13.19412664454348 5.973720779900163 0
-13.42701183365632 5.716098164796333 0
-9.292184826046608 -0.729953289349532 0
-9.050339837032265 -0.7783217836183031 0
-18.82866169254162 0.3543477852720103 0
-11.0790850115493 1.642297466433934 0
-23.5577432302491 -4.259314522205255 0
-16.93803003081337 -10.6464625042874 0
-16.66666765206049 -10.33780350344691 0
-21.4937912405252 5.036658826589555 0
-21.39518292913649 4.740920306010047 0
-21.18802102782242 4.975276389407624 0
-21.083185558605 4.682317856423657 0
-21.29389743865182 4.447345122488131 0
-20.85819809614053 4.912074723765619 0
-23.40136229339534 4.853344513454836 0
-23.20453032994713 5.083523911056322 0
-20.94308832455204 6.061871930185318 0
-20.83789016865487 5.75358265718866 0
-20.62353259759465 5.998283030471738 0
-20.51802523698278 5.68975342927816 0
-20.303648757044 5.934715824684271 0
-20.199437753445 5.62595619219445 0
-19.98297054395271 5.871365750650122 0
-15.8378800007776 0.1518670954251052 0
-15.56083740936023 0.09430947440915984 0
-15.47136202329519 -0.1725688851897311 0
-22.04360391752476 -1.468911101065487 0
-17.96992943957619 -4.515400040322349 0
-7.374860398029661 -9.920743902961782 0
-7.793102985750711 -9.847439746846002 0
-22.54217627482661 3.12129496352818 0
-6.951232962722715 -9.990334758094988 0
-10.46311493047608 0.5829834490619161 0
-13.98572405698939 0.6620094094423189 0
-5.501720477149856 -7.044954412856925 0
-5.790472016426894 -7.002472610552381 0
-15.5520475245127 9.080624723944442 0
-16.00847419557186 2.813179730168145 0
-15.70973932523706 2.753572257719629 0
-16.30822802477282 2.871559125690878 0
-15.50747661848201 2.982576020121187 0
-15.41069540546176 2.6935302946661 0
-15.2082260428224 2.922126619393069 0
-15.11152993398268 2.633143182603957 0
-14.90929225574473 2.860928763375082 0
-21.86466697021303 -2.767338467026518 0
-8.022496437799587 -5.322646892911553 0
-20.58687218024485 -0.5313632319691129 0
-19.56249269166802 1.163772046794135 0
-9.907578776429668 -9.991107675821734 0
-16.87399317347311 -0.6410613003432146 0
-17.15440876587661 -0.5830632618839976 0
-17.06413794952543 -0.8551288740605729 0
-17.34541972270349 -0.7969610984381726 0
-17.25474104320053 -1.070002952551976 0
-17.2436721228089 -0.3115646903942841 0
-12.75919175023129 0.08173431844082514 0
-22.55914721591311 1.641189107001851 0
-17.81262420888722 1.916233122997232 0
-6.697866741090409 -5.849269471625796 0
-6.965475509054316 -5.796892739304811 0
-20.78879840990464 -10.88382735399177 0
-8.888810797841776 -0.5936883899785103 0
-8.811198351302155 -0.8250589661511306 0
-21.50274344877753 2.866181212214876 0
-19.05663744566143 -7.007007748536121 0
-12.92787094821841 6.260923183965296 0
-10.39386165245936 4.526641791326578 0
-10.59581738575431 4.2978997688029 0
-10.89457376203137 4.358464150580413 0
-10.79761974725464 4.070156498962903 0
-11.09382794137571 4.128975831243901 0
-10.99594815647918 3.842331461024374 0
-11.29189216794489 3.901161148753845 0
-11.19350282789474 3.617343982952151 0
-11.47679816397324 3.679158930562357 0
-18.38024767679613 -9.672290341288567 0
-14.79018480293941 1.575968909665296 0
-10.61035568561805 8.04489971679897 0
-1.827531452831379 -8.919287879568323 0
-1.052480224373296 -9.005113731575472 0
-0.7142421913412778 -9.04836666614038 0
-0.5434786448531868 -9.370316799277296 0
-0.3569583639256774 -9.044078057220004 0
-0.1781612579490735 -9.387332249596675 0
0.0247121574509076 -9.106275566610316 0
0.1915950296682702 -9.419282167057563 0
0.4028243680943958 -9.113994076215082 0
0.5640877855196545 -9.439584402340559 0
0.7796854075723341 -9.132771559084905 0
0.9646089174915089 -9.48808942782933 0
1.165762986212333 -9.157921854783485 0
1.340358127750076 -9.503349505724698 0
1.554562365234853 -9.178751231363099 0
-18.9070543641872 1.546550529105305 0
-18.54905348412743 10.68767397210304 0
-18.15635954705523 10.63132680162511 0
-18.93793681711302 10.75820156675721 0
-19.19147534072412 10.48219500884237 0
-19.32225704323303 10.85043042489837 0
-19.57821882688835 10.55583001692435 0
-19.70779562741131 10.92559473827595 0
-19.95523983485059 10.62595315989056 0
-20.09129716351031 10.997135059895 0
-20.34606688754837 10.70198058653433 0
-20.19831011847034 10.32846139481835 0
-20.58872915527364 10.40517790619319 0
-20.46832258610697 10.04760837828956 0
-20.83693695310742 10.116300658589 0
-20.69712254417562 10.75143427381427 0
-20.71165384692599 9.75981247126837 0
-21.08261131774263 9.831975704579909 0
-20.9491299642941 9.472629483146369 0
-21.32093091524622 9.548709135253327 0
-21.1976126378314 9.200763933268593 0
-21.55947530116594 9.271572831278952 0
-21.44325838045806 8.929365621840489 0
-21.79488793775523 8.997314769489792 0
-21.68057600720449 8.659567412017971 0
-21.21035550357913 10.15649699691049 0
-13.05533118481832 4.458315316775471 0
-5.139203433049177 7.405004091888284 0
-4.925371925585126 7.603287814228625 0
-5.331744769577758 7.216387967012378 0
-19.27848868074316 1.124023343385577 0
-11.15074343087246 2.636100316588492 0
-0.7968280082532118 9.068620960017302 0
-0.4424575862549063 9.283003979507839 0
-17.97039422824909 -8.153570548817864 0
-18.08974758637971 -6.860305928178996 0
-15.13669477659838 5.468629985912582 0
-22.4763711491041 -7.415915441441308 0
-22.36789162474633 -7.723377017093892 0
-18.38290897359657 -10.70841608608081 0
-13.75998866369244 -1.536986519230408 0
-8.144478064465874 -3.644294416549216 0
-8.227460323998177 -3.402886526535469 0
-8.484356951732902 -3.350643276475626 0
-8.313625830201783 -3.157200577901973 0
-8.56433832929069 -3.107456888862289 0
-6.381981261266746 10.04508105661749 0
-5.965216059298212 9.923628794973601 0
-12.75949164404047 9.189625952956996 0
-17.13902107197388 4.408475825833347 0
-16.53572229203903 -10.72669725624167 0
-16.26084400875758 -10.41385048634108 0
-22.02618263612658 8.725869064120944 0
-21.90956538820376 8.392867809191308 0
-7.94194140304042 8.794746165286263 0
-8.932342703328084 -9.421029841834176 0
-10.29142061233273 -8.806824097513555 0
-14.83938487532792 9.994305721931221 0
-14.97501529366384 10.38799779516661 0
-20.08801487284892 6.18318414091501 0
-19.76282725375745 6.119043670547192 0
-19.87047407651011 6.434395452421609 0
-19.54105443117055 6.369331235427911 0
-8.239694365524233 9.966147006441902 0
-8.652866613258203 10.07158077853643 0
-22.13242327527247 -1.206184344152593 0
-9.002196812569981 2.540870462611376 0
-8.830080736447275 2.729002023931837 0
-8.580189083505031 2.677351114363171 0
-8.657683201807028 2.917009740767589 0
-8.40925896250641 2.865253119986938 0
-8.486026065531856 3.1039294005289 0
-9.275786303786255 7.832990198731387 0
-17.4188118547092 7.793705017626153 0
-17.7748603522337 7.860092338999327 0
-18.01048291944335 7.588672149505443 0
-18.13116048752585 7.926050800088572 0
-18.3708766611933 7.656156482181824 0
-10.35173492740876 9.733843214177329 0
-10.46660779075217 10.13899686742565 0
-10.87557987696759 10.2371860770169 0
-7.485792073943404 -8.527996536462792 0
-23.72469407772094 -3.113053107594245 0
-23.64082101118342 -3.38329909980769 0
-19.84222938148142 1.21523140497251 0
-22.25345422816993 8.457327117607251 0
-22.13795849787639 8.128085383999421 0
-7.407897307776123 -4.953445634973951 0
-17.45151341586755 4.467406038447438 0
-10.07677346000836 10.03487650695738 0
-16.67369095186462 0.3258009163296381 0
-8.502311221394997 -7.777469675542412 0
-17.24877027807318 4.70655451428576 0
-22.37832214549891 1.840000393136792 0
-14.81330158383386 2.571916508159062 0
-14.61069194881692 2.800004158062915 0
-22.29016808835068 1.584076419856701 0
-13.88158089923376 10.53699520643351 0
-9.253822258373223 5.727477555640346 0
-9.463199586965434 5.498223277542906 0
-9.043114860419271 5.959406737368251 0
-6.866568167506005 9.081515186395487 0
1.723989083075205 -9.529652398135076 0
1.942704199135338 -9.202549488068152 0
2.124968976782914 -9.561737173282168 0
2.352066290266399 -9.219747623544604 0
2.536020499928299 -9.591305360592697 0
2.761196067347657 -9.244372166367025 0
2.577891526914338 -8.892388923887072 0
2.977710098439605 -8.904561821347352 0
3.168561566343998 -9.26277778163 0
3.38134981636077 -8.910079587056581 0
3.580730108433881 -9.272282987102498 0
3.803029397742249 -8.917962045170206 0
3.997253820029038 -9.279191810667188 0
4.213139527457735 -8.920982561514766 0
4.018231361544355 -8.566175396857277 0
4.425256758175035 -8.565101203855356 0
4.629581042365574 -8.922177965066746 0
4.838044616913134 -8.556230682953778 0
5.050048723276317 -8.91358117961672 0
5.248679393769375 -8.543076888412743 0
5.037314586222196 -8.194405712216913 0
5.437035930562062 -8.182626302249348 0
5.663734801651517 -8.528098052227122 0
5.849769479981083 -8.156739601997309 0
6.087836074610753 -8.506850930739878 0
6.270312337595006 -8.125907295319445 0
6.009434241276112 -7.747094273445671 0
6.446364115205149 -7.743411388801186 0
6.688910544595538 -8.093460318334836 0
6.869665023071038 -7.706581739052605 0
7.114729310755648 -8.04758862542449 0
7.297408618816967 -7.662461040083236 0
7.53635288805596 -7.985692927144938 0
7.727090254790483 -7.598958679384541 0
7.49680867609818 -7.266264727739014 0
7.91273324751277 -7.214810988502105 0
8.164267706676823 -7.555133216537729 0
8.338968170606178 -7.168935048043681 0
8.083556741752638 -6.824126773121595 0
8.498106532437419 -6.775943192226628 0
8.767587845738086 -7.113253829432542 0
8.926808669001028 -6.71331001975857 0
9.205848486275757 -7.053203496790326 0
9.367819671717731 -6.640717959036984 0
9.094438075654049 -6.273003957693508 0
9.551336182828424 -6.23180946050333 0
9.806479334641333 -6.567382901333628 0
9.960190079292467 -6.150658079550523 0
9.696183154728089 -5.819732364093917 0
10.1115981822205 -5.734970515400181 0
10.40816308198441 -6.034273823269939 0
10.54675390733314 -5.648106103968435 0
10.25419438534659 -5.324016085845832 0
10.69965032446657 -5.236118582138182 0
11.04174906881178 -5.616510110892016 0
11.16005254323384 -5.130725065700736 0
10.86524159044987 -4.801102035606077 0
11.30432221507639 -4.668444756299247 0
11.62371227557043 -5.020472321068057 0
11.7693454050905 -4.549965893118173 0
11.44116109567657 -4.212751963346373 0
11.92070429906675 -4.087854006742032 0
12.25434476213231 -4.432225869767179 0
12.39664693290591 -3.943314407355981 0
12.08150341896318 -3.619350764878046 0
12.57174150703565 -3.453471619881965 0
12.90427850080493 -3.797126634296662 0
13.06035501654569 -3.304174899565255 0
12.70545740016452 -2.931929893105398 0
13.20032273784833 -2.77567460281914 0
13.59103523602208 -3.162555221812414 0
13.72688050417702 -2.626181968442362 0
13.3277043477217 -2.239263669667876 0
13.85683999194405 -2.086685591278942 0
13.45736340131432 -1.704053122351935 0
13.9898075470857 -1.545187964956878 0
13.58842717004733 -1.160240452929566 0
14.12556170468867 -0.9989508145222848 0
14.542274724733 -1.391219921531757 0
13.71625749466003 -0.614134116513301 0
14.68059205707313 -0.8284745253081776 0
15.10717148471365 -1.233348748654727 0
15.24896681954767 -0.6555268640018808 0
15.69391139824202 -1.09031989437034 0
15.83268884959914 -0.4813721070418517 0
16.28708349802859 -0.9265822676249554 0
16.42596346641685 -0.2968784068612764 0
16.88025266662228 -0.7297300087716947 0
17.03356648836393 -0.1065359446819756 0
17.47399876802435 -0.5709165308125117 0
17.64509263395417 0.09462876634404509 0
18.10804878877899 -0.3962792386944749 0
15.96851398724846 0.1307379083680622 0
18.27661174376955 0.2874956800973011 0
18.76856384857705 -0.1913880121439989 0
18.92864224705146 0.4664823749056066 0
19.42279103734323 -0.003871171171982823 0
19.58237389233755 0.6648454665750455 0
20.08429369116178 0.1856924684347405 0
20.24649205221125 0.8669331583644936 0
20.75762890736434 0.3800046204526713 0
18.42477427274234 0.961572582816543 0
20.9233624332629 1.064410431324887 0
21.43939392312783 0.5758494367766426 0
21.28287673915546 -0.1010943009252135 0
21.96061317360691 0.08372321769094308 0
22.12918750328671 0.7812006359051363 0
22.65465490122881 0.2820126763186513 0
16.70282533872567 -1.405270656823818 0
22.82641798003221 0.9894615690848733 0
23.35739877278308 0.4846944366158748 0
23.18169308925771 -0.2280573101811032 0
23.88972924974974 -0.02472307832039603 0
24.06591168322137 0.6942892465827848 0
24.60239659828351 0.1738347076516442 0
24.78137909723461 0.9081698430472506 0
25.32463121999929 0.3847989721764266 0
25.50425637364865 1.120911902753901 0
26.05178398835822 0.5990249000470872 0
25.8509740926354 -0.1611603173527628 0
26.57039400906751 0.03768876267328723 0
26.77331935102791 0.8041740146589708 0
27.32679336156245 0.2775141781154736 0
27.47306644581176 1.066944162836119 0
28.04281487471289 0.5315575037405509 0
27.88068666693453 -0.2429848532411956 0
28.62585786399842 -0.03063894917415202 0
28.7627494609055 0.7547748040296809 0
29.35980584096508 0.1909912008068577 0
29.51952690523388 0.9493921422858081 0
30.10507451794959 0.4039163790295774 0
30.28960312926491 1.15736201225685 0
30.85594320509177 0.6184078352956518 0
30.67236244282009 -0.1383784726814897 0
31.40492037537908 0.06160430481753834 0
31.60360153634138 0.8328157965335605 0
32.16751174612609 0.2922702394223521 0
32.35625237524734 1.054590983662628 0
32.92195681074692 0.5144169125258534 0
32.73508728085181 -0.2472069400578694 0
33.4888229179992 -0.02712923872183901 0
33.67489387735618 0.73566571615636 0
34.24269525111446 0.1939216876775498 0
34.42914899973714 0.9571195159440563 0
34.99796759190544 0.4140548149941123 0
35.18520692143399 1.177880110719685 0
35.75463735482832 0.6329429341175594 0
35.55914742962219 -0.139042912523719 0
36.31048705714515 0.07287958263481271 0
36.50983463017659 0.8513318550903368 0
37.07979674134621 0.3050954670541391 0
37.26965735097098 1.073945663268259 0
37.84083761760006 0.5286799857279245 0
37.6527473994361 -0.2394162821143335 0
38.41270652999088 -0.01721941506827351 0
38.60039831985562 0.7512554641336447 0
39.17230581888649 0.2042892370121468 0
39.36032399347828 0.9735089777204003 0
39.93286319645415 0.4257268901509915 0
40.12108818718096 1.19539844761886 0
40.69385696899443 0.647476433761795 0
40.49760686914605 -0.1296867131813983 0
41.25218726503787 0.08401209469757191 0
41.45278814381337 0.8669466682070177 0
42.02549187081007 0.3180251803260823 0
42.21608076696965 1.09066553006803 0
42.78971538061399 0.5425614337044805 0
42.60104047580332 -0.2285459790982936 0
43.3631338014397 -0.005729947599381852 0
43.55219979278854 0.7656039282011657 0
44.12508496107015 0.2147148336549958 0
44.31461906085136 0.9879539090643518 0
44.88820059842821 0.4365539972748451 0
45.07748479841518 1.21031060651794 0
45.65164806854659 0.6608918267712699 0
45.44638613312473 -0.1301596967796406 0
46.22323426316228 0.1084953090249686 0
46.41437006125982 0.8832483935111096 0
46.98867061486573 0.3336654630574563 0
47.17796866567789 1.106362769151983 0
47.75245170548618 0.5567679529110708 0
47.5635235784798 -0.2156263928872149 0
48.32567914060244 0.007372916407338965 0
48.51575469711532 0.779672719875072 0
49.08778001259527 0.2251013571794699 0
49.2790659079937 1.001656063324084 0
49.85254785976861 0.4464783354901122 0
50.04292128329482 1.224055502934184 0
50.6177491041357 0.673925397921786 0
50.41184208255365 -0.1252740046552295 0
51.19000992096913 0.1201835398141933 0
51.38140362158837 0.8968525371948367 0
51.95627493722068 0.3467463823136532 0
52.14572697466676 1.120233861691382 0
52.7206976477724 0.570206120826439 0
52.53165067275262 -0.2027458109434195 0
53.29578488033111 0.02023938897072827 0
53.4848475679711 0.7931287238407575 0
54.05985207987619 0.2429982820366766 0
54.24894703484155 1.016041000061759 0
54.82396273327186 0.4658143731735211 0
55.01303961494703 1.239001405843872 0
55.58810580515593 0.6886774117951878 0
55.39901027609002 -0.08453393153749736 0
56.16642956384536 0.127214925965193 0
56.35282323308921 0.9097052526683941 0
56.93126668955352 0.3479124581600108 0
57.11723231329402 1.131926228192189 0
57.69240235562791 0.5814113341102255 0
57.50251571443749 -0.1892505828490182 0
58.26690783532763 0.0331768551303892 0
58.45604350163106 0.8064198977970857 0
59.03110573488551 0.2563335893450436 0
59.22020811146845 1.029717866360046 0
59.79537013784745 0.4793317052539257 0
59.60624153825863 -0.2940073047221331 0
60.37054770126805 -0.07110134535081186 0
60.55967524013091 0.7022617052069973 0
61.13486916324627 0.1517933306606288 0
61.32400321155198 0.9251789422047851 0
61.89921141004646 0.3746994287995146 0
62.08834447237442 1.148100582475415 0
62.66357002567159 0.5976050795229771 0
62.47442904516248 -0.1758103064487724 0
63.23879790152971 0.04710153211078352 0
63.42793559244666 0.8205195668741719 0
64.00317183821596 0.2700070822778488 0
64.19231229736744 1.043442961116738 0
64.76755713883482 0.4929186089752106 0
64.95670061962838 1.266362140080547 0
65.5319520113499 0.7158383083133909 0
65.34280473991684 -0.05761059084273353 0
66.10720628246597 0.1653094617957501 0
66.29635281270069 0.9387589114147068 0
66.87161184077144 0.3882292087542507 0
67.06075741040738 1.161687599502634 0
67.63602156579483 0.6111519456717763 0
67.44687281779439 -0.1623099089104372 0
68.21128716221946 0.06061220854617929 0
68.40043713300744 0.8340790327906523 0
68.97570658659741 0.2835364964580634 0
69.16485634663036 1.057007583918919 0
69.74012911496557 0.5064625173689292 0
69.55097739723688 -0.2670111699613077 0
70.31540258604188 -0.04408506355688368 0
70.50455521445484 0.7293905146080706 0
71.0798306356598 0.1788411735520494 0
71.26898423673241 0.9523214297647318 0
71.84426219357778 0.4017705025260422 0
72.03341540348458 1.175254112028719 0
72.60869651179121 0.62470069121877 0
72.41954176978672 -0.1487855645552851 0
73.18397817753511 0.07414576935908361 0
73.37313225640217 0.8476325996389195 0
73.94841533426303 0.2970758961776519 0
74.13756993361189 1.070565972371227 0
74.7128546338629 0.5200071763935942 0
74.90200976655004 1.293498653383728 0
75.47729572768907 0.7429399825915238 0
75.28813987704412 -0.03055251619413564 0
76.05258221831994 0.1923803554977681 0
76.24173782385178 0.9658730828209611 0
76.81702532879692 0.4153131990980659 0
77.00618122509179 1.188806984755661 0
77.58146946739457 0.6382464978372283 0
77.39231319102873 -0.1352484165410603 0
78.15675802716491 0.08768482974200568 0
78.34591438151146 0.8611807524757449 0
78.92120377655257 0.3106184811691055 0
79.11036012817843 1.084115221537809 0
79.68565019464083 0.5335524310725044 0
79.49649344470322 -0.239944812970151 0
80.2609404330984 -0.01701085403323495 0
80.45009733380837 0.7564867829156433 0
81.02538796304272 0.2059231665149749 0
81.21454505671826 0.9794217144350982 0
81.78983616805607 0.4288575338205196 0
81.97899318799138 1.202356990030587 0
82.55428484834823 0.6517925540504245 0
82.36512756879688 -0.1217072149373265 0
83.12957672967772 0.1012277338631827 0
83.3187339964683 0.8747276925454689 0
83.89402613862455 0.3241626798439737 0
84.08318341044372 1.097662951330904 0
84.65847583163242 0.5470977327869715 0
84.46931838961709 -0.226402772116743 0
85.23376835046741 -0.003467707839865916 0
85.42292584564581 0.770032949324952 0
85.99821860745631 0.2194674537279995 0
86.18737612149449 0.9929684622365512 0
86.76266908410028 0.4424027235740235 0
86.95182659629103 1.215904107686435 0
87.5271197674858 0.6653381553839592 0
87.33796207685167 -0.1081634329213041 0
88.10241301286317 0.1147720352378801 0
88.29157065661354 0.8882737473325034 0
88.86686406223589 0.337707538923905 0
89.05602171557005 1.111209416836247 0
89.63131525164309 0.5606431120282981 0
89.44215724589795 -0.2128591617396528 0
90.20660881264617 0.01007663060531411 0
90.39576683153264 0.7835782606457294 0
90.97104132672 0.233016905443562 0
91.16021595209706 1.006517053989624 0
91.7354945006843 0.4559493286858058 0
91.9245379526978 1.229942812843129 0
92.49996229117892 0.6789777709734651 0
92.31071641933967 -0.09466242689339038 0
93.07527944896546 0.1282643863474055 0
93.26447756497645 0.901843850745932 0
93.83982006847492 0.3512333459353978 0
94.0290040291637 1.124812918355656 0
94.60440968718676 0.574189631747962 0
94.41519760724331 -0.1995168185513995 0
95.17987782464274 0.0234989532897305 0
95.36906513092548 0.7972825108467584 0
95.94463774211047 0.2464631765828381 0
96.13390767843316 1.020348149632818 0
96.709544384677 0.4694430002021293 0
96.89880927479264 1.243498761660824 0
97.47456844803146 0.6925677612433372 0
97.28524488348289 -0.08158852784768991 0
98.05042214137822 0.1414709827950066 0
98.23973712360244 0.9157606624921321 0
98.81567648050816 0.364567015428887 0
99.00500066831003 1.138983352743684 0
99.58100296926219 0.5877884704715975 0
99.39161122467659 -0.1867200069310957 0
100.1567430645624 0.03648111026074039 0
100.3455084278972 0.8106669472009673 0
13.19205158639292 -0.7739837909918443 0
13.32820335227587 -0.2213597887924632 0
99.9676063321695 -0.7380656318864742 0
12.81251103225544 -0.3867790204891494 0
12.93728036461884 0.1337419263083436 0
100.7324445526167 -0.5152381870718447 0
12.43894515286483 -0.02490817152066524 0
12.55541692788467 0.4631318071751866 0
100.5436227420922 -1.289566431723021 0
101.3088883722522 -1.066667920012432 0
20.40740648328132 1.554051126117971 0
24.95679594757216 1.642120848104369 0
18.59318608075842 -0.8555058903021268 0
85.04461062736226 -0.776968466256705 0
80.07178331198247 -0.790508685785338 0
72.9948232638841 -0.6993410409594967 0
63.04965642833998 -0.7263164953660747 0
53.10669727068908 -0.7528764170846566 0
90.00781301855766 -0.7610695388090274 0
48.13649430313465 -0.7650806828602709 0
43.17439637956328 -0.7769130354710928 0
94.99063868438489 -0.7502377056073198 0
38.22458749926389 -0.7856261351776793 0
33.3019932838548 -0.7886887799981984 0
28.44118954879087 -0.7788904953054282 0
23.71131945023354 -0.7437546901406182 0
12.07923399276261 0.3198832874706034 0
12.19195775777224 0.8009707175698101 0
12.66394761088334 0.9467677165959457 0
12.29858345429331 1.286665573782697 0
12.77680400300278 1.435338594073472 0
12.40495075301011 1.77692992376288 0
12.88958374014514 1.929252871276321 0
12.50824184386228 2.281774703481593 0
13.00386367899656 2.432968500750845 0
12.6149581557279 2.792075516002817 0
13.12272547462377 2.943869098076052 0
12.73043265196202 3.302219116469606 0
13.24415346887605 3.468700503164533 0
12.22742902574298 3.147758952745737 0
12.34083109605472 3.65118966699382 0
11.85011367104732 3.495487785377237 0
11.95570893335636 3.989750531923633 0
11.40839210484195 3.815490962855889 0
11.56978913754984 4.318411402391076 0
11.10066558861223 4.214469129809389 0
11.21452149923211 4.650723640706368 0
11.69648154267043 4.792076229814613 0
11.36938590936994 3.35236674891155 0
29.70488907520313 1.699639194094369 0
34.61532435484295 1.722292816500673 0
61.51312055473171 1.69859207734935 0
39.54815404850216 1.743346737957934 0
91.34936644594586 1.781978826309447 0
81.40370158141363 1.752921317900156 0
71.45813477204382 1.725806926892987 0
49.46833533856893 1.774912309639354 0
86.37653346998736 1.766469595828354 0
44.5034001686445 1.76003293532225 0
10.75619735226091 4.529299296527498 0
10.87693527743005 4.973962737786544 0
54.43800910391341 1.789095930650383 0
96.32309051058482 1.794402747930076 0
11.83700732741577 1.105181308206163 0
101.1198235187763 -1.841076724509572 0
100.3542616185386 -2.064145784888611 0
101.8852372740567 -1.618055783395186 0
102.0735152703457 -0.8446676238770006 0
10.42004479769519 4.84144934122012 0
10.50303959355435 5.283837053128638 0
11.96748907323291 -0.1515424179987158 0
10.07472321965113 5.155451784719481 0
10.1709516761665 5.620285995991971 0
10.65924669463079 5.790281911259048 0
9.72607607839219 5.458527451218621 0
101.6960805026144 -2.392606306091716 0
102.4612919157078 -2.169795720622396 0
9.82751925330372 5.928488196104485 0
9.400067500123981 5.763901376113125 0
10.36324687652705 4.413653242355665 0
102.2723105967838 -2.94416497512083 0
9.484038018266205 6.207959551456067 0
9.051891719201002 6.063378280149679 0
103.037648636043 -2.721317341714372 0
13.64388794517372 3.087195177747999 0
13.76971085632372 3.64548028833925 0
14.18393494486188 3.241688310152787 0
14.31326330442276 3.821952066732332 0
74.32672367817131 1.844057224016399 0
70.1178427690779 -0.8388448443275379 0
64.38144877258071 1.816885450646882 0
60.18141174861914 -0.8444553067220525 0
14.73855498151561 3.420396248895641 0
14.87350264501044 3.996827999639784 0
14.43544220719338 4.402452186056236 0
15.00616632813189 4.586204047407743 0
15.45402682689351 4.173364572905043 0
15.58964926263778 4.777411049587184 0
16.05114990505204 4.352363125923253 0
14.55742685895044 4.987758092853254 0
16.18658922252716 4.97326372892966 0
16.65369331857327 4.561029253462667 0
9.13391637055468 6.48573757708181 0
8.719564943451305 6.375631668812274 0
9.478307612953721 6.640302369348229 0
16.7988618218825 5.178214153284729 0
17.2792831821794 4.732220476328246 0
102.8486414601547 -3.495790263589249 0
102.0828950315994 -3.718870338231787 0
103.6141906436598 -3.272725051601263 0
103.8027818369258 -2.498974764504886 0
8.799219906329782 6.77953885742023 0
8.397999232189552 6.662869714882373 0
8.490812107008374 7.093121750402231 0
8.072036653343279 6.965716315886155 0
9.25342941137712 5.308374328821245 0
17.42551268234475 5.380762450725023 0
17.91199246178231 4.951452158115837 0
14.13281308287792 -3.015853170222787 0
103.4250541216148 -4.047412784274872 0
104.189939074165 -3.825026570940095 0
18.06334804559268 5.593295411478546 0
18.55742777670535 5.166806188126314 0
16.3140623484011 5.605086892691008 0
8.309690023139792 6.258413025164042 0
8.168941428821931 7.38637889564419 0
7.740968578697893 7.265917825838407 0
104.00132765154 -4.599123786342864 0
18.71553659424463 5.807714876141348 0
19.2285546596972 5.332538567419951 0
8.644029148704098 7.593018406072516 0
104.766569472126 -4.376452005813171 0
19.38171755489616 6.018188733418069 0
19.89341886876226 5.577749374820308 0
13.26736364282954 1.581423256890154 0
16.5867684595861 3.912527217631077 0
7.866204202584271 7.681805945573751 0
7.423361600677649 7.550195166322566 0
7.326337756528166 7.138286565511346 0
7.014197761584144 7.40668545382033 0
7.092213043981673 7.830466523087945 0
6.646496270137851 7.635272676094214 0
6.636173963794446 -7.392148805773236 0
104.5777842351357 -5.150782351874962 0
103.8119800964022 -5.373853388447176 0
18.4218629402705 4.488694766065826 0
20.05594285053044 6.242927776965073 0
20.58582724888495 5.761434826158879 0
6.94037787566326 7.000254603045654 0
6.76697711092997 8.083200006825669 0
6.35657689559411 7.958892910218957 0
20.35092085102609 4.98688611924277 0
21.10772607430088 5.252234195904433 0
21.27826686407015 5.974955840515453 0
21.81756116720347 5.48019001965246 0
21.65648986302149 4.764615883081166 0
22.36283891075478 4.981474185143425 0
22.52581846098243 5.705615550062858 0
23.07241910567756 5.200451732444957 0
23.23855099352906 5.931226439195439 0
23.79592394157745 5.417606550325686 0
6.486415545778619 8.353523427920365 0
6.051418143924696 8.230246012699176 0
105.3437461677715 -4.927371918079528 0
105.5319066728673 -4.153796983693856 0
18.20885059032143 6.350207004786721 0
14.60325673368921 2.832374004331884 0
5.969357091392429 7.831849395794381 0
5.654987213168391 8.09370080168666 0
22.92173230703729 4.460506995247 0
12.690904828057 -0.8950022411111114 0
105.1543758452726 -5.702353219983543 0
23.96209388714241 6.159692763003761 0
24.52108049179677 5.643920024531574 0
11.6268349821309 0.178170774572973 0
11.51495579629244 -0.2722010316764595 0
11.19598950194725 0.03402610775721886 0
11.09045918768039 -0.3818669958952384 0
10.78900641132358 -0.09591662887220452 0
10.68728331245083 -0.4854619877733241 0
10.39318824637812 -0.1953279139344271 0
10.49203176074428 0.1715245216009434 0
10.2710257860301 -0.5790878808668831 0
10.57986543322804 -0.8631014206149651 0
10.22417684390267 -0.9697601098851912 0
10.47696221721372 -1.232108919469276 0
10.11797939534225 -1.32784899866536 0
10.37523650808948 -1.596790889039341 0
9.953736403521924 -1.705691794729861 0
10.2687106619918 -1.963669773459201 0
9.91605840088657 -2.059291870297595 0
10.11305788571032 0.08049817946398723 0
10.20587822470217 0.422763461675707 0
10.17777438844077 -2.324683604414449 0
9.821906146689082 -2.419511730395744 0
9.79661906997598 -1.078089828594682 0
9.857122578284635 0.3247602451897794 0
9.937450137627438 0.6629716001229969 0
10.65531344633929 -1.842908866504957 0
10.08470807504044 -2.686733616087539 0
9.725666113784261 -2.780865562699351 0
9.547574552502939 -2.163407228295914 0
9.607352538784721 0.5521368950586524 0
9.681048342383209 0.8891418732923491 0
10.01215952937606 1.002712488712551 0
9.747854187637412 1.242713744297359 0
10.08728438459288 1.350459591633643 0
9.81733366012133 1.595706620228678 0
9.527053521599104 0.2314643636575786 0
10.16496623413422 1.704714633623679 0
9.890295750567207 1.944524939636117 0
9.550356619698231 1.836168707735985 0
9.618855791096374 2.179292786432523 0
9.988382231813613 -3.049629902437914 0
9.627167360028647 -3.137676007347086 0
9.374763815214326 -2.879609799020094 0
9.280436636258052 -3.224596215069239 0
9.522617640903885 -3.486292513676448 0
9.180409288845958 -3.567453638262642 0
9.290204838024355 2.068663322697424 0
9.352444749743821 2.409552933868655 0
9.682841335317386 2.521182851000894 0
9.412183070495342 2.743759455645905 0
9.031169513013468 -2.977348243409617 0
9.371846723300449 1.119475924815161 0
10.24343021437248 2.063579808069712 0
9.422711500946122 -3.830690549817701 0
9.075830478243219 -3.906669706446991 0
8.800921019556599 -3.613114714380355 0
8.731985713415753 -3.983184658378705 0
8.968287450703667 -4.237870743652701 0
8.632324140091992 -4.316630715999771 0
13.85779420023534 -0.04795316867354264 0
9.089647581753692 2.633644259196761 0
9.14573235077795 2.961212066294547 0
14.01456182345261 -3.539793123040253 0
14.5494791278595 -3.41228390376045 0
14.42684187233974 -3.953109912677462 0
14.97443502040347 -3.821744645020701 0
14.81548781777026 -4.404052770841545 0
15.4069758226281 -4.246297291742675 0
15.2392059968066 -4.851305429135414 0
15.84978597330479 -4.681411002985384 0
15.68666280100296 -5.287270081871762 0
16.2971999243183 -5.113677079591461 0
15.06940017214106 -5.460160307311625 0
15.52209498073843 -5.896490050272464 0
14.90927787083905 -6.062417140529504 0
16.46157953552509 -4.504309283699608 0
16.91962552381742 -4.944980684065779 0
17.08302854661466 -4.324464781807038 0
17.5505942398546 -4.781865884333631 0
17.38221350422474 -5.400445045663614 0
18.02468492663693 -5.230156749600931 0
18.19551599641829 -4.595457158912811 0
18.6730469538055 -5.064140610300712 0
18.84975254730898 -4.407595685190281 0
19.3212236443669 -4.899086875089185 0
19.51262201680277 -4.217658729554237 0
19.99865729230736 -4.72209856576336 0
20.1730956753535 -4.041792296033154 0
20.67905913673039 -4.537655526797769 0
20.48711551557438 -5.241298694477573 0
21.19877929530652 -5.03483763287 0
21.42133168960777 -4.251610817867157 0
21.90791332286975 -4.826854532072396 0
18.47991272506974 -5.710064136764175 0
21.72161388331279 -5.542141802182956 0
22.43454268154384 -5.341047489694187 0
22.62528805416351 -4.647694204019533 0
23.1513152981267 -5.146137431092003 0
23.33652391604566 -4.423160444417238 0
23.87126705195421 -4.943288928518704 0
24.05556599428631 -4.214549994742767 0
24.59435559999196 -4.732049304025175 0
24.78351109379505 -4.004176164630845 0
25.3252235995669 -4.527324062481688 0
25.51477726063179 -3.797518744642029 0
26.06223866647765 -4.329777794059773 0
25.87067469068368 -5.044726504046089 0
26.60929933195924 -4.852709460118589 0
15.36062259948871 -6.504170510806726 0
14.7481660246214 -6.66757283644615 0
26.82543383638893 -4.107995716658972 0
27.35890552902936 -4.656580038168795 0
27.16523485955844 -5.384910051624849 0
27.9092740505657 -5.196528598092415 0
28.10107693460076 -4.449221879228377 0
28.65586518882679 -4.988381020322151 0
28.84698945402049 -4.234607935084634 0
29.40507678808058 -4.776963995988197 0
29.596504136805 -4.020956072870895 0
30.15613355552972 -4.565419355751945 0
30.34743174420812 -3.808295543465265 0
30.90867427309447 -4.353058173574467 0
30.71435234336355 -5.112855469444717 0
31.47073339768712 -4.899648916484518 0
23.68143453885011 -5.662242470872556 0
28.45984105837616 -5.744923711053295 0
14.30367666768662 -6.225239137931706 0
14.14393860002598 -6.822619770630578 0
31.67998161731913 -4.133158388796759 0
32.23040055847503 -4.687042053946656 0
32.03399511359489 -5.447324158072965 0
32.79193729850739 -5.233514215679183 0
32.98518282732545 -4.472791151334 0
33.54962442790831 -5.018711988105522 0
33.74140507451004 -4.253740604081103 0
34.30764868884523 -4.80260021161989 0
34.50032881449532 -4.037095434581438 0
35.06717528519896 -4.586841569651224 0
35.26200875453713 -3.820326677679267 0
35.83020721646043 -4.37084966239861 0
35.63462320953567 -5.137624079776357 0
36.39618620265531 -4.922158571520936 0
36.20199375424185 -5.689429760492985 0
36.96392967610939 -5.472885893828874 0
37.15736438044224 -4.705466220470124 0
37.72589125677629 -5.256187140417544 0
37.91954983166379 -4.489368207727724 0
38.48798832667051 -5.039100888809916 0
38.68196612036895 -4.272149231453855 0
39.25067115111998 -4.822153324844048 0
39.44406325716051 -4.052948979801815 0
40.01362877515766 -4.604535706274701 0
40.2071225808192 -3.835462866848489 0
40.77709211286476 -4.387760646496783 0
40.58439525805451 -5.155915946269992 0
41.34751587926106 -4.939475524251412 0
41.55689065464842 -4.16264291082472 0
42.11349534189087 -4.723268396625895 0
41.91927198801636 -5.491261993209957 0
42.6825149013528 -5.274750064351862 0
42.87633718079457 -4.506944222406105 0
43.44601837794448 -5.057242338449345 0
43.63952266186136 -4.28734017646597 0
44.21037146544115 -4.84039561238538 0
44.40400485762635 -4.069357702810007 0
44.97466247324699 -4.621496775745948 0
45.1685330694251 -3.851304932529493 0
45.73963181007264 -4.404552212152473 0
45.54717154274044 -5.172848541690866 0
46.31120839580109 -4.956509586178028 0
46.52281452962215 -4.168194206881259 0
47.07893543529642 -4.736791506344596 0
46.88393645043882 -5.508587251802535 0
47.64797691949481 -5.292585181677482 0
47.84152041628631 -4.521333132784339 0
48.41251971151459 -5.075332873999321 0
48.60613076236858 -4.303766117787802 0
49.17751224842392 -4.857469164488438 0
49.37120683628218 -4.085752220251529 0
49.94270825908524 -4.639446359299256 0
50.13640853605395 -3.867676917659076 0
50.70797457664558 -4.421362923212904 0
50.51416170775355 -5.1932395065292 0
51.27959747519557 -4.975106372226869 0
51.46770924156343 -4.208976705810183 0
52.04408912533418 -4.757881574680425 0
51.85110342825681 -5.529075348501437 0
52.61654487191041 -5.310906214480545 0
52.81029778340644 -4.538876907020086 0
53.38220852383648 -5.092498355029283 0
53.57593804346038 -4.320460814566954 0
54.14772117466381 -4.874270407496493 0
54.34148273021958 -4.102175977224038 0
54.91326729134755 -4.65603200922753 0
55.10702859333992 -3.883921508199474 0
55.67883621905865 -4.437785461026544 0
55.48506049399363 -5.209925082657366 0
56.25065803625444 -4.991671615290717 0
56.44442861806634 -4.219508649195824 0
57.01627091831018 -4.773402131775599 0
57.2286574115403 -3.981999194905272 0
57.80361940281981 -4.532699496058439 0
57.59175432788175 -5.323569137668915 0
58.35799383431885 -5.104668344721467 0
58.60715819511211 -4.25352147435751 0
59.11942372778687 -4.890747065648124 0
48.21835988885676 -5.847279222857548 0
58.92638813939669 -5.662220765575544 0
59.69145464667682 -5.444543682168992 0
59.90963969930139 -4.60841060897907 0
60.46111600652034 -5.215682299637637 0
60.66146515851158 -4.40775574412244 0
61.22516135743913 -4.998556035015386 0
61.41866859440903 -4.22648480761099 0
61.98839742849493 -4.789751490375763 0
61.79499830317341 -5.560453875229471 0
62.56039151641583 -5.343449845174214 0
62.75412164812481 -4.571381722019246 0
63.3260593534042 -5.125340179258464 0
63.51563649192659 -4.338353748704627 0
64.09107393468146 -4.904600385602019 0
64.28054256161708 -4.117170202942648 0
64.85654870803775 -4.685396131612456 0
65.05029125400459 -3.912941363990845 0
65.62323313121541 -4.47040869822643 0
65.42928767584522 -5.242165918590499 0
66.1951600626375 -5.024299112723456 0
66.38896953060002 -4.252058285540876 0
66.96092491485662 -4.806040450423043 0
67.15471587810771 -4.033730904703034 0
67.72667547172395 -4.587719003302112 0
67.53288615667664 -5.360045260119251 0
68.29863733373577 -5.141712418935292 0
68.49242624685104 -4.369383273409108 0
69.06439057008025 -4.923374760388534 0
69.25817951184361 -4.151042604355528 0
69.83014606488425 -4.705034008427511 0
69.63635566259418 -5.477370069204832 0
70.40211391226987 -5.259030025331089 0
70.59590383744427 -4.486691668608273 0
71.16787363031145 -5.040688654671045 0
71.36166328980528 -4.268349853923536 0
71.93363486876825 -4.822346650309226 0
71.73984501019422 -5.594685239157823 0
72.50560715633087 -5.376343299200184 0
72.69939784288232 -4.604002315279586 0
73.2713714052291 -5.158001301712202 0
73.45888877679673 -4.363654792554052 0
74.03609143347393 -4.935990242719302 0
74.22343459617738 -4.141031404023198 0
74.80148037394021 -4.716321848923664 0
74.9952084453376 -3.943755094186227 0
75.56867059587728 -4.502968267693664 0
75.3746421147531 -5.274483577357134 0
76.14060830446249 -5.056831710107849 0
76.33443263506761 -4.284599308305526 0
76.9064093009884 -4.838597805672248 0
77.10020595564804 -4.066267741367563 0
77.67218500247535 -4.62027287355786 0
77.47839339895438 -5.392622724588502 0
78.24416534860154 -5.174281995238672 0
78.4379567215548 -4.401931085901405 0
79.00993621626569 -4.955935431024243 0
79.20372773649302 -4.183584884342317 0
79.77570738128755 -4.737588833464607 0
79.5819156751791 -5.509939909962791 0
80.34768752990303 -5.291593034398606 0
80.54147925639515 -4.519241502895103 0
81.11345966481008 -5.073245883218786 0
81.30725155729006 -4.300894080021971 0
81.87923219217089 -4.854898586430182 0
82.07302402191304 -4.082546412274643 0
82.64500499751 -4.636551226486326 0
82.45121328497228 -5.408903315749661 0
83.21698619991936 -5.190556045457774 0
83.41077810891242 -4.418203448977446 0
83.98275936694968 -4.972208238085888 0
84.17655144886763 -4.199855542138434 0
84.74853294640441 -4.753860987579592 0
84.94232507300632 -3.981507562455059 0
85.51430662238381 -4.535512711670894 0
85.70809883952901 -3.76315959857446 0
86.28008068751703 -4.317165380651923 0
86.08628940973989 -5.089517631420397 0
86.85206318742615 -4.871170524313705 0
87.01710553096541 -4.128499576715247 0
87.61304600022174 -4.657770134882474 0
87.42324779636371 -5.426000272383924 0
88.18888880892344 -5.207790653338179 0
88.38265881718459 -4.4354591032183 0
88.95559548598425 -4.988481450776986 0
89.14922985760474 -4.216287216678666 0
89.72134666133877 -4.770157265384605 0
89.91513709973698 -3.997803278274803 0
90.48715304520313 -4.55178744829066 0
90.68094489483698 -3.779427775975265 0
91.25293976978436 -4.333436627019936 0
91.05914239452569 -5.105793630416647 0
91.82493500636907 -4.887449362416881 0
92.0187324807514 -4.115081898052323 0
92.59073930408569 -4.669101718180264 0
92.3969312145295 -5.441488276863194 0
93.16274881387388 -5.223129931791164 0
93.35656105563487 -4.450729805931441 0
93.92856349948906 -5.004776116898356 0
94.12240174979803 -4.232359244674611 0
94.69442013978008 -4.786388811031982 0
94.88827902156339 -4.013970276843549 0
95.46037608826073 -4.568046092136721 0
95.6542346841039 -3.795530906443028 0
96.2263840823011 -4.349705656701435 0
96.03244002859689 -5.122197021121163 0
96.79857702859672 -4.903954982877335 0
96.99249464488764 -4.131253352381504 0
97.56474568036865 -4.685554819711888 0
97.37079874918439 -5.458304474851193 0
98.13699835820115 -5.239901354294263 0
93.73471487638398 -5.777138461762219 0
83.78896878891084 -5.744560264407153 0
38.29597058696056 -5.806897899735772 0
88.76164982260822 -5.760993097717169 0
80.1538956094949 -6.063944820351072 0
43.25562354815083 -5.824810558032962 0
32.59900109002503 -5.997067870062922 0
13.70506737017346 -6.379622322996097 0
13.5475632017178 -6.969543085655115 0
52.42291511057194 -6.082816940287903 0
22.71133739706438 -3.879437269428813 0
73.07757968961948 -5.930342098300854 0
98.42907458745668 1.690083496711869 0
99.21690414977057 -0.9006181325325179 0
83.52186239125058 -3.582605514248354 0
78.63174836694138 -3.629581628371228 0
87.91325526967883 -0.6587296262628561 0
76.52822899962266 -3.512268755294107 0
68.6862142764771 -3.597051029337917 0
88.48072820483034 1.661775687625638 0
66.57798470578365 -3.463003828388953 0
75.9468096530164 -5.829156897284681 0
78.05037306272844 -5.946631411056228 0
83.50789107548596 1.648228044524176 0
78.53507023738399 1.634677679705598 0
70.20832381782124 -6.031368114502612 0
75.09116477187888 2.066990618026093 0
74.51587718779197 2.617549969053742 0
75.28031985522991 2.840483791320044 0
74.7050312924016 3.391044016318712 0
75.46947524003747 3.613978241119975 0
74.8941863341017 4.164538871766878 0
75.65863081813723 4.387473972976454 0
74.12974212457961 3.94160428974529 0
74.31889699286215 4.715099386156031 0
73.55445319598937 4.492164492283306 0
73.74360758510664 5.265660066412999 0
72.9791634086194 5.04272510931548 0
73.16831788911591 5.816221369199778 0
72.40387290047522 5.593286102417937 0
73.93276335608999 6.03915692509737 0
72.21472009143858 4.819788879531103 0
71.6394289167133 5.370349923217589 0
71.45027595807774 4.596854303402558 0
70.87498567872616 5.147414766235516 0
70.68583304771255 4.373921340449271 0
70.11054519092265 4.924479512261861 0
70.2996977366694 5.697972730067107 0
69.53525741023742 5.475036643953565 0
69.34610509712964 4.701545755106816 0
68.77081900458599 5.25210102001384 0
68.58166786952489 4.478612701505193 0
68.00638320922501 5.02916632659381 0
68.19553369110412 5.802655142909864 0
67.43109825502499 5.579718888188573 0
67.24194877470985 4.806233364321645 0
66.66666608884233 5.356783150645778 0
66.4775389086915 4.583266790672002 0
65.90224046040193 5.133844026094276 0
56.64129850515697 -3.444123733643323 0
66.00136480893954 -5.796603529150048 0
76.23392031701721 3.836912263846591 0
76.42307626553868 4.610409096055175 0
76.99836493633664 4.05984672748633 0
77.18752293826124 4.833343824023959 0
76.61223180717693 5.383907039525387 0
77.37667928730281 5.606842311872501 0
77.95197074183339 5.056278512379904 0
78.14112742234623 5.829777813060703 0
78.71641954777868 5.279213366586874 0
78.90557626745903 6.052713486663012 0
79.48086858140064 5.502148776696823 0
79.29171173412682 4.728648573244542 0
80.05616110664722 4.951583807910453 0
80.24531816344643 5.725084319101316 0
80.82061091682196 5.174519014863583 0
81.00976815883197 5.948019925699569 0
81.58506114353655 5.397454299247854 0
81.77421851633386 6.170955597476652 0
82.34951171807633 5.620389719360326 0
82.53866921637301 6.39389135400731 0
83.11396260212258 5.843325265623815 0
65.23561956417885 -6.014932055029431 0
59.39983465764314 -1.085379306672367 0
56.05688697161786 -5.76384591889082 0
82.92480493057116 5.069823510823894 0
83.68925513247419 5.292761920574655 0
83.87841354199558 6.066261404949195 0
84.45370701375947 5.515695106365553 0
84.64286490454198 6.289196780456429 0
85.21815865320733 5.738629860659727 0
84.2645450413963 4.74219993001677 0
58.64502673434883 1.580168854624497 0
93.45364407279288 1.675427215572317 0
60.26391543948711 -5.996795039071976 0
53.9539498660197 -5.646348153428542 0
51.65737320243988 -6.300989211759437 0
37.34986262111203 -3.936148388526039 0
94.22595700819109 -0.9732049957716764 0
52.3268516919746 -0.9921583687050126 0
56.54156305501082 1.683783482393219 0
47.35926983047396 -1.003693907208647 0
50.23219382501952 1.99777923879291 0
49.65740433089752 2.548085887944545 0
50.42125966722391 2.770922332184551 0
49.84630662573483 3.321097615682994 0
50.61026591089047 3.543938252580215 0
50.03528588231107 4.094113543759646 0
49.27132307763126 3.871270719670926 0
50.79926101192159 4.317009803544808 0
49.46028555463418 4.644269049627083 0
48.69632245823406 4.421424662827167 0
48.88530974310291 5.194426287285965 0
48.12133930823467 4.971572473639006 0
51.37428594729826 3.766771458784199 0
51.56330458143159 4.539907253302116 0
48.31029700269089 5.744557170794278 0
47.5463961014558 5.52169478971629 0
47.35741920809129 4.748737922969411 0
46.78251045323293 5.298814505578235 0
49.07407621043941 5.967549966045043 0
46.59391451254135 4.525328670352045 0
46.01873166218321 5.075845442168283 0
46.20715496763146 5.848848179646668 0
45.44370497665133 5.625876260245882 0
45.25491737650382 4.853058170138052 0
44.68006521145414 5.402974461612801 0
44.49180132662218 4.629441849413005 0
43.91658721215602 5.179932745573404 0
43.72912898758057 4.405844803061275 0
43.153037556181 4.957223932500892 0
43.341736984032 5.729821937437165 0
42.57830932793862 5.506942278261922 0
42.3896588199193 4.734502918966001 0
41.81511910129532 5.284049694669462 0
41.62767583101199 4.509737283968199 0
41.05213224962046 5.060846966306554 0
41.24035785245423 5.833510835131712 0
40.47744778432057 5.610411561872957 0
40.28896169694689 4.838335883535192 0
39.71464208122033 5.38748296844478 0
39.52795535324977 4.613085602944706 0
38.95239875936139 5.164134490515438 0
38.76810710569646 4.387914572669911 0
38.1898427103465 4.941785042040784 0
38.37800781234694 5.71327260065275 0
37.61576153153974 5.490412190027404 0
37.42760672550182 4.719243963303735 0
36.85407549502941 5.267488433489011 0
36.66944960367726 4.491281799830446 0
36.09303600182079 5.043725451605245 0
36.2800309989691 5.815510000676789 0
35.51904113640797 5.592115001458279 0
35.33141754161437 4.821806104961285 0
34.75829344595224 5.369138666497372 0
34.57539197817756 4.592860241029778 0
33.99897094717454 5.145105601434287 0
33.82231343677807 4.364128649535944 0
33.23876264794662 4.923573899699946 0
33.42552932584766 5.692507453939856 0
32.66631917225435 5.469318548582443 0
32.4793035843857 4.701356327763053 0
31.90774004738078 5.246347480738528 0
31.73271513820412 4.458140661954787 0
31.1549649415785 5.011972391924358 0
31.33717637391508 5.788624875690203 0
30.58068518655815 5.565201645104242 0
30.39779128605916 4.791488482551315 0
29.82578743121151 5.342636085229082 0
29.64068885623512 4.579781385438542 0
29.0729425829389 5.1214109534709 0
28.88855102871221 4.361701541945571 0
28.32227239466142 4.89973551052558 0
28.50518849671766 5.659272639631856 0
28.13979737483367 4.142530032204447 0
99.19430941423931 1.91333287371343 0
98.61842352169995 2.464429825366629 0
99.38355547501428 2.687642226126706 0
98.80773200803215 3.238678616121936 0
99.5728107419954 3.461878370461273 0
98.99703625934389 4.012866256840904 0
99.76209956045578 4.236027196398382 0
100.3378980658365 3.684915704553658 0
100.5272353779122 4.459286164651943 0
101.1031403022752 3.908039658092044 0
101.2924941005248 4.682534603404437 0
101.8684996594421 4.131385832442033 0
102.0578572658298 4.905867305822236 0
102.633990382743 4.354620144794919 0
102.8232595036739 5.129155600214187 0
103.3994490310522 4.577704182105329 0
103.2101582185736 3.803069235986095 0
103.9759741384162 4.026443005475207 0
103.7865291203312 3.251414456589028 0
104.1649095698567 4.801485796954096 0
104.5525531483838 3.474952082441085 0
104.3630121920004 2.699536306264584 0
99.18632979249085 4.78702071494792 0
98.4213220499342 4.563868808026679 0
105.1293288141781 2.923242854362052 0
104.9396920011233 2.147592331271598 0
98.61056951407915 5.337882351344781 0
97.84570292397134 5.114775701671974 0
101.4814376209832 5.456752869342005 0
103.5967378655356 2.475831472516577 0
105.7061911827052 2.371220190569382 0
105.5165488879119 1.595615168341323 0
105.895792928097 3.146979704460813 0
42.41257443940515 -0.9992830049308586 0
24.35732347616366 4.895993776024249 0
52.13837218216624 3.989612141575102 0
52.32742780954791 4.762782150182407 0
51.75231232195123 5.313104434463654 0
52.51648232990561 5.536002898164969 0
53.09160205208069 4.985651921771516 0
53.28068035035876 5.758918482513367 0
53.85583434357528 5.208547877303533 0
54.04491854019134 5.981847298930831 0
54.62009738408248 5.431429379517356 0
54.80919246542221 6.204778961336831 0
55.38440832093346 5.654325435485655 0
55.5734998926573 6.427718166453193 0
56.14872436528616 5.877261230401835 0
37.46486834983047 -1.007234461476396 0
55.95961674228936 5.103870727726804 0
56.7239459759548 5.326794071354587 0
56.91306348624316 6.100196910099711 0
57.48829978910488 5.549715375351115 0
57.67741978443442 6.323131717125867 0
58.2526650063419 5.772636341961142 0
58.06352512335131 4.999228600175089 0
58.82790738467381 5.222134614206758 0
59.01703869833789 5.995563843069341 0
59.59195845573363 5.445136861326162 0
59.7813695278268 6.21851128326334 0
60.35566597681763 5.668295655789834 0
59.40225738722945 4.671927183485735 0
31.8400127862329 -6.211528229096172 0
32.54809878896262 -1.008020170663939 0
18.35660321034879 -3.952355834464145 0
104.7500340890234 1.372101063857252 0
105.3268683192181 0.8200208497382636 0
34.11471100995254 -5.567563449067594 0
27.70062618903596 -0.9937233188622426 0
98.03495326479113 5.888711323541642 0
97.27013024408802 5.665638422373561 0
98.79975272689498 6.111811850645464 0
97.08086482804303 4.891749765819457 0
96.50530004266444 5.442579816154683 0
96.31605919538535 4.668757538996734 0
95.74052646224959 5.21954295545677 0
95.55130202399805 4.44577075556884 0
94.97582671116363 4.996550294079735 0
95.16502291837379 5.77027637102589 0
94.40037147319298 5.547275600793015 0
94.2111591111272 4.77358691758588 0
93.63575935315966 5.324290845959869 0
93.44653203774146 4.550629464264592 0
92.87116224324149 5.101314111600059 0
93.06038692463666 5.87497069272052 0
92.29579404250471 5.651961555891379 0
92.10660499399401 4.878372325906848 0
91.53125741358807 5.429000013806765 0
91.34207489396377 4.655433476887332 0
90.76674681735136 5.206053848838039 0
90.95591843261444 5.979608735680793 0
90.19141853562543 5.756664576333951 0
90.00224491735864 4.983117529334241 0
89.42692979643623 5.533722478403416 0
89.23769054990339 4.759461654312612 0
88.66226166058686 5.310320532819739 0
88.47311366348514 4.536494704591595 0
25.68260242297354 1.856871954465978 0
68.10484421856356 -5.914045694554615 0
63.13224992225044 -5.897648684484535 0
23.00210064744517 -0.9459997210053891 0
17.16670540814203 0.5483080770740335 0
66.09138130006718 5.907331770825587 0
65.32695649096699 5.68439308677258 0
65.13781119515853 4.910916144832096 0
64.56253481321357 5.461457305932929 0
64.37339077563038 4.687985630998447 0
63.79811922153017 5.238522475438316 0
63.60897758293321 4.46505841815525 0
97.94309554420286 -6.012776060661808 0
98.70930064175522 -5.794363471705153 0
97.17682703693387 -6.231027770089296 0
22.29746273567611 1.483853929669274 0
19.91196839874185 -0.47315840145952 0
22.24857465390091 -6.055956935471402 0
21.5337344263588 -6.250463192961514 0
44.86824667206945 6.17567984616537 0
5.725090328132589 8.500675844286297 0
5.33175504914524 8.352158702195849 0
96.69455791440366 6.21644382127895 0
105.9203775910428 -5.47888812948502 0
30.76478013965055 6.334505166694885 0
85.40731657772972 6.512132900295627 0
71.82858268538733 6.143846002134759 0
9.785130930930702 2.836844501340428 0
98.90326783506552 -5.021460401058311 0
99.47556445259237 -5.575894581968784 0
15.55272360145011 -3.65380858613445 0
8.242046541132902 -6.438105126453084 0
7.844210167140711 -6.490696731290102 0
7.989501424951053 -6.131039420313098 0
7.619660670340041 -6.176391081571476 0
7.763004422463196 -5.834784044746985 0
8.124828503796286 -5.783933701576841 0
7.888305193985815 -5.525581883578697 0
7.408419568397436 -5.8834996216282 0
9.041804267325391 -7.46289115801569 0
9.501510490091972 -7.411938367239904 0
9.322482183537737 -7.84755608706797 0
9.809082133072835 -7.787811184086983 0
24.69116320007772 6.390146165373391 0
106.0934604945084 1.043525640035864 0
105.9037789671926 0.2677895839526978 0
9.778327046146565 -3.75188977342772 0
64.75167566727796 6.234935439746495 0
39.90260164299082 6.159546523871402 0
15.19675222592574 -7.120466256693375 0
15.81901010280891 -6.955987850337274 0
9.291647541664624 0.4479555698132494 0
9.216779809175092 0.1410719357382997 0
13.34303513036256 4.044819752194555 0
6.970713229434736 -8.427366558514725 0
19.69152550655093 -3.540976397457057 0
20.47176033288301 -3.363965210473574 0
25.08034211831015 5.1248465806782 0
94.58958227345053 6.320974036954774 0
7.189179477989776 8.255760150456105 0
10.36069032225695 -2.954876888329329 0
88.85136654935047 6.083143964317358 0
5.599161221569327 7.706448024333155 0
36.77067558130573 -6.241151802882297 0
19.52851890953076 6.715780762718829 0
20.21131136856864 6.939909394973057 0
13.1178903380489 -6.54903294222364 0
12.9633969596868 -7.119444162051741 0
8.870343886148223 -4.591154366933918 0
5.221747846030731 -7.852179882211273 0
51.94134710381481 6.086338184520116 0
76.80138750957779 6.157405681003364 0
31.52225448941558 6.557851523355275 0
10.83597459256669 -1.152274914277154 0
36.00774882779589 -6.457792785598386 0
60.54113297414666 6.454857260860527 0
34.94557790696479 6.139097189395128 0
13.97396577500279 -7.41497386464096 0
72.92102862229143 -3.719273790823975 0
22.68594480537917 6.435264329587894 0
8.479021922437314 -3.78600013761173 0
97.75867366767882 -3.912756076987021 0
97.18635938375778 -3.358407762084225 0
10.35206635598266 1.082067519308504 0
90.38059395500579 6.530209665942922 0
62.95355630550675 -3.776238225951147 0
8.8363402854492 2.848505396784252 0
8.888347410157037 3.176291511909418 0
9.207693652842687 3.287196789376546 0
8.938730695016734 3.509421059128968 0
8.585932989199826 3.380919957248855 0
8.662082839033626 3.722550392376089 0
8.987043648059728 3.84962032552556 0
8.713106520505521 4.056637000154542 0
8.401515356134457 3.93029352386902 0
8.443567125946792 4.255433727336998 0
37.80379593083134 6.262134386088266 0
105.7309316262422 -6.254024964631092 0
104.9868591122975 -6.454764195525445 0
69.7244093823462 6.248530704556807 0
42.76698001821448 6.279629005445567 0
81.50104321413424 -3.528542360857868 0
7.264388313113447 -6.204876185863728 0
74.42257180291173 -3.320368706514062 0
88.5774043629617 -3.662118218922611 0
92.48499621877131 6.425579832978808 0
47.73516110984107 6.294817742909459 0
82.94041931798623 -0.6722720730688027 0
80.43447497993719 6.498585265498195 0
64.48408516434826 -3.350859565335765 0
99.28152978435232 -6.348767899267124 0
100.0478733162084 -6.130364727862699 0
93.53412732935836 -3.742836341491536 0
78.02588047212407 -0.6170538665778655 0
75.86342605501409 -0.5811124886188304 0
67.62024734571692 6.35320880882105 0
24.96974442551118 -3.267984506343919 0
32.4058598673609 -6.762221706690998 0
106.4727992318204 2.594873375187274 0
106.6624335700437 3.370669302694895 0
7.228733286753667 6.751960871799764 0
6.868748317198692 6.632643121744234 0
7.129634729625538 6.392403226320741 0
5.887924711433898 7.464442253820994 0
54.53524186731423 -3.330065061034569 0
25.70157614953398 -3.061047789424736 0
30.47459963665889 1.912356999428915 0
32.29940606724499 3.92739702076799 0
70.78969271559971 -3.714353673321595 0
49.56487221938043 -3.314007957272311 0
106.4886976303968 -6.039187497453146 0
106.6756025393776 -5.256589320917811 0
68.02777757092929 -0.7321991476554731 0
53.46972493093914 6.532243618214809 0
35.37229273592242 1.943416376257441 0
57.41460523452785 -3.215630523711936 0
37.23942605014156 3.94861775849682 0
65.91805725547673 -0.6081409827990322 0
44.59757360045116 -3.298228105829426 0
40.30930091351885 1.965510403740684 0
42.20236214387975 3.960572660735306 0
89.81281945714748 4.208306888157848 0
45.26635543672649 1.982629575819551 0
47.16880816898219 3.975366011782703 0
65.14584337668956 2.039808216641152 0
67.05284684075963 4.032686266914097 0
68.58958438072325 1.607550977353156 0
81.39589741262735 4.623957497242317 0
79.86699846545699 4.178086418148641 0
54.43100286552465 4.658100004859376 0
56.53483305506096 4.553411972012484 0
104.5603687110995 0.5965693285645491 0
29.78735855583261 -3.263986595642737 0
7.060109548205221 -5.920922803774405 0
7.227931122680364 -5.633669546261818 0
6.923163618716338 -6.22992655308253 0
39.63745657388947 -3.283300231920814 0
84.07919026893615 6.799921521935161 0
50.33010399848912 -3.095873954675913 0
34.69311312193222 -3.271163672138647 0
5.394646184933639 8.758563309005478 0
5.010140332693489 8.601982291883052 0
4.951330082378226 8.208617681370846 0
4.635950664943485 8.445571155736976 0
4.686167240771604 8.849785669688611 0
4.315181785482633 8.681464584506687 0
5.802236560573148 8.92779732197617 0
4.351440873543051 9.097785244426365 0
3.978897800227785 8.922263621260441 0
3.93567818051041 8.503012565083184 0
3.605967718078268 8.761372481922264 0
30.53821054297995 -3.050901075876131 0
60.85427277419764 -3.626722976095724 0
12.54878835673233 -6.701506727147964 0
12.38863977134526 -7.266118544969198 0
12.80357410256651 -7.685231168230326 0
12.23014511257979 -7.826521698177488 0
11.82267463484275 -7.410971000730478 0
11.66249198947218 -7.962782311816542 0
4.208513797304977 -8.242789863778796 0
45.36212761486026 -3.080330788887759 0
22.06106362072008 -6.770922638744115 0
21.34150326673944 -6.967742253358579 0
40.40043360592527 -3.065982549597516 0
35.47911830538258 -3.059941691688135 0
55.9740779642738 -0.6349119553117417 0
15.64948373424876 -7.589350073212862 0
16.29183291192558 -7.414828690980269 0
27.75654944577328 5.438132815265762 0
27.93898335147938 6.196239985401824 0
53.00420617005326 -3.766632350816968 0
10.52933122187489 1.812004399451058 0
28.32646063525948 -3.650221774346868 0
48.05872661882323 -3.70871049148349 0
52.22917163871902 -6.854863626479749 0
8.778840440206757 2.530050492379407 0
78.33028371024227 6.603278028116544 0
6.817820700015244 6.283208555419312 0
7.044856651682768 6.055416188381696 0
6.531829911307426 6.460956368807482 0
43.07479343543118 -3.722625151504597 0
9.218115259172951 -4.534686601036616 0
57.10216991823328 6.873624891227617 0
33.18353863429354 -3.699708135403788 0
65.80759446674263 -6.569000191669807 0
65.04184482996834 -6.787345468999169 0
9.620231265138095 -8.262511639610937 0
9.120742443371036 -8.254033507771053 0
19.8830427207747 -2.858421501937316 0
20.53177138808412 -2.65765915724554 0
12.05348842447986 2.120613106143742 0
25.13301725805387 2.377917191467878 0
25.86103056101421 2.594885982491078 0
73.35747265739339 6.589719292258515 0
74.09861693187217 6.788305786505755 0
4.840331633962689 -9.30370004602287 0
73.36530294098712 3.718666172684423 0
85.98261179623381 5.961565694071898 0
85.79345369394343 5.188061179767558 0
86.17176959753461 6.735069728109223 0
8.148331925821058 4.135689148439403 0
8.180809830197518 4.449046229501717 0
63.03371088090947 5.015589656419075 0
63.22284719119757 5.789054382815013 0
62.84458225159169 4.242093620957222 0
99.66957841100361 -4.802964362761311 0
31.64478740017117 -6.977097120003642 0
5.545756089926121 7.341687936150625 0
36.57716196684689 -7.010188199929221 0
13.84830050390397 -5.813530741108031 0
98.22417880659107 6.66258706669025 0
98.98888144260854 6.885690056447289 0
4.599609356257393 8.062480036227237 0
106.6705311170731 0.4913369594968728 0
106.4807584345333 -0.2845313201241126 0
105.7139871031307 -0.5079427457489589 0
106.2909188702135 -1.060437556570565 0
106.306094471494 -6.807179914315785 0
59.21683841947448 6.732391266254443 0
51.46353489534398 -7.073064986750264 0
15.53864473557408 -1.657031924390621 0
3.849495626928974 -8.233783007261462 0
99.85380524326675 -6.90319590861201 0
100.62015959549 -6.684841460035277 0
99.08758985563387 -7.121591928906113 0
10.61620876073841 2.192377160314499 0
27.19159931484371 5.974269171104166 0
27.37280114521203 6.733976932169418 0
28.12310008466254 6.956631457477567 0
81.96337575346728 6.944457378269951 0
9.034959903281349 4.19721735561248 0
91.91752726739216 4.104397017672893 0
94.02193395613656 3.999924083437194 0
3.615994234062608 9.157452254643616 0
3.280359447476627 8.969819449509687 0
3.258419346326139 8.594897636994062 0
2.944496409126317 8.798182198312928 0
2.95705584722352 9.178645640757312 0
2.62000002713949 8.997800665925109 0
2.627732882245134 9.391601357758471 0
2.27569283334793 9.20062451811299 0
98.04265381237492 3.015638878600508 0
69.15696209265232 3.928042396998077 0
79.39751917109943 -3.411234582757936 0
84.272340765149 1.871163465230656 0
82.1759700684574 -0.8952069703546209 0
87.14880409147128 -0.8816654830118011 0
75.09898345598484 -0.8040451418621904 0
75.18103916918064 -6.047498140350715 0
75.75304816995214 -6.601613358723704 0
74.98728220555815 -6.819976740569166 0
72.23038606152757 -0.9222723429917296 0
69.35400676334072 1.830481655030444 0
89.24518088060265 1.884711828454104 0
83.6970481283619 2.421728731535533 0
79.29951661757384 1.857612525849029 0
78.72422607812562 2.408173863812436 0
65.15365448933652 -0.8310600172661691 0
62.27747359695333 1.921512382768236 0
62.2852834161766 -0.9492283780878602 0
59.4092875250119 1.803178597742895 0
84.4614980857 2.644664216999824 0
61.70213259257129 2.472122588569432 0
48.89369276459782 2.324972928600607 0
55.21735446035338 -0.8895394219250771 0
94.21819080337941 1.898406525770255 0
101.6789314348129 3.356559922669774 0
106.0853446312448 3.922811063786193 0
106.8519809431616 4.146536789341816 0
106.2748794780602 4.698538724370705 0
58.83417001636185 2.353387788685749 0
100.8142485022398 -5.911922994989204 0
101.3865885977422 -6.466474332733692 0
59.59840637407488 2.576488873201542 0
24.12650493403439 6.908598147802839 0
9.444151840261217 -0.08057259645538588 0
9.140147136300509 -0.1640697440168761 0
24.4097199812472 2.156671984410342 0
23.51600143845736 -1.459107178298128 0
22.83720971579568 -1.647165278551163 0
97.95263783911886 -3.139892242273727 0
49.75856992296893 -2.542247206163164 0
24.18058240199983 -1.28682005773363 0
97.39003434044511 -2.619723097364939 0
107.041488588771 4.922381072291346 0
106.4644649475836 5.474288978362441 0
44.79112250125741 -2.527216255731303 0
54.95022000590065 7.090806160263313 0
107.2149056056758 5.702119218499641 0
106.6511459330422 6.250591644822458 0
105.8872662720851 6.026284173604775 0
106.0766220282061 6.801596673237943 0
105.3112436229353 6.577970493265486 0
106.8424216924277 7.025327068838386 0
15.17035327190565 3.011161828979501 0
15.03251919559351 2.426196378389943 0
15.61103575908891 2.601575377918395 0
8.988993032665192 0.3474719752812106 0
39.83101302328219 -2.51491939114618 0
39.08247297528845 -2.700742196455383 0
15.46951731534677 2.015214980950417 0
16.05808475124082 2.187400890486921 0
14.89040604848229 1.84270149383165 0
30.96577577171934 7.119148760871355 0
34.89005393696145 -2.508302578911181 0
90.10895537783412 -3.22541438406198 0
90.87474415897515 -3.007059753087903 0
29.97813998950815 -2.507920917783178 0
5.90071792762586 -8.893368658470663 0
85.1361170970558 -3.209154024904312 0
85.90189084168881 -2.990806123432444 0
8.528126123648882 -4.639569083862633 0
8.300306663702861 -4.388194668330905 0
8.756974619416663 -4.897022760330204 0
24.83417327820781 7.147598652100189 0
10.1291504576487 -8.188602386326428 0
7.912131142425918 4.356694515149581 0
7.924226852789522 4.636580983565372 0
8.221763982697462 4.770938198150271 0
7.954328396096699 4.961107120874642 0
8.259948998417958 5.104817988200776 0
7.66655543514851 4.836594189803491 0
7.686904994544151 5.148326879703904 0
94.80138751509111 -1.523966895176735 0
19.71099206906865 7.416495961469007 0
20.37141760307535 7.646670628472897 0
12.69885180106842 -6.146034542598799 0
7.394614281982838 5.022819764635444 0
8.540723239821048 2.733436759034836 0
10.29379321573716 -7.704143639108928 0
72.80566759070163 -1.47282883006869 0
72.04123003387922 -1.695759004116784 0
2.788129552540332 -8.574367402683359 0
87.72409741036464 -1.432232153041341 0
31.70866677494112 7.32651048808538 0
5.801402809400455 7.118338856243027 0
8.122145244328088 3.840496775145436 0
107.064933412706 -0.8775721764273584 0
106.8679210780613 -1.612834365062059 0
106.1010515259942 -1.836342878828036 0
106.6779941601804 -2.388767477202164 0
82.75126182476424 -1.445771964714465 0
-13.02692036525833 0.133170190363736 0
-13.11699585701962 0.3932772984307508 0
-12.79377987428542 7.156975680646629 0
-19.64964245499646 6.688353583248506 0
-19.31576363898819 6.62177320297176 0
-19.42641661524832 6.945337853894536 0
-19.08844823673292 6.877911378431694 0
35.82789588649653 -7.212172494661801 0
78.8255398944561 -2.857231271354578 0
-6.619081055220391 6.597536500630481 0
-6.347107232642284 6.535025928550756 0
-6.898482872996688 6.663108235395949 0
62.86051103384723 -1.499739448276267 0
62.09614572578504 -1.722637894498297 0
-22.68290936477685 -5.239163116426282 0
75.67426967166449 -1.354605296461248 0
12.643990851136 -8.262168953731329 0
-17.53652778129639 -1.011770431599629 0
-17.44248751133642 -1.284598408143597 0
-17.6270542524752 -0.7383812469486769 0
-17.16247006452082 -1.34371730604035 0
-17.3510518256375 -1.55940828371661 0
-17.06956266610243 -1.619013165237224 0
-17.25778004121625 -1.835115444988824 0
-11.9374065542444 -7.8810201278457 0
-12.3088772273463 -7.806798878408382 0
-24.12308992552411 0.5417912115434339 0
-23.95454804681559 0.7335972078441689 0
9.321869634227935 3.978004406193888 0
107.0636675256376 -6.59256117773423 0
-23.98348284292793 2.167469227725884 0
-23.89537515102568 1.913352000047554 0
106.2662732208205 7.576513129015758 0
95.56607013081106 -1.30103897079984 0
27.00977950138632 5.21849035569443 0
6.743116040545627 -5.930611933084312 0
6.618841629319159 -6.261369220866968 0
-11.78379738111881 -10.43762278816252 0
-11.92852011296662 7.645733285841129 0
-11.82783729466149 7.283188918274274 0
-9.630908940923284 7.915054900721761 0
6.75559842961869 5.954080765429359 0
30.75012108882084 -2.278872177097005 0
50.54788900562086 -2.322214999538825 0
-15.61108312352369 2.465782422342555 0
52.884069119689 -1.543097937458583 0
-8.239648162904967 3.048602946085584 0
-8.314471039183754 3.288963702639639 0
-8.069428621818734 3.234060671747546 0
-8.144182827627514 3.474263556301162 0
-22.47856592990205 8.192177378437757 0
-22.36443303093913 7.867567737267225 0
65.72890687563256 -1.381591597690737 0
28.24280551867569 -1.524714549718918 0
27.51586893892777 -1.74278221385365 0
45.55744251538997 -2.308764605640163 0
35.67392865839703 -2.296234378145702 0
-8.069080656663107 -2.388903035361778 0
40.61123049892601 -2.282311082497687 0
-13.48105390118909 10.44587515365573 0
-21.27781644066356 -10.44146713575272 0
-21.38446748865849 -10.07276884523034 0
-6.782063582321472 -5.60008301851664 0
47.93501125945686 -1.537784281146541 0
-20.98397599535844 4.389079062161609 0
-21.1715275199587 4.134930983429332 0
28.70341219561057 3.605157451114385 0
27.96112060244554 3.390564637607944 0
2.275133561304143 9.591988398477719 0
1.922511817695655 9.4100146853584 0
1.924664623803949 9.01704566635391 0
1.579285938487985 9.21113999444124 0
-11.23253457802536 -9.724969555215813 0
-11.08187280183454 -10.18012906348173 0
-8.060516745308259 -3.209203382071432 0
59.98939954804375 -1.62082989297496 0
59.2106925603768 -1.873527191545318 0
-15.77506512751092 -4.005029424281569 0
-15.46506880694967 -4.066743920913757 0
-16.08405182373562 -3.942398563992183 0
-15.25612131912815 -3.828367391836291 0
-15.15394556838147 -4.127324116287808 0
-14.94585048728885 -3.88817525738164 0
-14.8416708565994 -4.1882001458466 0
-15.35861132521547 -4.363412738789075 0
-19.20060580595741 7.205464149557826 0
-7.829821464502086 9.86111080586188 0
-22.0029306062666 -8.922986097097086 0
-21.89250226994437 -9.262740253964495 0
42.97503705904903 -1.54554969818086 0
-21.78676287909459 2.919804984398199 0
-21.59795289264942 3.140432507053657 0
-11.88185882308512 6.272642471689211 0
-20.36161642554597 -8.003466294132192 0
-20.47670307261583 -7.66983105028345 0
-20.8231514426672 -7.603087618494584 0
-20.59076612809327 -7.34065234405814 0
-20.24896413458641 -7.40704449178959 0
56.83427957349092 -2.672371971123717 0
4.014562356594637 -7.941789961000407 0
33.10264843207042 -1.548366649836067 0
-6.643549928643917 5.866755410464903 0
-21.11400915280421 -9.783495917246594 0
-14.82597770783258 6.950889809432315 0
-10.81555609382008 -0.5066616260271196 0
-10.5594737238201 -0.555849689225407 0
-11.0732256569852 -0.4600119621221232 0
-10.38865785087502 -0.3664728475048373 0
-10.30601527246124 -0.6103129986908968 0
101.1924783757581 -7.239378547603271 0
101.9589089826345 -7.021038688583318 0
30.22878148849594 4.0127827738786 0
-23.88436545272956 -2.580646589915959 0
-23.96662793928188 -2.322599176407716 0
-22.02267026062136 4.056743321562609 0
-15.22591212390311 5.789631096014515 0
-10.70075104752764 3.786667835799411 0
107.2268135083575 2.821802054295506 0
0.3800391400639836 -9.800163540146201 0
2.613704763687041 8.616351090892829 0
6.964876685646743 5.74034576348743 0
7.27010077301272 5.831304270023622 0
-22.11370950088321 -8.586674324505484 0
101.5806726374511 -5.6934584079543 0
-16.13177564035763 -10.80749849569557 0
-15.85578660903921 -10.49383553513585 0
-17.20372962341818 -10.9439924474078 0
-10.41952151147012 -8.427609416559033 0
-16.52981765975314 -7.458447087299869 0
-16.32125093650695 -7.164826163430291 0
-23.50301329367105 5.137110995121795 0
-23.30535177149079 5.370156316833853 0
-0.4416429260610364 9.666449550168331 0
-0.1092416644682961 9.471764245999758 0
-0.1101879308887409 9.095877745079756 0
0.2071886543249274 9.270474338341652 0
0.221790115143515 9.644579841460155 0
0.1946248618655434 8.91343081026772 0
0.5086379139501094 9.076265201806228 0
1.774712424805381 -8.901916038333685 0
-18.52490857353659 1.971245266406239 0
-5.216189808253117 -7.089052164975034 0
-5.106206300761158 -7.354945571365874 0
34.80209343176146 2.488080516244227 0
34.04509744244139 2.266722899875902 0
-3.211321067656952 8.25262835631181 0
-21.79631285776733 8.063459829511773 0
-15.47681136869475 -0.9270302071367266 0
-15.19969426706383 -0.9854014361287932 0
-6.781069198744807 10.14009025916054 0
0.9884374807691378 -8.832547576237504 0
4.73671881384106 9.273243160013896 0
4.382857960030006 9.540980814460985 0
-9.459651661396336 9.175253452854912 0
9.934755222806638 -8.68698834147734 0
10.46012244382189 -8.620595640905591 0
39.73622864157808 2.513459893000901 0
38.97508110032952 2.29119780247727 0
85.59647401312091 7.285636848739479 0
-21.68213997458887 9.615372568515594 0
24.58424333273322 2.895902530003105 0
23.8616992765329 2.677661252583001 0
88.66969001544319 2.435953589557473 0
44.69211096641109 2.532125016188746 0
43.92913696247812 2.309500244651289 0
-6.26142956280721 6.283211246523165 0
-6.077645267537344 6.47327786361573 0
96.12680894031242 3.894967795051379 0
1.593636522858242 8.831940645822106 0
16.11801267666714 -8.059069493146398 0
16.7673701302727 -7.888036605144998 0
16.94040926068339 -7.233946917855795 0
17.40714639839265 -7.70801768385487 0
15.47128115933556 -8.229167930539656 0
63.41992365025557 3.691513151944182 0
99.56454129004868 6.334911004554367 0
99.7534735373012 7.109000684755333 0
64.94868785088018 4.137423274977591 0
71.26112695468987 3.823358234159087 0
72.22256805698063 1.948739678770405 0
74.69332427630357 6.258034108462937 0
74.85874839313298 7.151309198347801 0
76.80920841929296 3.286350115030551 0
45.45516487890929 2.754836884709269 0
51.17716212296346 5.863400878034706 0
51.36616377927692 6.636690365057277 0
51.94931957933597 3.216487783023519 0
52.71342155887258 3.439305240790925 0
-6.328904200611831 -6.153292535714555 0
86.55764041643968 5.411062647050817 0
86.36870519297817 4.637501892143462 0
-6.230890099712709 -6.406976295468027 0
40.49757639336887 2.735980519511813 0
10.90412046170321 1.927911026860245 0
94.03671722021227 -1.746888463431532 0
-16.66795775786818 5.47408249287095 0
-16.52067986633971 4.289792860247224 0
62.26931155994101 4.792652367740067 0
-8.317240564434762 6.692370834849206 0
-13.42546045959297 7.954060241009202 0
35.55955147894227 2.70998502583023 0
5.489226326502039 7.008854647947626 0
5.240976185917065 7.217892851156393 0
5.727347772596871 6.798686730217047 0
-6.157699100651806 6.737396835675185 0
-5.88974869555314 6.670173698650522 0
-5.964950152599528 6.938331354244561 0
107.5990228735228 4.375124536572093 0
8.196537654612058 -4.701938415915272 0
7.982929759760248 -4.465110803886695 0
7.884216743609754 -4.760813960529772 0
-6.07434089121425 10.35040323595311 0
30.1914434166761 6.879108198216034 0
30.41824008721304 7.595786519963216 0
-3.451175988227699 8.061799731681461 0
23.34348467366422 -2.17921175218195 0
-10.31163962838071 7.13963153135253 0
-10.64388635703292 7.207847491892863 0
-10.88926888911573 6.955035871898656 0
-23.59589245569853 4.624864688976571 0
-16.32177092724927 -1.512580646482229 0
-8.171040760159345 2.81811319268901 0
-18.33303507074962 10.99899874511765 0
-17.9001166146865 10.91790694426011 0
12.15213589691917 -6.292293996386819 0
-16.02296402775048 6.572909178797695 0
21.86946220273697 -7.47976168621387 0
22.59340383006223 -7.294810377178687 0
21.15105198115906 -7.670021964645888 0
20.62915360004386 -7.161340575742859 0
9.36161766247397 -0.3872952766810745 0
9.061679237268057 -0.4623711933843078 0
8.84994638318619 -0.250480610724252 0
8.785609626766936 -0.540743204147842 0
8.97500992871298 -0.7476984237282253 0
8.709619907902134 -0.8216242602153754 0
8.897842712192032 -1.025229263771437 0
32.21145654189419 -7.528829498711105 0
32.97341672705286 -7.313414402080387 0
-23.00432496904932 5.314528747786873 0
-23.10573006540897 5.604876239855102 0
7.684921309854447 -4.532511977976108 0
7.799712717867733 -4.24277902470793 0
7.583426790529874 -4.818213809378024 0
107.4358481413335 -2.174807390178053 0
107.2534651801619 -2.942897979225739 0
20.44131104842318 -7.871729218468194 0
19.92382630591673 -7.358304084683272 0
86.36549515617401 7.492912112989508 0
86.9369860657488 6.95539563982448 0
9.369497009814538 4.339740546166688 0
-22.67901209299869 -0.2091527511028257 0
-22.41587502455219 -0.2608419030997975 0
-17.81850235031061 -0.953164521434046 0
-24.15804456148475 1.964714303137745 0
-24.06527912817188 1.70533004545697 0
-5.652277388231449 10.22224554092458 0
-20.36290406317002 -7.079533750939103 0
-22.30834746372979 -1.412344730972131 0
-5.606758522303792 -6.7753665841064 0
10.99167313623255 2.331629590852791 0
10.67292020971283 2.667799003092413 0
-15.28518640151209 0.03740804693376289 0
-15.19592981557788 -0.2295030336180352 0
-21.48460527741467 -6.737441568587814 0
82.01409922775284 -1.635808066471553 0
-15.02793855291692 5.152553194653288 0
-10.92789346443695 7.316017622379163 0
-12.0835468778437 10.52131300255161 0
-12.49221578329979 10.60145836250345 0
-19.74699769336528 0.947806087992708 0
-20.0259395130548 0.9990498589130775 0
-0.3728953955187355 -9.704992998847748 0
-14.67662994303305 8.560013471653404 0
73.51944147115543 7.334810830600787 0
-8.397570881262762 -2.916491550583565 0
-8.645844812945738 -2.8662513524155 0
-8.814461219152937 -3.057750342752461 0
-8.896072740487462 -2.814403482103878 0
-9.06586352670579 -3.003663647805983 0
-9.148846425050063 -2.760842289226843 0
-9.320671189285436 -2.952136084802001 0
-9.404663844199741 -2.707130214151613 0
-9.577969753125865 -2.898450281509286 0
1.576847264645016 9.6176514766819 0
79.55960590943997 -2.671617664547305 0
98.41329982349295 7.436407961325131 0
-8.734587635902814 3.159771650264992 0
-8.805569640171175 -9.831156733574558 0
-9.070354381637197 -10.15876222705784 0
-8.633472163235931 -10.2335433833292 0
-15.01668377055606 2.345057825302057 0
-17.76021727364783 10.54958113389168 0
-17.48045671610366 10.85310568878466 0
-21.64354577389616 -10.36217531978838 0
-21.88374993083678 3.194552544302104 0
-21.68392661872634 3.408584009223441 0
75.57019532188193 -7.362720372274011 0
76.32686043344671 -7.153780552836469 0
74.80124502440083 -7.721117023070526 0
8.534074963083643 4.907706686280839 0
-24.20780516656389 0.7828658327405132 0
-24.03935715527012 0.9772595921153119 0
3.362701060151049 -9.632505032050259 0
-16.97623259542049 -1.895533134457581 0
-17.16575220301639 -2.112989983901786 0
-12.93836531158437 -0.1245419887532173 0
-12.66708596090495 -0.1710769759789745 0
-13.20667237439101 -0.07251956653374764 0
-21.09118906930583 8.844243981703377 0
-24.29037741135544 0.3519001746492413 0
-24.2143396818153 0.1032708565313638 0
-23.1727864418549 -3.237723582130645 0
-22.98044871199412 -3.027390802891492 0
36.39973811279657 -7.762843854138235 0
37.14998248961552 -7.56005355370444 0
-13.36693626973814 10.04119756434292 0
-21.59547061893598 -7.299654436438145 0
-10.30044704527969 4.238574183148975 0
-10.10033708377605 4.462659400856526 0
65.60118157350901 -7.297067380472249 0
66.37745715377612 -7.115642739205724 0
64.83332015844312 -7.508023829249034 0
-17.55495357704216 -1.781443589084759 0
27.55476987829743 7.496861926096986 0
26.80236175948508 7.272605642487911 0
74.93460821718803 -1.763765913559866 0
-10.15693735215495 -8.131994891805428 0
-10.54169484256672 -8.056007687796063 0
4.852058568159912 -7.864379790733811 0
5.027079565076323 -7.545139448543543 0
-9.663289237392926 -2.652749960317017 0
-9.839002035982436 -2.852971403407633 0
-9.924672314134222 -2.599314742293129 0
-10.10135236596318 -2.794328344370902 0
2.428816272472937 -8.558249515782778 0
-24.07213835050677 2.423335159377315 0
-23.89451248117652 2.628722006281789 0
-1.360977452237681 -9.988992138316553 0
106.8887838713091 -7.386787151596174 0
0.2131662152652426 -8.807477870623575 0
-16.77381651854757 -9.966882212082551 0
8.482484011728422 2.446627894235192 0
-8.701529107431497 -5.688349218453451 0
-9.005308595745275 -5.627155284378481 0
-9.223611512091441 -5.85615935874248 0
-9.309224541165033 -5.562123474065525 0
-9.104518298989564 -5.333883242229727 0
-9.403116121671946 -5.272671982594996 0
-9.610191820828129 -5.500232343495061 0
-9.706389526776562 -5.207513798692145 0
-9.915038932304423 -5.435506269995536 0
-10.0138327738462 -5.138891209408587 0
-10.22233532517244 -5.370165637768843 0
-10.32235018913671 -5.071436743930247 0
-10.5309587351379 -5.303573023954276 0
-10.63014706219845 -5.005480389782617 0
-10.84191627869745 -5.239375612604037 0
-10.94109603981024 -4.938623598051991 0
-11.15448025728738 -5.175163215996372 0
-11.25378399133319 -4.871448543779718 0
-11.46815493227321 -5.109010188346676 0
-11.56789963246678 -4.803800428301122 0
-11.78531788515201 -5.045659393996714 0
-11.88354331305131 -4.736469109172806 0
-12.10223938741694 -4.978192042802886 0
-12.1999956344617 -4.668583499054286 0
-12.41703384295697 -4.908226153877757 0
-12.51649365424202 -4.60017451936393 0
-12.73305300912557 -4.840506367391689 0
-12.83200820724478 -4.532438278598579 0
-13.04979756101707 -4.772618438167743 0
-13.14884848885801 -4.464524740746827 0
-13.36931696439216 -4.707397510268311 0
-13.46628833211106 -4.39706420792241 0
-13.68736161228911 -4.63888084307811 0
-13.78336815179417 -4.329263426678927 0
-14.00176359922896 -4.568247982312318 0
-14.09993977014605 -4.260975784431207 0
-4.862668989070511 7.323991585981262 0
-4.654943332535866 7.52115060139401 0
-13.08806064968712 5.643792761872007 0
-13.3203980874964 5.389361331014004 0
6.791478454662088 -6.529219441200333 0
6.463034992124462 -6.546296274896954 0
6.309399878241852 -6.241799133550519 0
6.146432591395997 -6.555234912330012 0
-9.19924952529654 -5.047103305689871 0
-23.91680757479655 -3.320850744521553 0
-23.83526092074964 -3.580266170638543 0
14.6776907397713 -2.830612793441133 0
-17.56615216871725 8.143938829750667 0
-11.1934020897339 4.416145146988493 0
-14.80653111232104 5.401070583829157 0
19.73703333761087 -8.060065914431586 0
19.24481264829031 -7.555452078396057 0
-16.20910470902993 2.584966914899316 0
-16.5057070828545 2.6426393585174 0
-22.37986880405377 -5.300303875792943 0
-22.17524421014655 -5.066268632954779 0
-22.46111972241937 2.845573113763651 0
-9.381602144940516 8.178175592134817 0
-19.65873561789727 5.804890597020039 0
-7.314310060029531 -5.202146077485445 0
-7.477405737799061 -5.415007273184286 0
-15.6762725221754 6.506193280736284 0
4.70619868115576 -7.552807149225984 0
-9.769841373231094 5.561879771209509 0
-9.671007137284473 5.267336992554996 0
-17.21033720439191 3.050120553991677 0
-23.56152416702374 -3.661989339574594 0
20.02939175920143 -2.170648817943956 0
19.35555984153389 -2.420507588281844 0
20.70469470133647 -1.97182589633949 0
21.21068312682756 -2.441888108107185 0
-9.527533750574399 -3.13230207279006 0
64.96450334100852 -1.604508579232008 0
9.119131288092335 -2.649183977591531 0
8.805796109749233 -2.732514166887823 0
8.884668577621696 -2.429728818266961 0
8.590147597429532 -2.521438127348501 0
8.509032329290473 -2.803578645813987 0
8.663259725625297 -2.239391656726191 0
8.621324570946141 -1.090430823729533 0
8.81536657247921 -1.300539281865727 0
9.102595140278154 -1.233025954327389 0
9.023717138660105 -1.516524355031461 0
8.732096057178275 -1.546495085652708 0
52.03535374604435 -7.626996328355948 0
52.80099400235174 -7.408757342012959 0
9.228838427873951 1.724050392139965 0
-5.548411878744777 9.797030962564563 0
-5.23407004055035 10.09116643146976 0
-8.557753835360652 6.446713957557046 0
-8.65360619120387 -0.6554349207534694 0
-7.146809444367841 -4.996193828015737 0
-10.18844923674731 -2.543698453283399 0
-10.36632346546122 -2.739470853372325 0
-10.45427219693183 -2.488245126946882 0
-10.63378300535684 -2.689617614494796 0
-10.23891168867041 -2.989479356127636 0
-14.6996285718086 10.7019192739714 0
-15.10988276074767 10.78450067908557 0
-15.3859183345524 10.46852655385467 0
-15.52187603579284 10.86376734809995 0
-15.79539028221059 10.54793668822094 0
-15.93274938703372 10.94298384543365 0
-16.20547715323214 10.62764941269712 0
-3.487446996363092 10.02707503577438 0
-11.3892827933871 3.392610637690598 0
-11.69117116616824 3.461729637239573 0
-23.75370102337311 -4.480434095285964 0
15.32235215424891 1.429805804944144 0
14.74862187139429 1.265688639558668 0
106.125279811064 -7.613220646542948 0
8.974470692089298 1.969517231749497 0
8.921909197898152 1.631621690015442 0
8.68413316567309 1.84598909156668 0
8.630736975202769 1.550839376992834 0
8.865510997592565 1.342379144833013 0
9.059811845254726 0.6500648918411703 0
8.771319024898116 0.5513838089435872 0
-8.534201193298546 1.768471631981602 0
-8.45391270498075 1.537588079360185 0
-8.574631696830028 -0.8735007323894223 0
-8.733554724552949 -1.054675768539098 0
-16.95219943767195 0.3837216702321517 0
1.902815281741501 8.653568020090333 0
17.57519825970952 -7.047568741286862 0
-11.09845247830028 3.335373616908386 0
-7.897884333464014 3.420196434338271 0
-7.971136603943411 3.660966747729798 0
-19.01325377901164 11.16784207200388 0
24.28667719944896 7.665663315544655 0
-7.233645435085928 -4.754475411080398 0
-2.125014754492151 -9.868570626238967 0
-19.22311258341669 6.313325589239597 0
12.89297177391083 -1.870579074477139 0
-16.45552348860257 -6.290067161803329 0
-16.79829343404173 -6.221245152788935 0
-8.220595717014657 3.71591164896801 0
-8.04467100622824 3.91582368022965 0
-7.797498722474584 3.849916193224786 0
-7.864672837880577 4.105751446242762 0
-7.625122831202309 4.035810673068106 0
-7.698070840507822 4.274718231321615 0
-22.33414376011076 -0.4916101864923561 0
-22.15026869426675 -0.3020425433858147 0
-22.23722901572799 -0.05734017324153853 0
-21.97216106400208 -0.1111202373524751 0
-22.05856602868647 0.1430856869779379 0
-21.7925558642173 0.08930608502289582 0
-21.88314366487266 0.345175988615019 0
-10.72195128214428 -2.433655600233824 0
-10.90197194414327 -2.63244303680676 0
-10.99082746637297 -2.377877116522975 0
-11.17291703026678 -2.583875801783083 0
-20.70066671522071 -7.014025079523454 0
-6.680983925743677 -9.651147587787184 0
-6.523839958337966 -10.05523797527811 0
49.96115943898373 -1.745634842020509 0
-15.72248234686769 -10.88976025908271 0
-15.44750138090941 -10.57437547760095 0
-15.58241171374004 -10.18019448801546 0
-15.17382568709385 -10.25828573184289 0
-15.03701240828631 -10.65433303582097 0
-14.76188209251571 -10.3355195854813 0
-14.62314013441621 -10.73382435173753 0
-14.34636753191057 -10.41290534016041 0
-14.20587709752284 -10.81478602295341 0
-13.92596303579769 -10.49061488138493 0
-20.32474919451464 9.681435220489412 0
5.378865891420792 -7.533685882448194 0
5.191601922854658 -7.246074287976051 0
5.527423110775667 -7.225785678858339 0
5.32872094291411 -6.968387380731172 0
-8.949565643103186 5.664286781913024 0
-3.74388910894973 8.171820347686358 0
28.30825108429385 7.720086153451376 0
30.18116420583468 -1.727218024889991 0
-9.796745425123477 -4.914399876315144 0
11.28809395440524 0.4716853770783857 0
-11.26109743649262 -2.323267650340009 0
-11.44379359605163 -2.530224374372665 0
-11.53222720088055 -2.267887090092616 0
-11.71368688186557 -2.474869154896684 0
-8.742186145826018 5.888595853463915 0
-11.67720121528505 -5.359651456487236 0
-7.658072131804106 -10.27289731892017 0
-8.096169731749672 6.927613209573255 0
32.35880881484839 -1.769946632876462 0
8.57804962652208 1.271227973294453 0
44.99046294573689 -1.736448362447289 0
-11.80396830854147 -2.212025886380507 0
-11.98472654876759 -2.413544844566213 0
-18.47751339422727 7.98722683345843 0
17.246642330497 -8.372618133314978 0
17.88622647228534 -8.147074374255579 0
28.53449281650943 2.836926830161659 0
-12.07653784149199 -2.154990690946087 0
-12.25989351575339 -2.358003580224356 0
-12.35047326111298 -2.09869822310634 0
-12.53418475372813 -2.301629203206644 0
-12.62484809476793 -2.042349180353586 0
-12.80887966331139 -2.245671203267943 0
31.44971839721691 -7.743746026349688 0
30.88325032480677 -7.191794250746383 0
-17.25377664510501 -9.296073729976857 0
-10.5874494366549 10.55761819182731 0
-20.60402633731725 -9.231714010666357 0
57.62724390107597 -2.421771349405227 0
35.09085645186801 -1.727627923387789 0
40.03352766800143 -1.727239605034949 0
82.57793248949254 -2.136678382464892 0
83.32231452959886 -1.987948176973253 0
-22.38941062513652 -1.156689758800125 0
-6.826244814130362 5.668963928708762 0
52.11154339151072 -1.817760713875618 0
2.980055470591049 9.592343951076591 0
-8.35228373099164 10.38717067799727 0
42.22204947289269 -1.770016388972923 0
47.17640437308371 -1.769916414731949 0
-15.64962747336954 0.3629614301488429 0
-15.92706193948108 0.4208709994652862 0
-9.213125060035752 -0.9640476584945156 0
-9.451531542522311 -0.9197846702254368 0
-22.029234705748 -7.762741575968511 0
1.499394544759316 -9.883795658117409 0
27.78564099192312 2.617638496778269 0
79.01933128053362 -2.084880908593072 0
78.25356115150456 -2.303227926213288 0
-20.02282198091913 -7.144264296461704 0
14.14897330782321 -4.531481910403986 0
52.60717467337745 -8.180958707029632 0
-9.369541742082205 5.205625776014051 0
-9.556905159090094 4.99765034778203 0
3.693701753681488 -7.92682340230704 0
3.515550061471923 -8.193366189551048 0
6.1192539592471 7.235845008284641 0
-21.73267243680533 -9.987039623793716 0
-11.01697554640717 10.65610541144277 0
-7.236829631383621 7.332412281041909 0
-7.536985941081468 7.083525942551098 0
7.484061101811283 6.486018988252528 0
-12.55992968252458 -8.097136426116938 0
-12.68425705478954 -7.733329536732498 0
32.7789563155082 -8.081441958229043 0
33.54001700108014 -7.865120640813914 0
-20.12112658558549 1.265727201364657 0
76.14430258394138 -7.91454290213563 0
76.89950086945058 -7.707116231145229 0
-4.711735770686673 7.799160736373103 0
-4.439538402473558 7.71386764211967 0
-23.40999766151782 5.661082905767186 0
-23.20892730099111 5.898012131302174 0
11.83709736513812 -0.597212585622977 0
-2.948915221530965 8.450686060791121 0
75.56719508496043 -2.121079500784186 0
76.32840918589832 -2.02968371302255 0
99.65974111526324 -7.675930169628198 0
98.8918106667517 -7.901773979805701 0
-14.63274579440092 -3.947828607989537 0
6.673187373179051 5.649067018367543 0
6.886951135023567 5.442539475876161 0
6.455976620771996 5.862339223891543 0
-17.6253925531037 -9.224951927476789 0
8.943117969789334 -2.128743674240624 0
-22.909599642675 -3.311413793550687 0
-3.158153854439361 10.28288542529661 0
-22.69947732343867 -7.660013198074296 0
-22.80616374422685 -7.346277913005487 0
-22.60237228383944 -7.942224283772599 0
98.14826228947368 -2.372666934522876 0
98.71928346824367 -2.922327648345571 0
-11.34233929305472 8.184951740850808 0
-20.41349065587334 5.38201490126283 0
-20.09675962819768 5.318726477688482 0
-20.30898527498352 5.077607162114321 0
97.53459419741525 -1.939160322401897 0
-7.958913533921639 -4.150996754780512 0
-7.710269875428368 -4.203357352129101 0
-7.793610362152313 -3.95788668777325 0
9.303897241849826 -1.445523455068277 0
8.573390669054618 -0.3585252928284715 0
-16.76291725330319 0.5959058244323622 0
20.10309795632628 -6.6553627437573 0
-23.78455631317064 0.9260297298588652 0
-14.51482694717099 2.511423657619644 0
-14.31190795679191 2.739817284077453 0
-0.8679633566152202 -8.740361540285374 0
-1.175497900145667 -8.697595601704565 0
-11.64976957363272 6.533688688853573 0
95.42691541762561 -2.020718987391723 0
-12.89966600947576 -1.986049373315722 0
-13.08389945576353 -2.18928387245224 0
-13.17487334429992 -1.929645476502648 0
-13.35935373133012 -2.133142649656918 0
21.4322661987514 -1.823436762823681 0
-23.49606643505499 4.344664681113183 0
-23.787623300026 4.399064205246155 0
-23.68995801794232 4.12213986571288 0
-12.46420627953176 -2.548188558715561 0
-22.14492349551163 9.060395772386109 0
-6.56441133823956 5.613844201628805 0
-6.737152965707208 5.416574480995068 0
-6.33942185699367 5.808623574920241 0
8.649979010899871 -0.06226992846905809 0
-10.68562819864689 -8.728252189487673 0
65.49920662979072 -2.220225268108857 0
66.26337342701019 -2.018434031603531 0
-12.93706569014748 -8.022517790292188 0
-13.06068132491695 -7.660182664989492 0
-13.31291051769727 -7.948118578734792 0
-13.43605596961095 -7.587267365562368 0
-13.68727950027334 -7.873976813966191 0
-13.80988235799149 -7.514731680038157 0
-14.06016006875141 -7.800049100571675 0
-14.18099353395791 -7.441533575295559 0
-14.43077660235591 -7.726365004871706 0
-14.55106929781698 -7.369563978066183 0
-14.79971008236886 -7.653025506830549 0
-14.92187745704561 -7.29804207959905 0
-15.15374352492888 -7.575887120555136 0
-15.28477351008294 -7.22698339645892 0
-15.52962925870105 -7.548798548460329 0
-17.36767050318628 -6.984363094219881 0
-5.712670399345487 7.572146980253785 0
-8.614479117289875 1.356723125988006 0
22.64514786227184 -2.366363407235628 0
-15.10666864666849 -1.257124353129363 0
-14.92397445312899 -1.041313011136801 0
-15.0136827169821 -0.7759043871094938 0
-14.31700327200401 -4.50006835534117 0
51.26972722475475 -7.845205414466399 0
50.69793701689503 -7.291237317868281 0
45.76912548973164 -1.513987430480436 0
-5.809114002879229 6.408923065902921 0
-5.626211296419846 6.604148981110955 0
87.13083913487135 7.712805315345861 0
-8.691430512180151 -0.4589944338488674 0
-13.65493700057553 5.460538111920105 0
-13.54851846693261 5.137103065570106 0
-13.86897431908297 5.204144032104042 0
29.91664026843829 2.448027710509641 0
30.65880200611286 2.673134422478642 0
-10.35646637376908 1.747988094841554 0
90.30275440144351 -2.453043725339995 0
91.07920107172941 -2.272069546529557 0
7.391435706349709 4.740758564406558 0
-23.72854286160974 -0.6995509014953702 0
-23.90313242245227 -0.8925824363955716 0
-23.9836881749845 -0.647217683860332 0
-24.1564993011638 -0.8383609232500487 0
-24.07687933992815 -1.083959321710611 0
-24.23513350914651 -0.5941139545506543 0
-24.06147507494917 -0.3999248395323891 0
-24.31146376447559 -0.347851508267721 0
-10.55413517457271 0.1312852982086314 0
-3.712163046150634 7.81786580545799 0
30.93857967058128 -1.523076608411505 0
59.7877190319752 -2.394214839099087 0
53.37278746140286 -7.962694435068006 0
40.80215497479712 -1.514422026988983 0
-15.04911371502802 -3.589823707874717 0
-16.27298443306558 8.218437253935187 0
86.95964592095955 -1.655168028345166 0
87.53493984555359 -2.205734938303135 0
88.28893503391888 -1.98024222841061 0
-18.25857174176985 7.32231839458331 0
50.76270983610684 -1.517768492226223 0
57.03587645419256 -1.866661083195477 0
56.28630493646669 -2.069373090293175 0
8.57578828364702 5.245225376021775 0
-14.67255426169091 -7.016293117174508 0
-16.34330172485546 11.02137046427583 0
-16.61401725563969 10.70625927019826 0
-16.47813820717417 10.31647311801804 0
-16.75224223324679 11.09973459350947 0
-21.77385857436167 2.16238293629972 0
-9.960242621827966 0.4840639234652361 0
13.99179350790915 4.804506995899242 0
14.11078724787316 5.384156234230772 0
13.54593421487133 5.200051071305234 0
13.66517214048604 5.778262916069365 0
14.23736979083578 5.968115535699366 0
13.78220533686684 6.368415014750757 0
14.36593181635286 6.563316702820738 0
13.90057445507331 6.970390736029741 0
13.32615668872223 6.775012009633696 0
14.49071189682437 7.167820826234922 0
13.43851293219513 7.373607386876688 0
12.8679133656692 7.182642449642284 0
12.9815077579091 7.773212359142196 0
12.41305578913021 7.573077253013644 0
12.29417690664027 6.992286749127262 0
11.8718298999608 7.357958704748768 0
11.97165903596852 7.948460622310687 0
11.41772000389212 7.757236129284482 0
13.55984856870361 7.976405914556634 0
13.10866626400062 5.588359050373477 0
11.52620647097527 8.326180548897733 0
10.97838906960812 8.139450186584968 0
11.28304018262098 7.097247661808556 0
14.96083917467448 6.753699014293153 0
15.09253142981287 7.373869611173736 0
12.07927471455554 8.517649013054575 0
15.5735378585582 6.947124953469122 0
15.69060391672493 7.566960418849615 0
16.19315621771854 7.147730649012507 0
16.32738959273527 7.774923002936011 0
15.18818581203692 7.983139616089958 0
16.83140320860659 7.350969565319418 0
16.98493258140404 8.01033487701009 0
11.07404227769017 8.68654848549185 0
10.54357704843597 8.502651769059284 0
10.4403740976098 7.953481386522518 0
10.0115061951243 8.314911149857673 0
17.48762498912986 7.556839476809152 0
10.11163486943256 8.868013865750937 0
9.579109863375381 8.673917950241512 0
12.99694989089783 5.026460169633984 0
9.919514646201947 7.774282229935671 0
10.33111421155992 7.424409010228874 0
17.635833193215 8.260377607459787 0
17.05845923086636 8.711640372491852 0
18.12541974409837 7.794861793321751 0
12.56323174660466 5.408925589021707 0
8.262452665594061 2.624378317083753 0
8.307195539898981 2.915084722279392 0
-14.2188165947413 -4.809979658624874 0
-14.53802447167591 -4.741868500464231 0
4.860188357834405 7.852083425627383 0
4.536212302473773 7.725803636472764 0
4.280405431546399 7.919432723439219 0
-23.99674852033006 -3.051029580943011 0
25.35209153059977 6.679636737053785 0
-12.63306344918889 -5.150599444179287 0
-22.70231525694265 7.931188672865908 0
-22.58853747858453 7.609638252852409 0
-22.25044541706254 7.544842571524047 0
-22.47537262443134 7.29047950568151 0
-22.80739410824209 7.353861351648888 0
-22.69568678503438 7.038027059256948 0
-22.36770694293232 6.974241511353564 0
-22.58766700285302 6.72618722549774 0
-22.9098119089205 6.787962323217029 0
-22.80074211185315 6.462643893281022 0
-23.11653821300629 6.503940997252975 0
-22.48273170264209 6.414687180298021 0
35.86729059257589 -1.509680628801354 0
36.49482167766923 -2.037679208690453 0
-13.48344562467067 3.150555782788568 0
8.304624934171681 -2.60336482545317 0
8.226699873960349 -2.877095372342817 0
8.425928350968423 -3.082527739490143 0
8.145138691208922 -3.15157492921605 0
59.03864389047554 -2.623101501533002 0
27.39542403773063 3.921538949583446 0
-23.84002611551329 -4.20494071338389 0
85.32412183303461 -2.55051996480203 0
29.24774222458971 -2.674553586523755 0
25.15615031583557 -2.531757507669345 0
25.91090278054033 -2.298173215917516 0
1.192381503529819 9.36000637198995 0
1.210914894675423 9.814650002966857 0
-16.48428722910679 0.5376868532642636 0
89.43406389515886 2.658389881250934 0
93.64292724968985 2.449641950181761 0
94.40778691653523 2.673841358605368 0
8.287068473897987 5.464087340458629 0
57.83220349967198 -1.614766944252306 0
-7.724432828373281 9.457428201981278 0
26.94181669377699 -1.229470267042032 0
-17.14158537216312 0.1715033361519283 0
-17.73718628149485 2.861523885704311 0
44.03280217163091 -2.726777844003729 0
103.9836121887762 1.148503912415832 0
103.7939727045379 0.3731255649613476 0
103.2173785239174 0.9250435916347709 0
98.32118274221399 -7.341239622118149 0
48.50740753755208 3.648424990091987 0
49.00508540295792 -2.715292335058706 0
34.13594127564788 -2.710640217505205 0
62.08018490565476 4.019162934634352 0
97.64866941617397 7.213347631756053 0
95.35427139893645 6.544042908715405 0
94.77888947404962 7.094762283910179 0
95.54369357782463 7.317899556519479 0
94.01420662562774 6.871661560925209 0
94.20349191128489 7.645400280076643 0
93.4388399965319 7.422299403406342 0
55.77053032862668 4.330487024139913 0
56.34572617344807 3.780044734627156 0
55.58119771608234 3.557438113023101 0
64.57058716776532 2.590332482417696 0
65.33498681917443 2.813260088143829 0
104.3706418844111 -0.1788593252923594 0
93.25731202056886 3.777000134653238 0
93.46132843791565 -1.196187132402839 0
93.29811276456614 -1.942629151168825 0
92.69674272585844 -1.419119798565223 0
-13.93017481429584 -7.158010381362065 0
91.15269866045685 3.881596903805245 0
91.72828480439871 3.330330754217275 0
90.96315851354264 3.10727346610697 0
91.1451217698196 6.753193368808925 0
90.56980562020104 7.303792527041788 0
91.33436340517687 7.526822698349624 0
89.80555640586154 7.080742206796063 0
89.99453481776142 7.854366452741264 0
89.22991160252164 7.62985785888855 0
68.77872794921828 2.381023555359454 0
69.54313844167605 2.603962440837355 0
68.39251584504127 3.705126571930365 0
57.11003087936024 4.002951989181478 0
87.14098412652515 1.989405638534384 0
86.56569039225403 2.53996218632275 0
82.72782673905368 7.167393324792545 0
82.15253300999088 7.717959565673287 0
82.87577497517967 7.914449550529572 0
81.38808188684939 7.495023569872557 0
82.93259872791289 2.198792962683005 0
83.12175550630305 2.97229392275638 0
82.35730600750742 2.749358220839872 0
79.09473296174158 6.826214051222593 0
78.50218775603004 7.358751954129768 0
79.24201953214052 7.547511606784242 0
77.75211549229974 7.150837951242305 0
85.60429372907971 4.41455482567797 0
71.56821570994163 -3.451797673009978 0
70.98068183519611 -2.933410784349835 0
70.21725764153037 -3.158923636929643 0
68.01431373935164 2.158079513473688 0
79.38812352077936 -6.282291269010395 0
79.96010328336655 -6.836296819179665 0
80.72587638755165 -6.617949958685847 0
79.18331538123527 -7.064395907327301 0
80.53208397893493 -7.390302743377853 0
81.29785767576095 -7.171955479817273 0
67.34770741517062 -3.25862244575988 0
72.77765131829476 7.135545135675513 0
74.2228109642772 -7.059811550024328 0
74.02772712850735 -7.810709154148762 0
73.45597141767199 -7.260269996660949 0
69.33332619246528 -1.143610718650314 0
73.75143660051634 2.394614799394299 0
75.85560643509879 2.289924363580889 0
70.48885124044918 6.4714671166737 0
69.91356230098698 7.02202691918698 0
70.67800626970259 7.244963784341194 0
70.10271510065672 7.795524830022248 0
69.34513434484538 7.549052118252889 0
69.44256107548341 -6.249708360987074 0
70.01453236340603 -6.803708765890085 0
69.24876741147149 -7.022050261210396 0
69.82073880105639 -7.576052405065361 0
70.58650647081387 -7.357710004151062 0
69.05497117662316 -7.794393686538561 0
68.48300902570739 -7.240382852603241 0
61.6323516333979 -3.408484347689768 0
87.33014307634082 2.76290877452084 0
64.2736426401857 -6.997085815233825 0
64.06715129356877 -7.779720265213888 0
63.50740666787173 -7.222881284946389 0
77.95978059642039 2.185237351387519 0
78.14893767268079 2.958729449784434 0
79.48867388542632 2.631105996500136 0
63.80619188762254 2.367429631364283 0
65.91024546448169 2.262731400761219 0
92.87827212257689 2.226043274053646 0
82.54646274171974 3.522859160664765 0
57.86654055146209 7.096566441553246 0
57.29127772642666 7.647071924423881 0
58.04043299335363 7.853123516467176 0
81.7820129549099 3.299923711370064 0
91.6337773307647 -2.792794586531829 0
58.06983531457919 2.130581488825665 0
56.52691149387309 7.424112828780733 0
56.71600265823297 8.197578389923342 0
55.98330356202651 7.96686796814697 0
60.53496181412746 -2.198169202836835 0
55.29124929634262 -5.982103993744787 0
55.86310205943185 -6.53604867677826 0
55.09748465545111 -6.754276778724878 0
55.66928626900479 -7.308273288855081 0
56.43498055845234 -7.089998249341551 0
56.24117157689496 -7.86226014399017 0
57.00688295993903 -7.643971648293303 0
57.20067471487366 -6.871717634102729 0
57.77259450944676 -7.425676888150843 0
51.1239370868373 -2.897964644736851 0
100.3293557757775 6.558033007610523 0
100.5185521840999 7.331964054824138 0
52.13933575773473 6.86952925855861 0
51.5730825819442 7.440368653903001 0
50.79392157930666 7.192110296429056 0
52.33327240557411 7.657340910908577 0
53.67610658483832 -1.306033140625294 0
53.41324004404089 -2.112541756672886 0
99.95930301239537 2.136640317478971 0
10.2678637873724 -9.136475079111662 0
10.84465397212611 -9.062936550136399 0
46.13657567059587 -2.852663903705424 0
50.99614537317508 2.220730427309092 0
54.21550342655509 -1.942507368607677 0
101.0083115432768 -5.138896070746781 0
52.52435452578941 2.66622951565651 0
53.56648889172426 -7.190499503965278 0
54.90111723619216 -7.517449393669339 0
43.53038575060848 6.502434065245492 0
42.95564575764544 7.052440666405128 0
43.71873643189426 7.275437488107797 0
42.19197353568583 6.829483185477269 0
42.38063024708767 7.602382400571062 0
41.61680463721257 7.379375461462888 0
41.21769462560282 -2.807425382547816 0
106.8602657320178 1.267162762626206 0
107.4375349471898 0.7148899916299792 0
46.02951559427862 2.205271389841976 0
24.03536244081845 3.412225675830706 0
23.3210414284672 3.190273906965137 0
24.75208816055588 3.629891698968002 0
53.28847310658787 2.889000347800368 0
59.0232929035645 3.126593749768664 0
38.56615352891909 6.485073803024819 0
37.99715936710044 7.039771847858572 0
38.76852903923848 7.257856150618228 0
37.23003969474011 6.812007108842504 0
37.42357634538447 7.589992401009688 0
36.65540314850981 7.361365038504846 0
107.6273246650407 1.490996388271694 0
101.0942021942495 6.781274654172758 0
101.2834704526873 7.555160587903019 0
101.8591556238752 7.004325741432568 0
102.0484274491193 7.778328519123176 0
102.6241496002505 7.227520423436041 0
100.7028192692359 8.115930218240472 0
55.20203704707076 2.01199019941144 0
54.62711465407236 2.562140463903919 0
41.0707530994972 2.187783473353685 0
-10.13615059959979 -0.4175694092089643 0
-10.05403180582721 -0.661134365084412 0
-10.22313925317716 -0.854301748905865 0
-10.21906353054766 -0.1779418536260294 0
56.92055735803177 3.229802588815828 0
35.24880830741584 -6.670353758621926 0
-17.89860000552091 -0.6887127223831131 0
-17.71558186462453 -0.4668143911342815 0
-12.61399968358257 -4.29554389398109 0
14.81506815478525 -0.2642935964810958 0
87.70145043490842 7.17745550614076 0
87.5111220769347 6.406961382432275 0
87.89060904827276 7.950819211932359 0
61.5050144300303 4.569392580407102 0
61.31583229503622 3.796216276363616 0
61.69418741647923 5.342422496231065 0
103.6046190232175 -0.4018834966876186 0
59.7875368128236 3.349787309623201 0
36.12997774198841 2.1647407839469 0
23.56449424716133 7.400754949723741 0
-19.8380662915026 11.29620669607729 0
-20.22503858583441 11.36861687226796 0
31.3532894581156 -2.795671546728379 0
32.85278224015272 6.237936608777694 0
33.61244536014475 6.46209954504945 0
33.03951990796097 7.00826176207027 0
33.79999710885257 7.232429907757099 0
-22.22529172668292 -1.674821359751532 0
-22.14700461682177 0.3968937601937878 0
-21.96764866412587 0.6004400271006773 0
104.1807290674284 -0.9536455822721784 0
107.6823789047765 -7.122183182691058 0
107.8381738217521 -6.317775937886042 0
31.22735993809467 2.130922413061686 0
-11.12060211988399 4.942180490874153 0
-6.406120249846296 -6.620935767870162 0
101.7647701121641 -7.793914371092651 0
102.5311960918756 -7.575606311490702 0
102.7253494220019 -6.802676461554771 0
103.2910803504261 -7.355608136937298 0
105.9108556892762 -2.611079042938735 0
105.334353632865 -2.058982074912481 0
26.51347174910611 -2.782417364702705 0
-17.75874279292033 -8.870161895659066 0
-17.65526903366751 4.22530295936083 0
-17.7639939821831 4.525812335284868 0
-17.96845159022011 4.283765168499213 0
-24.3285978685895 -1.029529310375492 0
-24.25070327074247 -1.275463183022013 0
-22.98447062290574 -5.178563194359589 0
-22.88744809348222 -5.470822882053711 0
-23.19105978743801 -5.409918458182722 0
-23.09260313658808 -5.703688534265654 0
-23.39681493287392 -5.641485767394411 0
-23.29925539127405 -5.937909924181334 0
-22.99165831543288 -6.00036411185402 0
-23.20026780119609 -6.237168228002144 0
-23.49447745993667 -5.347941411711301 0
-12.65623773503141 3.266087867702801 0
0.4849832575390125 8.7363459182681 0
0.7974581458111624 8.890148435644686 0
-5.457133965237649 -7.857398632713012 0
-6.70323646219425 6.874566051764085 0
33.73082118779811 -7.096927018588407 0
16.61830883988896 -3.873610321532845 0
35.05369191288833 -7.422362766588543 0
-11.5881246691873 3.959571167294615 0
-13.26758665607697 -5.014717285778392 0
-17.90820447182531 2.188898392328356 0
8.229097648700787 -5.473900040967745 0
8.484730471223539 -5.736023311749009 0
-20.959677893505 -9.155744323083743 0
-18.71732775119097 7.718354243898933 0
17.24034733750414 -3.694228425658571 0
16.77218318133474 -3.241743072949323 0
17.39853638578767 -3.062122267168637 0
-13.39435289021474 6.641583768110134 0
-14.5664416393297 9.223730871217267 0
-13.78351646020786 -10.89146062530695 0
-13.50168078978997 -10.56848460678085 0
-16.91459207667599 -5.904447918520315 0
77.9260139383117 7.899192383533689 0
77.17619565364826 7.699214917468715 0
26.39343304828389 2.073550047175291 0
-5.136137301804739 9.676568271616745 0
-4.903490748393396 9.953347338699272 0
-8.512269692526269 -9.491109239058234 0
17.73244412741454 -8.861291975533101 0
21.08888344995683 1.754144074129921 0
20.5702612987497 2.241859593187851 0
19.89169287793588 2.040201577296572 0
20.05248538630469 2.726366297114033 0
19.38030895710943 2.52300789334258 0
21.23267224538976 2.470287531387484 0
19.57245401495037 3.198766153979716 0
18.87648673567687 3.100064573506916 0
20.2184983462517 3.410973303992391 0
18.71176034411667 2.32613529261721 0
18.21213014515132 2.798918683817505 0
18.06033386253306 2.136990155953566 0
17.60598159551484 2.590930630552319 0
17.43602165825741 1.94357823402819 0
17.71851478398029 3.251870355458994 0
19.73600889639494 3.884635446044322 0
-8.781588983360006 10.49277790591911 0
-8.498964779298966 -1.1000209207771 0
-15.48116316909219 -2.445152914509594 0
-22.46666842635847 2.094711874542297 0
-9.742008592342575 8.26689732167968 0
107.0335762546287 7.794767204701309 0
107.6089237270248 7.247999912838282 0
107.7997587113658 8.01760267512349 0
-23.86646501895928 1.170028771055832 0
-24.13227083787991 1.231247617677774 0
-4.938331079716518 -7.126732604979478 0
-4.822113571093944 -7.386231155895828 0
2.637835966534561 -8.273811495149342 0
-20.47335722036249 0.6762497947115748 0
-15.00124616169171 3.152313072641669 0
-17.07246850938089 7.720854099234302 0
-15.53827280092742 5.854952620751116 0
-9.070251222905513 10.17138018727908 0
-9.213214817102131 10.59704704941186 0
-16.11681401999554 -6.363313296339952 0
22.41393034827843 -8.015995383618842 0
23.14503866308377 -7.858664533307025 0
38.02508682241761 -1.551539323747527 0
7.126613606812018 4.879413101261559 0
-6.52654779942525 -5.644445941688467 0
13.08980169288053 8.379755063200491 0
13.68098396300827 8.58900199995583 0
-19.77855449475089 -10.75672443226655 0
-20.03529621288904 -11.04778888403039 0
-19.65211057826213 -11.12764098472092 0
-19.91009642419553 -11.40975693504985 0
-20.29745397504322 -11.33943099218261 0
-22.69604050428472 6.171691032515954 0
-22.34960545621403 -8.848709084971803 0
-16.94715669618899 4.651673111257954 0
-17.15403154522225 2.289160457658739 0
-12.1090408918833 6.014530864743183 0
-12.22208307673395 6.353180489303146 0
20.90653703174238 7.160524827024738 0
21.06554106295443 7.876780896989501 0
-14.63999248019552 -2.609942777993943 0
-10.55914283816313 -9.109836090471463 0
-16.88594440880611 5.221593523597234 0
-16.99453595375372 5.53791443283204 0
-17.19205973695914 5.279512756815049 0
-8.641260651549239 5.588783143762342 0
23.32196914878585 -7.098414425239743 0
23.88053825039283 -7.666699973636049 0
-21.40516848427623 3.36149368204125 0
-21.501822955216 3.640279993010788 0
24.0516872363247 -6.901318435180269 0
24.6106244356874 -7.432754313068049 0
24.7963027629861 -6.686632468913838 0
25.35409584971918 -7.221804577084062 0
7.402233409412553 -4.608502810887109 0
7.308290129017842 -4.882404366332179 0
72.64986782088454 -2.211463590549275 0
73.37488419045602 -2.014736166190276 0
-14.69819405621351 5.088582835218389 0
-10.99565497408036 6.372967641184075 0
-4.997709869089247 -7.657445635003257 0
-4.703769297364369 -7.65128673371094 0
64.67666343874254 -8.365538615274991 0
-13.1866356511828 -7.302171491865416 0
-12.18251982245425 -10.34434789552009 0
-14.40384088050869 3.025551097306515 0
-14.16437280320312 2.941437387043981 0
70.41096801122225 -2.386349411350576 0
69.64558838305538 -2.605847402663775 0
-16.7692506243796 5.792061923393756 0
9.666209834073573 -0.306488330903687 0
9.643133519789798 -9.23659640160068 0
-13.52142515605834 9.359467670890066 0
-14.74256162375838 -0.8321212457845721 0
-14.83373106790316 -0.5595629307453357 0
15.93623582160047 -8.695245765478123 0
-21.2158406042783 3.583386428541152 0
-9.083071423482222 2.776157295810516 0
-9.255430880677906 2.592207290446355 0
-9.967037226348735 -0.8906018829253065 0
19.90979502718871 8.11728248790731 0
16.9295490837954 -2.61211678166819 0
17.55703312465874 -2.428967016903141 0
16.30997918615095 -2.786461694300909 0
10.2566327039877 -3.322466967047035 0
10.64355393200536 -3.231853439321872 0
10.75113745190901 -2.839795290708931 0
10.51779991692462 -3.618781573791661 0
11.05000163102243 -3.130240737921504 0
11.16155096549391 -2.713511957815855 0
21.60883970973287 7.386815146116755 0
-4.544758058974029 -7.417320805008319 0
-4.419739594201689 -7.679861227584087 0
-13.64383591303135 -0.3732873758083287 0
-17.35242472039481 10.47198763729676 0
8.031119062632792 -2.672761170679272 0
9.673788995589554 -4.104944520837027 0
3.382046763295515 -7.900201321395302 0
-11.04357694945356 -5.485471935257347 0
9.673348412850537 9.226527990930824 0
9.146355712343928 9.025377264752587 0
9.071320745369515 8.463218578494681 0
8.639023139643651 8.812642891913729 0
-8.979509908464285 -2.580810581323011 0
-6.195125880188717 -7.483809569722066 0
-11.62543818186244 -2.735486724156889 0
-8.39621767429071 -5.751844155788107 0
-8.295115860331634 3.976233176589997 0
-9.618416212209551 -7.582873586283044 0
12.30871141318028 -5.754896543324159 0
12.83646323366418 -5.603628863858558 0
-10.72942609573039 -4.708336569330175 0
-10.24933085499569 9.330899005263513 0
18.03093600508545 -2.87761486761494 0
18.18707704517422 -2.239025171795086 0
-17.13840047359821 -6.163813202522413 0
30.68456882103779 -7.94583142711842 0
30.12174951767102 -7.403865705754648 0
30.31702945341795 -6.640793724059712 0
29.5590026320197 -6.854758855178171 0
29.36242824346355 -7.618157377832046 0
28.80037990538904 -7.068374132605871 0
28.60395419728826 -7.831456795381377 0
28.03966614365864 -7.280770501088114 0
-15.98465915664202 -4.242911641642159 0
-16.29772555218906 -4.179691508018643 0
-16.39570689617519 -3.877894643716755 0
-16.6101103653237 -4.114997182480885 0
-16.69364295749851 -3.814353123834203 0
25.54076685451824 -6.479772515980552 0
26.10245453399536 -7.01290327990297 0
25.90719265461553 -7.766431230971214 0
62.65661073326467 -2.294494522901296 0
63.43249261971378 -2.106315415004159 0
13.22840201038279 -8.120886130060907 0
13.06938744938822 -8.712121171696522 0
13.64176576013282 -8.593122657282445 0
12.44705634840014 -8.850924550974769 0
-8.007807697041411 6.621923799585226 0
85.79678787618303 8.022802966558904 0
84.92499392944005 7.847951246424206 0
-0.1120415018409838 8.739595482324628 0
33.22630197531791 7.780065588556776 0
-22.81743070353762 8.250536486937625 0
-12.43339862491296 -7.447598412134306 0
-4.493581378915708 7.991844379933503 0
-15.3148640376094 -9.889741961263899 0
70.85549326495234 8.006269166335878 0
-13.61583150093868 10.85100700348639 0
-14.01889736588156 10.94060893700714 0
-16.88430360108957 -2.173753222979721 0
-17.08218689792343 -2.391469262446162 0
25.08450533098054 7.991285618804582 0
66.0837266839019 -7.925147266463634 0
66.92086665127607 -7.634120113809512 0
66.87792494857274 -8.471729528414839 0
-23.69833746987069 -5.573886935353743 0
50.97997643382563 7.960399835974564 0
50.20423888475194 7.779295280896577 0
12.67440308933248 5.978739315537507 0
12.14467443839809 5.791016989035136 0
-6.059458496330434 -6.196073736728613 0
-9.874378304838181 7.643284033454961 0
-8.891411219136097 6.513792782814822 0
-4.276355006840919 -7.451672627744528 0
-4.140875282010821 -7.707990077056184 0
-6.297823755075113 -9.00117779409973 0
7.478846682115048 -5.097475458611513 0
33.99697847423224 7.972674503003113 0
34.56185395112087 7.450938071444919 0
-19.97813968601491 6.749900675145946 0
14.33077573991364 1.673549750990244 0
14.19372114280348 1.103526118702229 0
16.1803244411764 2.752978563879636 0
-7.604943769388402 -4.45032759849101 0
10.55923737122317 0.5364226264628031 0
-6.2334697989442 -9.660201695085419 0
-6.088772133576404 -10.11507218866546 0
-5.79173274440515 -9.772213026029256 0
-5.652377748985814 -10.19142507785229 0
-5.928672819387719 -10.56078100463319 0
-5.367452501585871 -9.854041042534263 0
-5.216490701223089 -10.26259184389007 0
-4.931312652028561 -9.92984864235958 0
-4.779018922905633 -10.33400344319798 0
-4.496665172996879 -9.995351677667179 0
-4.331803182130388 -10.38950936517552 0
-4.049743072001162 -10.05419223864375 0
5.972792070507931 -6.311187222351696 0
5.832218200690339 -6.596226227915589 0
5.993850299639083 -6.852854112688084 0
6.098208407227306 -6.039781362155711 0
-20.88135403597899 4.080524653491366 0
-20.67472761821543 4.320942864604389 0
-15.63697943100573 -7.159514416339392 0
-15.40561592033885 -6.880103737914031 0
-16.68976384457963 -1.953440895344235 0
59.61400687416906 -3.164568869336027 0
-0.9481563537341952 -10.0358672434867 0
-1.169560753506258 -10.42223149176973 0
-12.08406862813063 -10.7740744267618 0
-12.55475709545094 -10.65384454610042 0
-11.64017035665433 -10.85329460435327 0
-14.47585177066303 5.33770874635373 0
81.10406514034317 -7.944308868295796 0
81.86983925064564 -7.725961467693058 0
82.06363143525533 -6.953608182047019 0
82.63561340454962 -7.507613892711854 0
80.33829101138917 -8.162656277029727 0
19.50957552802067 -1.74269472640616 0
12.44373879335077 4.157954046907104 0
-16.40808352605098 2.36998759962823 0
18.2973425451564 8.472608888366922 0
-18.26330765650086 8.263038569269469 0
50.40373825455288 8.595117764907856 0
-14.06852128676711 -11.27612882264015 0
28.34532186947854 2.078506684270109 0
-1.000584113176046 -8.437630788675076 0
6.336996727029546 -8.877649555436719 0
6.155121240503079 -9.281494908715146 0
6.617507449419241 -9.273351045778847 0
-3.783635247067623 9.766683756242802 0
-3.881955817325412 10.17258138740438 0
10.82627082249827 1.524336174594031 0
-4.929321258047466 10.3196279812696 0
103.0932662761614 -8.097980788570021 0
103.870007980566 -7.911934224565391 0
5.194195810127992 6.904808153365694 0
4.960869473287777 7.09806251961006 0
-10.13828055387463 -5.67143050461704 0
-16.16926557732013 -7.522042614727613 0
5.282855916405675 -9.299036758498771 0
5.066711785762049 -9.701768284317792 0
-2.779171093502468 10.12464817372119 0
-10.77102819253797 -9.839734408353012 0
-10.63494821838519 -10.2565993117124 0
-10.93738035299502 -10.60267221512935 0
-10.46026739883461 -10.72062565290778 0
-11.19027969481623 7.075849060845208 0
21.76414513246629 8.100267449857027 0
11.19605996140925 1.678001025437696 0
-2.88227602101997 8.133238670122312 0
-2.694842488398753 8.360279158859395 0
5.460114717626763 9.200561125366496 0
5.880961133593554 9.38368995567985 0
-15.99294152918212 -11.18305416653317 0
-4.219023177393605 7.898023467661315 0
-4.163631421432777 7.602170798797481 0
1.598046221167252 8.493356234554531 0
-13.22879890986952 5.067364312751445 0
26.6409368831837 -7.599209791385594 0
26.44166232747055 -8.334768939784555 0
26.83560807549409 -6.853600832405204 0
-15.01524039331052 -0.02059291918234455 0
-15.10720388013033 0.2351624581373253 0
-19.89804011146363 -7.467485058090205 0
-19.68032857796997 -7.207236940930088 0
-14.38555707614586 5.020960633575459 0
-16.90841727233828 2.989994089668562 0
-15.44169714797392 6.767659251550697 0
-15.33060608236039 6.43240062565567 0
47.76010653252013 -2.310556659733801 0
16.67459898472521 6.718339993492342 0
-12.71089156652741 -1.774646782564051 0
63.31138584676512 -7.995335458563674 0
62.74361509608001 -7.442108178272168 0
27.75167139956355 8.215065785196726 0
-8.42801631855615 -0.7054100449179034 0
107.4742344646316 -7.91956269527187 0
15.42388349529794 6.340927385738245 0
17.72069952335278 -1.756119074330441 0
-11.06972174477596 -2.827779742330244 0
-6.178313568328205 -5.935977450064037 0
-13.45903279863706 4.823871570924574 0
15.15455990213399 0.8525679985214967 0
-24.45478140625657 0.1573082075036155 0
-22.11505812309136 1.776142542223416 0
17.09476561969156 -6.589136596876732 0
8.707991665171116 9.362107578238874 0
8.2070541647666 9.155566490028923 0
8.144993538058699 8.621875023506707 0
7.720468026641248 8.951212747100968 0
8.304585648508951 9.67067049162126 0
96.61396982294988 -2.804028122679476 0
-18.86091728716207 7.136209308420253 0
-18.74902937415999 6.808368313773233 0
6.269845230810061 9.08488212943576 0
6.340936732867805 9.56207122830765 0
6.722416400455635 9.235288558231673 0
5.023218230279942 -6.983094459876228 0
-23.79568995895914 1.642434051500892 0
-21.49584609625458 4.156944912481558 0
4.582378825021828 -9.702010517303142 0
42.75283856096496 -2.333330220691244 0
-11.56769580071248 7.555262260205777 0
36.95103211025713 -8.311321070310719 0
37.71635038741022 -8.0889585937856 0
37.91138152246265 -7.340755231820775 0
38.48585112837847 -7.889111349674429 0
38.67619007188647 -7.125687689498268 0
39.24724806858917 -7.679037986972708 0
39.44052285744691 -6.909572907102555 0
40.01124049331632 -7.462940669721626 0
40.20434507519298 -6.69289090882192 0
40.77565450947399 -7.245681942895358 0
40.58189966240768 -8.01679305740198 0
41.34676071302636 -7.799123345004463 0
41.5398406746031 -7.028570505340569 0
42.11158404258356 -7.581417522910754 0
70.39322304388706 -8.103253310559621 0
71.16136598233166 -7.902655459939683 0
71.35275428035338 -7.13785751452103 0
71.91437360055113 -7.655014830225032 0
11.12395990609108 1.232878321926864 0
-13.25955785571649 -4.168200404705052 0
-16.71852328470724 3.221312803888836 0
-2.848567680563914 10.57615384657862 0
-22.02304368192302 1.527635223888049 0
-22.20378989358414 1.32417810534609 0
-21.9396907545339 1.266278369634035 0
-22.12908837677471 1.071551592102759 0
-21.85530066959039 1.006604813393356 0
20.91084546102251 -1.333827155681979 0
28.06404862278717 -2.275456908944834 0
-24.1592184703283 -2.517338792541582 0
-24.23721215419984 -2.260048025070656 0
-24.03932437304331 -2.062211199427316 0
-10.22525189803396 5.916697932550073 0
11.28412172958003 -7.538159333609998 0
11.43974214663968 -6.998205040371063 0
-7.460850603762851 4.224999395464553 0
-7.526846235839636 4.46072067824625 0
-7.767088439891722 4.520221324463368 0
-21.5273175403648 -10.71838007835691 0
-24.15753250931863 2.681715426941588 0
-23.98393091912608 2.887922304142386 0
-23.71530898456935 2.836689418880261 0
-23.80625261535564 3.096028281134346 0
-24.07677268464781 3.148241656011764 0
-23.89742290147932 3.358906559827512 0
-11.35510289028525 -4.573974502104502 0
-15.65620831648476 10.16214552444235 0
-19.53709795717901 7.268143919403209 0
32.87682124349345 -2.328971321054907 0
56.79253952461 -8.411106699031944 0
-16.11455170649976 2.312654497958252 0
-12.65906308745223 6.804079697595842 0
89.46642305944033 -2.664710967516391 0
4.235266642186557 7.601076975545346 0
3.986507191857955 7.786779323670053 0
4.476697497107338 7.42828829860284 0
2.981974316948096 -8.317764888143701 0
9.105862254923489 4.541351961098951 0
8.825654246334262 0.8355278546336399 0
8.562355378879932 0.7475458954642679 0
8.502200322741871 0.4858285521111381 0
24.41459515582168 -8.169425663987589 0
21.78450817977834 -0.6171048525194969 0
-8.908436171455833 -5.10836872263283 0
-8.989296870018839 -4.834758393713669 0
0.7951584024527599 8.557306410981374 0
-13.88068885098023 -4.03967682331078 0
34.23035082672132 3.031367065528055 0
33.47469619033155 2.812791128221387 0
-3.307514783324365 -9.764783039763151 0
-3.153168333738587 -10.15230068622885 0
-2.738585778914188 -10.19011555738171 0
25.35768171639087 -1.750193108405697 0
-5.969459788912052 -6.453178783435244 0
10.03189340591823 -4.022918334440917 0
9.935715456406383 -4.398213860803763 0
-21.61944741392114 0.2779647407288531 0
20.98620988676278 -8.347016120954605 0
26.44623232148501 5.698122618222519 0
102.7995860280733 7.98704887771683 0
103.3869812813287 7.44816789080964 0
103.1997354747426 6.676205442757598 0
-15.38003972621376 -0.4423309048271868 0
35.15929760648751 4.035355059692797 0
84.49368756920492 -2.677847529527844 0
26.56632400439625 2.843289012308659 0
26.02571550443277 3.352852525042814 0
50.49906480950182 -8.045740925690813 0
49.93149955658953 -7.506486637063282 0
50.12600713954143 -6.736850097666788 0
49.36050296744725 -6.954953071124094 0
49.16660458624568 -7.727009531027959 0
48.59506569009938 -7.173493210838349 0
48.39624087284898 -7.928335487560001 0
47.83089765636203 -7.384960867244845 0
-7.421260108078441 9.750846472999791 0
-7.574521468247167 10.19536638650901 0
73.00274362555652 7.92688904625981 0
73.79566391618749 7.99480430180138 0
76.70227292038417 -8.560669167015519 0
21.20917805050503 8.606064859505816 0
-2.986223397578549 -10.55390176615886 0
-6.782767341972179 -10.41184823931927 0
-19.29383066472717 9.812991144672109 0
-19.66616864610059 9.88020538463975 0
-7.461980584699263 -4.269572380410906 0
-10.98981463748276 -0.7282915281619415 0
-11.25698539934025 -0.6523160085303122 0
-11.3329889261656 -0.4090825835036042 0
-11.50539877658118 -0.600999244601751 0
-11.59062368296291 -0.3584072057608653 0
-11.76326188406058 -0.5504761022796005 0
-11.8496672478357 -0.3065738116423006 0
-12.0238141201511 -0.4988200131772324 0
-12.11140952345246 -0.254269475671473 0
-12.28975986796468 -0.455625693095669 0
22.99602969971839 1.700812542123726 0
22.45414631836421 2.223753682313926 0
5.921457134383023 9.883548803056046 0
-21.28447780612386 5.272548531906665 0
6.42289273891822 -9.704023332656666 0
6.90891266455226 -9.691012304931434 0
7.132516976154595 -9.231021182645604 0
-20.72661904564804 6.30724041468937 0
-23.50972124508359 5.967998576895821 0
39.16256476401838 3.060876378638964 0
38.40206352999932 2.839682108687605 0
108.1621225792251 0.9471874391195262 0
108.0142044634795 0.1334545213259991 0
-23.99818104907317 -1.332937817501893 0
-24.17321396278895 -1.523672993076923 0
68.19715515080601 -8.024080725845444 0
82.43325931746197 -8.249940909651633 0
83.19985187831894 -8.034462439401079 0
83.40009695789129 -7.284740145332641 0
83.97130910362144 -7.836044832842052 0
84.16660343060542 -7.068959591836911 0
84.73870787638641 -7.623393397067414 0
84.93277104210586 -6.851988607706403 0
85.50481870535113 -7.406224405289012 0
85.6986667241535 -6.634067127578548 0
86.27066964692884 -7.188144046043379 0
86.07688055940066 -7.960510218854798 0
86.84150762293554 -7.738136757062322 0
87.03626937807974 -6.969183951735059 0
87.60706216634111 -7.519015862125354 0
40.10628767411382 4.060000954332027 0
9.667068984272678 4.105174996464564 0
9.612112474514971 3.732269133988606 0
-13.02734363084128 -2.435394293560627 0
9.968367929136491 3.858892065654793 0
100.9914940234966 -7.988404406998394 0
19.03830419866284 -8.247172191155688 0
-12.62858620611984 9.876437590174351 0
11.47038350515911 -3.019863320983459 0
11.57723178450619 -2.583370801751972 0
11.27907717040167 -2.278868182245625 0
11.6874051059648 -2.143141892833766 0
11.38819976178155 -1.836887949914409 0
11.79674529082885 -1.701331131183421 0
-22.87776599570778 -1.110696557684458 0
-22.80002553795433 -1.352167590614531 0
31.4152725621103 2.88840505848498 0
31.98033061079089 2.348592594205897 0
44.11765773007929 3.08139049664088 0
43.3551666223548 2.858216027930829 0
45.0677625066893 4.078304262974697 0
88.85904198395006 3.208788426960156 0
-7.386637482809223 3.963245135613669 0
105.1218104468505 5.803003727001693 0
95.36206118705408 3.672016262977024 0
103.9647051688546 6.899169429010854 0
104.16848146296 7.703326510813042 0
29.75185955345582 -6.091427937424991 0
95.93754067218249 3.12117465200662 0
36.31678431595453 2.930875308620529 0
36.88867006194481 2.385698125359386 0
41.25891348699702 2.958143880606523 0
41.83265071460399 2.409897194253304 0
97.08818569482447 2.017994869577084 0
46.21831556515045 2.977496230577627 0
46.79277825972853 2.427977614844806 0
-3.985256714748594 -7.4367560750592 0
-3.860960326591054 -7.730512483535755 0
55.30395763467432 -3.122929734236974 0
71.64728646386683 2.499293431495365 0
62.46647631426945 2.695065253291983 0
66.09938631682886 3.036181754293697 0
77.29399913517422 -3.293923921736028 0
49.55444032047937 -6.183460854486574 0
72.4117196434642 2.722229432221768 0
80.15800636825969 -3.198342869175627 0
80.24070514254245 -2.397207685013969 0
68.38468418565927 6.576147250985422 0
67.80939672888547 7.126702393414323 0
67.04495779233142 6.903764198883009 0
67.2341080243563 7.677258673446848 0
66.46966620499609 7.454321239906693 0
68.05963897308652 7.990569432907797 0
66.66993527938719 8.189693030364811 0
65.90122543059368 7.98138864599261 0
81.41606913460137 -1.112657567649824 0
85.03679060974144 2.094098744040051 0
85.22594531011842 2.86759338260053 0
84.28016091615336 -0.9999031338994735 0
86.38435314386778 -1.10460053159924 0
85.12669124559793 -6.080094282926622 0
80.06396395016208 2.080546883451297 0
80.25312071391727 2.854045495947374 0
70.49668694863992 3.600419417294978 0
74.33867349727828 -1.05801154167295 0
77.29547013841709 -0.9871112142843758 0
79.10255024693905 3.955153200090314 0
65.70636917359424 7.227465609368916 0
65.13126438904843 7.77737055431711 0
77.28460210021123 -6.164978408318923 0
77.85655068369194 -6.718871158460604 0
83.31091841076278 3.7457841256903 0
71.43332770102589 -1.228291386258158 0
89.2513935316925 -0.9859691205847305 0
76.03694108471024 5.93446841772001 0
76.22770475607972 6.702448575705684 0
87.80197648632202 -6.750606060155218 0
88.37394975208259 -7.304573481308052 0
70.11842682740402 2.053413244909279 0
71.44050550714331 7.465868485547243 0
71.64017464585447 8.223766738264915 0
90.00941351284244 2.108441254751546 0
64.39389324615826 -1.069829394721368 0
72.11646444466263 -6.914377987708764 0
67.26392019684981 -0.9570195246077748 0
67.81223194194736 -1.607647901943904 0
67.33909195618222 -6.132379003549207 0
53.47754317026646 3.662180664846404 0
61.52093401921293 -1.172096757036694 0
84.65065839377277 3.418157618494047 0
66.6746574137122 2.485652137798116 0
86.17957729642356 3.863993458367855 0
86.94406102084474 4.087941368344439 0
60.1736139197616 2.026075905562637 0
26.26792657070261 4.938764743124197 0
96.70232868933449 3.344165283988809 0
100.1403244900172 5.784164568783688 0
94.98304039259808 2.12250325800808 0
50.02535260946453 6.971876638558071 0
49.43737090224042 7.563740943439652 0
57.96632995251966 -6.65344227634467 0
58.53828869435981 -7.207394954971683 0
58.35460307167656 -7.969242537243768 0
59.11191762989171 -7.759621999390571 0
43.16694979482321 2.085712095388129 0
106.4743214539232 8.297627167631292 0
105.7020165399224 8.114422400419066 0
59.30420511605326 -6.988789050492471 0
59.8761141375924 -7.5426831012472 0
105.5083063528728 4.474801282962543 0
99.09719151867631 -4.248479298221841 0
99.83070059450854 -4.052874663728499 0
9.928659976934499 3.493449771973554 0
10.29005466447606 3.621092167882911 0
10.23392059115549 3.231218638100148 0
38.21569127287376 2.066474548900465 0
87.89786862701456 5.087194869243348 0
53.09931162580889 2.115931587085264 0
10.90423378626561 -7.137111766087354 0
11.04506807169095 -6.630620336356974 0
33.2918841066685 2.03970320514912 0
103.7759767414602 6.125236102244771 0
57.68473688681259 3.452707729347153 0
60.7408031868484 4.345645239627753 0
39.63091443767519 -6.1406664485451 0
-9.381601588215988 -1.146513459062347 0
-15.73827411934527 0.6325486158722399 0
15.7315397475722 1.019911784770489 0
-11.29441875592556 3.116172862589836 0
-11.01910548203296 3.06916459412661 0
-16.43888190941395 4.847486827324319 0
103.4146973228126 -1.176571008171049 0
10.61104783678777 3.370002732266526 0
108.0124759343261 -2.717750484501853 0
107.8223098134329 -3.492221470712815 0
107.061983794336 -3.714717248465957 0
107.63451745152 -4.256344279081143 0
108.4256000149483 -4.062222330452834 0
108.1746347298355 -4.793226266586579 0
105.1441639048528 -2.832301855074998 0
73.17467286617001 -8.070360935865633 0
9.725246130809767 4.495344746696777 0
-16.78353771489764 -0.9126840299848102 0
3.857954777292 -7.676083890121575 0
42.30308332731256 -6.811427762965432 0
42.87556639198212 -7.364411747952999 0
42.67433225541575 -8.105574942168429 0
43.44644795409123 -7.912243315169242 0
43.64135761664082 -7.145347795656323 0
44.2129061789566 -7.698129105352773 0
44.40695383171057 -6.927178314061656 0
44.9731069884424 -7.462135748133849 0
45.1703777101603 -6.706879346199599 0
45.73720905102406 -7.240684658582979 0
44.59633916454155 -6.156634665659015 0
-19.98687117853473 11.67858493603387 0
45.93740220256239 -6.490917000749109 0
46.50331310806139 -7.041455936770496 0
46.31521879845819 -7.816435270009106 0
93.6332125594663 8.177984076584591 0
92.86955326836176 7.952004335691906 0
11.48955595179122 -1.396792284372345 0
28.87515525488442 7.179481896862907 0
29.10246114013436 8.026460315002769 0
-4.55742088115789 7.245285566641259 0
-16.40570125424496 -7.802767849171574 0
27.86217918905803 -8.009367148944213 0
-6.624484895739528 -5.399906598574046 0
-6.850293123798544 -5.329334249346439 0
-6.70151015168116 -5.150933864370599 0
-14.90907278132122 -11.04105150511584 0
-17.97967797214394 -9.150315851486715 0
-18.12382310310021 -8.801203756569473 0
-18.32758567129031 -9.081568616262205 0
-14.92778086867644 4.842125499884606 0
-14.07371967246187 -10.11443823220264 0
-16.88096240650008 -1.400661081851763 0
-10.28785646171403 -7.773583954124564 0
-10.66474679845764 -7.700675260102293 0
8.418099003378238 1.741307180306266 0
-17.35087863464545 -2.343715035333445 0
-17.26633065128269 -2.615415247536777 0
-16.99162643488775 -2.668632528626854 0
-17.17531609446826 -2.897307075827943 0
-16.89764743781034 -2.950717555488907 0
-8.388416342143259 1.303343738744733 0
-8.538498761964815 1.126089417675006 0
-8.918854553909753 -10.57312012705942 0
-9.35521848858345 -10.49388723043421 0
-8.472702099608345 -10.65800125159491 0
97.84130514818696 7.975225764282784 0
97.07382054630082 7.762081274372548 0
-8.994485851256943 -3.240877737383446 0
-22.07506421033304 -5.360668313159957 0
-21.8754090439761 -5.120503455288917 0
-21.97081916386191 -4.831452851608129 0
-21.67033075797651 -4.885958455449747 0
-21.76682898603072 -4.596860147873866 0
-21.46729405376305 -4.65123998845479 0
-21.56458381521195 -4.361879903651414 0
-21.26181791529138 -4.419797590560916 0
-21.1733976858916 -4.714351882321161 0
-20.95824142734882 -4.475209114812653 0
-21.06142868736718 -4.185473727880265 0
-20.75573164249502 -4.24191498698455 0
-20.65229357610779 -4.530344317219805 0
-20.44929153097676 -4.298554763676186 0
-20.55603553060514 -4.00669047080349 0
-20.25040112881995 -4.062140680036635 0
-20.14481565308279 -4.353763278154277 0
-19.94502158049573 -4.117106854508642 0
-20.05049076079466 -3.826460646048627 0
-19.74574771994044 -3.880525745781316 0
-19.85195972779447 -3.591591515812966 0
-19.63988340006197 -4.171824101184852 0
-19.44086370744012 -3.933885743388341 0
-19.33338713744135 -4.226289407806004 0
-19.53445080022201 -4.466166202906685 0
-19.22454409425008 -4.521213496958117 0
-20.15487900572597 -3.538156097200199 0
-19.95500931170728 -3.305096069548494 0
-19.65413866514742 -3.357616887243793 0
-19.76070263612722 -3.073452357821167 0
-20.05659708689815 -3.020736749055938 0
-19.86443919899919 -2.791340418706246 0
-19.46257791488729 -3.125556304199848 0
-19.13416651943921 -3.987227586483622 0
-19.4279374544179 -4.763560821086958 0
-19.1145084864198 -4.819428205995668 0
-18.91281596734231 -4.575241297146046 0
-20.15810854463472 -2.739548134990388 0
-19.96629909434108 -2.511995413164442 0
-19.67401032779216 -2.562852493347578 0
-19.77600156851923 -2.285106018157337 0
-20.06618315843912 -2.234007750832597 0
-19.87629201079276 -2.008771246440395 0
-20.16467709952393 -1.957891275435469 0
-19.97668115417282 -1.734636103833082 0
-20.26436811136778 -1.683998864278218 0
-20.07808599608745 -1.46284500613282 0
-19.48452552728381 -2.335550044576316 0
-19.79283788552065 -1.511908448613507 0
-19.89417233126603 -1.241889909654117 0
-20.17677047934588 -1.19244502979824 0
-20.45045682007141 -1.906061503263351 0
-20.5492514453539 -1.634521341719852 0
-20.35015862024851 -2.967207925546109 0
-19.24135469615687 -3.69649014542067 0
-18.93611438422445 -3.748994852772233 0
-19.04195425463217 -3.459923008560398 0
-19.38202206985469 -2.613120310263394 0
-18.82811247850259 -4.039530979686238 0
-19.73748857497941 -4.706500489028711 0
-19.63329166094235 -5.006475936195151 0
-19.94529312609436 -4.949165325175334 0
-18.79503466433335 -4.884794364446368 0
-18.99538733288753 -5.154323897798084 0
-19.19511952407781 -2.383698337350533 0
-19.29571259593378 -2.108357608336712 0
-19.08953147045343 -2.657689562805058 0
-18.59319703312143 -4.627398700145504 0
-19.98944505765629 -0.9688362353025934 0
-19.70554307125758 -1.021071897508259 0
-18.73962068577403 -3.517271663664784 0
-20.43539442972334 -2.681785030672841 0
-20.27061172810371 -0.9248750616765321 0
-20.45672214884407 -1.141289815228124 0
-19.00804664931373 -2.154021895443978 0
-17.66297567831097 11.26922460088567 0
1.326141898022611 8.636081771590055 0
-22.8038981712509 5.562747847336349 0
-15.02274348668824 -7.890874387174816 0
-21.54133591131445 -9.336904906871309 0
-11.98613179584238 -4.438596787655722 0
-14.60026280542047 5.661146276646829 0
-17.62630189957184 10.1825961775579 0
-5.065615826789171 -6.869110897527889 0
-9.620321850095246 -1.102654100772245 0
7.18270035552853 -5.149818580939924 0
7.015969721240206 -4.901103476116875 0
6.908507411613021 -5.197710174837986 0
6.704011947641975 -4.996286733962055 0
-20.1140291111818 -11.70669226878856 0
48.66964611061918 -1.328898953636301 0
-22.21458695861782 -0.9535377493210793 0
11.82313266840803 -5.858214222608175 0
8.443852150092205 -0.9045545935999318 0
73.83393389635697 -8.583060624156115 0
9.248138391527087 -1.726851869002884 0
5.533112596687285 -9.682357286140656 0
-15.22987389669817 11.16184878233887 0
24.4115908510212 8.439507613788052 0
-17.07921003885019 -3.182956759510951 0
-16.796490280746 -3.244558973083871 0
10.01661550074962 2.62067847667628 0
62.53983960126729 -8.178720536726596 0
61.97684189127736 -7.654659478439115 0
62.17215031787354 -6.887316205371104 0
61.40652009471876 -7.105480404988431 0
61.21276676399032 -7.877702226244764 0
-22.70511598487409 5.258836912872397 0
4.191325433691685 -7.658537908439298 0
-21.89169186001556 -0.3411487881663144 0
4.807378563893232 9.72289146175739 0
4.458410722720971 10.01350328708646 0
3.970844417632246 9.803852763088715 0
43.13352331763971 -8.651347146950245 0
98.14158578670879 -8.10166319240612 0
97.55772462236163 -7.556705093055723 0
43.70722417217841 -1.336115052739797 0
-10.82439553302573 3.288499428113145 0
-13.16963636321533 10.80997023815184 0
-17.24547067825518 -5.836479121519686 0
-22.23477627639288 0.6470421768083304 0
12.1265102385331 -2.06320277163347 0
14.15182603275692 8.177628919041718 0
14.27689097200354 8.834680169505711 0
-20.47873578251229 -6.774347387887013 0
24.9626094256489 -5.965702985338747 0
-23.96420548920933 4.168114285270149 0
-23.87368974720906 3.896252942784323 0
38.75483915578662 -1.341740512313322 0
-19.27068055757189 7.522591998613092 0
-24.32074373297004 1.736268084134906 0
-24.44746402391594 1.977824141124885 0
-8.668802187045996 -9.098682486943192 0
-22.46108462982124 -8.528336784365175 0
-4.792081305129543 7.056190780527585 0
-17.22336514781205 0.4351199448978396 0
-17.41178562241216 0.2224235646570699 0
-10.01197521266606 -2.356998923612237 0
103.5079959192414 -6.648068665386679 0
102.9458684689087 -6.105783732555898 0
24.37534154340415 -2.73278338703166 0
-18.56797934299216 8.34558190802734 0
33.82407742579367 -1.341108266128391 0
-24.28330598380223 -1.981380295613116 0
22.32325434322731 7.609323364495526 0
22.4925480410462 8.344099579112578 0
-8.473082213098484 10.77847267931914 0
-4.54543632581 -10.7248693796649 0
98.61444532058511 8.165442125099881 0
8.231227796100413 -0.1094365837907505 0
10.31447081252171 -4.249654184239501 0
36.84786143024385 8.119328062958726 0
36.08504132575239 7.888859929225782 0
35.89412022910409 7.131476803609163 0
-9.486577296085194 -2.458109398208256 0
28.94564866303779 -1.325893525561613 0
101.7969442234229 -4.986667308052554 0
101.2033809434037 -4.46850643485531 0
-17.24580373240286 2.564535958857825 0
-11.55019879231588 10.01869383232016 0
-21.52418535020728 0.04316520182491496 0
-15.91157569574895 6.238793120479136 0
-16.25715447468423 6.312660149978991 0
4.826498022502901 -10.11297182134316 0
-4.020802863690887 7.158465539684325 0
-5.812162159482549 -6.248349522431255 0
7.150876792453386 -3.986965313123269 0
7.252437789556557 -4.181925808773478 0
7.403650084862416 -3.989430623828344 0
-9.335103326840681 2.840617839277559 0
-23.48627243254477 -6.17732641238922 0
-24.09398386197954 4.426772445472081 0
7.421511268166165 5.336806203856212 0
7.720859212369074 5.533070884689864 0
-13.35453045742728 -10.95562256223704 0
-16.07175144259706 11.32824532002455 0
-23.22025990820885 6.833242313180467 0
-23.42793292731153 6.572543487856358 0
28.40929942951891 -8.596393098429854 0
11.86307608953401 -1.260131056469229 0
48.92423766293351 -8.552196433279809 0
98.9318937288169 -2.217590696873184 0
10.57663316003503 -6.775616927662366 0
-2.218199360463337 -7.90925037199954 0
-2.125448999616268 -8.147384560923404 0
-2.385001834487634 -8.108788373740213 0
-1.882463684489708 -8.167042473394131 0
-2.28239154020545 -8.370371605826483 0
-2.562299656804188 -8.335707064389739 0
-2.449819599745643 -8.610614166136228 0
-2.237756626439269 7.878137644433895 0
-2.174199355277441 8.114222459678947 0
-1.928242225910331 8.19511935283299 0
-2.145398880376623 8.386374165515369 0
-1.864055877039104 8.469515917962166 0
-1.635001130139956 8.24732377495091 0
-1.582376556110889 8.545008138229324 0
-22.7131576837855 -3.081529988395744 0
-22.78915484095105 -2.815005369748673 0
-22.52001175048237 -2.867353765542049 0
-22.59697745133726 -2.603263052658363 0
-22.34166949915919 -2.661689422199032 0
-22.40759563999455 -2.393631568523936 0
-22.16111150935356 -2.441128952610191 0
4.018685979640765 -7.159483581186536 0
-9.590878913717058 9.541962204297993 0
-13.44124749980775 -1.867165657969457 0
-9.521039521117482 8.538807743566297 0
-18.84514182842641 -3.223602435317114 0
97.86102723126649 -0.6326768175518162 0
97.07656073980775 -0.8182046689750438 0
88.16803009465855 -8.044490086764961 0
88.94409590410177 -7.853817721571356 0
89.13960311923346 -7.086075793209447 0
89.71156688216423 -7.640057628042171 0
89.90564237376468 -6.868465298306732 0
90.47767200362946 -7.422598946265849 0
90.67151744440804 -6.650388536168496 0
91.2435236704509 -7.204444911186165 0
90.09953740694469 -6.096407827794963 0
91.43732277301334 -6.432122674579943 0
92.00931974706967 -6.98614438454847 0
91.81552963147533 -7.758508614511393 0
92.58132118788483 -7.540167023072779 0
92.77510727872274 -6.767816387412185 0
93.34710622478511 -7.321829921322852 0
90.28977754925333 -8.15898237410727 0
93.14432154505698 -8.062653570193694 0
93.9176144588308 -7.870591064940264 0
94.11266230247759 -7.102612366176235 0
94.68463854406977 -7.656488667033909 0
94.87865178031726 -6.884792532937431 0
95.45071561864185 -7.438941161968445 0
95.64455315879405 -6.666709005519815 0
96.21670177895348 -7.220945975591665 0
96.01770654788858 -7.976089060742893 0
95.07251863794011 -6.112648807250899 0
-14.22723500175612 2.456502713318534 0
-12.43436047299154 6.07721403682114 0
-16.69190474915019 2.430046614553834 0
94.38309362808036 8.427542497650922 0
-15.79427743304242 -6.799896945718671 0
0.1119669607129689 8.176291699946079 0
0.1242659507496938 -8.189134739373099 0
-4.868004678713117e-14 -8.404085422217333 0
-0.2642048883713376 -8.41838876738105 0
-8.213821821644864 1.471417854090674 0
11.30882096049627 -3.442675761219673 0
93.7556551145297 -8.629570440970262 0
19.56334813547587 -8.675141187411393 0
95.08207414295406 -3.241391721931165 0
108.2267108453301 -7.68582105157331 0
108.0371713767225 -8.461163093510732 0
-22.8771884043145 -6.285418966967327 0
-23.09737962206541 -6.51849599523905 0
-6.984781863040529 6.937863292347082 0
-7.187397657955905 6.71988666619831 0
-20.01240058604177 5.00219392619492 0
-20.22387170003647 4.762536324940235 0
-19.80249947895466 5.239189542966724 0
-10.90641143486766 -7.974547956234951 0
-11.03629340808397 -7.624003622335824 0
93.9015726244062 -2.46069095533929 0
81.59762491898876 8.298346486632125 0
80.89231469217641 8.054727276065664 0
-21.90767854247121 -10.6093525356427 0
-12.84706852903001 -0.3698470646489895 0
-24.47223841773073 -2.175165181402288 0
-10.01727892098993 4.18760120699354 0
-9.820289052249679 4.409020789924404 0
-10.22022552859066 3.964000816552784 0
15.28374059058529 -8.846798176401355 0
14.84040382374167 -8.397244152551549 0
14.60999583620571 -9.080439176336284 0
-16.98350887473231 -6.47625039663944 0
-17.3181268259103 -6.423076354632724 0
-22.47836825612534 -1.642340825597729 0
-22.39420498793853 -1.894612182178345 0
-23.35210010443469 -4.046408641209486 0
-17.97466283439075 -0.4510191062491394 0
-17.79334320390693 -0.2089216881077345 0
-17.00422693917439 -3.452707253257313 0
-9.035797306315153 8.084295034103503 0
44.82125117527423 -8.17136087783337 0
-9.913461434107427 4.719524030684305 0
-23.11086175018599 -3.513060120777153 0
13.20223921398803 9.000990874961113 0
-2.383076141281831 10.38936645812562 0
9.582514433682753 -0.6144724876550484 0
-16.87542851473717 -9.386724071239069 0
-8.508695748810766 -5.465989354334373 0
77.49946208001111 -8.264777977444384 0
-16.37932237800025 -6.627469318926608 0
93.14058072931076 -2.567960476347653 0
-9.85849942861274 8.630761595920458 0
11.88890932862217 -2.838555194878576 0
47.56532475337503 -8.147414066636051 0
-8.480756634049051 -2.68687370118702 0
-8.232637175903653 -2.74118835312124 0
-10.4105931931843 7.445847816259143 0
-2.666042377601824 -8.068444541967644 0
-2.847284189832586 -8.293628729299087 0
-2.963672752341032 -8.028059769466749 0
8.60363829485846 5.595692743417793 0
-18.08456363230008 1.97401076778914 0
-17.98601659674002 1.70274199054722 0
-5.761815832746071 10.64250662046776 0
-6.199127886959883 10.77636577133964 0
11.0742949752214 2.71060181869725 0
11.39859287232275 2.494605392812186 0
23.20632513596822 -2.94228847033794 0
-6.228396631200518 7.000542961142874 0
-6.037898792662074 7.190945835017909 0
-19.91620059107121 0.7375339216638248 0
-19.66213202773475 0.7012455207801583 0
-7.820934458093288 3.183394288189392 0
-7.651762399821985 3.362439729576055 0
4.257383009437504 -7.263282935260873 0
4.460053367205965 -7.101003525131733 0
-3.364408150042764 7.790389452162135 0
-5.451790788327931 9.380681321790163 0
-7.601791065116714 4.693684245970104 0
-7.350367608022535 4.643450171003721 0
12.43659478275384 -5.214943317445157 0
12.97562778012395 -5.070335157030851 0
0.858044977750983 9.613453182566454 0
0.8749789246088389 10.03533954717827 0
-20.29356025304207 1.051910735906397 0
6.629714763435602 -6.809404240943336 0
6.939567561548719 -6.771468667158422 0
-17.4404627376078 -9.561377177319224 0
41.81590399996401 8.116936597636942 0
41.04341403947019 7.923382188059431 0
40.85351634969516 7.155190224297812 0
40.28236633055541 7.696244097120611 0
42.56981093868728 8.356687501740671 0
-22.05113164221569 2.218171123726735 0
-22.12967872517427 2.499903737119562 0
-10.53842033339878 -2.250284777866952 0
-18.0404336475679 4.606363769582844 0
-18.24224123725398 4.367296507135596 0
-24.11480412992612 -3.503687223688543 0
-24.03483463741301 -3.787410100804815 0
-7.24166505266673 -5.478023411597211 0
-7.394025037390342 -5.65888148704184 0
-7.653453475483986 -5.627518277039049 0
-9.138937145992465 -1.182751638260099 0
108.2120774814822 -1.941643468550254 0
-21.92912413191298 3.477598266405552 0
-23.01418548256916 -7.585973467521961 0
-23.11707805140951 -7.288533274787766 0
-22.90020525516195 -7.052814829535677 0
-23.2360020472861 -6.963432455223967 0
2.273979671335213 -9.93549544969704 0
2.744595029764403 -9.985108620248125 0
2.827833614624588 -8.005602830023859 0
-12.21555516780547 10.91666130335522 0
-11.79508567777612 10.83635314495265 0
-12.70778278564924 11.00496271923078 0
6.640625597803899 -5.270520963469242 0
6.811348346503878 -5.457204311851695 0
6.539482120668431 -5.500896081366206 0
17.1653940578695 3.038033310033 0
17.72865205060508 -6.418603185405309 0
18.26800529026043 -6.916217012596637 0
82.26681566929543 -3.310194120696 0
81.58477953168077 -2.724636035733858 0
19.04461924509165 7.255474466216266 0
99.49822034840003 -2.780858535128292 0
-4.569078239241204 -7.966697210276731 0
5.678267053336614 -6.360849726220827 0
-18.37260728340718 8.617915767951622 0
-15.72108560629653 -9.81678737504491 0
-14.22219192389183 -3.949910223783929 0
-8.653674391412498 -1.279617701280824 0
-8.406344707753096 -1.330801328101805 0
11.13759190274215 -8.048825978700854 0
11.51473777217628 -8.485367355537557 0
101.5274028533874 -8.589595350347912 0
8.464431624039923 2.024870441308196 0
-8.245607501424116 -9.163471235993658 0
-5.774995727988068 7.112262964638151 0
34.75508931034574 8.207221991906211 0
8.06044149608784 2.799149283839318 0
8.086008892189716 3.079248869805525 0
-15.46935086452326 0.5519840526817427 0
-1.308787511104588 -8.422493530535947 0
-4.250523437096533 7.2780996342808 0
-9.511382275695899 2.646421444917487 0
-9.421731581833715 2.400354622262531 0
-18.10067011445058 -0.8944896721644358 0
-8.032089438764936 10.66470092148035 0
-1.470679150331702 -8.634089893932682 0
1.875600847954213 8.342521971509692 0
2.146852663081813 8.459927897113865 0
-14.31003222129297 -8.085763856963734 0
96.19078077990432 -1.786068793121713 0
79.32017353704062 -0.9331793793905256 0
8.579164721528961 -5.417841153194395 0
8.852830425163091 -5.677662901523797 0
8.93761120034711 -5.278229344632125 0
-4.132447597810708 9.904029287982164 0
-4.270422486818887 10.33258327734146 0
-22.62552001796385 -3.354735369122762 0
-8.240252217522775 -1.683346846729203 0
2.312206810989059 -8.267832740013944 0
2.123585394652224 -8.500148301924551 0
-0.1046663590020769 -8.645355126060739 0
-0.4077161940227804 -8.669433863361084 0
-9.293447435147444 -4.781836670704116 0
10.18262465768072 -4.664508293714099 0
9.790488218795034 -4.743795808613642 0
-16.01617326315271 0.6903716706906594 0
-6.221648065015966 7.652538851474848 0
97.39540614114102 -8.274287926793226 0
106.0046188760199 8.775041199193714 0
7.829596277795316 2.936616272090507 0
7.870643304739162 3.239254381784599 0
8.116101445130454 3.345554900333175 0
-22.20059121440321 -8.289110321731249 0
9.399796026809094 -1.148652702454345 0
0.262114271113243 -8.38736098313394 0
-11.03604545106007 -9.00435573828212 0
-23.78098125902084 -5.29415550190702 0
75.15674255241377 -3.197531374010246 0
74.62187426605884 -2.541428021223328 0
6.612758108352487 5.382399782140587 0
6.788615523728653 5.196588152659848 0
-1.652698606137482 -10.37121001104083 0
1.58348406884341 10.03920043962623 0
69.42089168617184 8.236133779558122 0
8.205551698060621 2.367058290968982 0
73.1596711174632 -2.823329227911679 0
16.49378055150947 -2.136432313839351 0
-13.73365530287335 11.26683225664495 0
-14.13615520468039 11.34786663876791 0
20.3345570061494 4.171041256172036 0
20.86080461822935 3.680578817898366 0
8.304844588095017 -1.156618469014053 0
5.540290333503197 -6.586415001766023 0
8.337284882421693 -3.347672676744653 0
8.059217909733775 -3.418538941828942 0
7.875499133066872 -3.228095483174288 0
7.796576310153516 -3.477213700530036 0
7.973086713860589 -3.68582239208214 0
7.638184331355875 -3.285848412104257 0
7.724535403421672 -3.72748357883706 0
8.626688770444774 -3.293190812165062 0
-21.34390101657071 0.2383355442506873 0
-21.63849699337138 -8.060198950564681 0
-21.40565024578039 -7.798513326621658 0
6.434929531194134 10.0725956295243 0
5.002321369806108 7.385795439238989 0
-20.73481749946752 -1.854341360128624 0
-20.8188237031035 -1.579512163453399 0
-20.63754800199014 -2.125846328274236 0
-18.01920751267227 -1.156271482148501 0
-4.739229101696448 9.620133413349844 0
41.16675071755286 -8.573155958036443 0
9.558818188451326 -1.633742807727558 0
7.465690434965948 -9.696186970233287 0
7.680558719749007 -9.181892052708989 0
8.0071218880662 -9.654908961184722 0
8.225343573798126 -9.135313993992632 0
8.536505505177042 -9.58782060479124 0
8.761514029447568 -9.088268475934962 0
8.423446125563034 -8.658809567360628 0
-11.09389686403021 -2.10220704579528 0
-24.43079614199451 -1.4612204651656 0
8.090657181934137 -4.999003030007098 0
-2.528546598117507 -10.61655724264726 0
-17.82518957911027 4.854528680487095 0
-6.362726448239912 -5.441424636068033 0
-10.11763701617446 -1.09839342061116 0
-10.34508147969236 -1.065917068962625 0
-2.413593997839857 8.01692450050183 0
68.86117627193825 -8.566740238601909 0
4.01588983720446 10.30219559898614 0
-7.312718098690767 9.3463938495292 0
-16.50197312773287 -4.435167080653834 0
-16.82479677481801 -4.363250412540665 0
-22.45919829125228 -0.9289976290800851 0
-7.006921370220205 -4.789609377837221 0
-7.066194181597298 -4.57479588328854 0
-19.52391027996986 -11.50216678463073 0
-19.26537251679206 -11.20581251534214 0
-19.13043783765863 -11.58309795329867 0
-18.86306705747857 -11.28035916783243 0
8.876598953653838 5.035174697083792 0
-22.06762909511744 2.974545097053453 0
-10.00633515690425 5.267683542105011 0
12.44990905374047 4.857998678969303 0
16.59374357786615 2.263673326500097 0
16.43436076703622 1.682116259524802 0
93.70558331267836 8.901224685006577 0
-13.63657726491583 -2.085031176493156 0
-13.5417564704324 -2.368995170159802 0
-8.87260974322745 5.384271720976305 0
-13.05963577731207 -10.63306425948575 0
-12.90602248314558 -11.04682138339988 0
-13.22394149071624 -10.27129215646568 0
-21.26484800809342 0.01182580951558503 0
12.90446701094756 -9.401200651212958 0
-9.621719028206856 4.596590905081038 0
-14.43657015518702 2.234253598331626 0
91.84818653552301 -2.097641137996163 0
91.20304108988783 -1.500792393214763 0
-22.23952213124452 -2.17293762399077 0
65.24506808094613 -3.144121666270453 0
64.71603733127408 -2.533239399612071 0
89.44426466579257 8.38584661894834 0
90.20882498426187 8.620836905270254 0
-9.792499043335571 -0.6842185942747711 0
22.99647438135255 -8.642494380609408 0
0.2048287352449383 8.590641424238619 0
80.94742106013153 -8.711635820333088 0
59.67622264166116 -8.295957907383334 0
63.1838678853402 -2.944095941751049 0
-18.47702879748338 -4.940077035918941 0
-9.468423315228161 10.25870344024294 0
-9.598867249018792 10.66832880460865 0
6.689464591308267 -10.131064003427 0
109.0101042950373 -4.586423198249276 0
9.852084717509367 7.277135764620154 0
10.22237126795822 6.906226158943902 0
9.447303761402171 7.619793321348258 0
-0.686247582423205 -10.44620577352757 0
-9.098711022062197 -4.572212865968631 0
9.090575874881631 -9.523507105232628 0
-20.66081889315415 -2.896922874735288 0
-20.5430209071058 -3.193270739782209 0
86.74138097457919 -2.34519259268079 0
87.40465152376932 -2.99902092553273 0
89.86935786398999 -1.47423814572506 0
-3.873855838280194 -10.45337522416805 0
-13.56510870757112 -8.236583539599096 0
-20.06477215384365 -0.6853556252936966 0
-21.60242981999672 -5.20474404037876 0
-19.84814899596903 -5.263262758178952 0
-20.17043831054554 -5.215621985233433 0
-20.26111129142608 -4.892328024245631 0
-20.48474293472229 -5.141119817359431 0
-4.060512948003741 -8.005663715321989 0
-3.739007424659843 -7.982767586680779 0
-3.59174591617667 -7.763031281083314 0
-3.454124694090333 -8.006932985163411 0
61.85815398217478 -2.575877795748704 0
4.514505346192545 -7.792176552874885 0
-2.154406823624868 -8.62004155336532 0
-7.452679838882214 4.901636173070239 0
-7.178530414099616 4.832062162872838 0
-7.245469552140473 5.076030750776694 0
-7.006959070227926 5.013354952834923 0
-7.11414531982027 4.598507504466978 0
-7.078702923180803 5.260263070813997 0
-7.964674165762624 1.996679930282045 0
-8.091932699105591 2.21414654918242 0
-8.194284641378058 2.006822619469095 0
-8.007620064130286 2.434610841161942 0
-8.251173313525099 2.382932733717217 0
-9.545653387654628 -1.298409815170554 0
-1.375892179241038 8.366512892931965 0
-1.286610643896998 8.643929250004483 0
-1.095006517761206 8.448857403540321 0
-0.9676785694795473 8.742985230930557 0
-0.822129351707914 8.508736968274171 0
5.132403635590038 -6.72085173523822 0
37.62630948864231 8.384867295541786 0
-3.969711845589983 -7.158264603700099 0
-14.12342993584691 3.2211636921681 0
81.28640563217722 -1.904550660075759 0
1.991196917863623 -8.210872698669155 0
1.813464688242573 -8.456883325698479 0
-15.45405461253608 -9.49485062915676 0
-24.56805394432493 0.4226963263968209 0
26.08693607984133 -1.570352972319742 0
25.5611304535176 -1.005820580606707 0
-8.431168590755661 5.799531162205022 0
-7.783365857697635 6.850870303961639 0
-7.687596053619917 6.563590522732625 0
27.31173784627565 -2.51315001841066 0
10.65563880152903 3.761306685167599 0
-20.52920171322496 -0.850077180432494 0
15.82811729878242 -2.248993727765114 0
40.41784616944409 -8.77023549610657 0
7.895915131295721 3.505211458218271 0
-9.285956231046647 4.916164080184592 0
58.84967756627808 -3.387458939418982 0
-24.16963945472162 3.411485164754958 0
84.90980548937523 -1.487566388379204 0
58.03537214362778 -0.8028196475480495 0
-8.688270404567495 -4.927838288243591 0
1.604869142364298 8.182257697922779 0
-7.160946430691005 -4.02917730529881 0
-7.363239958393748 -3.932589589522346 0
-7.493419915357451 -3.717077564814213 0
-20.55489105784662 -11.70087141776463 0
10.23725204971666 9.45275966294394 0
9.760165446821755 9.805482726127002 0
10.84374529431576 9.581081656796973 0
57.27441538925442 -1.020209860429223 0
-11.63350333159598 -1.987633660038149 0
22.46198997750742 -3.104184790085991 0
-16.5736853413471 0.8081478503692197 0
-16.85209705519975 0.8659931140590343 0
-4.276151678227282 8.172608232243773 0
72.38604979993005 -3.024679445261556 0
-18.28387757079046 1.750332448295688 0
-10.88520442304686 7.710103519815491 0
88.71586002186407 -8.645952000860206 0
-19.53201367929885 -5.340608022367629 0
-24.22541374207442 1.478808684848615 0
-9.963336347798201 -0.2094740655986078 0
36.12109682999201 -8.613050427961971 0
83.17919325221551 -2.766316384137148 0
-7.856586766873694 7.165631550770757 0
-11.44510189644174 -0.8612296438011395 0
-5.903722023384245 5.713449400431622 0
-5.921549987225971 5.978456011172162 0
-5.856448239769901 -5.700230712711323 0
-24.0095643656807 -5.535661591459959 0
-24.69976029185002 0.2160514388333425 0
-24.04715643595512 -4.408625733970589 0
-23.95227523634236 -4.698650638622182 0
71.32048474376165 -2.119410937200839 0
-11.96692332082959 -11.20672711898461 0
-11.50600357994725 -11.26377573425766 0
-23.31029578771593 6.222689096890715 0
-22.28472896332466 -5.574865212513092 0
84.58526505161197 -8.524416013643991 0
7.949707649099167 -1.997491429653407 0
8.178109074148908 -1.902824940708035 0
8.216592095173549 -1.659570598019846 0
8.184594532158684 -2.155573987623327 0
8.37886792180324 -1.794177772243114 0
39.1289205062612 -8.557933515825745 0
-13.0400237864889 6.848140770400495 0
-13.15220795887272 7.229718667939045 0
79.931495772687 -1.564227865302641 0
0.4955359252823526 8.400855573697633 0
-11.9446981670827 -0.7631537957407258 0
-4.75369172652877 8.102700474855073 0
-24.46212436042676 -0.5368362066170466 0
-17.56172643146333 -2.584828658056753 0
7.957766323802364 2.005549351812326 0
-3.349101085408805 -7.775652479815885 0
-24.37568188845727 2.47499534169129 0
41.23583651410322 8.714768105836997 0
-10.41557222377187 -7.398774723372436 0
-8.172322783469053 -10.19653422388017 0
-7.969233848282453 -10.65642194043596 0
-7.496581501908815 -10.70373032820612 0
-9.322783640075901 11.025089793988 0
11.57418114122947 -6.367006892245888 0
8.876054384043824 -9.980425068078761 0
78.44107875218907 -1.655228485995514 0
77.62460291710499 -1.80309595854242 0
0.6071495259313667 -8.838616472912161 0
0.7974512498359962 -8.532564674653964 0
1.152265900726895 -8.545924883760827 0
0.9739985300327891 -8.305562331088646 0
3.934851641635683 7.463890956332486 0
3.723681894542061 7.673254231283598 0
3.745715289901391 7.964127212763195 0
3.459946940529913 7.81761483428206 0
3.486879589486302 8.132048164301471 0
3.217920667469391 8.012627091285076 0
17.99360926798794 7.066063320127028 0
102.2376450788353 8.552376200945787 0
-19.93476951741816 9.596555477995308 0
-1.570818633005628 -8.395659973394414 0
-7.308620012760355 -4.490657481227545 0
108.5134815270715 7.458711418282061 0
108.1452658088814 6.654471666505672 0
7.035198342189884 4.192300042189854 0
7.29956687863675 4.219170859351578 0
7.407513452886929 3.936790756901376 0
7.113924366448543 4.432984665366681 0
7.570211098862933 4.126021994434973 0
7.658900883846156 3.876367914668787 0
7.476165492036531 3.709163138273429 0
7.496350185847769 4.352687740652191 0
-8.480895869770592 3.77453086702265 0
-0.4251036167811484 8.927718185441405 0
-0.3832186661591692 8.593391410051291 0
50.96035020117359 -0.7073702960128216 0
-24.56303711494023 -0.2969911350183015 0
8.201121015321107 -0.9538461033144569 0
11.11464608553901 -6.10546383381709 0
-16.88713330370528 10.39602171769902 0
-16.80067026534475 10.02769472207028 0
-16.3514210729823 9.930489948628516 0
76.72202154248923 -2.739925099800534 0
50.19401145190957 -0.919350218852543 0
31.78625865960947 -1.234348683769013 0
1.398431760779932 -8.823126378727855 0
32.13285454495547 -2.550646408108065 0
5.873654435346173 -5.702190024214269 0
6.136668917619188 -5.766115295545139 0
6.299620726355286 -5.959356406278466 0
-4.512453533158357 -8.308195657075228 0
18.8237631682248 8.000265297362672 0
18.94561522622609 8.720381442153537 0
-20.52392548783921 4.83997445948629 0
17.22334891054629 3.674583410019097 0
108.392875457493 1.627325170468358 0
-11.99248208462785 11.23968570798596 0
-11.58330524317043 11.17836359323426 0
18.35015056484837 -1.594687241943259 0
4.880135347392343 -7.270990131755164 0
-5.522844964802242 6.319626997241168 0
-5.374469485407681 6.552657847879028 0
-5.442805554837052 6.790018581132767 0
-5.190876689976222 6.725630644564649 0
30.40280834557699 -0.9497583685980068 0
-3.136050158368776 -8.253547803596026 0
-11.62974053524344 7.927191110234349 0
2.292381065788546 8.80282160413868 0
8.166823120987047 -0.378044340903772 0
25.67028765948154 -8.647202570897543 0
-7.880219308839027 4.758686378447865 0
4.194226343165589 7.054662686626096 0
-9.238405792922586 -10.97583214232121 0
-9.702834644218949 -10.7902687500249 0
-9.550471876778822 4.31744516406358 0
45.98964391680295 -0.7106072918200719 0
46.99653935233636 -2.533156689268115 0
-6.461577849018371 5.334733087837712 0
-6.661923409550869 5.202699064652101 0
-13.24240264843193 -1.654806785542049 0
-3.797079528287809 -8.425365883860982 0
-20.3589063861961 11.74259183981791 0
-20.62882021260141 11.40469888453623 0
8.723981748958236 -1.998209570016976 0
37.27104307251876 -1.78189603877419 0
37.8412502939987 -2.321507523694489 0
36.69007657188861 -1.244024009824097 0
-24.39484089636106 -0.1162050352024427 0
12.2541071347604 6.331280011217137 0
11.73232621036654 6.148035750306989 0
11.58510527991056 5.621247675658005 0
11.21629807022929 5.974023687438083 0
11.32324476153525 6.495665354707859 0
10.8253719271809 6.313292939921648 0
10.30953622213056 6.121736239570891 0
42.00195448999394 -2.5574656444151 0
10.68371385287008 -9.620002924104929 0
45.22325769163592 -0.9202050223227517 0
-24.35416278024113 3.192537719064766 0
-24.2929090240792 3.699189442167987 0
-16.70208742201509 -4.722974544433718 0
17.9028396271333 1.484835992681863 0
17.32177623170216 1.248032959405422 0
70.66880686278652 -1.50026068022774 0
-20.81228017209131 -6.703982678840395 0
-21.02551629598792 -6.95674961069274 0
-11.24635170855323 -7.945352643538822 0
-11.38121334687605 -7.604924447901646 0
9.481841016002395 1.477512769663949 0
-12.5783363917954 6.414842276502363 0
41.64322725643831 -1.227889645252805 0
3.539828546441814 -7.632343176555181 0
3.250752087026646 -7.663601279909826 0
26.31978635759827 -9.112630823869255 0
77.30240750642002 8.572490749576332 0
76.56968259858044 8.228727385677251 0
71.80179826954318 -8.494810621911114 0
9.032633848074601 2.306734098035855 0
29.30492183732972 3.031118760775296 0
-12.81355654625368 -8.388222245894656 0
5.246940493048076 7.917220656809566 0
-12.1702833778545 -1.882268541379125 0
-0.694425489067428 -8.523470649560725 0
5.437205989928559 6.69711451232829 0
5.672660361738632 6.501687245108118 0
5.957956543843064 6.602159284459603 0
5.897233346638002 6.306117398311766 0
6.192593754173986 6.397916123271465 0
6.09712235244009 6.107449662006938 0
5.831917383302481 6.011817799608989 0
6.042541054094075 5.850691531732164 0
6.353356327537793 6.149557857534725 0
-15.58432318613442 -11.28889785912218 0
2.231362303507821 7.882280980075872 0
2.435902562704342 8.046912660218585 0
2.690653281128236 7.933069817320884 0
2.671989184092152 8.23990310556032 0
17.86454704370927 3.898309566807188 0
-10.07122696613103 8.327417261730595 0
108.5639213767898 8.248175962152695 0
107.9558937158242 8.77554189180958 0
-14.43763327117366 -5.054395156059213 0
-14.76245808843877 -4.95703484601426 0
-14.86116671894629 -4.668926682082184 0
-14.11646933227719 -5.094242660273211 0
-15.08421075971064 -4.93328242492364 0
65.35434329919671 8.660181235549242 0
64.5688996160119 8.347195039088923 0
64.36808944283314 7.560688100876451 0
63.79020037627571 8.109551742551227 0
63.60148779514348 7.336341950198964 0
63.01827580330175 7.878755304025714 0
62.83544423238477 7.111861273850331 0
62.26800838286628 7.634314666246715 0
62.07325343818034 6.885048800838209 0
61.51414776425285 7.416919967048066 0
62.46511581390545 8.374018111565476 0
8.687706534062636 2.193322170912228 0
-18.15524549239794 2.228516806436696 0
-17.97383289969411 2.440344021572877 0
-11.07027052144337 -8.564737729764206 0
-20.85684152395867 -9.509054964623783 0
-20.48790533122768 -9.579701517170024 0
-6.275033240373974 -5.68031987533648 0
15.69830860609737 -2.971871859215448 0
-3.782432128094368 7.260549066135476 0
-3.724779593620312 7.509749932238752 0
6.397760752776702 5.545850894705178 0
-10.71175834383993 10.98473266066947 0
-10.29822534379836 10.87027856063454 0
-10.37657169191491 11.36220239723319 0
-22.37924719698853 6.110404323489014 0
-22.17752853849079 6.338172564377658 0
8.357403193428098 -0.5231572624884604 0
11.02774967917239 5.45597269543488 0
1.487512241727925 -8.45347149204084 0
-24.13805959850238 -0.148339718667015 0
-23.3566351034884 -7.527133252204671 0
-4.263809779435149 -9.656273574114717 0
-20.58430275291584 4.024633173344836 0
-20.77344618402202 3.776410713073701 0
33.36142617286128 -8.643208751201415 0
32.61070612379093 -8.791076468879213 0
34.11170229192749 -8.430941338167566 0
34.74554742069546 -8.87509674806712 0
40.24865529270137 -0.9410381823486885 0
9.200987819717392 -5.603585353402494 0
9.383482028964359 -5.253897600632443 0
5.141304082722669 6.606892240102646 0
35.30809819493254 -0.9421256071746604 0
10.7162431424954 7.06958775135646 0
1.538554525614853 -10.66836438695101 0
-17.37807150574227 -3.133948969112923 0
-8.572674035429824 4.034542467709305 0
-8.684152454663076 3.584983873648681 0
-12.32662981958096 6.710750858750199 0
66.77654682317504 -2.707430021068101 0
67.57648143622329 -2.45081381976183 0
9.47043221301872 -2.504777732962826 0
-0.9502189852718725 8.263922679307305 0
9.11240453396015 0.9417863379549699 0
-3.158663068244894 7.957340271436511 0
0.3644716053588365 -10.79974127968947 0
0.05111430113144123 -10.39124676268633 0
0.5441619839196195 -10.2739083223268 0
1.120442661688148 -10.24215810378477 0
5.716325528043487 -7.500723771120837 0
30.82848258038114 3.439511994270267 0
-6.784296991261677 7.14453157699445 0
-20.06370451681113 9.962053737833783 0
-20.18715986237689 9.309638710333237 0
-20.44107219180608 4.540187373595735 0
2.163863376792567 -8.8506424935312 0
1.339578236447582 8.341289045832626 0
1.082661495068403 8.214649806223779 0
-17.20627740762989 11.16663339787048 0
-17.31462816987348 11.55163106827963 0
64.68942111866197 9.126375602070251 0
-23.08423538957566 7.988684680810114 0
-23.15563758124599 8.330385211546838 0
8.750770617081697 -6.01674023257202 0
-1.797914022097408 8.755486151531963 0
7.103501001009974 5.19795085234538 0
53.21372922295363 -8.726207981053021 0
52.43309499373547 -8.922323680480741 0
8.370968372762789 3.642159924122153 0
-23.56696795578386 3.828580570849098 0
55.96555709597101 -8.711429400328541 0
36.758991690289 -9.104402248424423 0
1.288641619738272 8.967542113597885 0
56.140721220659 8.748098329136095 0
56.89120307068941 8.93690216871177 0
-11.12261809420246 -7.258367857835571 0
-5.934938939020019 8.202125334057333 0
-5.708469721568624 -6.510079993723695 0
-19.82378516178855 0.4744451304098637 0
99.46914742420208 -8.464900733731232 0
-2.456702069270517 -7.825462066590602 0
-19.5741069834184 11.65609946107896 0
27.60800039564488 1.857399001698342 0
3.178045233545428 -8.607006413372389 0
7.686841232564751 -6.876050394822827 0
18.6807911721314 -2.672255681567139 0
8.0905829050363 -2.409041545817035 0
13.05791513519338 -1.312399789413591 0
12.59271924397408 -1.402124217596395 0
5.848490990900795 -7.181683452177931 0
-24.28326193605302 -4.638479699996228 0
-5.257944268160578 -8.134999356589212 0
-14.65133731778767 -1.094514046020482 0
-14.46891666640984 -0.8864645033054087 0
-5.472500236830574 -9.463251185408309 0
8.196133579906935 1.88650416099549 0
8.921118730677033 0.03863150535373936 0
8.670466365354558 0.2542245516260382 0
80.22384816043093 -8.915127978794027 0
79.57414966370447 -8.395603888574559 0
78.80770291767531 -8.651129136238575 0
78.97954434890374 -7.8672218121122 0
9.894644578535011 -0.5432684855927818 0
-8.53561401579729 6.109001840741589 0
-8.240669131479748 6.040775059850442 0
-6.093879628869772 5.842773270555585 0
8.019617672583882 2.533092068932306 0
-12.56332886452443 -0.4080052381101794 0
4.298169520475769 8.284153422957544 0
9.640991309815849 4.968197120778821 0
-1.383304485098361 -10.89936511066918 0
17.049628516977 -9.040245938309074 0
17.57962767184949 -9.660151603601863 0
7.076979038092743 -7.341363888678155 0
-17.4999733076694 0.5012948338427468 0
-12.38426962934761 -0.2086825762365065 0
-12.47710359253808 -0.6682491720207842 0
7.549568044896203 -5.58116523062939 0
4.690786689754578 -6.999595203521239 0
-9.101589146100983 5.159010903667174 0
108.7600434246026 -2.523193509483357 0
7.923478141501931 6.514744080698302 0
7.920337917763309 6.127064657909972 0
7.899048615467095 -3.957345834071802 0
8.166233061638126 -3.894070775001631 0
7.912985906050853 -2.944985258587156 0
-20.56883770221318 9.394311693395297 0
-20.38042801390211 9.034115356532334 0
97.27997691695271 8.659767937203767 0
96.50134320521596 8.334596049978794 0
96.55798111073173 9.13476495914864 0
-24.35447759064234 -1.702334903735574 0
-24.10255985421529 -1.788611594768677 0
61.08624605051847 -2.779786893949793 0
3.77330067154606 -7.255128979032714 0
62.41111928312307 -3.169444502506193 0
11.73039384524131 2.935819741560413 0
12.1552634288925 2.616711887605228 0
18.52389377688394 -7.733310542215521 0
-8.051655496913884 -3.898286957533717 0
-7.88945046541338 -3.704340609289176 0
-7.97358386499141 -3.44830834026634 0
-7.819097775822362 -3.244521105942478 0
-7.91090608227826 -3.018264892846556 0
-7.700643807408571 -3.054407348732907 0
-7.712580145772709 -3.520560379307371 0
-17.55097147030294 2.606823377395862 0
-10.06259038102802 0.02334787263193797 0
-11.45109050960978 5.001132542826142 0
-21.14043344478959 -6.624725553818239 0
15.24018228071662 -2.587341928211445 0
8.381557106605301 1.474579726769823 0
8.301826067187761 1.193990362666832 0
-8.952342791305579 3.636723300108521 0
-5.331211681236796 -6.825222239637191 0
-12.82637071440029 -10.29622635509673 0
6.598672670384271 6.845311835609428 0
6.655828670946227 7.206837877133232 0
6.272876551266103 6.720746425388318 0
-23.71799921800887 5.716375404008391 0
-23.8220445045997 6.009746837042982 0
-23.90731980625577 5.467186010390538 0
-10.32892710882921 -9.913172442075671 0
-3.952211053420552 10.63698378018461 0
-4.378787976863355 10.78237118052737 0
-7.644515568500166 9.068716635456189 0
-22.67240814378472 -6.02826706038893 0
-8.388512969632941 4.255559532782454 0
-23.84893413206915 -1.85527635938643 0
-21.78166866169135 -9.606408941999595 0
-22.15474600943552 -9.532739020508863 0
12.02476183056306 5.25749201897012 0
-5.066399890700906 7.135337040810206 0
37.09628516409366 -2.569446824412423 0
36.28841233413772 -2.812600228918338 0
37.64425302753502 -3.101877857911313 0
29.12696506603146 2.255510410855643 0
-7.004344811123574 7.604370857986993 0
-5.448600289289566 -6.56425824647695 0
-16.78794969605649 2.705234269149469 0
59.38498806005029 -3.982441752115917 0
9.154618721479519 1.40877282402159 0
-9.889735537629843 -7.858103240871326 0
-14.92309524136115 -0.2873931390031423 0
-14.72950127508229 -0.1046226477175678 0
-14.63933875746407 -0.3745960168699241 0
-16.16999937920106 -4.509752235725617 0
-15.84454690909755 -4.572105807634853 0
-15.68755903586462 -4.87028505526406 0
4.86570956327904 -6.735057039661315 0
5.257687365217752 -6.466468217327979 0
7.930228393584017 -8.71230935892647 0
8.187291712564871 -8.269483086020799 0
7.382537461597122 -8.734487692110054 0
3.580083813795215 -8.542501243773938 0
-7.107363052744601 5.706114949375675 0
-1.800264956711064 -8.618077513558724 0
11.94601051344878 1.601515108830503 0
4.594720936596675 -8.169996859800042 0
-19.7547722078953 -5.600364727213523 0
-19.20703435591319 -5.429116964904995 0
18.3982319172771 -8.528791146051084 0
11.98769365795144 -6.839350366975235 0
-3.573054079838963 -10.07952788881509 0
11.73232469022419 0.6272845402244717 0
-5.880944187414956 9.520669491697111 0
6.969879953664459 4.632408757167898 0
1.018875132407287 10.75974564517969 0
0.4519703957209675 10.74878939158417 0
0.0787056908488474 10.34179697825085 0
-0.383549658476106 10.3645241867698 0
-0.7009433197845579 10.8358898837461 0
-0.8714433315860191 10.3165004062443 0
-1.181520900245735 10.76428563658891 0
-1.407819904049559 10.30213504382207 0
-9.404956726052205 -11.44107937201023 0
11.79981963291314 -10.08436363978481 0
11.43803556327777 -9.537892738540362 0
12.0789831453429 -9.487529101966439 0
13.21370257973634 -10.03154313023689 0
-23.53331124917792 1.591667145016522 0
8.312415962819188 0.6665603762924258 0
8.260201937030793 0.4258802505809283 0
2.791232298962275 10.65483798907979 0
2.203011123500149 10.68855510862099 0
2.477893394075992 10.2495256743019 0
3.014366289285156 10.14679958529062 0
-9.1414533122531 3.434513753474104 0
-9.046143964860448 3.183707743168311 0
55.75659258986318 -1.49855886356847 0
-7.366757568768087 -6.217284349987545 0
8.210626234990713 5.859116776376485 0
31.28052028835246 -8.600078871567439 0
-14.38088557484991 -1.14765057221603 0
-14.83015171859883 -1.314521834052761 0
3.341671769685325 -10.56259271521738 0
2.757834381378651 -10.70804237699786 0
3.64458805153025 -10.0856815375393 0
-7.339328305833253 11.28502768289728 0
-7.115884477965487 10.84374452699832 0
-7.379006282687437 -11.21429672306295 0
-5.881191679874594 -6.724140264306318 0
-6.104590810278704 -6.976184366579128 0
-20.4226801932295 1.310526733078813 0
-20.22052498442066 1.531452407946949 0
-20.49550920347257 1.582121068421351 0
-20.31229980576158 1.79895768572556 0
-20.64835826709695 1.861006298085483 0
-20.42257501697817 2.087898529784943 0
-20.129591720792 2.021421816224136 0
-20.22865388737432 2.303541246553374 0
-19.94218986927421 2.241154966713451 0
-20.03555423189402 2.509553287263242 0
-19.75329463338597 2.459787843581379 0
-19.8487844178747 2.74010192547563 0
-19.56438590494267 2.683235124359751 0
-19.65759629375559 2.957608232545279 0
-19.37374985098417 2.906512582258907 0
-19.46611009060312 3.189858464858058 0
-19.18175354383845 3.133392744949651 0
-20.13961896449999 2.808150289346832 0
-19.27371570783362 3.413336183242782 0
-18.98823616742669 3.360790798024052 0
-19.06923290238234 3.6759016789786 0
-18.79707731512572 3.599604287934582 0
12.48579123679327 10.04909698625939 0
12.0594367443784 9.499046271212784 0
8.533035127719829 -1.344365534923115 0
30.06511119059353 3.238021332661136 0
-2.970275503885571 8.779649524177517 0
-18.26665415755918 -4.689723604883675 0
-18.36272892511802 -4.371795255471147 0
-18.14887825106236 -5.005290155569571 0
-18.67543971648961 -5.216653787665445 0
-18.55462566321243 -5.554729630849701 0
-20.71218395019436 2.171162186561444 0
-23.58674580856566 -5.057087991410948 0
2.935933414840658 8.437782524774356 0
2.47257312061002 -8.001792723841355 0
24.47235855881498 -9.318166594832126 0
14.46617929444699 2.247788619128894 0
13.92026470277921 2.119613105050592 0
14.05465816520108 2.68525883041388 0
-10.18878639826086 -10.3219407366213 0
23.48354949083139 3.930778047364355 0
-5.175306085544502 -6.580848841904881 0
24.41639581066127 9.239046108397886 0
-15.08032588848707 6.690451221463807 0
-15.19126378890703 7.030453915117147 0
-14.96552401205814 6.355972555558276 0
-23.6128858243296 1.121871847558688 0
-23.53030729373136 0.8799581295268212 0
-23.96014046477196 1.427255346363386 0
-24.37835489846951 1.254438276000299 0
9.506137118862707 8.124215490713157 0
9.031557788050037 7.914114370096287 0
8.556775235737677 8.186567610251524 0
-5.731977602918597 6.138691959155712 0
-21.87405207932158 -4.313596905596912 0
-21.67653702784793 -4.085329905167969 0
-8.369308257312191 11.36745161155933 0
-8.417044239215176 -11.36318754111992 0
13.87923027289046 9.873353798730466 0
54.76619543057556 -2.566694650704337 0
53.97599470056323 -2.71852028590274 0
53.18933708362234 -2.913808697410027 0
-8.306747674987406 -2.498203182369282 0
-8.809831077845759 -5.399290738308562 0
32.15900590777779 3.117872599907844 0
-22.76998837127399 -6.562477398532361 0
-16.7537506549764 -6.782455773034134 0
-2.47098752788788 10.92968502736034 0
12.81697111110694 -2.43159725933622 0
-9.168388019975414 5.439816002625633 0
14.45834022682913 -5.635364931428506 0
14.01940204609022 -5.206550852815353 0
-4.240341523951606 -11.11025403414834 0
-7.475012684761586 5.297552935148641 0
14.6294799241924 -9.8252064105979 0
2.670455265113785 -7.76335883813915 0
7.475585959793609 -6.53098095919362 0
-22.6931210371112 -8.774530710676359 0
-22.80095498080827 -8.441479187007207 0
-22.5761867106348 -9.143554014202499 0
-23.19022541179141 -8.493545861718552 0
-23.03429249572461 -8.170746976969557 0
-3.820256263009206 8.495159535870496 0
-7.972304337901559 -6.10566818194571 0
-8.28405497253598 -6.044743097603136 0
-8.094542882955162 -5.815496981468882 0
-7.920239781862038 7.495965955347326 0
-19.15403093430008 -3.174276073683151 0
55.00857944737832 -1.756759464605048 0
-6.43570196188166 -7.730806273596005 0
-6.524509314646111 -7.387823961318472 0
-6.408096369729238 -7.068470940448138 0
-21.66751753888692 1.196836536470382 0
-10.38594714072195 -6.211376852582418 0
-10.5039129359521 -5.883101053031265 0
-10.88103475385453 -5.813821773501776 0
-24.29860835604157 1.026874074879804 0
-24.45928963748643 0.8261589721059593 0
-9.361719664746536 -6.403235549714002 0
-9.704780427930766 -6.335638933832429 0
-9.788700000765129 -6.02714176203968 0
-9.451261434944842 -6.094387253920448 0
13.44186001760253 4.631886145323393 0
7.175499677393911 -4.429357434404643 0
16.1596746005619 -3.434344789904896 0
-12.42972149372982 -11.14566754120717 0
3.090689736171163 -7.869143852844108 0
15.32024136727385 9.865078931121184 0
15.63632093097228 9.241248186213937 0
16.42851013412879 9.128674633494747 0
15.92019354009109 8.724966750702549 0
14.88623477101489 9.18527667259754 0
19.85493678606755 4.498188627591393 0
19.23655074276336 4.324144347322515 0
18.7277217301919 3.822100664962411 0
-6.299969341942012 5.551779927621648 0
-10.34760014175395 -11.47837847130118 0
-10.08074680615376 -11.06297447885212 0
35.73787716428336 3.483126945315192 0
8.584637412735299 3.066709372943263 0
-5.781574970993401 11.13730566146345 0
11.36962230704509 -0.681117210786864 0
16.06637044812069 -9.826436310359734 0
-5.808681943269895 -11.08462714168238 0
-6.324893484211011 -11.21765069677631 0
5.897596735726808 10.45439853731754 0
7.75356138833717 10.3518391944603 0
7.428557921471011 9.837292018418523 0
-8.149139626178798 -2.971002196180943 0
-7.996690225888562 -2.800700589996217 0
22.76459292424051 3.723250635956791 0
22.6113916441344 2.974456561245668 0
22.05417278651111 3.489775266478582 0
8.324903823970768 0.915689249810495 0
75.79813411923895 -8.650762137414276 0
-21.06185826736547 5.51218539851302 0
-9.75760398114914 -8.215568086373741 0
-8.842773283768317 -3.741432746281535 0
5.391965770798187 6.423372076975654 0
-8.228355107252943 6.334692443975032 0
-19.75773034833762 -6.866688778163944 0
-19.41840081021032 -6.935035596965105 0
-19.32123886843979 -7.266660338983468 0
-19.14758185528549 -6.665663670925255 0
-18.95641841090335 -7.339269749034526 0
26.33094789455151 -0.7656888258395294 0
25.1037238351543 -0.3612199702389003 0
-7.499931492628596 -4.700211554310566 0
-15.89139421834458 -5.157171820265738 0
-12.7513739456855 11.52884843244724 0
-22.68843611972681 -2.340839130993436 0
7.642526142640635 3.143958758527969 0
-12.81003032905447 -11.53579624985206 0
-12.11422166920257 -5.87566437539531 0
-12.23092935214687 -5.548427737240377 0
-11.76951671380323 -5.936072990229168 0
-11.55459481851095 -5.683514295242483 0
11.5904419509397 1.963356571202534 0
-18.5200308303147 7.068821998147137 0
-18.39409409471724 6.738235059553162 0
-18.64967510409327 6.444969265728774 0
-19.79542382850952 9.234033211252665 0
35.36196727577495 -8.570107709991756 0
-8.0024812694283 3.00315921048443 0
-7.948897691450654 2.779373032667707 0
-12.79907155555866 -5.74675825639059 0
-12.92290105995954 -5.421413616136751 0
-9.992501544004456 6.168498598489656 0
-3.073935452741134 11.01853739431508 0
-6.444242577053356 6.080025629923107 0
-6.912397236941974 4.765544031985548 0
-18.16572089008138 4.048184326790652 0
-18.49639697458651 4.091425018176766 0
-18.35846260518547 3.787011517862334 0
-18.2467191654128 3.50129051876236 0
-21.96988327831417 3.768905216606929 0
-21.76386003201937 3.962476695757291 0
-21.81933853789342 4.265193575304571 0
17.92143567580246 -1.054827546222547 0
-15.49374176616682 -6.511619341478944 0
-15.13554565714093 -6.587564428543367 0
12.3090439052157 -2.556663778907795 0
14.57811936565619 0.69069453283625 0
14.02162998425964 0.5333633053480543 0
13.61763675196813 0.9557376469993576 0
13.49817286418717 0.407370069607641 0
-11.12495339692622 -3.282974276354162 0
16.73926082796459 9.776306298983737 0
17.47383366391481 9.755588386317699 0
17.7409782071447 9.035376736982304 0
-15.10574738331519 -0.5013479674402734 0
-10.50442097167711 4.008951650716161 0
-10.42007853009151 3.740121239961296 0
-10.61051985503774 3.508610465943618 0
-10.36847222693832 3.458742264496119 0
-7.578693960630806 3.779702599934647 0
3.543812081162871 10.09036775173812 0
58.07280994210848 -3.676512459461584 0
-11.7136746457511 -3.186280415972723 0
49.65798172796702 -0.3503863989002531 0
-2.899298456123035 7.863005134091407 0
-8.117878657449003 4.178150085230371 0
-6.167481993726436 7.927078726900707 0
-13.04435157565455 7.873049850569212 0
-13.29590456565299 7.591178226817418 0
-13.68276146130634 7.673724190690598 0
-13.56129874583968 7.32627498179126 0
-7.289929456167219 4.416142301783787 0
-15.10686224734173 11.76649301725245 0
-9.686334230991408 -3.574735105317568 0
-9.748352946901868 -3.321756042682115 0
-10.05364291367818 -3.245776024356694 0
-9.403526803245681 -3.633213272109252 0
-9.194735204701189 -3.437294742802483 0
-7.728445955800326 3.604146922456458 0
-15.05947414193463 -11.75489885497191 0
11.47534664005531 9.51790547427345 0
-8.772672056250965 1.174785099328381 0
-8.695102021396554 0.9457729351654991 0
-8.460017465512998 0.8985959699577415 0
-8.617314802938695 0.718190273350746 0
-8.853725557845406 0.7642488287367042 0
-8.774642239968573 0.5366367799002214 0
-8.543816930244589 0.4958326047184359 0
-8.696203680486551 0.3107566949358015 0
-8.477215418616487 0.2794645474542404 0
-8.618010457954908 0.08410442425662727 0
-8.370402026409122 0.05939235442609504 0
-8.536745425648181 -0.1316863074780264 0
-8.85943371938583 0.1158418090088891 0
-9.012670164310084 0.5820802892564204 0
-9.092206137442959 0.8122955651720464 0
-9.263183537245226 0.6166574376723458 0
-9.301449773837183 4.604993388721343 0
1.843733877664882 -10.26202434728801 0
-13.19155286955739 -2.904296127866326 0
-13.30119866811923 -2.606240716783856 0
26.73510856152268 -1.993056627990524 0
27.13197257747643 -3.289626924858538 0
-14.93847007202905 7.29854406502238 0
-8.222416210737972 -4.100944212988028 0
-11.67373752976856 4.753731286116143 0
-11.56929838038807 4.450412551179729 0
-11.78419621063303 4.212740288361185 0
-13.49941239151188 -5.625790293672075 0
-13.61861673046435 -5.296555287401679 0
-10.85225376261805 -9.417757755266463 0
-11.22554768654947 -9.329528864613916 0
-11.07915567001944 -6.079027986383971 0
-12.81206393262399 -7.375012765857061 0
-12.55746637084673 -7.088279543253012 0
-12.10215900574648 4.270630321616999 0
-11.9513775654533 3.946769270483646 0
-12.21596488416754 3.728867230531131 0
-11.9239682084182 3.665059182476163 0
-12.12291041014874 3.421296700730405 0
-12.43344075157484 3.500327781060845 0
-12.30188607807615 -4.37234833045691 0
-12.43034950529656 -4.06858885075103 0
-12.93947500612679 -4.233201105097456 0
28.89419799209251 1.514356205123255 0
28.26366103250321 -6.516672446471837 0
-19.00125585635586 -11.97754169496905 0
-10.54495204686598 -3.406363356009323 0
-10.66718377934054 -3.137284721352348 0
4.189656643491316 -10.064008535294 0
-12.32167512815448 -8.855298461870097 0
-11.66996068155406 -4.508300871255415 0
-11.76768881499235 -4.196299441164864 0
58.63396720537131 -1.337423213252269 0
-23.96472771971936 0.04872297300728354 0
-13.57283035242175 -4.10982937337421 0
-13.56006807731352 -7.230983302754939 0
-13.32406906447931 -6.93968316548836 0
-13.6992787047649 -6.861782987557732 0
-14.06341505173288 -6.792603430098537 0
-14.30528132648368 -7.08542734564914 0
-14.42441019599113 -6.725905076315132 0
-14.77780487380392 -6.653769414192826 0
-9.91693123733252 3.919363989920736 0
-20.75607733142286 -9.869525240785894 0
-13.97624779675969 5.525313368948382 0
-11.04117135960856 -4.641914618954025 0
-11.13858600240848 -4.33592955667184 0
-21.60765211242273 4.504701726167473 0
-14.19288272718321 -5.527672273019895 0
13.37765639972443 -5.44230070321526 0
13.54751748928926 -4.835563769181508 0
13.63850545566586 -4.262163413037935 0
13.10082318515128 -4.524761232800125 0
-10.44851781171543 5.673669529436272 0
-5.032469811138228 -7.942866993959384 0
-16.00162629445395 11.81841492132505 0
-20.6476401593543 -1.364765688272564 0
-20.92870772312222 -1.31519728185237 0
-21.10440441515268 -1.532120097001623 0
-12.44138894728719 -1.832420760173453 0
-16.013600242532 -11.82505453905277 0
-2.344041372976572 8.853710134225429 0
-2.617189501758841 8.646649696029231 0
-14.87341466755601 -5.372502460891244 0
-12.98327907047764 -1.717101974084347 0
9.273880585512792 -0.6775015372703862 0
-13.51112099121105 -8.632266910113124 0
-11.90351674106213 -1.928793159313598 0
-11.37080154021042 -2.036324044295543 0
-10.0756214504737 2.408447543578406 0
-9.993304890282959 2.155641221662778 0
-10.17410692922144 1.953441355983453 0
-9.911309317376002 1.894169319774776 0
-9.736412011743715 2.067724517198668 0
-10.09210977274331 1.697618677168756 0
-9.835568300277227 1.63125517185597 0
-10.44141594103906 2.005622989930057 0
-10.80444262346041 -2.136433055762383 0
-18.77355189946844 -5.820044790792877 0
-13.77249201515459 -11.67059144958468 0
-14.19254578976762 -11.69220958167397 0
-7.156558530228392 -6.011387805788335 0
-15.03628371667221 -6.944517009863282 0
-15.98726193262522 -10.10559869178497 0
-16.12675654204376 -9.736052539664723 0
-16.38631546599203 -10.02146279042456 0
-16.52507142167553 -9.624014679244459 0
19.7216206116329 -9.610864295084967 0
7.645460830527762 8.452595377967707 0
7.230640083149874 8.748029383800873 0
7.241749874356685 9.281640213084021 0
-9.886496520668313 0.2347888499862804 0
-10.13595503128639 0.2728986023865546 0
-10.2111102510241 0.535478114832357 0
-23.99724976762855 3.633766501579095 0
-23.71615801674807 3.577371102023382 0
18.97285898659082 9.52292427428781 0
33.64799568463745 3.590033029049676 0
-10.27534260971969 -2.309972993312951 0
51.51174078492865 -1.283503967581805 0
51.32583024799438 -2.099779904890812 0
51.87454409569847 -2.644187870075145 0
73.63624454255896 -3.482892034654388 0
-15.29014247264503 -0.714344352006642 0
-15.56608917823427 -0.6547449489205137 0
6.227070653314489 7.576955146037473 0
-12.59931236038743 -3.013741460202322 0
-12.30237120421871 -3.070772608551768 0
-12.0972509607794 -2.870260682207749 0
19.43184446196211 -6.85827843794349 0
19.59788114536694 -6.13648904323906 0
20.29142275234841 -5.949288240648503 0
18.90017784553953 -6.35084875295311 0
-18.9798218035711 -2.935068401495576 0
-6.434730895679081 -5.895123988838576 0
-16.0680523220641 10.24545887391775 0
-11.27269642292588 7.826865918502367 0
-11.74760325078961 8.295815006268773 0
-9.115726869006002 0.1286564910275984 0
-8.790534439928196 -0.1178217445550182 0
-21.86044791156888 -8.340158945999178 0
6.259739530600571 -7.415034524822514 0
-13.78365859737168 -2.792469728507411 0
46.54631088236547 -1.279035017657135 0
-8.304711794860271 -0.1844112399488668 0
-8.455056056937952 -0.3481086482355912 0
-14.29582937338223 -8.48545505566706 0
-13.27119265145856 -5.359111421623631 0
-21.67549223459032 1.905762093370322 0
20.96151969713256 4.520513126373803 0
21.51056975573494 3.995216288661661 0
-20.77329664928103 9.067409264929688 0
-20.80869156188576 8.718398072827334 0
-21.0172162073882 8.506363876756817 0
-20.68030305020104 8.407549308891715 0
14.62513492791008 -5.014819366989405 0
-10.42172086061678 -4.772735048256982 0
-10.50038248292876 -4.478573116861646 0
-10.20260408917301 -4.54783306149267 0
-9.973827021209392 -4.332180178952799 0
-10.90042898046105 3.563023826583088 0
-9.824469333848311 5.001666322917847 0
21.23908314170783 -9.522243853368339 0
-12.0801051611952 6.993973973320155 0
-11.74843669135375 6.902770058220317 0
13.21993219357659 6.182540795412167 0
-15.4781700533239 3.810367866734054 0
-15.38229567524506 3.511443639488206 0
-15.69402825957871 3.572413935968039 0
-13.05548807106422 11.23119565386991 0
19.22550572452746 1.838363062146455 0
19.73993006964197 1.347684778159771 0
-9.749952798979789 -2.409873273133907 0
-17.60794799002516 -7.257787310301301 0
-17.73432705061934 -6.931418198633999 0
-14.84855375265708 3.688510741585693 0
-14.77245319631259 3.383972464819462 0
-15.24927182175321 10.07597343531268 0
-15.11196535629261 9.693202970004444 0
-15.50198035236047 9.777361225966564 0
-17.15557873235576 8.729683308435135 0
-17.00549518702567 8.363487918594227 0
-16.6496626521037 8.289516767409193 0
-17.53292679786411 8.804896982616462 0
-17.7314696192232 8.498655229881338 0
-16.40020973062136 8.577973895706615 0
-16.50438415194788 7.931856308163598 0
-15.31354472273373 2.406275082681396 0
-15.51145304846355 2.189871657812911 0
-15.81543120319472 2.249737131689405 0
-15.72994145546062 1.992366992213376 0
-15.21520364275381 2.125345400617165 0
-14.92235167999737 2.059163735769605 0
-14.72158376146411 2.280705595801058 0
-14.64644412351741 2.025711007533083 0
37.07129158440694 3.159021325406862 0
20.81720432190917 -6.455553801006231 0
-9.812241371395203 2.31647646849063 0
-4.789846443726742 -6.883725165722288 0
-4.681200485616469 -7.161021349577936 0
-17.88941893665985 7.251937616707708 0
-17.10065916818747 5.859323922912399 0
-10.25521753257321 -3.466221907885712 0
-10.28854000696002 0.785533525969198 0
-20.4045978485768 -5.483798634467734 0
-20.73211298667484 -5.369729617121547 0
-20.7819438023709 -5.043457022650674 0
-21.12381422594866 -5.053137097016693 0
-18.1352121774445 6.992167022389597 0
-10.10342851617019 -4.845375676360391 0
-13.61037688507395 -4.949281283990515 0
-23.71227706949142 -0.003854056584054169 0
-16.8838689381075 11.85926009124089 0
-16.88465346135327 -11.86252787208472 0
-16.71229582382 -11.43611303614628 0
-17.1571217039487 -11.51853103623861 0
-17.32238124458925 -11.88961077352566 0
-17.56160274442525 -11.53487821913513 0
-17.97359323389494 -11.55226091963004 0
-17.78857846121753 -11.18121016965194 0
-18.23629405681945 -11.1695531060112 0
-18.38878508536382 -11.60147187611748 0
-1.401462226444777 -8.973010772313163 0
-9.130320889001077 6.268680285264882 0
-9.214881245976642 6.588957944515909 0
-9.232206338160646 -2.519342715894585 0
-13.65054497024991 -10.20432517191974 0
-13.77265554195148 4.893406714277999 0
-23.62131170459816 -3.965072019341558 0
2.125953167732865 8.150602732344231 0
-16.46632028767623 -3.575556356188082 0
8.000124169705117 8.116226161956247 0
-11.44385395579842 1.957505337353515 0
-11.63072004697388 1.743036469876376 0
-11.90922562633173 1.794764936971004 0
-11.81456198009151 1.528474144968057 0
-12.09260466667949 1.579247580662444 0
-11.53849417486731 1.477425848047174 0
-11.98239492661784 1.321161418310736 0
-12.26783199156741 1.370890391888132 0
-12.37006892926848 1.630963072564615 0
-12.5567969978869 1.417681701595939 0
-12.65143810941401 1.682555197619978 0
-12.84164339928605 1.46641987394866 0
-12.7389621818147 1.196134474989692 0
-13.02655670826479 1.246665042331316 0
-12.93893897071195 1.735416550523899 0
-12.75094718991631 1.951560849264169 0
-13.05144945284442 2.010377970132258 0
-13.1391504845122 1.513564850198672 0
-13.29657323902159 1.269055820389753 0
-13.19258300627358 1.018142350703284 0
-13.4571331185068 1.034092429049674 0
-13.3605445568403 0.7909962699441476 0
-13.61727056633903 0.8160864787802827 0
-13.51837001988193 0.5795833901290083 0
-13.08123720589881 0.7298275951432619 0
-13.74815666438126 1.067859761521985 0
-13.46425510741822 1.521690303809015 0
-12.00552569358872 2.064066489119081 0
-13.79976721160496 8.036822652170347 0
-23.55271712295266 -0.5023752229877273 0
-20.74011371738102 5.447599060372731 0
-12.56752863253205 -5.486512724837326 0
-23.88767449927201 -0.2077389658106488 0
-24.3945351689176 -0.7820538286856994 0
-24.56452550294434 -0.9479395322801408 0
-5.806074280514491 7.877818745657186 0
-23.53649975221929 3.047751387285465 0
-14.74104343439731 -3.655528300850632 0
-14.84397112778579 -3.353594678192663 0
-14.43082939096733 -3.705631493203854 0
-15.1494733684867 -3.296821877152327 0
-14.96425886711573 -3.0573463070322 0
-15.25116293900915 -3.004985588107702 0
-15.07059568394721 -2.772309686186435 0
-15.54911864250477 -2.941962586092186 0
-14.41838419821391 -4.191594994246293 0
-15.37307966389911 -2.719649868185736 0
-8.415189977751158 -8.78429248633203 0
-8.04363665594415 -8.823889588839444 0
-8.201618205361726 -8.479167731101809 0
-8.351938246403304 -8.129242076205712 0
-8.135043004732532 -7.820350647861301 0
-8.280024930111409 -7.492486609399527 0
-7.904449019207594 -7.539223650397173 0
-7.764991420608873 -7.863859677535171 0
-7.664024628472578 -7.24957361118128 0
-7.397793962898746 -7.91810513034389 0
-8.640476083353178 -7.438141709418267 0
-8.433665204637721 -7.163010639162632 0
-8.781327164736224 -7.106570429715858 0
4.561028020230103 10.55217089448582 0
-17.52038111837562 3.105589958810738 0
-7.823550442002677 -2.479229427021373 0
-20.6269777809997 5.140309797491859 0
-8.609997069281871 2.004081181307615 0
-8.450313618065902 2.195212676421856 0
-8.504359846048875 2.435164287367187 0
-22.57058897623228 -7.110528330555835 0
-9.496795073291011 -4.983786173421441 0
-9.589181104815051 -4.703814623956658 0
-11.70599483203874 1.272104155105858 0
-11.43175790583568 1.226897781044444 0
-11.25961863704692 1.433833900192207 0
12.33008250553209 -0.5005823229442056 0
-10.09508132719522 5.614405926170927 0
-10.33244733798341 5.367201294780291 0
-10.64024369055965 0.3861188651171364 0
22.76570349021271 -9.377922295467025 0
23.72241888497356 -8.382063441891523 0
47.55471675212259 -3.093538313966091 0
46.77080814246074 -3.341053381981963 0
-16.11649359385117 4.786546606905964 0
-20.09371026963785 -6.758237514306868 0
-20.28209029155757 -6.500146148828333 0
-21.30804900648553 3.866867586434764 0
26.83171372453039 4.459550849289357 0
26.10310691297497 4.215124765559876 0
40.68257076447264 3.509083618270046 0
-17.04875860612002 10.78229038422644 0
-23.06585248539452 -4.097856128564239 0
-23.13771686555923 -3.804219803530174 0
-11.58454349494479 3.166550358488794 0
-11.87853993532223 3.219680601066004 0
-8.918145365048073 -0.3422657930354802 0
-15.10944334774753 -8.371345912924182 0
-15.49776385816863 -8.309281345420587 0
-15.62316340061783 -7.936485466121855 0
-23.20007342064628 4.286955253655059 0
-22.90454649429302 4.229372066028779 0
-21.94776784126037 -0.9966615954332608 0
-22.01988406958674 -0.7638473000172222 0
36.09225812649969 -0.7194672291159371 0
-8.310351733046673 1.699492301267431 0
-22.4251309591577 3.617043019705046 0
10.86487037562439 -2.438330189681166 0
-14.46986248355765 -10.03503906122762 0
-14.18634315694047 -9.721708580828118 0
-22.05689145044768 -2.991153188756305 0
-21.06020370374257 -7.867153023374512 0
-21.15463220383183 -7.544031451542639 0
-19.10649386908438 -1.881839344073858 0
-19.39694932659074 -1.834425462604862 0
-12.86205751403378 5.898030332291371 0
-12.77042147865944 5.563281779657831 0
-13.00725704537625 5.314021996245359 0
56.63366199546105 -9.172439658418796 0
-18.17151764998222 -11.94148228575139 0
-18.18276017255533 11.94583182272197 0
-18.43420127081983 11.6072863190762 0
-18.88034377775055 11.61424548139146 0
-18.64013486192554 11.25607037549583 0
-18.01543400902912 11.55655591910534 0
-14.70737995496834 6.611465075445241 0
-14.84587281777945 6.014205945058784 0
15.020285536291 -7.755969130915425 0
-10.52704907289825 9.043301889143253 0
-14.70639499813005 9.608967083687709 0
-14.96175817478245 9.309666585938022 0
-14.80655229972829 8.92396698507779 0
-21.36394265598681 -4.133148690821481 0
-21.1630796103262 -3.89853306021184 0
-20.8607510498725 -3.952074443797001 0
-20.96658004041091 -3.66462916991544 0
-21.28005750539551 -3.626605501710088 0
-21.08329899106661 -3.397089837828709 0
-20.7575627629449 -3.434037990262355 0
-20.66046906975337 -3.719000033511126 0
-20.35597029993557 -3.773078620928873 0
-12.06984120633055 -7.522799297175126 0
-11.35280782639395 1.69372594395093 0
-10.98589149065389 1.388352152829935 0
66.00649752714688 -2.850764951646626 0
-19.85394959412962 -12.04595612564499 0
-8.970613097656344 6.838134232792139 0
36.06710713419794 -3.58890038724394 0
-16.37242925740187 6.644969858058966 0
-16.60900870524067 6.380824846490232 0
-16.51368715584217 6.054540927243685 0
-22.9247157419709 7.672539725970472 0
-23.12953482515994 7.406409120899433 0
-12.36416757902365 3.190210921637405 0
-21.06274010030234 12.10642733442988 0
-20.84706129630585 11.74388716483701 0
-21.01232901198816 11.38173003057047 0
-21.27324079552906 11.67713521169916 0
-21.37347630121758 11.29743456368511 0
-21.1642899783987 11.02404096603875 0
-21.49573690459603 10.9333373950732 0
-21.27100755466844 10.69479895232304 0
-21.62794453431329 10.55617063417416 0
-21.06850349060681 -12.13960858234402 0
-20.3868721380409 -9.947675477986069 0
-19.87525432344249 -8.41173710975808 0
-19.63409948957063 -8.136595924587098 0
-19.98907790454123 -8.065929142265786 0
-19.77163202172632 -7.797434872724028 0
-19.75682303018622 3.285746862481474 0
-9.878590924879408 -0.4470257205225669 0
-23.39537195722878 4.063762419724564 0
-6.854397555616563 -6.823329254881357 0
-20.36213972339223 -1.413310957571636 0
-11.35193066839167 4.693243441807451 0
-15.91139737717617 2.52998215912955 0
64.21674430394314 -1.917232174299631 0
44.6773079527732 -0.3396856249129909 0
-16.41073807573285 3.16125258665008 0
-16.51794663404853 3.456905012537189 0
-19.41573689511961 8.20081266117767 0
-19.09354781462217 8.13024519746522 0
-8.300127051046731 -0.932056931454066 0
-8.18426158589722 -0.7323498446265181 0
-19.918998183519 7.650222590913611 0
20.45862551595655 9.554251554746989 0
20.03376157567807 8.873511986338633 0
-20.37933952916315 7.128187815967835 0
-12.72391165213403 -8.781216349039573 0
-20.25472265030719 -2.45941802228674 0
-20.54057682851558 -2.404853761898788 0
-24.19673740481386 -3.256904444693477 0
-24.27896495152979 -2.986059535534632 0
-24.4193068015694 -3.446088322264832 0
-24.57317751648812 -2.901666231741022 0
-24.3580514315604 -2.705609782356583 0
22.31215754952972 -1.127237417929063 0
-18.94415298473725 8.765222151184963 0
-19.01843198004654 11.98933634264514 0
-8.729265462050693 -2.637657229528796 0
-8.838999901427195 -2.420840684592426 0
7.631591836905187 6.859092855042376 0
86.6690433688172 -8.510445478926565 0
85.90037066399701 -8.720497826995571 0
87.31638845842568 -8.952661855862532 0
-17.18382257307023 -9.879029917302335 0
-22.02379316020249 7.80230164715941 0
-21.68453045267157 7.736141976043199 0
-21.46793518024472 8.004009544356832 0
-21.38709509332448 7.658407550740569 0
-21.9202295433953 7.48518611303188 0
-22.15112566071919 7.23189717428155 0
-22.06396480616149 6.906723967076055 0
17.0973195149637 -1.949151501085318 0
-14.86549687942005 -9.91566964539645 0
11.06080052856855 -1.524226383017424 0
-21.57142589451123 -0.6017585788780648 0
46.33945212854748 -2.076463385072107 0
-15.65650857070374 0.9979240825262895 0
-19.58559436253966 -2.059193124864382 0
-16.2191194949236 1.108918383948419 0
-23.90661100812342 -5.015225402888698 0
-12.02880644898644 8.028665762633421 0
63.72004315781477 -3.539177500233411 0
-15.75470958866277 -0.8675595437152633 0
21.90708240345328 -2.270297439646434 0
21.63760210800269 -3.002817430816686 0
21.95029297731229 -3.667723442248151 0
21.22645478210287 -3.53401904195802 0
-17.50154988814923 -8.584933379783346 0
24.245449137003 -3.519475826975902 0
-17.06963130201639 1.288130729398336 0
21.26411836696998 9.378872181118455 0
-18.76482035905216 -9.609229285547821 0
-16.78021424963192 1.232994291254229 0
-13.31072087992289 -1.388954874394452 0
-9.762016461467834 1.376664138440198 0
-17.52272168988706 -0.2552407923481596 0
-18.72957296068115 1.759210172280432 0
-18.63788734991516 1.48771443602104 0
-18.81479298629218 1.275490512907839 0
-18.53662568853146 1.226654511968335 0
-18.72279250962933 1.012204838110297 0
-18.39729146540185 1.478444470343837 0
-18.99786642618445 1.074485648948757 0
-18.90420079888856 0.7928079467190822 0
38.58629822557711 3.613020247427122 0
24.62108731254745 -1.972589757526775 0
-19.01429837065046 0.150365974539656 0
-19.1067011354706 0.4071012015982242 0
3.589377827705356 9.601741408577103 0
-21.67495676148933 -2.54104286153213 0
30.97951714374524 4.207897803200328 0
-22.47399987553715 1.382636378991977 0
-16.03954142818164 -7.875735834471429 0
5.173036083646823 -10.54646779930963 0
-22.63642596594996 2.639393008513875 0
20.20728548296445 -1.53435835334389 0
-13.11421432472996 -0.316647915074916 0
-13.01635202194188 -0.5716288057949374 0
-13.39620037594641 -0.2726398956272518 0
-13.48319584050975 -0.008529453736328843 0
-15.09188184900506 0.8941192612293906 0
-14.81341229006869 0.830789767708912 0
-15.00261745092543 0.642448000449964 0
87.26732805249496 8.465015021000792 0
88.09665299035619 8.74422631321073 0
86.5513908023092 8.914321002986775 0
-16.95878998211457 6.452900211698549 0
-22.74168024383069 1.439400992919973 0
-19.10387694301958 -5.753327077823628 0
-20.92671082914259 -7.27548740179346 0
-21.27531269512608 -7.230675287061999 0
-18.67140073342541 0.5917043226593193 0
30.51732888896317 -5.875371685376411 0
-23.62635676879815 1.856550025755009 0
-15.29433899117191 -1.470865007958183 0
-19.54633402617308 -3.644598078501129 0
-24.50466776589548 -1.213192920760093 0
-24.6605018216044 -1.640219631943977 0
-20.66154804516772 3.485206945315654 0
22.81036327560767 9.435707936629482 0
-19.29449653824788 0.2059858141498841 0
-19.36704444082719 0.4550589604867439 0
-19.14800659538898 0.6374358157776162 0
-14.06238722660702 7.760383347495902 0
-11.22692935592957 5.248696892369996 0
-21.61702216801968 7.40419800215134 0
-20.46678881758428 11.0551971356747 0
-8.658024278745231 -3.544922916818698 0
42.01896828672429 3.182764309344443 0
-22.37096071744817 8.786876045400485 0
-22.49413090909649 9.108577363323018 0
-22.25608612545773 9.384381930382817 0
-21.31096830829207 0.828319667624845 0
-21.50846711372651 0.6518102268906145 0
-21.58836958440551 0.9273734650971664 0
-21.96583640575832 2.702359195447896 0
-12.30609239540063 0.2387432399286199 0
-17.60074750722021 0.007522533200281002 0
-17.87415761812897 0.08149303853417376 0
-20.20914133762322 0.7833367123931022 0
56.73214643684263 -0.4389466687494949 0
-24.08001998999061 -2.78060577870719 0
18.56855386976853 1.644935227445621 0
17.78153722296198 0.7999884351919834 0
16.68035947245598 1.030361791053298 0
-20.23597181873748 -8.342167939177166 0
19.80271587924065 -5.413774817139307 0
-24.37121401104557 0.588790390174325 0
-10.27590408944965 1.49056247265047 0
-20.13980821958527 -0.4005208056727232 0
-19.78850135362158 -0.7327227396686147 0
-19.50574704620396 -0.7920170646423481 0
-19.4140116252022 -1.069907435979288 0
27.57592274648595 4.679996418760503 0
-23.35928448412147 1.803209540847296 0
-24.25216389333947 2.207135819109266 0
-18.01324764171396 -9.77840137727903 0
-10.47292275255833 -0.1249215031928707 0
45.64306512525005 3.527921659196331 0
9.123030837118064 -4.936334417912891 0
-5.631218323037534 -8.141403685275199 0
-16.20561569752482 0.479341368353539 0
89.62329652371932 3.432289035332614 0
-20.77580662852131 1.632040391488364 0
-18.09564430658171 -4.218423338133001 0
91.53899525316911 2.557725607214685 0
33.53137904357738 8.516652655019675 0
32.6371740956452 8.384135908587766 0
32.30022129510294 9.249586566321639 0
31.77228470933508 8.592253573455297 0
31.03979971892706 8.68515936620039 0
33.92497370710215 9.244169919130607 0
31.21577062803873 7.917342668224521 0
-16.14575321956137 7.864901101522869 0
-8.388422829589651 0.6775619272933352 0
-8.23613765485057 0.8591403979331647 0
-8.141509804030836 0.6217914055488275 0
-8.301284758184652 1.076203532441773 0
16.46181048110386 -6.761857181374425 0
16.61160517618931 -6.133930176161956 0
24.23883021199718 1.418312902983402 0
-19.14418218929654 -9.530708411443284 0
-18.91230135938992 -9.25881057145858 0
27.83931603004297 -3.060350596730554 0
93.06799653106742 3.001488431517453 0
-16.29633678750211 0.7446142373956054 0
8.403256359637631 10.24289130821945 0
-22.27605697415878 -4.776582323706779 0
23.46424512888969 -3.652416008836196 0
-12.74719771373627 3.561915748691241 0
-23.35956174085378 2.52977172668773 0
-19.0962004274828 1.328694108248913 0
33.0648078079733 4.148715208871002 0
-12.5284091717762 -1.571850637876214 0
-7.770209044821858 -4.654812099316779 0
24.89938780212238 4.376129276871016 0
-19.35006508188282 -3.409743416268165 0
-22.01102577477802 -10.28684363262743 0
-22.10703813072301 -9.889725692142756 0
-22.45115732231265 -9.733115776631118 0
-22.32530485988435 -10.49213448952895 0
-11.24521818602762 0.03656458536341153 0
-19.29586434135415 -0.5515690768089586 0
-16.14693609388967 -2.057355839660214 0
-15.25405469390734 4.906734143558908 0
53.98120600222047 -8.497125153241988 0
54.63138273221214 -8.940655824738942 0
26.62057834575056 6.495315739374811 0
29.05723137986327 -3.439040770067523 0
31.0801010403965 -6.426197027357688 0
-11.99409106329275 2.823542001090551 0
43.54346735284624 3.630884178611002 0
-8.935979298776051 8.71657292422127 0
-17.71510498743899 1.645977445055495 0
25.99518570333202 9.316686229323464 0
26.42393714415211 8.659951416925153 0
25.59475141635711 8.623205772228012 0
26.01232469416106 7.916176216209746 0
-11.89300305003979 -5.617092921266861 0
-18.73697731308377 4.46477229124803 0
-15.6567095594716 -0.3842396033619139 0
89.0480769504874 3.98358910170758 0
88.28361065071591 3.761841006794971 0
-22.3263424374047 0.1911072256272618 0
-23.58908118766315 -5.87777926083374 0
9.382186305644801 7.13062260435041 0
-12.68166245018737 -2.757674486200035 0
31.56866120798841 -2.015168310738084 0
31.90744919722191 -3.344154294329476 0
31.17065200124142 -0.7418126704450295 0
14.41396238612554 -7.900161332407016 0
-15.35799742330214 -3.532451531849532 0
37.02949323982219 8.875499592503745 0
38.42275575031425 8.602624912050404 0
-23.87944468745401 4.667289541025356 0
-23.69372683733534 4.905657327887995 0
-10.78710669991015 -8.330358070585962 0
46.98126001514221 3.200892646162698 0
47.55582157086774 2.651324542269536 0
-18.24526778230061 6.420663486067671 0
-18.77890505263337 6.100408603726791 0
4.210268675165066 7.309666178645621 0
-23.09695829048324 4.004297025005099 0
93.83258590194909 3.225502249814201 0
-17.03290637864401 0.6461920780646518 0
-17.13982266368688 0.881537434525156 0
51.05154449988985 -8.607710408355279 0
-22.84959857171622 0.2851140017655567 0
35.91502134632461 4.261464192866032 0
-19.68662158503155 -1.784106166380196 0
-19.49731668496192 -1.563336513950008 0
-11.76873508547311 0.1372036065030161 0
-19.58255476190035 -0.5029478165982946 0
-19.215546877906 -0.8342355126481583 0
-19.30124668799189 -1.337549871525441 0
88.46514177506151 7.403881180481786 0
-23.0183481737635 7.095844836085096 0
-23.38407621507537 7.126937853914036 0
-23.46090707680901 7.446769001676305 0
-10.96889207760639 -1.15498887917998 0
-10.84202818913181 -0.9649450260751989 0
95.17256402541264 2.897439475323203 0
90.77434030124368 2.334166429431881 0
-16.30520155216309 -0.002190613476497882 0
33.93728658301994 -3.487548100214056 0
38.00361738193604 4.169527352329616 0
-22.50319877230613 -0.01085873520590592 0
-24.25735015651365 2.938905660833551 0
-20.45640818058395 -3.484964454191538 0
33.8607263078531 1.499616790118497 0
-22.13615019859513 3.268059425257514 0
-8.972714414468559 -1.010843650641315 0
38.86797725869808 -6.357648626569951 0
38.20431183555237 7.815520484556905 0
38.98232495582524 8.02070531961378 0
39.22735683884795 8.728693130546125 0
27.58366182763186 9.349219520276321 0
28.4339010903129 9.250734206514242 0
-19.47157609213346 0.9232624089819335 0
-19.56852215465449 1.920442491616871 0
109.3439469528082 -8.000597903050336 0
30.01013907718862 6.108405222999864 0
29.91427099791831 -8.125097779878315 0
27.12521080248816 -0.4861107206993732 0
38.88494453265469 -3.4818409901731 0
-21.44722792509808 9.895225148988759 0
-21.84562009756148 9.971283418078297 0
95.74779748619312 2.345955518442189 0
-8.498979469095943 -1.675162499304028 0
48.02386960421249 -6.619014355718723 0
-17.0528539545477 -0.09899113657064905 0
9.791834987102215 -1.418989139501273 0
105.5416684779229 -7.029267687138335 0
105.3597813067942 -7.810848321721309 0
105.9011441660524 -8.433408342193424 0
105.123790905804 -8.595382406213524 0
106.5235445794276 -9.140824471871417 0
106.7113245390862 -8.18623802951288 0
104.8110551162412 -7.170773768690143 0
96.30924358308107 7.544013665997081 0
95.73754326147125 8.084608993289823 0
103.4069997632672 1.700321923587095 0
102.6408703308926 1.476801519134713 0
102.4511350586732 0.7022522609827142 0
101.8751647294803 1.253824111594785 0
102.0643590121006 2.02841449665456 0
101.2991928627212 1.806743192886224 0
101.6855806772599 0.4795876523695576 0
101.4885947619738 2.580975087010466 0
-20.68414113293991 -11.26181172047709 0
-20.96701198522462 -11.54940260580467 0
-21.06560673989857 -11.17777929039919 0
-21.34118814229627 -11.46584899705314 0
-21.4225559923737 -11.08458500237534 0
96.51274871272241 2.569408131529372 0
-18.99847863673224 6.561775265595828 0
36.46793913611202 6.586987210893125 0
-17.885680199758 5.450814471224821 0
-17.55851397160282 5.327784820341071 0
40.86717540774047 4.284219065899086 0
102.2545471683683 2.804337345938866 0
-17.96325639060671 -2.089194850134739 0
-17.6833333132426 -2.113873155410839 0
109.3403611034779 6.400101098939125 0
108.6870180267338 6.100270907279057 0
108.5933691559171 5.210154918761491 0
109.3034091581972 4.802150748362817 0
108.6572090337987 4.356411223339773 0
109.3133484954172 3.993534510941604 0
108.6398374561706 3.545799247257306 0
108.6132095957379 2.801678711477543 0
-8.964971797796734 -1.589563836715086 0
-18.26054044792941 0.9989828441811638 0
109.3120829852375 2.443566053064988 0
10.86186484959461 7.588918820322506 0
109.3072934496683 -6.400197060087504 0
108.5437849161583 -6.900650396022126 0
108.5968021866655 -6.016054363651246 0
107.98994709675 -5.545391748065595 0
-22.0485073609863 9.659308186952769 0
-23.06735715069568 -2.758150038096114 0
104.3886008126369 -5.925767147021647 0
23.63613944084828 4.671909038040763 0
-23.2836579307635 -5.117196285103318 0
42.96657606946486 4.182822073623652 0
38.78808852954901 1.520525190100875 0
29.25650099032511 5.884219836745657 0
105.5005958133652 7.352889118894388 0
104.9489547677517 7.927808895267315 0
-13.84792272777485 -2.493376283206907 0
41.43852363002635 -2.009947408276599 0
41.78223607315752 -3.360962369219996 0
41.02356385399797 -0.7247852256317385 0
100.2245693980975 -8.205363510737547 0
100.1088860729501 -8.91802482923142 0
98.71669047261683 -8.655987250398805 0
-22.59469656661059 8.513566287978193 0
40.09205551559145 6.92629624895245 0
103.2357020470187 -4.822314786519139 0
102.6593576416103 -4.270842680497327 0
105.5241699070924 -1.283697593245641 0
104.757418707907 -1.505253656421426 0
97.74933587653315 -6.785776004312403 0
44.22623310450324 -1.958915253848782 0
45.8308556208132 4.301662516609564 0
109.3190577118668 -0.7974037240058651 0
108.5446809536761 -1.267745152562692 0
108.6146735238411 -0.4003395938783207 0
107.8443740230215 -0.6532853142405393 0
63.99526382048307 3.140948133970001 0
109.3239405113838 0.8040304570649583 0
101.5304297710527 -3.142565449564505 0
100.9579085246638 -2.587092230403913 0
100.7906738041861 -3.236667726058023 0
100.9133576234706 3.133651145899738 0
43.83512245484241 -3.511380987839267 0
101.4614469326474 8.368309951081557 0
100.7979305218981 8.891367143082215 0
100.0720490071101 8.660576802722073 0
99.93125732427072 7.884313982705407 0
96.79406495095796 -7.763456322637926 0
96.5987264500065 -8.598636823877957 0
47.93263817031907 4.198340526044339 0
102.3167320545316 -8.298596857691139 0
104.173348016621 1.923981168318823 0
99.80462697162145 -1.481248172877085 0
65.5240622365193 3.586771851863785 0
105.6980113648025 5.250827119739662 0
104.931098313751 5.025910699098199 0
106.4864678694527 -3.162025230176787 0
50.31992700055346 -5.965296554607644 0
61.89109921990605 3.24568004883453 0
61.12672631616367 3.022770144088164 0
43.83020574787091 -6.375926597822121 0
96.98413853380042 -7.001091086537414 0
43.74084301607449 1.537187498743452 0
49.2602100072675 6.75042958648002 0
48.68466329478575 7.301084620065381 0
48.87625186910189 8.064764514268751 0
48.11157452248146 7.843383036792662 0
48.23724366143026 8.603940648139252 0
47.53672337932892 8.392136970777843 0
47.34767737609619 7.619036250760935 0
46.78479325007766 8.126916864689695 0
46.58554863859852 7.388790269364666 0
46.01407492072369 7.926227114944997 0
45.82090513685233 7.168093835358044 0
45.24562993615206 7.718891413867829 0
45.460956547096 8.623149702045721 0
44.67770236227153 8.292548611469622 0
44.78968828797312 9.088084596655381 0
47.15955944721268 6.844229007741366 0
92.67529685735818 7.19580089611939 0
92.10012476544796 7.745818065496997 0
92.32913962079218 8.586238212144053 0
91.51296303556407 8.261165063725119 0
98.23204090628583 3.789803702533625 0
45.05696192887067 6.947505123746446 0
103.0279583417917 0.1508495556844087 0
-21.91433669924428 9.331391009834336 0
-22.41962253339927 9.706662596733279 0
41.42867325495271 6.606116128535737 0
49.08254804538949 3.098148954848385 0
102.2467332339676 5.680125406407343 0
97.85327560553799 2.241261299802961 0
55.00613719021527 4.107781274117829 0
49.19303799116971 -1.96876128339917 0
48.8117425026947 -3.495145375334734 0
96.60450672016921 -5.676425812495826 0
66.86376753834695 3.259128296954968 0
96.11927144578206 6.767380564023906 0
47.92295168130597 7.069986109520646 0
93.82499131114639 6.097976610325337 0
97.45942475094557 6.439521084112585 0
46.39609578864669 6.619983019703293 0
105.3188376668685 3.698782589761696 0
62.64749165147235 6.338559658699339 0
36.88170570769103 -0.472027822140302 0
-17.43480973639596 -0.525337580191262 0
96.51699703502484 -0.2982193722677676 0
61.60066970518038 -6.334390973968194 0
105.1371606681711 0.04445945727744149 0
103.0205058299043 3.028016378885459 0
50.89164448287271 -6.519116427899275 0
56.07532676108034 -2.896837596295776 0
90.38713429000801 3.657664459097142 0
94.97061984636316 7.857958373935417 0
50.60228366064138 6.415849984240993 0
50.41298610780978 5.64042161964962 0
100.4259431129283 -7.45765480782216 0
31.96875480869508 -0.4795856534493268 0
92.8859575643469 -0.6455245495396126 0
92.12134321088655 -0.8681429374057367 0
93.65056678119021 -0.422512994268678 0
64.17686636998258 6.785828702101635 0
53.77036676587216 -3.525277197825883 0
41.82634752691544 -0.4630777633150068 0
55.19529880527865 4.880998974307822 0
54.24176188556519 3.884980201946903 0
68.20343879902683 2.931558753912343 0
94.679438710422 -2.224004362849043 0
71.07199488749082 3.049848019042681 0
94.78660576699248 4.222835222462336 0
97.27760923349301 2.792691750856375 0
71.83643586783563 3.272783956031347 0
95.92982503040164 5.993377739442599 0
61.88351468732986 6.115095961301693 0
92.68209886278535 4.327239317951405 0
56.15609131989498 3.007099262327761 0
97.65643362758041 4.340863392945524 0
62.65552022056062 3.468558389807723 0
102.8304935476851 2.252013450736034 0
89.61638128657133 6.306990879491543 0
51.76021306709934 2.443487119094607 0
92.49295851606436 3.552713839095307 0
62.93768718014309 -6.66960844709124 0
63.41189927249731 6.562272734073389 0
90.74838348221272 8.05442853881002 0
72.02557071920184 4.046287730608373 0
100.7162771501659 5.23336866975549 0
95.24522230971931 -8.170549906031454 0
90.57728650604767 4.432028851019973 0
57.29916649292922 4.776327547035509 0
64.18424864359021 3.914517674218838 0
64.94172715308198 7.00736022218276 0
67.81725707878721 4.25564642808865 0
91.72048132264808 6.202611630228748 0
65.7131397588218 4.360305257366091 0
69.9213939227952 4.150984830808468 0
69.73224483129643 3.377486270025443 0
66.28071424617039 6.680170482625037 0
61.78502585751491 -8.433028516064388 0
60.95735195935875 -8.720995298852959 0
93.24978632234537 6.648048166079268 0
69.45186282613476 -3.378377306375327 0
68.87995731305557 -2.824573825920817 0
69.09700033956889 -2.021898734937635 0
68.33934103027036 -2.235380694513445 0
67.05073096294961 -1.816875755440639 0
69.87892209302936 -1.749468632026263 0
68.56603859289132 -1.371777990992549 0
70.02384043290614 -3.932403816336312 0
92.35863349575675 -8.313321790861178 0
91.5800704356859 -8.560348005252465 0
61.71007019306342 -0.3987084860370796 0
64.46949451089677 -6.23191282928708 0
77.49105655225391 -2.575313882759311 0
48.70474166546946 1.551939473475928 0
64.57918436498623 -0.2831637672516771 0
63.617068240378 1.593953413286806 0
75.89293000399451 -2.848665871597261 0
73.94059073165859 3.16810815889707 0
78.06031379124454 -3.084534723322672 0
81.59285687807599 2.52642235253288 0
78.52726214221214 4.505714790738524 0
86.20303252176201 -1.79101387560002 0
74.41552298899258 -6.269550088056754 0
84.35648867707883 -3.461676712267853 0
74.52438771043181 -0.2586561008537976 0
84.36082546710836 -6.298121384761742 0
71.64967066949798 -0.3855619814965432 0
81.60143691925296 -0.3437275885262082 0
72.790013433795 4.269225347198764 0
81.49164949146881 -6.399602705270502 0
82.16034658556886 4.846893328033931 0
85.02899923896426 4.965130943480982 0
73.56228528164901 1.621121310425841 0
67.3447777696489 -9.264244938113565 0
66.5551649345222 -9.287380119155971 0
67.59814840154779 -8.49296535317616 0
66.57491379924767 9.332647842537854 0
70.58177458206383 -9.346374990521159 0
84.12037037041975 -9.310387178460358 0
46.67669902868953 9.326520273250983 0
62.5938044309918 9.205523062199163 0
61.82407407411799 9.310387178463603 0
61.38177841579412 8.656588628525855 0
60.62255785257049 8.627631531889444 0
60.23030364386875 9.311528746305344 0
59.8319661447993 8.622105867111872 0
60.1456971796948 7.823361702386547 0
59.44136977976024 8.078141422739987 0
59.05348208906631 8.659341634164427 0
58.63889298798122 9.310356497878308 0
72.17408756247822 -9.289680960643325 0
72.60885756306675 -8.645167317421203 0
30.81324054560458 -9.325170425892802 0
82.54318017633588 -9.356134750850508 0
54.66833035587675 9.296184763340799 0
54.26106748221316 8.618413323841777 0
53.46328989609701 8.620382379883713 0
53.90514934698903 7.953838939047195 0
54.65736145354299 7.931188067531743 0
53.16640251202684 7.870233526543726 0
52.68323253591976 8.549285858151555 0
51.77490840501789 8.414910025710615 0
52.93181349099657 7.10911166543187 0
55.00703643201988 8.542766826232187 0
53.06764108407826 9.298394435141928 0
52.2558402140388 9.262162916244655 0
74.49911922991225 -9.171964535050311 0
75.00977914675677 -8.582664589745763 0
92.07066546288848 9.3503408764805 0
50.70357471000379 9.315361492808877 0
49.92896140993357 9.293658394788089 0
49.56865235137856 8.533960280630282 0
68.22794869464045 9.321789782932978 0
68.69605594894017 8.644976842635211 0
76.95370370366538 -9.310387178460029 0
42.68039286857965 9.193947266204804 0
35.56241126531135 9.261078847670911 0
29.14175268442722 -9.203007769027288 0
94.45423362856647 -9.220820062804837 0
69.80481770499968 9.356149516780031 0
89.60097207430104 9.203148140652784 0
98.46771106837394 9.345998182022802 0
29.96599569507355 9.337375512987448 0
29.57407407406114 8.620943500502115 0
38.72549798108888 -9.31622790291766 0
90.48971293692536 -9.364389163719514 0
42.73160558357765 -9.324465679808453 0
46.68657120024612 -9.314533467544626 0
46.26655071733073 -8.55953242230143 0
45.38497259385519 -8.688017366893806 0
45.08268664133051 -9.360352699027549 0
92.16857569191932 -9.190649689099432 0
96.11672890696049 -9.318226798891482 0
71.38020379988133 9.348161173288537 0
72.1734557237953 9.354709525717128 0
72.4336956316569 8.575661476110907 0
60.32249571220582 -9.320617830336184 0
48.27297197850872 -9.265823525535291 0
49.09717221808579 -9.319246102224673 0
75.36308482752173 9.311526846803844 0
74.97710878637693 8.628941814349325 0
75.85619962038922 8.608283191414458 0
75.35070358430006 7.928937900524603 0
74.56520147675946 7.967641848383844 0
76.17436531971163 9.35039136149274 0
50.67592592583939 -9.310387178471268 0
79.34259250970936 9.311508227887753 0
78.94699486578421 8.638743542907093 0
79.72607404007071 8.663345260311615 0
80.13160667163088 9.338158995644449 0
64.21296296281628 -9.310387178470965 0
63.79890770167738 -8.574043013311661 0
65.01612465483272 -9.136268259850372 0
65.49012800977661 -8.505918431137756 0
85.80260764953256 9.296863006216164 0
58.62159445771093 -9.299249380770599 0
62.64355534722331 -9.339966361654179 0
81.72093443025065 9.165847335827079 0
77.74223152112609 9.312770356756607 0
84.11952391720098 9.310875893372055 0
84.51383995755771 8.610408469924039 0
83.75612664245985 8.639552964941936 0
84.10429977174029 7.958330711810365 0
83.35391640477846 9.320653919933219 0
96.86111111116968 -9.310387178471617 0
73.76851851860297 9.310387178469997 0
82.79471125707231 -3.884942041227907 0
86.46443938664363 -6.415719570386795 0
80.63144513160715 4.401022911716899 0
80.63688630567907 7.273609942716036 0
82.82918939251527 -6.734506637393089 0
86.57351143658781 -0.3310985165511041 0
76.4390053562454 7.462882502104763 0
77.76281130107662 4.282782519625656 0
86.45757663606643 -3.561636629593747 0
85.80906081335237 -0.5540335484054623 0
77.86606816217304 -3.849418662376126 0
83.70486866086139 -0.4493372515522583 0
84.82954704222171 7.018175877229982 0
88.09397098119993 2.987429599983987 0
85.31112661593704 -8.178930663847392 0
82.32442784252464 8.511682933324566 0
82.74344199292719 1.425292158157967 0
75.7460355387189 -3.714964778514505 0
80.91966781616414 -5.84559771807255 0
89.50358514016895 -8.3391324200577 0
83.30505668388565 6.610187009887117 0
84.84763329695686 1.320598215560323 0
83.88620754280603 3.195223535081777 0
82.16814972930474 1.975857333690745 0
81.20113426684978 6.721775279922159 0
79.96861850461461 -3.966147184065568 0
88.67743841492299 -0.4357289963494872 0
78.8161442765718 -5.728286052347657 0
87.73370724167368 -3.819403914360445 0
75.84778600700514 5.160970202142447 0
81.67604669086244 -8.498315156607447 0
80.73424348796289 -3.747951265170447 0
78.77293532071461 -0.4037856866337392 0
83.51500481395382 -1.221439389622786 0
79.67002552823755 6.275649239998461 0
77.77062538205237 1.411741962818457 0
76.64325487400455 -0.3712419335422008 0
83.56259170609633 7.409788322567651 0
58.63814658015065 4.448962332808666 0
76.71262106245744 -5.610958808487845 0
79.87480706047387 1.307049662293626 0
72.14499835560315 -3.981741621434642 0
87.13330083693222 4.86224496839676 0
79.76124794458902 -7.619412907933548 0
77.56535610098996 6.37984106164599 0
75.08334109984776 4.93803422642214 0
84.16954454652257 -1.862852522274153 0
85.61208331912877 1.543533450648401 0
67.92033094499092 -3.814930646126444 0
80.85911105317207 -2.998649906625112 0
80.83711513853456 -0.5665089865151148 0
74.60868690765636 -5.49264081236576 0
87.71627722782635 1.438839632494486 0
72.59227261213384 6.365992673228667 0
70.78037632368829 -6.585116087124327 0
81.68544058538961 -5.627250528412134 0
89.82043725712228 1.334276927254586 0
88.15850203558098 -2.695098361874836 0
89.34229196193556 -3.480916762399699 0
75.66645133368149 1.51643191548063 0
76.04476297911692 3.063417790313236 0
77.19533644074363 1.962299870297807 0
65.81534070494943 -3.682216465677363 0
80.69462368659177 -1.308707800627335 0
76.44896598536894 -1.148664215662787 0
74.50740466750533 5.4879188276533 0
79.85441300411942 7.040703856337186 0
85.65739052311966 -1.271224805351121 0
85.80123758879172 2.317029023772526 0
76.99362747814013 6.925438448195137 0
70.16320635573172 8.617678594286765 0
82.25738636601184 -6.181129854336813 0
89.33367078344594 -6.31460216489177 0
80.63925414497368 1.529984741818258 0
87.90529893869429 2.212718820452801 0
91.04975295490351 -7.976870243493042 0
78.62047958783103 -6.502132713991638 0
81.01756629406469 3.076984925032801 0
73.84313345052877 -5.711813109088058 0
83.02315370482563 -5.96276169139356 0
66.85584417135887 6.130162883331505 0
80.03304813575575 7.925239636486006 0
68.7775189170566 -0.5284083870425668 0
90.85588322935605 -0.6507338392305742 0
83.59480629030948 -6.515608285854182 0
72.79784962951294 1.398186739758668 0
71.0641397983224 5.920908903453057 0
68.11704704307994 -3.039732656347049 0
63.98732375594986 6.012011840017962 0
80.82841059376787 2.303484286113795 0
76.51912557692208 -6.382969114076919 0
68.87060009365209 -5.695705064698407 0
66.68349637862815 -0.3887677857053158 0
73.64980184067153 -6.489076773944686 0
73.76006346526606 -0.4824474405522554 0
84.55471524228135 -5.526118108313288 0
64.75963942306873 3.363875584265289 0
88.48649377027726 -1.20879446502749 0
67.82517057440946 1.384613033912392 0
69.615311479996 -8.282324647487384 0
69.92927871208806 1.279935991696086 0
85.3205060952528 -5.307829112888824 0
76.430893477392 1.739365254133119 0
62.18500227704023 -4.010401351504968 0
70.97409850160884 -5.812985650675483 0
68.95997107044502 6.025593204979092 0
85.89248901679548 -5.861830479276999 0
66.76713748049752 -5.578369557347718 0
68.67680395283038 -6.468047688907094 0
77.66665031276187 -7.511023820119212 0
69.15026582085616 6.795164952344709 0
86.65813110864374 -5.643627968576452 0
62.45851056455491 5.565562420534374 0
67.41158754441267 8.445973795631211 0
91.91006405653698 6.974971081997082 0
77.09221499608071 -6.939789880826225 0
87.23025785489368 -6.197529333676893 0
76.62004968458264 2.512857926119809 0
87.99584672317091 -5.979267387484415 0
73.56991693595322 -1.254638190245474 0
70.88285823638688 2.276358740159842 0
75.27174149258053 5.710742385863381 0
70.89067565541023 -0.5946342712521784 0
86.74681401316585 6.184063788260635 0
71.25297062052354 6.694065404972576 0
89.13888997075551 -1.852240859192472 0
91.44560767645703 -3.56175412160347 0
50.98821185058075 5.09016705547127 0
64.66333446056618 -5.459728140489704 0
92.68898509646431 1.453005619648043 0
90.58492535054276 1.55707769081159 0
74.12107321687421 -1.864911154532955 0
73.17615402535796 2.945169362202592 0
88.56778278114385 -6.532686330794345 0
72.98700220624684 2.171676887128928 0
75.4591527382519 6.493628995489872 0
65.51647067185981 6.456942768586896 0
67.91105263814205 -6.68637218468523 0
55.87514605522941 -3.667517780432985 0
72.0164792472589 6.916025950913769 0
92.11325078249486 2.005456450300869 0
65.72109888530703 1.489284011340661 0
72.60086610510696 3.495727000157878 0
52.24487788720496 -3.989431561931987 0
68.57383364085426 7.349639516107069 0
66.48474751609118 -1.195138279641171 0
58.91643406059336 -8.533658972731052 0
56.62877172425745 -6.317771266705384 0
71.54589199332101 -6.365616929730418 0
70.69370721253082 1.502864628204965 0
63.89780182772188 -5.678738590845743 0
89.52752578166044 -5.542462243238362 0
94.49111883093164 -8.429881566667353 0
72.31153013784456 -6.14733989260587 0
78.33809810552063 3.732221719029348 0
56.3378272228104 6.6506637666779 0
72.21854166262746 7.707292805462026 0
77.38449225953676 2.735792547810822 0
40.45991636324083 8.468863303153167 0
78.91338666393348 3.181662897023195 0
62.85270209970255 1.371020259026341 0
77.57365017191324 3.509286927544368 0
58.82890485251899 -0.538353171286564 0
54.63611664019869 -0.3126194883880873 0
59.97598441930177 6.973972912203053 0
60.74572200470087 7.218685620050088 0
94.59725629234666 3.448593108769888 0
96.88416460944785 6.990464673590187 0
66.57299166068424 -6.349447754333091 0
47.30458698243523 -3.928270172240289 0
63.70304712484493 -6.449645941981468 0
90.29334460336955 -5.324127092564127 0
63.81492957052877 -0.5065048238312219 0
58.44356867254238 6.539966364055359 0
79.67783425755707 3.404596649679385 0
59.9844922650402 1.252698234890272 0
83.50008622787976 4.519269501237969 0
52.99469986112513 -6.636627895653778 0
66.48550224625738 1.712206596845103 0
57.880809247888 1.357085525186014 0
57.48223941418581 8.422958637920305 0
57.57879260752183 -8.197949737787349 0
84.07536901082145 3.968712764164227 0
84.83982847911084 4.191639533823452 0
90.86533236636217 -5.878105635211727 0
63.23087738300855 2.918025548738784 0
92.75507091447287 -3.935092299704536 0
72.88355701163593 -6.702737274454894 0
80.44228018431306 3.627531354663668 0
70.30755836214901 2.826914688711596 0
57.87395152529982 4.225985794621068 0
57.3058652436802 1.906668160448898 0
81.20672798027388 3.850466202558172 0
85.41511175542132 3.641077415811319 0
81.97117769452248 4.073401522878848 0
67.249907763528 1.935133463180538 0
82.73563115230438 4.296337496436665 0
91.63112701499 -5.659795355487073 0
85.99039754028369 3.09051603368192 0
60.93783694735621 2.249088495492583 0
63.62803786708852 -1.30432295858312 0
60.94572599939347 -0.6215611797025666 0
62.36635782417278 -6.115478005219792 0
72.66311050507156 -7.438430454268606 0
67.139787106277 -6.896108026500658 0
55.76258561032201 7.20110997056363 0
-18.31480797060764 4.952368202465183 0
55.47547725927053 -8.080516437771813 0
68.96783799315185 3.154533331510506 0
-19.36542220298734 3.748582510049329 0
53.87040158574336 -0.5307624920719488 0
51.08563454951199 -5.747137236920643 0
98.51537490239889 -6.567374237189161 0
63.04179825365572 2.144501081412738 0
51.74614636816987 -0.4531414201858688 0
58.6265851862641 7.257755110851245 0
54.20972775157324 6.738586970924871 0
61.03014191444797 -5.776434946804963 0
56.82312390963009 -5.544961507851184 0
86.75451842727746 3.31369433142136 0
67.43904419790471 2.708600917097741 0
60.83499067488749 -6.552731457907115 0
54.52570647193143 -6.200279624268054 0
55.77719497838311 1.461578248110352 0
60.75070762768445 -1.400434920458717 0
67.68259586164943 -7.405374008644553 0
94.32550395505154 -3.502826921637403 0
92.17101427352522 -3.375385748623635 0
54.71949243238311 -5.428159878470461 0
60.74879035642876 1.475649226784437 0
52.90251290693517 4.212480239964323 0
92.20310419613004 -6.213810657250176 0
52.71323066062493 6.315357351233956 0
67.6281550166877 3.482104195754579 0
103.5784919200227 8.22471177383907 0
61.31470232709607 -1.966451988676084 0
97.66389179035977 1.466805104604852 0
92.96891707598681 -5.995464535433507 0
66.28845693332799 3.809723369677439 0
50.90039699811123 -3.656754931966031 0
51.83328255216706 -8.407257374205249 0
53.1884162252198 -5.864582113771792 0
-18.95924389443199 4.238361304951436 0
-18.83139112033837 3.944983637510619 0
95.8480762083335 -3.02294876282129 0
46.77844218102502 -0.4611336395817739 0
46.97114631133677 6.071397874215884 0
51.18524825750383 2.993722895496031 0
99.76980999277642 1.362219326857362 0
96.89159768572785 4.117919412382109 0
50.80693515852958 1.447503112966045 0
93.54087389967711 -6.549337352565009 0
57.39510551206727 -6.098775649617714 0
49.72116095983717 -8.247302437178108 0
103.2452084635684 -9.349700298410909 0
53.66670953732458 4.435323485115342 0
50.22420522365397 4.86720437027549 0
47.94137057275724 1.329137206250761 0
98.33095330290053 -4.467070776522363 0
96.42021856121062 -3.577122928224007 0
104.9473512230235 -0.7308232409505204 0
44.88022825213476 3.30455209369243 0
98.29378508710838 -1.713688345853694 0
94.79367512643887 1.348011928682109 0
104.0243243400555 9.358295787834054 0
104.3293674552304 8.57670061264772 0
58.16113587374372 -5.880086203737064 0
104.8113310664774 -9.315066043099733 0
-18.53654831320905 -0.445732610027511 0
100.2419108916214 -5.35742088237204 0
99.37539977235389 5.561021007192839 0
40.9665025262679 -6.476618732005927 0
35.44101956752666 -5.904792250771845 0
58.73223674549106 -6.434908149174766 0
94.30664609532712 -6.330889434853503 0
98.61861087668679 -0.3650058029196186 0
45.95008180617278 -3.616349904356395 0
102.1574107201753 -6.260738323620921 0
91.54623912730608 -0.3175263291344195 0
59.49794065446055 -6.216317110938893 0
54.43734369084451 -1.123036896037188 0
37.34101278672773 -6.792910351594087 0
95.75481409744624 -0.5262907000312397 0
99.9512650393994 5.010116358783604 0
60.3626296448881 2.799346628170788 0
49.64918163166206 5.417330226386003 0
42.00356884842353 6.056621854586943 0
43.1400526913181 7.817918626113573 0
94.50052528610352 -5.558729786871534 0
49.74873763918906 -5.411353940993685 0
60.55168718870799 3.57256961957698 0
21.0071694792788 -5.746605390846605 0
44.01895153675112 -8.568114085253072 0
48.98357438202093 -5.62932435361856 0
107.3815474880651 3.606082712169774 0
41.91789510387671 -8.352701557234537 0
107.8080992557222 5.146138745815139 0
44.10506108797999 5.952565953053188 0
-16.78699843630196 -1.67632180619048 0
45.84048256286661 1.433143712479061 0
95.26645697394909 -5.34035156569378 0
107.2520560663338 -0.07928455638985983 0
23.71995561895323 8.157360926103513 0
39.9222015671411 3.284657067936127 0
107.9765508412648 -9.237993818992551 0
106.2831722415409 1.819215888849313 0
53.76021289149409 -6.418440931157483 0
97.46711065913276 3.566847070217825 0
48.78930214218602 -6.401254178107307 0
95.55842938752893 1.571417352257005 0
-13.29917095038793 0.1755200038130613 0
102.4444387823073 3.579664810119524 0
98.52484275741277 -3.694272708860857 0
51.57088232252931 1.670668748619936 0
99.17737844779518 7.651617092311184 0
49.8373483712141 6.193909670226623 0
-15.38249866090429 0.2972181687444311 0
43.26837751469699 -2.95046553151769 0
100.4065072052421 -4.630296028447795 0
60.0694438396584 -6.770645979149615 0
40.99024494216966 -3.603372787589221 0
37.04194067992187 6.038992589958473 0
95.83844207608531 -5.894494594269824 0
106.1063079807643 -4.705862382581023 0
5.636280168426331 -6.87865894357617 0
52.33504774821976 1.893298487278624 0
54.33152533760813 -6.970880998011007 0
60.64123163419391 -7.324363021512533 0
-20.27995515935633 3.958566575648568 0
60.44755429431616 -8.096934959538084 0
47.4545512841724 -6.063551085396747 0
102.3789053290579 -5.56677972234455 0
42.97855957718095 1.313926005900958 0
96.32903462626706 -1.07068426060771 0
100.1484021659511 2.910896994921039 0
54.14123704179572 -7.730605214746901 0
39.81725323637555 -8.234196650537436 0
-11.41724182244538 2.695675722508724 0
52.90994683929875 1.343113018645582 0
99.2868871904777 -3.481162571653467 0
-24.68009418585773 2.116777508602138 0
40.88190370756438 1.417114852763781 0
100.9052251114387 6.007402562428393 0
38.96659442288891 -0.5631677232950585 0
104.7419465316915 4.250395909448803 0
48.31903175702945 2.874739992076451 0
39.14034374881744 5.936158641633797 0
33.16452475150465 -6.546691061993576 0
48.49864390021133 6.518837646247802 0
107.3940787218809 6.471062634543876 0
-14.73605225464581 -1.588344929857091 0
-15.01301068253787 -1.529957599557175 0
96.41086155078938 -6.448449040750639 0
46.60369128955265 1.655846925675136 0
34.98322075971515 3.256422479294067 0
47.74453234082019 3.424517094955766 0
107.0479378127064 2.043482445773946 0
-5.544793121601388 -6.282711111597187 0
11.79312084931404 6.737079038652761 0
53.67402903203264 1.565932694095066 0
107.9387211064188 2.294073428367853 0
40.66577540000083 6.381845253777012 0
-20.76084749132745 4.614096056672883 0
-16.54342402845602 -2.495782699537517 0
53.86307403047178 2.3389694006466 0
104.7365588410789 7.131535465015095 0
-16.82827611197629 3.517136960759673 0
104.543691140478 6.352058822318601 0
78.42195765223556 -7.30489597018641 0
-8.02649645949821 1.301181061234342 0
54.81656120135348 3.33486196357359 0
54.05218009153644 3.112018971594035 0
47.36701659064266 1.878466868862266 0
-8.032698366790973 -1.320782577860778 0
-7.982675698107025 -1.764317700673648 0
-8.237877279239278 -1.481724404160866 0
55.39122697257616 2.784816092472699 0
-15.84545487755725 -0.5981955705398863 0
101.6702405198235 6.230662820716548 0
55.96613400932351 2.234460883208761 0
46.40623822714132 3.750893843127158 0
37.53314920561319 -6.024367267324638 0
-22.39779223457765 1.129238771577173 0
-10.88223956660868 2.576999261461049 0
-14.71897941821293 0.5817821827836452 0
61.31280636837528 6.663667880492796 0
38.02884869001356 1.29694836097437 0
92.3033409756702 2.778205743722386 0
34.18544434501092 5.915524948374749 0
31.27608726170635 -5.662154247638745 0
102.4352456390173 6.453613451821965 0
34.03684518670181 -0.5671672422753026 0
-16.00506262225518 4.478267265820852 0
-23.56606410320813 -1.200256204591984 0
29.43818615903243 -1.929432479769192 0
45.63217824512031 6.397664377477615 0
41.64329085737738 1.639038877991051 0
35.94195317463448 1.398309552906626 0
-16.60659390607703 2.931998705594204 0
42.78180155638232 3.407903947867446 0
48.13027915356071 2.101763501922591 0
-10.84399180286746 -11.02380977854408 0
-12.94994456909497 -7.018514946167656 0
-22.62412163628256 -3.66652558936169 0
19.02303024194861 -3.748726575259525 0
-19.19599280169984 2.363822303633284 0
-17.54715466473254 3.928246191874456 0
35.70668917866995 6.362229833710383 0
-21.49562661339488 2.108710608390765 0
-16.91841847456053 -4.068645510167173 0
56.73085980144865 2.456924830773626 0
-17.33063283985672 -0.04168074850114576 0
103.0114623930326 5.902787097311744 0
-18.0668496714339 -1.816227699692798 0
-17.8664209188759 -1.634332717230115 0
34.87401626622484 -5.353509114828349 0
29.47191109949618 3.804760540968922 0
21.4995005544305 -8.878227943436636 0
39.33160107010944 6.703629149857696 0
-16.39503567603371 0.2673388688106745 0
57.49494782275066 2.67973460744729 0
-17.8864426616413 1.434404728796881 0
44.30500769265872 3.855069614065548 0
58.25925854785876 2.902850965881916 0
44.29350967532241 6.725541973855168 0
-18.81912165248358 2.813843235565701 0
-16.116180102284 0.209573619133954 0
58.44831719950138 3.675832649434495 0
90.19821430833302 2.88260160728501 0
42.4052946495935 1.861914400611723 0
32.47224136319223 7.533339694037029 0
-13.59248627433673 3.443856695045078 0
-13.78123927021747 3.205894462896862 0
-13.66494572476902 2.920031796654419 0
59.21275615716904 3.898900707978053 0
103.587846080291 5.351723793205455 0
44.48247598328057 7.500506957463152 0
-20.35084540126779 -4.589818902313103 0
31.1225061388232 -3.580873170461746 0
32.09390602484899 6.013541684224216 0
88.67283291472525 8.138243469243671 0
88.27626787234057 6.631371089922064 0
87.32214164852111 5.63514162939808 0
89.04124279010281 6.856416298127463 0
-4.561480181790591 6.978065612909182 0
104.3542220487812 5.576569823470469 0
32.05329734440361 -8.272705382708223 0
-16.59439309532022 -0.6984565202313159 0
43.90698002912131 8.048172055878537 0
34.6807794822353 -6.118873949017959 0
100.7235785336777 2.359522576537505 0
33.35656481843031 -5.781876742320616 0
59.97668136419124 4.12198755665541 0
-5.907541542899796 -5.963346171627291 0
33.10820847555043 1.275756676315728 0
60.1659137729511 4.895120673984747 0
-21.9521068354266 -1.729885232314961 0
26.95592653763619 8.04635681718414 0
26.01890694414668 7.103271186871814 0
60.93017144577401 5.118495300286493 0
100.5346927161112 1.584629149517452 0
61.11957981148711 5.8938057591604 0
38.10428023872478 -6.574711177757248 0
26.27238664539694 -6.285360509844388 0
87.51951329909858 3.538209412764829 0
-19.43776366938619 6.05411735352271 0
-19.36217995764281 5.724611794616626 0
-19.59176702560293 5.477407450640183 0
-19.10730719627633 5.982295040977469 0
39.71835566332227 -0.3499572990100763 0
34.37184908398155 6.68520123393241 0
-8.861938376409769 3.387393467283764 0
-13.57446087706671 -0.6338852008266398 0
29.1599648181674 -0.5621077362368122 0
-22.27639065389938 6.657447076920275 0
-18.64179323847675 -3.797851013927211 0
-18.47092543154436 -3.571529434744633 0
-18.53958272750678 -4.077734287291246 0
101.110117257745 1.032508726999966 0
31.04054097757966 1.37387753084651 0
-19.88869500800838 5.55625600186 0
100.9210043787024 0.258728789149077 0
-14.06102548140989 2.709829124331691 0
36.6997696634572 1.619545257307833 0
87.70857801634851 4.312321055022657 0
-19.9382874154849 1.482572382174781 0
88.08683807245805 5.859022244688811 0
-20.35236075980789 -2.181346440331863 0
102.8385181831521 -0.6230552029085011 0
-13.76382968850483 5.788510006584416 0
102.6496856743216 -1.396818615101648 0
-16.97375632515021 -1.127040034728569 0
42.59347193741368 2.634401329232646 0
-17.73633349452916 -1.215681150248164 0
37.82789191321403 3.399545613480187 0
29.89361826758666 -0.3555680449396254 0
-21.08196446401539 -6.27823328903654 0
-19.57147001475192 -2.84094838509788 0
-21.57268506860603 8.325948577857705 0
-12.74812022908383 10.26022188928005 0
-10.1166832425333 8.923175675981666 0
8.938180782977151 -3.281799447478706 0
95.91291559217439 8.848819975514315 0
104.3786892068406 -3.05217216289313 0
-9.546030380835608 2.856576703294198 0
-23.80562218011017 -2.84562460283395 0
28.44835261443814 8.472144955182598 0
32.2790887328945 6.781127902063333 0
0.8111858363940871 -9.905698208432918 0
-11.16681890357255 1.906513713757443 0
-20.39560863727796 0.4001600766012262 0
-15.95502837981373 -1.841678431065181 0
-14.10484416357139 -1.958753865804441 0
8.432880706055011 0.07068166781139094 0
101.4967750762633 -0.2935469365344744 0
9.827778129623187 -5.406538356143415 0
29.21025903924803 -5.533198568477608 0
35.13342566446178 6.908192796229814 0
102.2622471012476 -0.07143004904721591 0
39.0587861446779 -5.58957231748539 0
-12.91678802027442 7.513032280513586 0
-11.15902960698959 -0.2121762042013436 0
-23.80057111114829 5.18858646312802 0
-23.60737547701543 5.423416349208296 0
-24.09052114073743 5.258210335687175 0
-22.94043995960181 -0.1584152380764528 0
41.44365286589179 3.732150484807335 0
-7.468316443461495 6.783751685177374 0
-10.20906249814343 4.755079395327926 0
-12.5760012803532 2.969739400257564 0
23.15980508704909 2.438013391715707 0
-21.06885640277886 -8.810294442484643 0
21.9106462859512 2.710278456260318 0
26.29157837326915 -3.561397389057792 0
37.45781137940817 1.841549666923352 0
-22.62611286659938 3.399441987794766 0
-24.6242276674502 2.646666381031395 0
-21.75888706241318 -2.264914778478249 0
43.91564826569788 -0.5548147310553717 0
25.20490900305303 5.888017326846009 0
26.2242822048133 1.331626356717604 0
29.16745587971281 -8.380904717778522 0
-24.43175082187449 -4.014836489183763 0
-24.12046631448683 -4.078457852617459 0
-18.02813549190164 10.25770732297718 0
-14.64236851292987 -4.437917702829462 0
-8.856045700599333 1.404494593210947 0
-20.2494155420451 -3.249700818388571 0
-10.4595515032574 -0.80755429431788 0
14.25690666000166 -0.4434162225560987 0
-8.890960520026804 -1.227592672181481 0
-20.41180127276328 -0.3412836045635854 0
-21.16473792362479 -10.80425970302701 0
29.95916836144014 -5.325872835410644 0
39.82223254949955 -5.373013450745943 0
104.5681850536657 -2.279256563063541 0
-23.66037162745428 -4.76034859379426 0
-20.58288955155419 0.9365428271397382 0
103.2254346807406 -1.948422905581704 0
-19.04989729362127 10.10946206112145 0
36.62566784393356 -4.139177739473479 0
-13.73034875753298 -0.1178342506766662 0
-17.87734090240039 -4.827817732950271 0
-22.23904479900622 -9.191680923501803 0
-16.0438835053101 -1.568977313541667 0
103.9907113229218 -1.726071026229331 0
25.30710824852672 3.114339632051088 0
-7.457047686403736 -5.906430388335316 0
-16.50457852741475 -0.9693835738552344 0
-24.37847791691445 4.310847998187691 0
40.39376312119737 -5.92427578884276 0
-18.52753206204689 -2.757328882686559 0
29.007500536832 -6.301559275201964 0
-12.53511144726288 3.795759004777385 0
39.34556911496611 3.836592470658143 0
-21.0316513436127 3.03459462362281 0
-9.947166275847032 -2.028449724974315 0
17.57491831503538 6.014239779205408 0
32.90106542684703 3.3858023264094 0
-21.38573057629482 -6.181325931005069 0
-23.07751211211151 -4.888100743990566 0
-20.41567491242562 -10.96819254082904 0
-15.29855639912946 -2.226777675542785 0
-10.96121699148041 -1.8479485763668 0
41.15690587672137 -5.708055135305607 0
-11.24315288593818 0.7377805477182854 0
-9.092064515086951 -9.032399884035451 0
-5.021093655121947 9.312676564685141 0
-10.45544772143486 -1.942091282876307 0
-20.1243389450799 -7.735198484880875 0
-13.71370354222202 -1.815022745583991 0
5.285254130335058 7.563358372636995 0
-22.18925490353043 10.82305188996891 0
-21.70383163321867 -0.1403517825028118 0
-24.70923816496741 1.860460672614456 0
-11.47882628153523 -1.747148633499462 0
15.91049515651237 3.746856987906835 0
39.27231525954291 -1.947161788265786 0
-7.777549340128207 2.457017152081894 0
8.092853649608376 -4.17310498025972 0
41.72974462744952 -6.260474661345118 0
-11.99691761964512 -1.659799697455629 0
-23.37289168991194 -6.463084085906218 0
-10.03417855704845 0.7352855911024062 0
-14.82308061806564 11.07922982081351 0
17.30645278773664 6.928663507945678 0
20.27081013967886 -8.514782810926931 0
31.79193713558075 1.591890961432032 0
16.56698708602976 0.3235250699962034 0
-20.1917729702504 6.491569106476711 0
-21.37715496160707 5.576279280731518 0
16.12643757212172 -1.59624947365168 0
-19.80221330902408 10.24583452748848 0
-22.34240780285609 -6.867873262207602 0
-20.82745543897035 6.620704536691359 0
22.48262125680777 -0.4254439012709095 0
42.49270417350701 -6.043208607541293 0
-21.21861537923157 2.812329664869643 0
-23.929437968655 -6.348564859026749 0
28.68875373007926 6.41846657354047 0
99.35293748295103 8.42203081300366 0
-22.65921240927173 1.184558417468821 0
104.9544651161787 -3.603867218228729 0
15.71245353097423 5.393783955254961 0
43.06642346757737 -6.594188844995188 0
16.03344804306024 6.539026823189166 0
-13.37619304256584 2.862789849386132 0
-22.95821886851284 -0.8618167080711188 0
35.32225478414883 7.671360138042726 0
-17.34522741625184 -3.797572455206829 0
-24.74887288050812 1.362552896217716 0
6.726146830526001 8.765429888491571 0
-19.02600544781569 -4.27973400040089 0
-16.85661569890398 6.122889991741278 0
-17.71900440778915 2.394063762688026 0
-7.558530355526424 3.114992317831233 0
-7.424314434683376 3.333276234648835 0
-7.70790744409554 2.694797479174648 0
105.7199339035484 -3.382052355852586 0
-21.90966071262845 4.56687967752972 0
15.3851474475859 -0.07403655237026389 0
-21.03249461189911 -2.201627271117354 0
37.64390329030783 2.615328564792976 0
-18.91884712947953 9.745586522940952 0
-6.868851250388929 -9.263617034010476 0
-9.171427934798707 2.352361092586396 0
-12.18752607560733 1.845290546888041 0
-23.75724622802316 6.646818522963454 0
-8.577603356724307 -6.838771540226584 0
9.960715412413064 -7.335201823115104 0
44.01965584879191 -5.606998202396026 0
-9.632738491315326 -4.396070585314177 0
33.92273054744805 -6.332273156022795 0
-8.933451489521001 0.3507402204660328 0
-23.73693968005452 -6.974696694199591 0
-22.90873368438031 5.026981505398898 0
-9.695091538627995 -0.2123312927037011 0
4.919866137459294 6.822323059687787 0
4.679453499542703 6.988913511934176 0
23.4065944135721 6.660868498543366 0
106.2962743400207 -3.933938658723414 0
21.98061969458664 6.194360714201456 0
-9.532839297112311 -0.6945270915209365 0
-0.04784874169345368 8.42597522261487 0
44.78477666392861 -5.390207696409069 0
102.4472256666137 9.3161508237643 0
27.7259598114573 -5.949526562863593 0
22.96208522412917 -5.857103569643125 0
12.89035723734355 4.481432462811304 0
23.52796500549764 1.197609367178833 0
-24.72556196911938 0.8489694028024599 0
-7.232643701159338 3.764327818171262 0
11.00967185131191 -4.334762903549035 0
11.16161764644467 -3.885932134918497 0
25.15521274571987 -7.969994494359086 0
-22.59097964713088 -5.523698324524602 0
45.3590182828996 -5.940089062794221 0
-12.04134297275444 0.886315283081469 0
-22.97084071539523 -1.569411963307856 0
-15.29342335139732 3.216193331672538 0
-7.328859229289564 -3.53687758208784 0
106.8664135829641 -4.474022379251248 0
-19.27324236796975 -2.891109839590817 0
-23.02459822369704 0.08949967486637882 0
-19.84011714061275 -4.409531838942852 0
-23.70325101664704 0.6835099500211249 0
-22.49979947029844 0.685178224997165 0
-13.58381579692633 4.282073273013305 0
46.11958599786203 -5.723477193544548 0
-21.68733198530431 -11.34067897976388 0
-23.27190306340883 0.8364264802221475 0
-17.06288736624235 2.019583069449631 0
-19.44780545470046 11.22966079221042 0
4.449807500936574 7.155687846279321 0
-15.05825632988883 1.63031489449039 0
20.59844090828833 -0.2732175386585429 0
8.760398787782519 4.389206528863228 0
-14.67931521116674 -8.008316943959457 0
-15.54827367419308 7.107052036032157 0
15.34971838850862 8.606344131378766 0
-15.59786224970385 3.277018100859074 0
-8.816733494256734 6.197698576201751 0
-23.15662439832975 -2.495817658359137 0
-12.75242613847998 -4.004027179330023 0
-14.91851552067767 8.27679394660999 0
-6.939951801389821 8.475025588369487 0
-7.247473776195458 8.57799154212424 0
-7.243440146060241 8.949312602884129 0
-16.50210881796307 1.909415570940173 0
-21.80315143296317 -7.5158586590723 0
-11.98481385759695 6.6278344233561 0
17.7114148357689 -4.147924604376158 0
-7.65230451274986 10.89255368169831 0
-19.52432637779341 -10.46807048484441 0
-23.36907866720027 -3.43474261401262 0
-22.91663225770813 -9.142261555209368 0
109.3162236772794 7.999999999997534 0
-18.35113625445383 -0.2028298313180531 0
32.54225071673799 1.812673739780398 0
-8.178652345396394 7.249412713019617 0
-19.3183621616466 -5.085585641391414 0
22.20651134376924 4.250861806110207 0
-22.11419542724087 4.338389581000679 0
-22.86068837372705 9.190606927593656 0
-17.96839344567183 -7.197043623481389 0
-17.87035169233508 -6.606218385482213 0
19.07829667934489 1.153980582008173 0
-17.87994559278595 -8.515301516815951 0
-18.22521748814934 -8.438462034412588 0
-16.69308705576931 -1.183949965124088 0
-14.51864215441769 1.522578615529361 0
-17.55053893444337 4.771540548723521 0
-23.82262202385435 -1.139886991817533 0
34.78322856042755 -0.3559913152042957 0
-12.30398859055742 5.745540575745844 0
48.88126778659853 -0.5469265068517064 0
-13.9379696883413 -8.158648916093949 0
-12.00134653008266 -5.293620538242673 0
-13.02180607698176 8.89811602255781 0
-14.2132234086029 4.410217342664879 0
-22.73232578627345 2.159303383247575 0
-21.59383682833974 5.332238940437411 0
9.179633986954169 -2.342664068563265 0
-16.83279914339152 4.348047977386567 0
22.77703113685683 -6.575812008276625 0
-22.34052482409617 10.48152613974756 0
-22.1226115327558 10.20171295636479 0
-5.995968631769724 6.226729331790595 0
-16.21047052991808 4.231973927010635 0
-13.18959639035992 -8.309828114275383 0
-12.19917864861829 -7.16225455097155 0
-11.84577639714058 -7.220084172926282 0
21.6045723002922 1.267002722414441 0
-19.86115967595271 4.404319891320825 0
8.647387131463146 -8.255082684081563 0
-21.84063840818098 11.49359968022191 0
-17.85755670889788 3.987338856619591 0
-20.03380344560387 1.750714460628026 0
-20.4080139372538 6.243031011002574 0
-21.04569717218653 6.372821732109826 0
14.95218885106538 -1.777378981468894 0
-16.50141013521425 11.43748954179085 0
-18.32944596329057 -8.079260196249805 0
-15.55265572174101 -5.193836179160823 0
-13.73323108720165 6.722820002206308 0
-6.588476495611359 -4.754502305857253 0
-6.884263797632608 -4.420681387562989 0
-6.593220612241699 4.766667820848551 0
-6.711520362235507 5.001375688242923 0
-6.447802442999106 4.94718768270772 0
-6.871767952397358 4.395094695958187 0
-19.7544061235449 7.003524490771883 0
-14.04098969074359 0.9570704202667143 0
-18.21275082516375 -6.538088826455899 0
-22.37987480185243 -4.491674035466721 0
46.69493117986683 -6.276411944235244 0
-17.33720107061248 -5.513675416607743 0
-17.00687766735139 -5.579563687922295 0
-22.90416293474982 5.848790769001167 0
36.49527032200335 3.703136781827667 0
-22.7928040377114 -5.75333045094872 0
-15.4118218809894 8.709411938526356 0
-12.44259612288477 -8.47399442639723 0
-9.127929625986534 -6.161497923605904 0
-19.27566722194846 -9.180634414172852 0
-20.24471194070487 -9.308461977233 0
-10.96050470118336 -3.079382420068194 0
-9.96650317962043 7.995659589889947 0
34.34218667865934 -1.92644867266153 0
-19.85344012608826 12.05525901200444 0
-19.45562206793798 4.879395936420816 0
-18.87964017390163 -5.482733076776291 0
18.89962493827786 6.509242605769145 0
-9.258453960294242 1.926851066744382 0
-9.492292642346273 1.985839611511982 0
-15.65365649978393 11.22446279099552 0
-23.74329358405564 -1.394379769530791 0
34.48877365936661 -6.881510237532619 0
-11.38943096574184 4.185842766542627 0
-18.95627643636321 7.458521778797199 0
-10.99479375422178 4.649242025789157 0
-15.89699899208906 -6.095812181256481 0
-18.43314128375111 3.264686884788883 0
38.13156664379456 -3.700464881975519 0
-10.5474031895866 -4.178132083693028 0
12.76298964205132 6.606456466108201 0
-6.169437618647516 5.318952570680298 0
-6.483886922783403 -4.982794164352279 0
-16.17500588401769 -3.643257311093099 0
-16.6264394310905 -9.091114413923295 0
-16.1879185424255 -9.277533913049384 0
-9.973965759548973 7.0585814553464 0
-15.77902069354763 5.59478570864964 0
-13.26957198034298 4.218675985976471 0
-13.77272669489985 -3.564061510364466 0
-19.03986047353083 5.365048238651294 0
14.82028672627097 6.158055839984415 0
-13.99029208342361 4.648002411531834 0
-16.40835429971739 -11.11193495750015 0
58.25842678267423 -2.889359031008687 0
47.26292063694198 -6.83016930996956 0
29.44037149824047 6.645517334958793 0
-8.565938167556949 3.344137076387305 0
-16.76625981385522 -7.736965411812606 0
47.04835191191118 -7.556016732179207 0
-13.17887195517194 -3.675549151363397 0
20.74630874718831 6.459165962928505 0
-23.62739565476543 2.579425608254777 0
-16.95378998918926 7.384810327611849 0
20.71350915730853 2.945634035670363 0
-11.5055289001843 0.7867147020361945 0
-11.43192403927536 9.617897162276137 0
-15.30422556412973 7.376920493830755 0
-16.67577348249114 -5.643216224791698 0
-15.31268296205359 -10.96658661375354 0
-16.35527845709215 -3.06024121004109 0
-21.60560679111146 -6.418413877882558 0
34.28189731334206 -7.643725567141444 0
16.58688866142308 -8.541444430914723 0
24.40769468563247 -5.449435793911118 0
-5.70270781168005 6.856151042154281 0
19.22651664862597 -0.6655712989215726 0
42.30783099556243 -3.963797155222089 0
-8.916209037607546 2.961877529615232 0
-4.274667598187916 9.255673095087628 0
-9.43642272334322 -2.11398246447341 0
-14.73691528804368 -2.337442634441013 0
-17.76843618415031 6.921572190988422 0
-23.80897767975138 -0.4526319454351305 0
-15.67013411922459 -4.30545360398057 0
-11.8673370618375 8.654735332451585 0
6.464761819288904 -7.0985055584299 0
33.37996723397175 -2.933431817714086 0
83.7371747339061 -8.613918468857278 0
-11.41842537236208 -0.161693997720542 0
-12.94986462691623 -5.080707568275752 0
-17.60769697466398 -8.220976484322367 0
-22.55408877589321 2.366995061281187 0
-5.499721779743528 -6.025272151800048 0
-18.7500247645915 -10.63368008653749 0
7.241501850508353 -10.19308102811316 0
58.27693488344659 8.586207331240756 0
14.58616893419262 -7.277072956738168 0
16.94331910136277 5.798462096110684 0
-13.40308786892446 8.98115343429992 0
-14.32686750405745 1.738172574332297 0
-15.66885162375107 -2.668276537303566 0
-14.53332541242502 -2.887058759026528 0
-14.17864919848517 -0.9739428910505126 0
-17.97579711210982 -10.79922561791469 0
34.40309504875285 3.811694420688386 0
-14.53303615445721 -6.37110764938491 0
24.19900958034881 4.146430368457822 0
-15.2302986855719 -6.236157179913341 0
35.50356128080958 8.398613499997181 0
8.082037915853681 1.046845756977688 0
7.99681770879606 1.522056601593454 0
-16.80785673058512 -11.01235570326574 0
-13.93660485904089 2.176432862768165 0
2.412576950606932 8.332852430094251 0
-5.128918613401277 6.302958708016098 0
-5.50304748729213 6.028176620780785 0
7.789099374516576 -2.484671689909511 0
7.796650845115036 -2.727534727902336 0
10.43438716907106 -10.19016432941304 0
10.87830215351323 0.3052558473831458 0
10.9396439866931 0.7391323162559192 0
-11.35129499927496 -2.78092339061196 0
-4.40907451466791 -7.161438490029762 0
-8.389215660420367 3.52908048692502 0
-10.89546011699058 1.13671008985743 0
-12.83900958315795 4.697613139407894 0
-13.91318945813493 0.4062778876127656 0
-5.980465894084187 -7.251239615211656 0
-23.0059053809477 6.152826911109835 0
-10.16363722578351 -9.190375933901802 0
13.88294106647835 4.231739174589341 0
13.49290713057654 -3.734969187984816 0
-5.133597476958335 -6.314820769703752 0
-23.35609902071771 1.081285110748225 0
8.023160447869671 -1.516657207921674 0
-15.28624255938699 8.351712598817551 0
14.40170319020893 0.1167374737880577 0
-14.29207846911526 10.62052491975594 0
-13.14494125941339 -6.614575173801183 0
-9.884692676624448 5.859756597423698 0
-20.12800525111604 -9.662931001539603 0
32.72487215985895 2.586239265612341 0
18.31438679900668 -9.235102783348893 0
7.364723598265106 6.147241597914493 0
7.610300575789749 5.905592294517506 0
-13.63896473390012 9.745706320839885 0
-4.386719033242047 -6.888360953713874 0
-4.759431840279201 6.5869599305194 0
-4.761107507076401 -6.603021348359677 0
-17.63804438992011 5.0432687783914 0
-14.51121730134431 -11.12249037728683 0
-15.07694728580713 3.45042629375821 0
-12.79019985604402 -1.508097544111069 0
-24.79369654739802 -0.3611157295713888 0
-13.83398500847622 -6.502711410716699 0
-11.09906345182104 6.704479394032948 0
-22.71933265447559 8.835506386956197 0
-8.935993805254078 7.744247901653288 0
-22.07241295242691 -4.545321512505441 0
14.2581264008836 -2.465644705261024 0
-12.44781083893879 -6.74444947540846 0
-21.31343147383652 3.086844700877603 0
-7.955056684466269 -9.443427021050745 0
-13.13025631368691 -9.781179102407952 0
7.176649146310929 5.526572446909764 0
2.937918870656278 8.098091043518279 0
2.947390921034423 7.793080880794581 0
8.26764187744722 -1.416613767253577 0
-11.36028907995277 -10.51546305957734 0
-16.50573519282353 -1.733112133334163 0
-14.23110005294992 3.553194494008312 0
7.57369796229138 2.919254368017447 0
15.97368485322526 -6.340628602041927 0
-8.824509543036221 4.835515851017127 0
-2.108860084038387 9.787134647656503 0
-1.784322966092968 10.02432673635404 0
-18.24481373782025 -0.4624619785907637 0
12.72758603383789 9.407107875483376 0
27.57306873920685 -3.896456364238113 0
-10.69380012493523 2.776128311345545 0
-7.780841776142463 -5.880784765562255 0
29.62023652028939 7.403422281387837 0
-0.7980344380323223 9.860759486037997 0
24.39240879356965 -0.5441784866631668 0
13.5331783568829 -9.147334835865641 0
7.248918629587431 3.751304740930662 0
32.42722117869594 -3.930181979917431 0
-2.449022242458182 8.399241299386658 0
9.201875078038634 9.585865645882661 0
16.00654418844929 -4.078573205296403 0
-18.71907933864163 -4.32955540442783 0
-11.21543087823753 6.123848566958964 0
12.63632153302071 8.743306455093277 0
-14.42679371470478 8.85186854773225 0
-7.873418606512598 6.334273918230679 0
-22.87801359117909 -2.550335272422178 0
-17.42603302337537 5.935637351474008 0
-8.925613749914314 9.756001057513227 0
15.13409302806191 5.182860452159212 0
6.597330492783709 -4.767150399644787 0
6.89111637623498 -4.39664177243248 0
6.970922555178392 -4.629958578625254 0
15.31349930699042 3.587960333721754 0
-21.306474726622 -9.076620243392187 0
9.361092447075904 0.7550273144458293 0
-20.95994111597216 5.209998983576252 0
6.446973399906374 -4.946218437469928 0
-14.27589076469451 -0.707579925519893 0
20.53709038601314 8.347783262063295 0
7.247032805136717 -3.765894653528 0
-8.930177032054676 0.9908944532216633 0
-19.84836009435724 1.970261200955741 0
-16.64223851528682 -8.087775322932314 0
-6.587969277804309 -10.83133423065745 0
11.50430755719057 -5.473967517329346 0
15.87193514263629 1.590467002601034 0
-11.98502771922114 5.689171373952683 0
6.735713570783618 4.58684259128314 0
-3.761384083009782 -7.263126176018247 0
-13.57140978012645 -1.334007095023581 0
6.448519010811877 4.948424910980853 0
6.185391610918261 5.364481439328603 0
-11.67846942329064 10.42240754819134 0
-8.316270809046152 5.485720210302832 0
-8.567814140154344 5.264799654600498 0
-11.73885608379286 -6.874581575889875 0
-12.41163693230261 5.185810997515618 0
-6.681835382329925 -6.588502338439395 0
-12.49738628395512 9.491653339025484 0
14.0268307002248 7.572768716275828 0
8.400454191815735 -4.09019765593041 0
-15.16042613872404 4.594408968260161 0
-19.04657604526956 -8.901712634601223 0
-12.31850640951609 -9.941841611459155 0
-23.45040777139246 0.6322547590945895 0
-3.323867786456581 7.416697396358846 0
-8.737527682172928 -3.298762305436361 0
-14.69624086711026 3.086723595784955 0
-3.977161237272216 7.799934897978512 0
44.11317953130946 8.818798291329982 0
-16.31978908564373 4.535556502122823 0
12.52918053238663 8.15308370166389 0
-3.320239810517974 -7.411088586376638 0
-2.902687832499406 7.605574052496526 0
-2.660679826371962 7.938915423849159 0
-18.82201495496525 -1.924088528355295 0
-0.1204147045447115 9.931619283392337 0
13.79943076187005 9.207758211153102 0
-20.04661186457719 -4.65018464297665 0
-16.6005143200354 -1.45786791898424 0
-8.250577421999335 -6.89013937682796 0
23.69702177810853 1.92604753087598 0
-7.924921386443059 5.881273936056748 0
6.167193908897429 -5.319170973487206 0
-22.60691309072302 4.972939291677109 0
21.76473055593839 1.984886732695894 0
-2.894136981357784 -7.595135025116792 0
9.56122385501998 3.395643228486461 0
17.87274219807792 -3.50816844189608 0
13.030251524393 0.6072418929597025 0
-19.21018334359258 -1.616276783616629 0
-9.490758521668834 -10.07506563902691 0
5.512728853403959 -6.022594495050375 0
-12.4866580607422 0.03541455311990284 0
-9.727078495312531 -7.250163908680101 0
5.592895223246265 -7.845410806153915 0
5.326497659061957 6.169792925010126 0
-21.99688021147293 -4.040545755467546 0
-14.55712317572829 -0.6336629339232399 0
12.84333979347776 3.826059945713139 0
-7.860826692852644 8.436080594766429 0
8.414213855399955 -4.947138679595692 0
-1.755655746042483 7.98686656283277 0
69.00621712433616 -9.340511641727376 0
-3.983695910173103 7.404038454986463 0
31.58221266303961 3.645128491966144 0
-9.497823427927859 -7.933006209885616 0
-21.1991674416063 -9.424129367535782 0
-2.464264547069871 7.787123132829784 0
-7.089082213629252 6.45206271400122 0
7.677246437821972 3.391221679977036 0
-4.673066298595311 11.16684814977872 0
4.950762737458967 6.45195961437728 0
-19.60085471436671 -1.29094401287177 0
-13.5611910044902 0.2308579849447365 0
-1.751690611835239 -7.97207783574285 0
4.422608904774719 -6.878772810162538 0
-10.77055828510572 6.629315000190151 0
-8.029396632482019 9.174616139879978 0
12.06348060862348 -8.384450240289848 0
-12.47022469934685 1.899581812116794 0
15.11546989604973 -3.212943952630603 0
-19.42649072938879 10.17433606058227 0
-6.429757594449716 6.801981757698672 0
-7.747620682962864 -5.370721664921684 0
13.79693749208448 1.531447263178699 0
-22.76520409280361 0.03853736767331997 0
-5.002937203071269 6.888703027169208 0
-11.67861364810993 -0.111284893653877 0
-22.78972272108866 -2.088042401628847 0
7.778766567707496 -5.035778829432573 0
13.26403827443056 -5.989025019333396 0
-8.159738268970353 0.1481619715495871 0
-9.183618088087822 1.035341792278312 0
3.75532877456962 7.247064979260466 0
-16.42196419261476 5.73148529416993 0
-4.67469349023363 -9.593871993258412 0
-1.06403578528855 -8.050476794337987 0
-1.521212474856807 -7.999200356678767 0
-1.056236674583074 8.046719488851446 0
-10.19402142223967 10.44587427660925 0
39.52693468111291 7.467952519528146 0
87.42048044225606 -8.240807524242284 0
-5.492549629491029 9.01846627685291 0
-21.45891618744969 -12.14385972005852 0
-21.46327268743453 12.15968487749242 0
8.380911698936405 -2.339503127573239 0
4.582572904238851 6.734481610106026 0
-22.59866526041707 5.839805615355885 0
-7.138588847655559 3.986651029714845 0
-10.82903313808382 -4.423174943785925 0
-20.86073037810198 -2.710533843512222 0
14.68649439350463 5.572354425480182 0
-0.848616248193706 -8.084094510080519 0
-0.3663723093005975 -8.159815700181809 0
3.330296330328827 7.422356699769217 0
-12.85847870415322 2.229692773623095 0
26.67922423485159 3.708468764838404 0
-7.570006643853858 6.293992291656927 0
-21.79110590072762 -3.813701474377253 0
101.692818100334 -9.356209086195582 0
-9.33057513001113 2.165272559340746 0
-23.92163708931336 -1.591873309737628 0
-13.55082641388379 2.637611319901817 0
23.1349507999594 8.697826158848676 0
-23.58090403172806 -1.910291996302764 0
25.44601617407665 3.872241849130986 0
11.6464589849425 8.962078385724519 0
90.49097553263098 9.32391329933035 0
-19.39785548980491 -10.83504922818504 0
-0.3702828542855588 8.156141624428683 0
-3.436094345568707 -10.51026037226104 0
2.696758123744413 7.68714605164848 0
9.65124012914381 -6.988764848190541 0
-17.13662690393575 -4.387913867799973 0
21.44278863297861 6.678452987373858 0
0.8315900762926746 -8.097401536852763 0
0.3658032680199419 -8.163270549152436 0
0.5210720539453695 -8.363376217462752 0
-17.91009967707347 9.887680218705482 0
0.8626518226056712 8.118825403904292 0
0.3713223712884288 8.153806762200089 0
-6.159149139468914 -5.327251797472025 0
23.5011812799525 -6.377500408784254 0
4.017251722179835 8.099747071636155 0
-13.948239970113 7.408698641914526 0
-20.84868647792998 -3.153664297758258 0
-24.42116269411148 -2.445272492247904 0
-19.66176696474304 2.189275662475485 0
13.38560251521162 -7.546479085499629 0
-24.32756191440897 4.5857091334285 0
10.06627122283047 -9.696284441375175 0
10.65368650337332 9.052003000675487 0
-17.31421662399767 5.602508545030879 0
-17.9966131316453 -6.276916843880748 0
-22.40340586299358 5.206444767749501 0
13.5104253702555 2.58289376607113 0
27.23785590518413 3.160987047880917 0
16.13879829314389 -5.716092551869679 0
-23.70193222948273 1.381057877966173 0
13.07120070661536 1.105301821503726 0
-11.34882103939371 -5.430856663612217 0
-13.91257690753076 -4.866359151953286 0
-14.83178615292453 4.535864651598454 0
-5.287731658950062 -7.593860127036463 0
2.002018838472657 -7.934827650012778 0
1.525650193832864 -8.003858583636148 0
1.670183585284535 -8.216935198280311 0
41.06165319175832 -9.335704878057937 0
-12.32535686572073 -5.227596440196717 0
-7.218467968637063 -10.35407930285961 0
-7.94089219507425 10.27258007668522 0
-16.26871464672616 -8.156616650276852 0
-21.4725630534533 -3.856680575066189 0
1.74091851364677 7.961186948673494 0
-21.12837256315549 3.306009686201556 0
71.6615279910914 -2.75788488455611 0
-23.60793152224717 6.309229980718658 0
-18.61400011799901 7.393397034338108 0
-16.37078943220401 7.583538331023179 0
-9.87340433166381 -4.625081017554597 0
-8.298910633592323 -1.150709179450195 0
-18.35006199391009 -1.006392527508239 0
-3.102822105672017 -11.03747055333326 0
94.49911478400412 9.325913606233248 0
8.598119347890101 -7.496618378479237 0
-24.01902805263665 4.950697914341399 0
-13.42580955087241 6.989243397647315 0
9.321581845225591 -4.179114660998977 0
-23.44701413854318 2.789842669258065 0
9.884716145987447 -3.400788911442707 0
-6.423576740667161 -8.659551818201827 0
-9.348146175314973 0.8477790545733014 0
12.04870026556425 4.475843468403762 0
-22.58934124980832 0.2369050199987063 0
16.37172842599188 -9.187910094424815 0
-24.78592316249416 -0.8452774795443596 0
-9.748444528433991 7.311514789888332 0
14.39436291692362 -1.928184550223391 0
26.92130256865046 1.573519336914846 0
11.95969598146209 -5.386223356413278 0
-7.046921877441431 -10.81690420882978 0
1.259707407634038 -8.298919729416907 0
-24.50373923065145 1.483998508899168 0
-15.04571431071744 -4.419512423981351 0
107.2248577754276 8.532400346750682 0
-11.16133991214281 1.184399796263895 0
-16.93168537681438 11.42294973853826 0
13.37226309804564 2.079158234281939 0
8.572622773210497 1.010526744951438 0
-7.994321428053007 1.520570151717694 0
11.37941056893226 0.8970402044796411 0
10.74321833115031 1.089100427307711 0
9.763054485694012 0.003118717319442345 0
75.69294250450298 7.257497426252419 0
-21.32078564672576 -1.360335542654453 0
-16.17933396610457 5.979865711135868 0
8.369883514275497 -6.085655211734808 0
-5.341304793009508 10.48532832774281 0
3.978548616210704 -7.41686939001818 0
-23.26497994146502 3.003641063368673 0
-2.745126497213124 -8.574352542621892 0
-16.75366298626937 4.90088645438 0
-7.521235214855882 8.333096083789281 0
-20.72353784781528 -1.092186861297428 0
-3.71791045969485 -7.520662573862553 0
9.271445659947005 3.625359157116671 0
85.31426091853611 8.631156314658581 0
-21.24323790415801 8.258131871134875 0
9.398773105177952 -8.705940651299485 0
-18.72621825351387 -2.200819132805701 0
-5.066944904066375 -9.53448335922444 0
-14.42216129734784 11.00859038895069 0
38.25015468270107 -8.663830315324232 0
73.67042225457091 -9.300316324970224 0
4.727384718122151 7.259822267089487 0
70.91584836598163 -8.651120890701989 0
0.8184907075277871 9.237056100333275 0
8.488341017261529 4.580141723853125 0
-17.19732714881246 10.11912626864935 0
43.32005989342614 8.586131097997473 0
-18.3063159954538 8.906822227372473 0
-16.72553761492191 7.652406718853693 0
-16.23086950967595 -1.781488527749369 0
39.72513815693207 8.222040510239768 0
-2.633662709952748 -8.862284024772739 0
10.96502282361958 -0.7654908961857688 0
-20.33611133558251 2.600661094281749 0
10.44537534988964 -2.590648113480191 0
-15.93796150502996 1.787297572142433 0
-24.13731530782522 3.943827933099 0
-19.01636973083346 -1.382353245664106 0
-19.47417356115041 2.411204075152224 0
-16.63549494787454 4.595573955453147 0
-11.21359844954691 -5.756833232433543 0
-21.41292777420949 -3.36680847600898 0
104.608693662646 -7.931565090584742 0
-11.93972242669822 -0.06159955286803107 0
-8.900678536632833 10.91013026017863 0
-11.15370178733845 9.926232633683831 0
-8.696976421852458 8.001698448095469 0
9.187996205290396 -0.9520345569349721 0
-13.25890934640217 9.64823891159549 0
-5.487296310069345 -10.65203181487134 0
-14.61038556081388 4.776023335395116 0
-21.55904006001911 10.20854698372467 0
-17.3518535251523 5.003434145677617 0
-6.971526024394629 9.50306175828573 0
-4.303388428722234 -7.914558909059126 0
7.9853666320221 5.301142537263783 0
6.521643530118582 -8.481735986588683 0
-13.67945672311412 4.584868014809865 0
-21.14577918925403 -1.164962895520379 0
-8.599642937406292 -5.198600166826368 0
78.24654256305715 -8.09576387759347 0
-20.99691321583046 10.4705196398753 0
-22.5027335638022 5.513914537776478 0
-5.051909373419125 8.226759678281068 0
-20.28136786287591 -12.07176563365773 0
-6.496632957468333 10.45048245372382 0
-8.19972829523484 -9.757094577587594 0
-8.340886519820003 2.631258127303258 0
24.23348498823246 -6.173805427166797 0
-22.41166574030643 0.4399087023374419 0
-8.850439145914955 -4.419388579169571 0
-20.50771064001726 6.555275350227618 0
11.18766734176751 10.14407423582164 0
-21.34581383815831 8.585458493190758 0
78.15596339589868 8.653131530095907 0
8.446415473723635 -2.027008552030171 0
-19.23199220824317 11.49433990569262 0
-22.09497440016119 5.997025916165202 0
-18.99579030948577 -10.92574572444049 0
3.981568852200176 9.354012684409538 0
9.962950546310752 2.29167415705929 0
-18.26046445157198 -1.283558613452337 0
-18.62657952898397 5.85036034449248 0
-11.46712638163697 8.561351613630618 0
-13.14021199957472 9.273550008239507 0
104.0475633501689 -7.197717296641884 0
-4.833041827718294 -9.217350489331341 0
5.511718834526756 9.65242264105232 0
14.61614273902822 7.773765160595015 0
-10.43243487805293 -9.489441576406112 0
10.53309089507657 3.055743895603203 0
-2.077077817866918 8.683042021525953 0
-22.52781215024571 -2.131501798842767 0
-5.013638555077914 -10.71325275093433 0
28.30487509346824 -9.330150994795106 0
-8.065488739978438 -7.236179524741859 0
-20.77986065182414 -0.7478031489766072 0
-7.988476447844619 -8.169883827930745 0
-4.985735648533689 7.896358240634675 0
-8.944465806244391 -2.198619815076907 0
-15.0461521389424 8.63408758408765 0
103.5887816430917 -8.692935875333765 0
-8.20405108829765 -5.533853282655329 0
7.536090554244375 7.98117488756072 0
-17.51189071556803 9.817895704190374 0
10.27134644014565 0.7580282576700031 0
8.722799309407252 -3.028493175874222 0
-23.77424441791073 -2.117608259034367 0
-19.32862192358832 7.857031819938572 0
-15.56911006681462 6.185886842474993 0
5.476354878659881 -8.907491225068789 0
-21.99604157332555 10.52960238081437 0
-11.33369491440482 0.9819574978706039 0
-9.853260448206164 9.228966968835742 0
-14.43542250576043 -0.2024486293372375 0
-11.2382695910087 -10.92149027604961 0
-3.553241636058364 10.4406628498606 0
8.964768620033803 5.678740110410485 0
108.7742744457909 -9.372766186187635 0
-20.36522182882483 4.244372415819561 0
-8.482852926508549 -4.748343870267879 0
7.481738112059439 -4.286669868550165 0
-6.496260659219749 7.058900069202276 0
-9.32533288649471 9.851118990298618 0
8.25645577983569 -3.606116261974346 0
-20.34484149318751 -0.6446215148372637 0
9.569169800186957 -4.459635450299862 0
-13.7578473795381 11.692833908071 0
15.74954830412063 3.176860429921059 0
-13.36542180925128 4.520783051505394 0
47.06098997100536 -8.686660452331781 0
-21.19935374940006 -3.137016753681943 0
10.42512323517975 1.459091420202908 0
22.14351232680837 6.900381683710028 0
19.20027565631077 -3.083008567060794 0
26.96429157118969 -8.858669185526784 0
-0.6732242792556818 8.749805251890932 0
7.784038373944544 2.493922755597875 0
-12.20762954232128 -0.01161601646355347 0
-22.10910240235623 -1.943452904586197 0
-4.107316813756445 -9.284786950969504 0
9.203049632676571 4.891315347499118 0
51.68686265415194 -3.432580792922343 0
-6.696420576760516 8.716964622499498 0
108.6193920456642 -3.303689155822825 0
-12.87796060819634 9.565042643965004 0
-18.63447500103968 -11.01036043867388 0
-3.685334953537203 9.384898866628786 0
52.42380278928446 -3.188673566139966 0
-19.28561671883886 2.631631585161452 0
-6.332227221514874 11.23560542942051 0
6.176858773290851 8.643759104134888 0
-18.91259670364702 -2.427193440369645 0
8.922556513567605 7.162380593476024 0
-15.21494782086664 6.121262012011826 0
64.01696690755983 8.864170233752363 0
-10.30876635289569 3.183935886492195 0
-22.16825749865689 -10.85767824543727 0
-20.87423011040443 -4.772768815199564 0
-20.56752785271655 -4.828306149831368 0
4.407430897878782 -9.295146459087503 0
33.14445174829663 -9.362836926620433 0
-13.09203886447984 6.52299472655831 0
11.87375759196964 -8.938347505247551 0
8.371162722737415 -9.985650269755762 0
0.5285225749698507 9.442348245315353 0
108.8082083276172 9.416063164122614 0
-8.833448145977437 -8.724982204228812 0
38.75887147294424 9.323400500751848 0
-9.779724166033549 -10.39031499341449 0
5.066678301886229 9.021349512965591 0
6.870091338908275 9.72105936001225 0
-12.57289005371217 2.175912476915837 0
-6.903940347476653 -5.024716706487474 0
92.3791551290595 -2.692248314520832 0
-5.826370607087111 9.138552762208597 0
8.627423527467514 -6.408089477744801 0
-20.02414499218426 8.958195927028157 0
-3.77708157914483 -9.643777581818304 0
-3.403618187493955 -9.377596956056403 0
-17.56393756459451 -5.760190264756951 0
2.949093885397295 -9.617260496610943 0
-2.761798449257357 9.715940820590948 0
-6.151240797965963 -6.674477718774082 0
-21.88491119963027 6.240686137301538 0
-17.36268404009675 8.432142588214985 0
48.3687599495105 9.324827859239271 0
-17.02403272241053 -4.676681043362459 0
-17.21320908594372 8.074258636803195 0
100.032898201417 -3.367375766479701 0
-10.7224999982551 -5.541815575318743 0
18.99349202567102 -1.356363766020332 0
7.114826642870074 -6.4979926342276 0
-2.084058275913378 -10.47240054218042 0
10.93944381741486 3.099573471380102 0
-3.066580907823779 -8.526696743741423 0
-23.62992230914634 3.311150043404797 0
-17.92614189935846 8.202432487158628 0
18.51917327112347 -3.309233944391462 0
88.91987179681152 -9.379973859297513 0
-15.24550516693609 -4.654631319422228 0
54.69429732162651 -8.244981804525795 0
-14.54171002524711 0.07319194845879691 0
9.239007083461791 -2.048815379305994 0
-15.13132965016686 -9.325615368646686 0
-10.394371470154 0.3463712088968314 0
96.93462011133025 -1.50785675038843 0
-10.15215803546404 -5.978261813155576 0
-0.752948196598463 -9.686972981482164 0
5.783361067526329 -6.113473410998362 0
28.18769183977435 1.300589726949676 0
-11.89923357595362 -2.669544746134567 0
-0.4956326295271154 8.347907143219555 0
-11.10514140024095 -4.020214900640004 0
-2.51123769945349 -9.843265095965686 0
-14.45484010030991 5.959123141987936 0
52.64942275397431 -2.370011756938704 0
22.85700824099477 7.136233406156783 0
-3.997907069416545 8.062289601661474 0
18.84610769622992 -2.004255696002303 0
42.53045354396189 -3.11604241797966 0
-12.43321299311562 1.166072170626452 0
25.13734141656598 -5.24080191839389 0
-8.924497924930773 -3.490900007416687 0
-7.379539617775703 6.509526053732429 0
-22.93593822653429 8.554504771257852 0
90.50949034623373 -1.270214744847705 0
-19.55655494540753 -7.522596316238318 0
-9.589129394223759 1.561913508812344 0
8.190415017909432 1.635575321729141 0
8.625463839242116 5.986132573786285 0
1.929351400254105 9.811951217132478 0
-9.517073664843309 -5.783857179793277 0
-6.351414445396717 -10.46723544777707 0
6.263096980310021 -5.537064072871582 0
-15.18345765065732 -11.35478155478141 0
36.91391550682682 -3.328482722375966 0
-7.917167723940283 -5.591836977426458 0
-19.095624897581 2.858587791651718 0
32.64925039929958 -3.102699352881876 0
-16.42111268209288 -1.99916180338146 0
8.336114142863089 3.182533364187877 0
3.323714878834543 -7.430893908784483 0
3.197815096187315 7.756105740846232 0
-20.24140804864303 12.08847488009877 0
-14.92305472720449 5.666936777492374 0
-9.853573834679942 -5.732738312182695 0
-1.741816607333824 -9.921295276784859 0
-10.42359750967844 -5.554017158938033 0
-11.28042385495299 10.32983120111173 0
14.73984460525605 8.414770285535107 0
-1.440102657049261 9.845564272444664 0
-1.88960895840802 10.46117619957147 0
109.2352411245844 -3.839198029505751 0
-17.64492110294816 -1.482919917881556 0
88.78760708501781 -2.478215303236133 0
-6.56408226044532 -6.845365564788872 0
-24.77220554484311 -1.09542646199057 0
-17.45547128622152 -6.088185221170639 0
105.1951614768634 8.677527053117487 0
-2.329485629514159 -8.886643034836894 0
25.69808181552443 -5.761590919518706 0
10.30723050270301 2.438539185175107 0
63.21055623490625 8.628960375410218 0
-10.21997891225765 -1.313861185601919 0
49.42618408454128 -1.143326367276747 0
44.45668902208758 -1.141030674554497 0
-18.80696349125596 -2.703994865192235 0
106.381620564595 9.385740105321359 0
-22.45265789261522 -9.435228264552734 0
26.4263015274058 -5.566476951244979 0
-10.07563836221292 7.378695646046018 0
39.4990479103739 -1.145050851711313 0
78.54108838305226 -9.360630314381302 0
83.80662567612592 -2.482810942649102 0
95.16072009188014 8.61635955622574 0
4.540183968798629 -10.57750969326951 0
76.93796674961847 -1.640937405398814 0
-21.22943123764533 -11.82094562162786 0
61.02411031202195 7.965063752120638 0
3.203014594001842 -8.126965869444854 0
56.50990229514888 -1.25477692025793 0
5.640647365803182 6.241732285145869 0
-0.8714316347115741 -10.90046926577367 0
-11.32395652595312 6.450047162377291 0
1.987546396885073 10.25038315612815 0
-18.57395047453834 -8.363431260054355 0
-7.22155784500803 -4.267078888519198 0
-14.8198434591329 0.152758056943064 0
3.777212696083075 -9.632109946787031 0
3.201923857946979 -10.06173933630726 0
-17.57878543679801 -10.8626541313865 0
107.4237953917658 -4.976682385738139 0
-23.44665232353322 3.5379072069583 0
43.50925925920452 -9.380003978748787 0
-13.14608546489873 4.758675986452705 0
55.53282613333974 -2.318525566617297 0
-15.19388223966616 -2.49753691587616 0
43.49349392989598 -2.12447049065891 0
10.9939543477573 3.52189419959293 0
-21.01679780281309 0.04615187189291266 0
48.45990906592874 -2.083372406068521 0
-7.636159730635534 -6.921964315348007 0
-10.47871134800741 -1.263089518404728 0
-2.022305330886789 -8.383224881281988 0
38.54529293648578 -2.09754466165599 0
58.44788389742196 -2.127961979403563 0
-5.261117247278584 6.961589581461269 0
-11.46821332289983 -4.326354392942215 0
-16.74399371229039 9.655014991477946 0
-16.61565561417693 -2.220034612019934 0
93.59218306584094 -9.347386193760348 0
73.88855671460347 -2.640975516352464 0
107.2466473342799 -5.788031344632492 0
19.12915969889821 -5.595734039247591 0
-19.18475422760683 -7.598657718989279 0
-20.28805386892083 6.80431149053935 0
48.2720150593216 -2.884599892144798 0
90.79769846317376 -8.696279535217492 0
10.57165555093321 -2.190203307332044 0
46.31011112204079 8.679435568956958 0
-12.91466487001288 0.994101697989085 0
-22.88510791772828 -7.884804809865785 0
-9.973560213552327 9.627797230232867 0
-15.33422659866384 9.377834463512773 0
10.43412806291689 -7.213129268270461 0
-15.91303253767187 9.876767836832647 0
-24.66412604383736 -2.35792223822232 0
-14.07316313451301 4.955149825939533 0
-16.99617299413057 -3.768853844941014 0
38.35496340162619 -2.900663018644299 0
-0.008765347492285485 -9.720529590543146 0
98.12429683036672 8.713613214681439 0
10.12598949002062 -3.667960201478643 0
-16.41447448791605 9.529133736736719 0
61.02650558798899 -9.461468039648896 0
14.96957734230405 0.2820282042097752 0
34.56421541639715 -1.143411504471995 0
-21.10620542819522 0.2918781941373318 0
60.33191812377578 -2.976699724815178 0
-0.5343922999997406 -10.08373138825538 0
-6.165354010970211 -9.273622678003671 0
6.038541682029981 6.915641727801791 0
10.70229881644134 -3.996524679234868 0
-18.9041103627911 3.081516905083733 0
63.95887841040569 -2.731819999372681 0
7.786826013223331 9.455154042529516 0
15.26859887909982 5.761757487060348 0
26.9982152941276 -6.13208752217292 0
-16.59696595725711 2.166263874909607 0
-23.86961451833507 -5.827773313386621 0
-14.90978611824137 -2.553544428941823 0
13.81812765737564 -8.027278056879124 0
23.01536854855704 7.890933064073469 0
4.43208405390537 -7.503955980118812 0
-23.52713713901979 -6.744515879634739 0
16.319131840874 3.313012746937691 0
3.743395292482219 8.227816716786149 0
60.12269237671504 -3.766519647338215 0
-21.45888684881335 -9.701791267112888 0
100.1173968702705 9.389286736957422 0
33.61027371493941 -2.131494490816697 0
-7.975649587543335 4.56701838846621 0
22.24075038664088 -8.764525770295542 0
-17.82696277424025 -1.88701440231065 0
16.75413564856506 -5.542368856095644 0
10.01686346940352 -0.2567592857523915 0
-16.23696274260656 -11.48412861000455 0
9.952248218367872 6.465841122643136 0
-24.60795518447848 -0.0156590366408551 0
-15.98620044319932 -7.134851671802326 0
107.6383494771614 -1.428518476066687 0
-22.32253013061385 0.8817440825715631 0
-21.39639052210397 -4.977935773982221 0
1.073311231050217 -8.077881087956239 0
107.950127271938 3.109066115315483 0
7.232691189287324 -6.909281366264925 0
-9.877950402998067 -1.11121379041908 0
51.10173145694667 8.687454343815791 0
1.212735259989712 10.2359082030884 0
7.323416757708348 3.535789325795965 0
-8.30728287219037 -5.26898348478348 0
-14.29852750577543 4.713476610600998 0
-7.596511516859064 8.688057675865805 0
-13.58112044770047 -11.28950287195516 0
-6.984178331728742 5.464489809661048 0
12.23354758164424 -0.9480495009226153 0
-18.56880765094576 -3.282569716976841 0
-21.48868150251532 1.382125223840366 0
2.604185562412923 9.818319200861636 0
30.41772586664528 -8.671957066801902 0
-7.265663787543282 -8.229953459925456 0
-6.646791693968869 -8.952480613219292 0
-24.14258351030757 -4.874154277679307 0
53.66922125893479 7.255226835284734 0
-20.15035813748309 4.466726950450745 0
12.08746069999416 -4.90367773492807 0
-5.58505833336381 -9.10223311565691 0
74.23772425709636 8.661799482137992 0
76.15740740735905 -9.392563592619595 0
-16.85946426370024 8.001404348906597 0
7.852233200306647 4.065558765374539 0
-16.80985480956287 -2.437537679135916 0
-10.30650639002452 0.07850660421750923 0
-21.97874493031657 6.584670012918624 0
-21.70944170221083 0.5200442464308714 0
-16.87628291040079 2.223969322649039 0
-4.413211494939325 7.472114848646644 0
-11.81211485587829 -2.92750636580908 0
21.67875820664563 -8.165935686066309 0
-18.46476522746807 -8.712036499762021 0
-24.53277714588794 1.044709300061126 0
-15.53506110066087 -4.610385240478691 0
10.07453844351573 -6.905423631793811 0
-14.57395270937779 -3.403464609679862 0
98.44775741742056 -9.376849246094809 0
30.3083023739154 8.708929080940916 0
108.7056874703396 0.44738389514892 0
-11.53227575186656 -2.982175116937618 0
-11.8063425760235 -11.60470618642827 0
-16.31321261402509 2.110878085046661 0
-10.71514511975389 -0.7552506048322963 0
0.5167959904287531 10.22477804504521 0
-1.519421840831042 7.985599140891665 0
10.63084983661929 -8.124401650419383 0
-10.0332864209158 -7.520675116304258 0
27.56380084545308 -6.752650225054519 0
9.448261310952814 -4.793811109621086 0
58.09195551185122 -8.724630423701539 0
10.26779563301237 -6.452641553748204 0
-14.18054507676339 5.261673405128284 0
-17.33336196156037 11.93324311872091 0
21.38039580818748 3.215295066059462 0
24.88796156508174 -8.677184773107546 0
-18.71006624164858 3.306231829107901 0
11.40425918482976 5.125245833061754 0
7.486910446241479 -3.758212199779144 0
29.67023174320599 -1.141663029999206 0
80.47472956823282 8.675772088908746 0
27.34851696375929 -7.445955789993935 0
-7.002011921269466 9.872772629202711 0
17.29942191458187 -1.244335886341055 0
6.775092267445918 -8.859181261186505 0
-12.15170397076077 8.378299579574877 0
-17.65316742329965 -6.35328425705349 0
5.881888429742617 5.704397128559262 0
-8.797358251851019 8.349396749103063 0
36.29300911507366 8.594343031126805 0
8.101589658479956 0.5694462847908753 0
-16.71835714681367 -2.714411229236084 0
-7.078779417547771 -5.267572985125807 0
10.78864348235714 -7.616374582226203 0
19.70499955711786 -1.111907754093657 0
-23.33644772514828 -8.161330774354601 0
6.694341352270476 -5.649774414192818 0
-11.35996541275467 11.58328310593668 0
-21.77025387720955 1.4600410344241 0
-7.621488900751367 -8.212360145629098 0
-9.268729236800034 -3.194074871153648 0
0.4384342984725363 -8.619224888049192 0
11.51214837137281 1.412995423347233 0
-16.96868309283564 2.495194473747178 0
75.46473123924396 -8.046361404928041 0
-18.76037338958919 -11.62570207524327 0
14.8106219080087 -2.276630413467197 0
27.24698627172515 8.73846783507846 0
-13.50657883570058 -1.599490612957323 0
-17.43009176191346 -2.066740960493415 0
-9.664774623645133 1.81365734144202 0
-11.68894234924653 -3.903518076925901 0
30.72682234825255 9.337971861669972 0
28.74062868570495 -2.073778313284195 0
-11.05297789351629 -0.954857946529201 0
-10.19368156599861 7.729502929070176 0
-17.06324127190818 4.960609084335602 0
-15.85307179373438 -7.420978480635509 0
-20.06481272393966 7.06225947864655 0
16.4721804193569 8.431529699082519 0
14.21821955712415 -8.500828501355345 0
-16.0220670561535 2.051592085616496 0
-24.39607309920653 2.738306259731709 0
-6.160403874478686 6.061647082370976 0
41.14662103042426 9.46468584928353 0
-12.92595973558585 5.002346187163771 0
-4.522286872700291 8.226859190470568 0
7.562858672391088 -3.517252275255176 0
-9.397090996544414 11.45750943630658 0
86.54200132172687 8.202970201422742 0
9.503560080233642 3.063394728667677 0
107.9018095642338 5.945866295758821 0
63.00356836568537 -8.698020140546001 0
-14.29796266126393 5.601148017561408 0
10.89734881722245 -3.551001387734679 0
-12.11367930210006 -4.143794237962597 0
-24.70145658348398 -2.092090787160527 0
0.739755557640897 8.313360900929634 0
-4.055265143437576 11.11163237984738 0
28.54374136103108 -2.841572229064847 0
27.08542615234711 2.354397157126054 0
104.3390789988297 -8.628630255281278 0
18.43142823709927 9.087905984547806 0
10.74303955981866 -6.300193312519752 0
-0.2875570860931013 8.342192520884254 0
-6.668470467586712 10.83934514735842 0
-14.21301632525772 11.74602303352124 0
-21.84956753852502 1.712658978045091 0
-22.05063483687005 0.8300877836741862 0
-13.67408230447119 -3.835383689717261 0
71.04372857189892 8.722790411651058 0
17.2260101059591 -5.983392583224097 0
-21.83939356720004 10.85715253445407 0
10.02531462121143 4.726433118747042 0
6.683917524766999 4.97465457045259 0
-10.36976784509982 -7.057314664739182 0
-8.306886527251551 -0.5416110410867265 0
-14.46123506344124 3.315542025080371 0
10.32238313845998 4.003004466865009 0
-10.79287083709775 -7.411171242227689 0
-21.76288246181053 6.832890319394284 0
-16.62505235876802 -3.003183131424572 0
-11.40817454501299 10.72501081648234 0
-11.59878152144926 1.02771779350693 0
-8.727466017341875 -10.97457404581266 0
18.27988008774193 3.374252768910603 0
39.60505070174172 9.360425620686595 0
11.01788908331341 -1.980979296452302 0
-20.70834232156258 8.078240107813345 0
-11.49288889499978 -1.097584283242154 0
21.87084956296725 8.777654954694754 0
-19.4818084324657 -6.59996084422629 0
-9.715626279909229 9.939847216266708 0
7.500500770282281 -3.105307583206136 0
3.531451680333157 8.440148570146746 0
-20.94980876809643 3.527616383088911 0
-11.4185459348702 6.81589159177346 0
15.68091590073472 -9.302004986882089 0
-19.94138605922393 4.699053893621809 0
27.14326600135895 -8.149817905824737 0
73.36586213132263 8.631469536390723 0
-13.37402277686199 -3.893933794822897 0
66.20289165496351 8.709698020158335 0
85.70317433129358 -9.402880552050592 0
-9.169123682272229 8.453080761530179 0
-22.38014793215588 2.567330848312249 0
48.17195037451928 -8.59185903679427 0
-12.89570428134223 0.5533558029166541 0
-11.50039645583623 7.213555841980404 0
8.003089716806729 5.595445009654886 0
-8.581571704555708 -1.47687757173637 0
-3.496384248376603 7.575041590645919 0
-23.66847514008194 7.255551160833385 0
34.76637782699171 -8.165491401157611 0
80.89083592436938 -9.415617055921357 0
-11.73146119273163 -7.590061779117001 0
83.0681209313569 8.621386849477423 0
-11.67638807403275 -0.7592613403813329 0
11.21837475772357 -1.092383332654437 0
-15.18542643626984 9.005932046847837 0
95.73902486640128 -8.684653879836373 0
50.21863125996984 -8.733537605526804 0
-21.3324760765657 -5.30039174006085 0
-11.24409758287648 -3.031697857909078 0
1.047837880951345 8.748203083091203 0
8.842947496368184 1.09917913383894 0
-6.326826097653104 -6.837086871692076 0
-5.515551801947986 7.033951494236138 0
-13.06248736808856 -3.950095829008951 0
93.09914488810401 8.580469597096158 0
-8.369270433448868 1.949261172257415 0
15.8717575150419 5.962912103959396 0
7.638188859869784 4.540918794307861 0
24.86943575219662 -1.153470326862479 0
-15.18810945243717 0.4773298223970037 0
-21.77997709515486 0.7560600937644786 0
14.12293269620219 -9.447464295788654 0
20.41770971045972 -0.909653140546843 0
15.53991365065938 0.455535471181357 0
107.3444107824955 -8.658531962012884 0
-21.9446291841605 1.964992356623039 0
-9.471535362202431 -3.382229351142521 0
-12.16569987884009 -2.59484800398559 0
8.932177429144215 -1.817859820367281 0
53.02532875168723 -9.421547970032526 0
2.434523595663271 -7.762197936238876 0
-24.59752735342992 3.200543608443613 0
-11.04462927459351 -6.928927226781367 0
-12.26903238356907 -3.835110347208644 0
88.07391601674122 9.483564867714195 0
7.648216021446745 -4.014755358653885 0
25.54635910953892 4.634480700203115 0
-17.07805581218511 2.769811059399219 0
45.53509109395071 -7.940478463086563 0
-4.380056501877125 6.871952590909241 0
7.406883714599111 -3.319336313156567 0
5.673050326875403 5.846573959674214 0
-20.8292180733179 11.06383513602208 0
66.14436505605865 -8.693771523359437 0
25.72848864680548 5.392506763321921 0
4.774785273708277 7.549328442807924 0
-4.178320042480304 -7.237062603859396 0
108.6983922234053 -8.284467113083087 0
-10.76532467704327 3.027449581437994 0
-12.00090820422958 -1.000057013496773 0
-22.69791151325141 9.852212627105212 0
17.85359522939824 -5.82747879488713 0
-4.024780842476551 9.510852935796969 0
6.302257054124947 -6.824838412684318 0
37.49079569964736 -8.798860932759924 0
-19.83973833547077 7.315580266016352 0
3.206062076014961 8.295552307683767 0
-8.332353317551515 0.4654551437450093 0
-9.707029893735372 -0.9005000216896294 0
-17.39045593652554 2.826400799026605 0
10.68085745855555 -1.46966199446163 0
102.9897389787861 8.713162275978497 0
-17.81752761045414 -2.673275237171663 0
12.5925975640851 -4.749460969553547 0
-12.09176665724642 3.085408240736832 0
-22.20484838544329 2.020142849695926 0
14.32352305036789 9.389062569950962 0
23.96939775812783 -2.050204224926392 0
-12.56732668821273 -3.78465189001119 0
2.878714062371465 7.57193930558354 0
-21.81805108489341 -5.444415229910913 0
8.457236115626133 -1.586766927902113 0
9.059845901545534 -5.903672402381087 0
5.720495903701859 -9.289438118325998 0
-15.8186633571441 -6.433189968994356 0
25.89520113197342 6.209478395281809 0
-3.119114674454267 7.723176361894975 0
56.32113101745231 9.416821911223799 0
1.089237634349024 8.47730477099892 0
3.51573221713743 7.552199800510859 0
6.840356081075851 4.803570609068659 0
-13.59227722134868 -2.621140532312768 0
-22.71882781372484 -0.9168324761687108 0
-1.489144882497685 8.843221768813011 0
18.87374680458727 -7.082821364820964 0
3.280334432096403 9.378053058587577 0
-22.55795806749197 -1.389365608889615 0
-11.87116895670274 1.078833959440195 0
23.73276618768118 -2.622860534691817 0
35.67461612366433 -7.921164320367411 0
-19.73460641064938 4.935167335014104 0
-12.19589778280639 -0.6550350149957761 0
-12.99441077615936 -2.711697082616771 0
-12.38508385565746 -2.809247633310504 0
-16.53191105526277 -3.27691364362156 0
-21.05000435313666 3.82828945800987 0
90.98851630753951 8.748542362970174 0
7.665486714763455 -5.310387922859252 0
1.893213230723506 -9.834541005303942 0
6.184675089159537 5.66498212627141 0
-12.70557408649749 5.245683995636096 0
21.17271845462335 -0.7314496400434681 0
-2.554667368553501 -11.04515746426383 0
11.36290335760159 -9.018668079568469 0
-11.14431050605089 11.08110806728439 0
-12.75178125895988 -2.500042471261263 0
82.9062235528129 -8.732968328234705 0
-15.65179326742141 1.723149085536995 0
58.73275848462706 8.001726510901101 0
6.804642073688058 -4.775370585355146 0
-13.94279988360138 -1.731398680046317 0
-22.00775326273685 -5.62701740492049 0
57.3007928683294 -8.921425090773957 0
-3.606575968132204 -8.219272091897729 0
-7.581588298341991 -2.88749379376104 0
-3.223222247179007 -8.003224690085975 0
-4.972428902113633 6.662699263290524 0
-10.56449215683923 3.24236901720414 0
9.506556805639201 -0.877205793929804 0
-2.42870615864006 9.954609199564983 0
55.32169033069383 7.79509661820538 0
-22.2972881457533 2.291063217791406 0
-18.52929939694377 3.536671376390854 0
7.360665494671438 -5.362871392101696 0
7.447899556987068 5.622802507643921 0
-24.48021883458524 2.232164445481802 0
8.828054268230263 4.724149490779841 0
10.98644491624085 -8.563474138516511 0
-21.84233335544085 7.155218310337745 0
-13.85927605924086 -9.589390697022559 0
11.60839941293229 -3.762136088588306 0
-9.792459758316657 -3.077797745332569 0
-8.809428751911064 -1.430412206209685 0
0.7452205439990565 -8.285406897127116 0
-4.944165455270445 10.75598482381606 0
1.527773362367217 7.960938791719321 0
-22.73034740821823 -1.628084591843387 0
5.124690469449801 9.456491985950565 0
-13.96732035521881 -3.770091447899465 0
-4.732424325010985 -11.13749484179419 0
-10.95245049275371 2.828736140207245 0
-7.913491068577355 4.340005015558177 0
7.063303936038317 -5.406104092921297 0
-11.24443853427212 7.476448807173248 0
17.93209403950638 -7.510437670841894 0
8.453849866939604 -0.1599185996170773 0
-13.26285174711447 -2.352367113909513 0
-15.41402072001187 1.944635941575116 0
-23.2358957960891 7.687916994317653 0
-7.242618224735933 7.008248245579625 0
-10.79533952149423 -2.879341386338723 0
4.190786576500808 -9.594493453827772 0
-17.80045763484227 2.604833805437464 0
6.400973181153514 -5.314111888819827 0
-18.68190081231376 -8.993084476304743 0
-10.00507375252217 -2.992070574719087 0
-22.63718395859583 -1.877510404868392 0
-14.56312755453562 11.36139274338828 0
-15.84641700078502 5.919044546201592 0
-7.372743001677536 10.5267944369613 0
-4.775755554830186 6.817457535372021 0
-16.05061364551425 -6.634877356851313 0
3.101677109499978 -7.48811094384986 0
8.756628696489178 9.817443001715091 0
-3.465077018296075 -7.568162245267477 0
-11.60371689633582 -7.961134013837759 0
-9.305455288931595 8.810500822482297 0
21.67666004750512 -1.22527455794068 0
-1.126335371562638 10.00549131868376 0
-9.70060617463488 -1.445894427400742 0
-17.50352577565314 -6.698962646132411 0
-13.00391692085897 9.943367986997851 0
-17.41455645698055 -2.828546095538873 0
-10.37426090697697 -3.211930950600732 0
8.191111686594208 2.129302740042583 0
-2.831980481907455 -7.82797941187905 0
20.79168998723649 -3.930831482672199 0
-21.77618008670252 -10.97026471470638 0
-18.69204254653785 -2.984397664790689 0
-24.80637711527507 0.3948637506053011 0
108.752243443097 -5.260568261448112 0
-11.51113585735856 -7.238375428541371 0
-22.47153554590596 -5.795387578942536 0
-10.51263372788337 -2.941187480381092 0
2.494390887970132 -10.33342637641957 0
-13.75949499986436 0.6043245623303041 0
-13.29543958005987 0.574109624611278 0
-6.692047546976291 -4.935710288217308 0
-15.11518920166242 1.889114683457416 0
11.61333185740416 -0.9917707558176337 0
-1.156348949596785 8.971533973180039 0
-7.774152522070884 2.953331961679632 0
-19.59773317107046 7.581476543193157 0
-7.162262759647241 10.21963791824999 0
-15.40401004762692 -4.896422917781368 0
6.52926811916173 5.156141866592249 0
-7.016690889863506 -5.558265840697934 0
6.836082237574557 -7.073780176971628 0
-24.16164692547598 5.504487280726244 0
68.81911091877963 7.954074337892218 0
-4.964575024610492 -6.660549219551481 0
-3.086880645461868 -7.751346268855577 0
40.28084261144319 -9.415960284317203 0
-19.52726141557758 5.166522412314562 0
-22.63462683391147 -1.140678396624209 0
100.7378285899799 -8.602036734865752 0
-22.21759293481843 2.772053050305189 0
-11.20348967502969 2.88657477628378 0
4.596581657915252 -7.312021784773222 0
-24.57392957389619 0.6485972927040318 0
7.708444570424675 -3.087427981228524 0
16.48690091046763 6.153911675228091 0
-22.54149795284065 -6.293497336717631 0
70.11138381664126 -8.771592151270891 0
-14.80324805867506 -2.828698266378684 0
4.746890012000194 -6.561120346473322 0
109.4021435320836 -2.339789035197391 0
-6.503030142092143 -5.21763036485516 0
55.21979689841754 -8.668950666348804 0
-5.333267878784133 -6.378682773491735 0
78.63455791022858 8.04398883066078 0
12.72243278724245 -4.276638389618094 0
-18.52709500296794 -9.367549932463561 0
-5.155535340777935 6.508627737801789 0
44.21808676311446 9.453456997970683 0
-24.6091015246705 -0.6976737127020739 0
-6.503121697407515 -9.287614163339029 0
0.5421533499847742 9.82979472515264 0
20.77649621314643 -8.996648776631599 0
16.11717834405643 0.6947373867164734 0
-6.865590092844995 5.207245314526079 0
9.784429412916348 10.3489204411814 0
-12.15294089101069 1.125911131665236 0
-17.14836287262345 -6.761834646488082 0
-10.03791496074403 -10.66329594580598 0
3.731889463806693 -7.469717268789515 0
6.399938698322732 5.322160448869375 0
10.4849042352063 6.573584856310491 0
-8.100261939636846 -0.5582152783092184 0
-14.83097191756299 1.831020914231196 0
-12.52418602367045 -0.9010264791400432 0
-9.563913231481965 2.228414109007709 0
8.85806100669055 -7.851752207661272 0
6.34466475432587 7.043301917704841 0
11.77552493752932 -3.298444522655943 0
108.0325000770945 9.445037039705662 0
102.793154301025 -8.779679568302988 0
-0.3265356962156119 -10.3425683906059 0
8.287064693488007 -0.7398465659255161 0
-17.27213991427616 1.090736566820548 0
-24.25940833006056 -3.845343252534415 0
8.255639527329716 7.787538867018063 0
9.423490680972975 4.656445393211752 0
18.26944605339943 -6.253496138632617 0
10.00538443557779 4.241507614412073 0
-12.49432119001237 5.47977723195391 0
-9.29481296535606 -1.346022938083421 0
9.506113766412032 -9.792407018359956 0
-7.604989496190095 -3.286975049282825 0
6.45808570725509 -5.770262352966053 0
-22.52797390561334 -0.6983701696585944 0
-21.32061049820231 7.302430557006432 0
-19.01490468124316 7.759953754525113 0
17.08820841280385 9.281517285654067 0
-8.048349941211619 -2.594456259036264 0
23.88806957536143 8.790912402454572 0
20.69443161433221 8.951672263265321 0
-17.62592357967966 -3.230766034293096 0
-24.5424733791664 1.715686603190659 0
-17.26888290603818 0.6609889496375908 0
-11.81595714974362 11.60873843657703 0
22.12853526693554 -4.255198078663123 0
-9.052072548933566 -1.387441621870497 0
-8.251625350652525 -2.294844511808691 0
8.550344507989962 -0.6373676373763315 0
9.909396621335208 3.155712330862175 0
-22.30015559010322 3.058604144193783 0
-5.601233338166137 7.298976129193115 0
32.34716628317571 -9.421934518803598 0
-8.212240778873127 -10.98332723769821 0
-11.48075074265424 2.947186208730194 0
-22.67583139116826 -6.827742793679193 0
-7.523624829343417 3.54411793315722 0
97.98247534580969 -8.769386883361607 0
-15.70917406908319 9.465740218156794 0
-13.10420100894115 10.35528651930475 0
7.681331713038777 3.631103846449244 0
-7.790381457133248 -2.850465501859412 0
-7.027554783039538 7.159833419331703 0
-0.5105796104508761 -8.322681620408055 0
29.91650407926213 8.070160137312795 0
27.69504254507104 -8.722594401643018 0
22.22170268923004 -1.75454572221964 0
2.172726875689966 -8.063595853358915 0
-10.16429521489393 3.697877472630617 0
6.954207637962957 -5.659091771944778 0
-19.77251504942866 -11.72333156566988 0
0.2478060883722356 9.994513774660239 0
-21.68737940391875 11.21516341926861 0
-2.341287570486347 -10.18264820775341 0
-8.568289426976843 -2.494655081482718 0
-8.122891087482223 2.607776914247205 0
4.916649758695621 10.16433710572582 0
-22.37626531484236 3.370099215254711 0
-18.30836836594677 -3.343815930747244 0
-24.51203724510326 -1.894228333759197 0
-18.14852891944922 -9.444975725502191 0
-6.07334872766462 -5.717301680822057 0
19.46090697470375 9.032249051389577 0
-18.61221359643646 3.794143501215853 0
12.25783559283906 -3.112329180726216 0
-17.68074702543792 0.6720569684286732 0
7.347598843986937 -8.308724160077112 0
-14.91084459662093 0.4025867960379661 0
87.93383704802548 -8.642676947965837 0
-9.707256442557998 11.07628864654404 0
-4.052086433330066 8.324848273165932 0
-13.85854477690416 -2.013515336139483 0
-7.491926162237363 -3.102740087022498 0
-7.838524393729515 -8.50704786491371 0
-14.79891639974947 -11.41253434320939 0
-9.177825873846519 2.993582158145423 0
-16.67407976607065 -6.47949756063849 0
-16.74812741908141 -3.522157199154341 0
-20.4743711725812 -6.327488547762873 0
17.22183667633085 4.200039496133368 0
12.44911969103901 -1.821721130159391 0
-10.11100613763087 3.400438400456566 0
-24.53083056601515 3.745002294620473 0
9.991852634769643 -5.070229354852138 0
26.86889919773855 -9.472493617146691 0
85.95967740196734 8.66572025878134 0
5.452162550909016 -6.381041741954043 0
-9.665806395962855 8.893160564400022 0
-15.28155152977697 0.7150372185322864 0
-18.7915935626738 8.066248703796671 0
6.517549858821191 10.56888908291916 0
-1.201014545884573 8.217725322676589 0
10.70006587893723 4.129447244350179 0
-1.427526357008929 -8.20017207357184 0
-21.10248169466882 7.595660087147674 0
61.76146732113196 8.109636029268886 0
-14.92621926164577 11.44701337894835 0
76.00222621366105 7.966294807345213 0
-12.61183113710624 0.9665642707839178 0
25.44624932636999 7.39311495730141 0
-14.388209514515 1.987557413751284 0
-13.84910156978864 -5.109733501761519 0
20.99975155528233 -3.009034633447409 0
5.370108660362248 -10.09209981729055 0
-17.40404934185176 -11.2060790582889 0
-7.559974757562737 -4.004907180373455 0
-16.45536041428861 -6.918972738031621 0
-5.865331369857694 7.377087839108385 0
-14.69034835599903 -3.117644446692375 0
-22.26837633409263 -0.7251427167143379 0
-6.927038664841167 10.50385058600956 0
-20.7009333322739 1.421223161593116 0
11.21617767652149 2.07910072143309 0
-18.0484286437035 11.21532344779207 0
105.5628421443373 9.372463065377499 0
-18.14417931774341 1.475930243864698 0
-23.21760174727689 8.601420939489527 0
-15.84010521741514 0.8398525186110963 0
-7.225570164356178 4.198611725472428 0
68.22181400453606 -8.66421643815384 0
64.12194653372485 9.474269104670947 0
-17.64206106748181 0.2460909644780259 0
-15.56014955399417 0.7800221042198395 0
6.198651376262319 -10.11453517248078 0
36.18553970778222 -9.40106170378003 0
78.06777425028557 -8.773621237686132 0
108.0455203356102 3.919228346216645 0
12.17412950099343 -1.539750562867199 0
-22.07659696311908 -0.5290825660322591 0
-23.00412851660132 -6.779632274976706 0
108.7713234880579 1.124675674991702 0
17.1220543040274 6.358815295501555 0
-1.657375168639994 -8.184643623515523 0
10.21311434116651 2.869307379464174 0
-14.58574946174448 1.774757849304885 0
-2.118914861692253 10.12332264825453 0
5.46754345896283 10.10105765492287 0
1.147198017616627 -9.804618180777826 0
10.35567584296158 -3.908192858052272 0
-11.08587061384453 -8.230608909562534 0
-19.31296524160854 5.414203427779163 0
95.99354917646411 9.472103773596181 0
10.94481012364038 6.716538585584096 0
-16.11813103365733 0.8987191409545766 0
-3.238449061541192 10.66727721984032 0
-10.29878255516725 8.029555728186898 0
54.27833596338814 7.39392939461037 0
-7.689807129251717 -3.780954484311493 0
42.44625606347701 -8.72790806560492 0
-17.21993916876949 -3.375477751004448 0
-9.457685148551711 -1.503264348972032 0
-21.33966811072519 -6.448028044066043 0
-11.33668817603512 -11.59755223888912 0
-11.78859168339959 3.000742091788046 0
17.73990446085446 4.454143292690093 0
-12.84757727275892 10.61343889932444 0
10.4166049583125 -4.993601525167305 0
-8.042342756473502 0.8254495772452218 0
-9.448108045686824 3.040338074931364 0
90.03114816089932 -8.809652786335819 0
5.974812862329377 -9.672879873061962 0
-16.39809935118004 0.9550933472481673 0
104.3087212317947 -6.565261999405149 0
-9.779811259707138 4.170480905782475 0
-18.21566400112912 -3.623846565079508 0
-18.93179419114304 0.5566794144052504 0
-20.95269184535273 8.212560171735658 0
73.21759033835599 -8.73343562163647 0
-18.08360267464765 8.559455267114307 0
31.96122751423047 7.950716466478 0
11.12126213043158 9.184972044904224 0
98.82542772965587 8.796869640016688 0
8.413813309223727 -7.863976660472946 0
9.207019319552151 -10.34017160982561 0
-22.51760973363984 -8.219322075712954 0
-20.88548235594097 -11.8635297629416 0
5.112832720428776 -6.285229552525688 0
-13.37802479924366 11.14697526905144 0
-8.194183588538211 -0.03614212137694598 0
11.91782007256839 -2.436986888001116 0
15.76205266159687 8.135036524202814 0
-9.64484547702995 2.47904611949339 0
-16.67681325570823 1.012494389392655 0
-17.62548007838642 -9.870616276054941 0
-20.24094795131479 0.5518912803036942 0
-7.194166821605736 -5.764333025482595 0
47.00264452956983 8.757207617469268 0
-15.31969465720783 -7.811707066721021 0
9.767242237663901 -0.7725689845484064 0
-9.718767984899122 3.765502245751423 0
10.78736616542366 -5.930504362705289 0
1.055907171025144 8.020411236989673 0
-8.710525742203322 -2.21823240485565 0
-21.43957595657108 -7.525878730377109 0
15.10028538756205 -9.382980800076348 0
-19.19267815099132 0.8849896453334715 0
-8.007478907937202 6.119327779321178 0
11.79706927830067 2.422229305697069 0
8.889264742047924 -8.672010875359978 0
-12.73633199519214 -0.5627721202601051 0
-19.86446938429691 0.2418568637816802 0
7.660580267026275 6.236132323858559 0
-13.76649953749014 -2.266157638002294 0
-23.64928394772527 -6.423740330093228 0
-0.1767948016856254 -10.04300788859547 0
-9.073655573338705 -2.38533687055044 0
-16.96511974008655 1.061981087574993 0
3.314885198972805 -8.369136067148601 0
13.3648470584165 9.497138911039562 0
11.32141196933096 2.93697542948047 0
16.16707469475143 1.203518844933219 0
-18.87354888128344 8.43817461424001 0
-6.998770893582408 8.760161908454567 0
-21.82364546748068 -0.5664970957042721 0
3.71516723776062 7.453289898990969 0
-22.1777627775492 3.568961146698031 0
18.9312155875433 -8.923863256895876 0
103.7582516122936 -6.007160812308989 0
34.29371809272249 8.646014866739618 0
10.6138912905055 -4.484551013970381 0
-21.17554637819542 7.944257508752901 0
-21.29112977950987 -6.927521336406024 0
8.044442682479135 -1.073459671007735 0
3.245689951401318 9.858147154710192 0
-21.68038794046857 -7.788488733798496 0
-10.59310494449061 -1.011511261077007 0
-22.26035675238046 -7.989086957321446 0
-21.98844496266049 -2.193011747475953 0
-13.8381732396736 0.8300116024529197 0
92.9455957824421 -8.758411163343455 0
108.8077154005717 6.786433688273799 0
48.92926609787187 8.695975743535108 0
-8.058869650950168 -0.876224987699287 0
-23.4932274333648 -7.054462270586544 0
29.69114919271009 -8.750041654055108 0
-6.200326394013931 -10.83232570430528 0
-20.37833684272448 8.46442960172668 0
-4.582440223696154 -6.964105850765359 0
-17.80546498373416 -9.505106389186478 0
74.42682317089117 -8.357533060066196 0
7.990467576830757 -5.25450616699085 0
103.1835183486609 -5.453672099480517 0
-18.51470758406505 1.689389358669447 0
60.19060460000035 -8.699661384860413 0
-13.05163329187219 -0.7992206766006147 0
-21.92181486264229 -8.046914801128214 0
-9.294963139188477 4.328512685596405 0
37.29608344247151 -9.451960482165095 0
-18.04973200771621 0.2573987620853649 0
13.22790502217111 -4.106560870607567 0
-23.49375278141488 6.842710199076735 0
6.916088141656416 5.002073852865899 0
-13.26554222693036 -0.4621004540702467 0
102.5931651070978 -4.902300755064394 0
7.182517637018908 -4.685460278617345 0
-21.62194575460692 -0.3654864210982751 0
-24.82008183750935 0.0600488222208109 0
-0.4840789030126698 10.01905998138827 0
7.971080108072046 -7.911595440294438 0
74.17125992346294 7.440058393141976 0
12.20428374363797 9.010844069918029 0
7.731627517240394 -8.341169585272093 0
9.688372464621008 -5.053654445972545 0
102.0342848036516 -4.34664324644997 0
100.3057464232908 -2.691577346087098 0
9.682673306137582 -1.905460567152247 0
-13.19806790319926 -11.2909513980912 0
-7.509714863501451 -3.475700509005111 0
39.9329471386576 8.820118849785192 0
8.048331829922997 -0.8258359400605307 0
-0.8179306706884935 8.084304651465573 0
-9.719574419453556 2.744251380805825 0
-4.389848914298359 7.094997217212778 0
-8.779544032733341 -4.667551316922887 0
101.4596951180247 -3.793235671756261 0
1.449414487999255 -8.202236264688283 0
-15.8517024913092 -11.505294143345 0
-23.87729317470358 -3.968793087173302 0
86.50925925931426 9.516439684350901 0
-13.40983011480478 0.3869489915306686 0
-7.068908010273131 4.398060965199684 0
-21.44658305842125 -0.1721925222713149 0
8.119600383680451 3.590847486296993 0
-15.36080865101843 11.50125825741899 0
-4.345593458065435 9.606694435172296 0
-18.05846391082724 -0.1960731205219166 0
-9.329680995376266 -2.33056346872047 0
-21.92684068069583 -2.494416479219804 0
100.5819335596566 -3.935193965030998 0
6.13901693790856 -7.133976468447792 0
-9.586716737169592 -2.275143461549927 0
-14.30754528026899 -3.457974607959368 0
-24.12108125690766 4.698339746245911 0
-17.11116630198374 -9.557824787167593 0
-23.60647522089241 -7.608681652511245 0
-5.865047004892873 -9.386784677362629 0
37.13888888885836 9.519690997167698 0
-22.41679849453026 -3.490251291472722 0
7.880577434183243 3.812923396087997 0
-6.802433013427454 -4.786879100425616 0
-22.10652540708123 -2.708648389536298 0
27.94771712089671 8.823022618839078 0
-18.70367028674036 4.240567117816043 0
18.53440149974266 6.920879590666885 0
81.1183524768235 8.707639544365865 0
-22.88464156355225 -3.603816094773651 0
-23.36819724836592 8.160539045253469 0
-18.30011471961105 2.040529896641119 0
-24.05779573287462 6.072272975225777 0
-5.689051744112809 -6.079993005626099 0
67.97544217510416 8.726641362662962 0
-23.75866524557057 -6.117525561873987 0
-19.08974208702835 5.662769388981602 0
109.4147200723536 -9.413734571331526 0
99.7204084130145 -2.134092759504108 0
-7.442464799512186 5.102761265885756 0
-12.6021897627063 5.801570309456449 0
-8.140905820135888 1.828981485544162 0
96.84769321741932 -2.223586041904173 0
8.859965147143324 5.363332911348931 0
-22.48760691740088 -3.084732768915217 0
24.97363123134241 8.72848345803115 0
6.456485108281655 -10.52283175568277 0
85.26607838204674 -8.797714076998048 0
0.1579510551874267 -10.04577122085959 0
-8.207579975174195 1.234540464984663 0
-14.1870476441244 2.205756558994337 0
62.31846049781923 -8.781631997082334 0
-21.73235793693951 3.659843158791185 0
-18.38526416047037 -3.841819603788612 0
99.05727373047542 -1.570549327727794 0
17.6711652449689 6.542362621374379 0
-17.9744421889174 -1.391820459181868 0
20.0192522455205 -9.097149716768445 0
-23.39281730881726 -3.81633879525506 0
-9.84852566071962 -2.217415277722055 0
-21.22544308245315 -0.2328153075048174 0
98.40042724579064 -1.007806417591625 0
-3.282035822589319 7.606504568193738 0
109.4216807360287 9.420663009712364 0
-7.282542570696226 5.265723503236344 0
-18.63463339131961 8.73899763192748 0
97.68350243545311 -1.269898887127084 0
-9.839535049884708 10.34490158541703 0
103.6335556487241 8.846441032040307 0
71.77777777786636 8.840045744025185 0
-1.185822144922456 -8.225281788462691 0
-18.30546300851016 1.224916579297198 0
-18.48707284874084 1.008253647137966 0
-24.11568673177945 -5.798444406436078 0
-23.24750780297691 -6.693832138196135 0
-18.66225737483428 0.8109979521719551 0
-22.72860176499815 -9.866444228078949 0
-24.58246715008497 1.235612705974298 0
-22.14371999445311 -5.832710123770455 0
108.8377311002736 -7.600338641845497 0
8.413615312174363 0.291725742778924 0
49.50586774318766 -8.840517763715441 0
8.396951956626364 2.229465947110767 0
-3.912528563582439 7.61271476029544 0
42.04066694067471 8.730457875794428 0
8.18091622305208 1.423055489485802 0
1.937425806819421 -8.676953981991756 0
96.08134961321322 -2.449608216384843 0
-21.29197041206247 -1.656304164481812 0
-22.30067963778765 -2.922909738176415 0
5.919194426811083 -5.900674675364592 0
-10.10653111577675 -2.167845499669477 0
-11.72123167609952 3.746955414923666 0
-18.12504374615784 -0.6535508647779891 0
-20.9277058552034 -1.778054936719164 0
4.005348515198779 10.76174227907748 0
6.226734288800698 5.927004080287356 0
95.32310658749144 -2.674689419519323 0
-22.19135573642884 9.918483296132729 0
56.06534973505543 -9.427952775461783 0
7.887601573359444 5.825990179382612 0
92.6636140118562 -2.029627992007625 0
83.50753299894281 8.060857300305608 0
10.57310249703898 0.8409502294009882 0
-20.8695728303556 -2.025421489310491 0
-0.7937670310101579 -8.295909948168459 0
66.91137656571719 8.78389018804614 0
-8.121769159019097 1.650521739808446 0
-15.82143703492881 -7.688782376972568 0
-4.518128616154549 10.05942675687227 0
14.00554992107475 -8.979742092190977 0
-19.58480045028623 0.4950824792077715 0
-13.9308960068862 1.203856041019352 0
94.55868786183565 -2.897342851093213 0
7.935357466235619 9.911569411049809 0
-21.83726807820018 10.28635563570726 0
-21.54939229469604 3.862196846118221 0
-9.464296347615152 4.768295793456529 0
-23.17579740733815 -7.840680110246709 0
72.43334746918975 -8.036394985588593 0
-4.354500018373625 8.426429556004363 0
-17.63311636327118 11.63670244233472 0
-12.82852303287787 6.565039350234609 0
8.50687896464877 -3.522182842861444 0
59.40690613663287 7.401907036121007 0
95.00030715778647 -8.763754915339387 0
30.64127110814364 8.185954167483619 0
9.525330148091879 -5.554318260688254 0
93.71303839888995 -3.076956248587864 0
-5.317473649569333 6.358099333226704 0
100.8425925926141 9.540681214829446 0
-18.49811176294195 4.429098200537918 0
19.22725495702606 3.637289548502532 0
92.94883112910277 -3.231746571546009 0
0.1618096851697793 -8.572700858016955 0
-0.6123172787697981 -8.804825517134679 0
9.168186401528223 -9.068572242159899 0
-1.568826040154762 10.68721477711464 0
-7.690771833182795 4.884556949549338 0
80.13888888888874 -9.541914460105541 0
-22.55170947718869 9.390526197863471 0
8.319685585649164 -5.202042062052989 0
-6.141367637826512 5.660083778333431 0
52.26851851842496 -9.542307413418051 0
1.021276425792929 9.048167738431811 0
44.71339394105722 -8.836143038761225 0
-4.818515977840786 -7.86484883159109 0
90.56050253281757 -1.90496782447571 0
-12.69775362527329 6.108609559720819 0
-11.36085333399865 -8.729328295417131 0
-7.720149280503448 10.54122860829588 0
-6.924053290777022 4.569731245981875 0
-1.701660506670535 8.994090060966695 0
-14.43967532140021 -11.46493531524141 0
-21.46578751005055 0.4320869802634514 0
4.293684038772773 -7.969851944326683 0
-12.38120591296664 11.2557909038933 0
-19.40751616567844 0.6874233918542416 0
77.35185185181791 -8.85620349453438 0
7.886846909722971 2.677930233712184 0
92.00907490997888 -1.472385945409133 0
-7.772951274175299 -10.96758121504483 0
-3.883571537808348 -8.178866201748537 0
76.56148950469968 8.842256784682217 0
7.184356122417561 4.638283707053149 0
-8.151895466706341 11.03875160157504 0
-14.98767656349038 -5.155408809299358 0
5.790523751786377 -10.04082933963587 0
22.44961169042127 8.930909698224008 0
2.367872993165372 8.565435173891828 0
2.879792739561363 -7.796933295394209 0
-13.98906050128669 2.443222348374738 0
0.8597383825969138 10.39538265050714 0
0.227161050167047 8.349514136539458 0
-6.887158734394594 7.365113476843173 0
1.5005314024318 -10.2640856240353 0
-9.070077463533222 4.853774457782849 0
15.30687962406808 -2.090443947127581 0
-13.79253622733588 2.700947803114241 0
91.5215218858613 -0.918991413265286 0
-20.04326030889844 -6.430533144441924 0
88.79934202109544 -3.09574947978853 0
-2.062935793463067 -8.868908056135794 0
-8.506999121225933 -0.5419118177685115 0
-8.474518337324962 -9.929663220377376 0
-17.19819974891412 -3.589753302946965 0
19.38948472853766 7.859886296725095 0
-20.75654736542272 -2.312629290373938 0
-24.19764466697907 4.16892318867245 0
109.4280815332574 -5.009408157816 0
25.78060968371194 -9.431706400808556 0
82.18191237472277 -8.820444069770231 0
5.04278123281814 7.64661919685692 0
-14.31772476576935 -5.280373560100763 0
93.68296236900954 9.539052353336235 0
-24.20008927496591 -5.393151725607265 0
108.6953098020467 2.162684093005886 0
-20.92112969649546 -6.475832827502622 0
-10.6891889580406 7.489174961636244 0
-18.88569679238628 5.85140228333737 0
57.04629629631211 9.552877953927833 0
35.00356188422563 8.768817062010664 0
-15.81582286416849 11.54083369463827 0
-9.39388852309996 4.155176856167183 0
89.79767779527297 -2.133706988725581 0
-7.722788626702902 -8.831903140261968 0
45.31355924048045 9.432616496310191 0
-9.748591860096727 -1.24651491735518 0
31.97508273155733 -8.890022995662768 0
-1.953348428301605 -10.18264799996022 0
1.872377903366715 8.116620767635478 0
-1.42057162209459 8.164943566275326 0
-14.65191909178451 -5.213057548405536 0
-23.7793888332456 -3.793331864666361 0
88.91178680698087 8.728393107059873 0
-18.28376648496968 4.696690522212988 0
-3.367695413276059 -8.185035170018603 0
7.453336131320592 3.08727291052102 0
-8.854614454144571 5.120766189398632 0
-21.55449619415185 11.53685415542556 0
-10.54734053024275 7.727522040443342 0
87.02126654581039 -3.492210012456033 0
-21.93214067853351 -11.53787970392202 0
18.26314007041784 -9.854104312664079 0
-13.69128492693973 0.3925506603466504 0
-14.19772904227789 -3.710571845835303 0
-10.38534882826658 8.349509550853071 0
-13.98823998373312 -5.334984408720749 0
84.31959176409231 7.38270658674528 0
16.99506959465715 1.708253122848057 0
12.49316162534206 -2.181431856357743 0
88.10494851546314 -3.300379384147517 0
-4.822419306588325 9.082811245771499 0
17.12884127429817 2.36478537572216 0
91.68518518522772 8.871003206358308 0
86.57436646144983 -2.964881397332991 0
-0.1414626485998279 -8.901527793232249 0
-8.208114683746482 -1.296660798953437 0
-9.697524605332838 4.81334056854236 0
69.41278341834463 -8.877190552917552 0
5.165596217105648 9.819440169881792 0
-6.308136838368683 7.241363808851077 0
-6.121803786011761 7.434900064077429 0
-4.327538894031578 -8.138123452538226 0
-12.50412338024812 -10.21722049023242 0
-24.27405635653618 -3.64611729204742 0
86.05637886258545 -2.425929995952395 0
8.576890553822775 -10.43419486534981 0
57.13400160127128 -9.507069468179504 0
-20.66377698966518 -2.595823952304599 0
9.440265435426927 -1.893578851041136 0
6.879199222289443 8.435972703555935 0
-5.425786208068931 10.84358118687735 0
-18.39407918847605 2.241360249422442 0
-23.36796710801329 -7.242472033112068 0
55.62391213916959 8.464604683201475 0
-1.790539250643653 -8.373709028311147 0
19.02448268776108 4.877219091127857 0
79.34259244848425 8.186183561915685 0
-11.15219360262865 -11.25694253922455 0
-14.53059656330643 -9.723256048927494 0
65.23041860875213 9.438073588380503 0
83.87066207600733 -3.029919611928075 0
-4.60816515863094 10.44999880396535 0
-10.3641676735735 -2.118225928989361 0
16.80522135484607 3.404345267460129 0
-11.90414743001435 3.441941530378036 0
108.8012205551087 -1.904140437247716 0
-24.64987903834133 -0.4798065471064132 0
-7.332026428365815 -4.109992552717423 0
-2.653417150955517 -7.86010225446929 0
-20.90940821538383 1.778045314776117 0
-15.0930048376486 -9.642130516638757 0
-9.084725170098714 -4.333441008268691 0
-21.00076560042123 10.77867055615279 0
54.65316477570121 -9.555157969395738 0
8.08668278666182 0.3655686021608695 0
-4.137695499714385 -10.73060473285146 0
-6.224517068207884 -7.236887237748015 0
34.74502713403972 -9.511981348858656 0
24.22250548971602 -8.754640015957246 0
85.52437588655584 -1.934794818390627 0
-10.05586772566894 4.956078358603958 0
-6.582658191545412 7.30338508908368 0
-11.21078703049604 -0.8525234796782036 0
-2.358558342736693 8.211374059319175 0
-18.69798227590409 10.95902437531718 0
7.69382289746261 4.288376361983829 0
-15.8682321692013 -9.529313944597488 0
-15.26310563001423 -8.099911433536343 0
82.80789829899692 -3.254311800993302 0
-20.61099570393369 -6.537572827140276 0
84.84958458999563 -2.122868054875919 0
-9.949087859274373 10.75662164243927 0
-20.05818290854945 0.5796739893513634 0
7.328788748505024 4.501067405169033 0
-13.80913043945612 -9.902114680609118 0
-18.20804351101534 2.474243729344129 0
10.0093515881544 -0.7774845633467681 0
8.60152999646837 -5.148454799961081 0
10.98046339344944 3.878929930361118 0
-6.895525353405313 -4.630620598843187 0
82.27690892515083 -2.727500944657104 0
9.063735215357852 1.170210109616461 0
28.99436494132709 8.750459842889603 0
-0.7087917055238727 8.305195526799567 0
5.382967300561119 -6.739260750896047 0
16.66953065101509 2.83212337328732 0
19.65722566484413 5.037175877941691 0
-13.37688113633644 -9.97427398113598 0
-18.31119439148087 11.31917562306971 0
8.356538929301957 -0.3058164159257064 0
108.5434339208764 8.882564093546408 0
-5.219724728386677 -7.820987991234026 0
46.82254967740729 -8.125438694591772 0
-17.58194440827229 -2.329826317233355 0
-1.60075743100723 -8.837183875510501 0
18.50436258502908 7.40750889353892 0
-12.99831372047597 -10.04829993492761 0
-16.16732643404697 -6.889497561563417 0
9.800759994278106 6.883615570491661 0
12.0654098569946 4.859984543414049 0
-18.01319799718736 2.697982529726621 0
80.91917489782811 -2.387767465176807 0
0.9225086712028052 8.344863472798135 0
22.96097440985743 -3.394581634672236 0
102.0913889274949 -8.866616171097018 0
-18.07050706693404 4.944045308119365 0
-8.677320284014485 -0.2706746758397696 0
7.631293369876848 -2.657501256694004 0
-7.099527888566605 -4.393519342323748 0
-23.5413187186259 7.694632189551807 0
100.0585385857363 -9.542932780011336 0
7.518491514068643 3.515096282824675 0
9.383615219643556 -5.929263662831262 0
-15.46057238669513 -9.192276027381444 0
-2.163303858627931 10.68008952730439 0
-24.35110991255327 -4.89329483024809 0
6.497484500318461 -5.130529200180052 0
8.6127637406044 -1.784884151259658 0
81.94802516125084 -2.225834817880633 0
-6.509451122112227 5.123942077814589 0
-23.30437500336336 -3.643447516998986 0
6.394134898876375 7.338438555611099 0
5.547961204476505 -6.212965469719692 0
-7.854215569486543 4.965380789694025 0
-8.128905898710819 -0.1750186798973529 0
6.950013306381793 -10.53782235654852 0
-18.95997875458696 6.295648927112054 0
4.94465019462238 6.618598881602353 0
9.570193102837688 -1.344999586669227 0
-7.870007784658779 -2.681653039477064 0
19.35572520868946 -9.213115962540707 0
-1.469245414935881 11.04905665467716 0
-10.14905891711675 8.615579346871273 0
-16.89386106600285 -9.6828951334072 0
39.81235725635742 -8.809906773085521 0
79.55442533550476 -2.045766671046497 0
47.6180474571003 -8.748905063263189 0
-2.593188589129086 8.158758031628727 0
-24.2615182586815 5.0945040547331 0
9.079371248978701 7.514454405560218 0
8.322364350892943 3.409549200960526 0
-20.401587056732 0.8690628356762186 0
-13.91873856767685 2.964626791939958 0
-2.805594256289254 -10.80892097419645 0
97.25925925931486 -8.896208460927374 0
-20.51296441091309 8.75649103529207 0
-9.138022867776762 4.4488138107942 0
79.16393455744289 -1.552353780350542 0
6.498515943964319 -6.037062225942008 0
65.3390738743167 -7.899659065398072 0
-8.291432463083085 0.2732585944385761 0
-7.910785791274675 2.589491489908578 0
-7.943542107452498 -9.12277695377947 0
-16.23324042203572 11.60096440876468 0
-18.29455564784489 -4.100642023323268 0
80.62487312956812 -1.913793038435336 0
1.675548570245031 -8.64757906734132 0
89.29486726692018 -8.923740387545115 0
5.972706928953093 -7.42176942317611 0
23.78741631670464 -3.15070769948806 0
-8.39300507563336 -1.529582530006454 0
-10.60901003774268 -2.054382356211574 0
-5.965282325486474 7.649333987878232 0
77.00274480270606 -2.207582102749717 0
-21.33305217368209 10.41730664140153 0
-7.409280956243322 3.696938136808776 0
69.40228358202032 8.870842172724602 0
61.98638293028302 8.753080186013147 0
-17.05109138612621 -11.21270334283889 0
2.254822062986447 9.944433529380378 0
-21.47907785314244 -7.060358815101606 0
-11.51214933406488 -9.44099657705703 0
-10.05662164814673 11.13405798082213 0
-8.612860611503967 11.10987122506069 0
-4.610557835964372 9.319790583438875 0
-14.40167239633139 -9.476061561371491 0
106.7247593255806 8.846210445806285 0
19.42722111675984 8.43392942697947 0
-0.6120646375837624 8.513150699945994 0
-9.395480143041445 -4.571935515953995 0
-14.91618998730042 -8.164370040443529 0
-10.50293004626081 -11.14820476845777 0
-22.76806748234809 -8.13171546666562 0
3.056200997992235 -7.676398437237079 0
3.326189762845293 7.615246819802316 0
-19.23888942443658 11.7859955020119 0
-18.57659891805815 -11.33748933277565 0
-5.270540559530831 9.165065223201482 0
78.64273275386816 -1.058085029617338 0
13.96798489738927 -3.988614328765117 0
-8.263688735265497 2.164615983040191 0
108.4683026312501 -8.861227588278886 0
108.1162766759811 4.646222758261253 0
-8.106364948976665 4.717429150656321 0
-6.20401121885094 -5.518706500201072 0
11.89435577025275 -0.9364079168918708 0
-17.85258481342068 5.178334220069336 0
75.21056285584834 -2.550848477795371 0
87.30518460749677 -9.569351487201889 0
-2.316903384470814 8.600993823553118 0
-13.52415216457596 1.246941544127741 0
77.97287362709574 -1.242027549350788 0
13.53643888564458 -9.632499884267807 0
2.919083665258039 -10.318254002495 0
-3.265678489425316 -7.601487556590187 0
-24.02202093509495 -5.272912955282047 0
6.610347596642138 6.149025222306622 0
-24.60905488032458 -3.472050965790142 0
11.41535284158237 -5.850819097295523 0
-9.660098615272631 -11.16403854216249 0
-0.9785650645181833 -8.218678765944945 0
72.037493657911 -2.297193363344119 0
9.146132296505538 6.831789467788541 0
-13.44599554661941 -0.4770691580053664 0
6.988113514026823 9.009831489125533 0
-20.49267620888057 1.113429444976713 0
67.4437045976881 -7.951180148423236 0
97.0819800007551 9.440407114190295 0
-20.94874165952859 -5.19441568731235 0
$EndNodes
$Elements
65 21663 1 21663
0 1 15 1
1 1 
0 2 15 1
2 2 
0 3 15 1
3 3 
0 4 15 1
4 4 
0 5 15 1
5 5 
0 6 15 1
6 6 
0 10 15 1
7 7 
0 11 15 1
8 8 
0 100 15 1
9 9 
0 101 15 1
10 10 
0 102 15 1
11 11 
0 103 15 1
12 12 
0 104 15 1
13 13 
0 105 15 1
14 14 
0 106 15 1
15 15 
0 107 15 1
16 16 
0 108 15 1
17 17 
0 109 15 1
18 18 
0 110 15 1
19 19 
0 111 15 1
20 20 
0 112 15 1
21 21 
0 113 15 1
22 22 
0 114 15 1
23 23 
0 115 15 1
24 24 
0 116 15 1
25 25 
0 117 15 1
26 26 
0 118 15 1
27 27 
0 119 15 1
28 28 
0 120 15 1
29 29 
0 121 15 1
30 30 
0 122 15 1
31 31 
0 123 15 1
32 32 
0 199 15 1
33 33 
1 1 1 42
34 1 34 
35 34 35 
36 35 36 
37 36 37 
38 37 38 
39 38 39 
40 39 40 
41 40 41 
42 41 42 
43 42 43 
44 43 44 
45 44 45 
46 45 46 
47 46 47 
48 47 48 
49 48 49 
50 49 50 
51 50 51 
52 51 52 
53 52 53 
54 53 54 
55 54 55 
56 55 56 
57 56 57 
58 57 58 
59 58 59 
60 59 60 
61 60 61 
62 61 62 
63 62 63 
64 63 64 
65 64 65 
66 65 66 
67 66 67 
68 67 68 
69 68 69 
70 69 70 
71 70 71 
72 71 72 
73 72 73 
74 73 74 
75 74 8 
1 2 1 42
76 8 75 
77 75 76 
78 76 77 
79 77 78 
80 78 79 
81 79 80 
82 80 81 
83 81 82 
84 82 83 
85 83 84 
86 84 85 
87 85 86 
88 86 87 
89 87 88 
90 88 89 
91 89 90 
92 90 91 
93 91 92 
94 92 93 
95 93 94 
96 94 95 
97 95 96 
98 96 97 
99 97 98 
100 98 99 
101 99 100 
102 100 101 
103 101 102 
104 102 103 
105 103 104 
106 104 105 
107 105 106 
108 106 107 
109 107 108 
110 108 109 
111 109 110 
112 110 111 
113 111 112 
114 112 113 
115 113 114 
116 114 115 
117 115 6 
1 3 1 80
118 6 116 
119 116 117 
120 117 118 
121 118 119 
122 119 120 
123 120 121 
124 121 122 
125 122 123 
126 123 124 
127 124 125 
128 125 126 
129 126 127 
130 127 128 
131 128 129 
132 129 130 
133 130 131 
134 131 132 
135 132 133 
136 133 134 
137 134 135 
138 135 136 
139 136 137 
140 137 138 
141 138 139 
142 139 140 
143 140 141 
144 141 142 
145 142 143 
146 143 144 
147 144 145 
148 145 146 
149 146 147 
150 147 148 
151 148 149 
152 149 150 
153 150 151 
154 151 152 
155 152 153 
156 153 154 
157 154 155 
158 155 156 
159 156 157 
160 157 158 
161 158 159 
162 159 160 
163 160 161 
164 161 162 
165 162 163 
166 163 164 
167 164 165 
168 165 166 
169 166 167 
170 167 168 
171 168 169 
172 169 170 
173 170 171 
174 171 172 
175 172 173 
176 173 174 
177 174 175 
178 175 176 
179 176 177 
180 177 178 
181 178 179 
182 179 180 
183 180 181 
184 181 182 
185 182 183 
186 183 184 
187 184 185 
188 185 186 
189 186 187 
190 187 188 
191 188 189 
192 189 190 
193 190 191 
194 191 192 
195 192 193 
196 193 194 
197 194 5 
1 4 1 108
198 5 195 
199 195 196 
200 196 197 
201 197 198 
202 198 199 
203 199 200 
204 200 201 
205 201 202 
206 202 203 
207 203 204 
208 204 205 
209 205 206 
210 206 207 
211 207 208 
212 208 209 
213 209 210 
214 210 211 
215 211 212 
216 212 213 
217 213 214 
218 214 215 
219 215 216 
220 216 217 
221 217 218 
222 218 219 
223 219 220 
224 220 221 
225 221 222 
226 222 223 
227 223 224 
228 224 225 
229 225 226 
230 226 227 
231 227 228 
232 228 229 
233 229 230 
234 230 231 
235 231 232 
236 232 233 
237 233 234 
238 234 235 
239 235 236 
240 236 237 
241 237 238 
242 238 239 
243 239 240 
244 240 241 
245 241 242 
246 242 243 
247 243 244 
248 244 245 
249 245 246 
250 246 247 
251 247 248 
252 248 249 
253 249 250 
254 250 251 
255 251 252 
256 252 253 
257 253 254 
258 254 255 
259 255 256 
260 256 257 
261 257 258 
262 258 259 
263 259 260 
264 260 261 
265 261 262 
266 262 263 
267 263 264 
268 264 265 
269 265 266 
270 266 267 
271 267 268 
272 268 269 
273 269 270 
274 270 271 
275 271 272 
276 272 273 
277 273 274 
278 274 275 
279 275 276 
280 276 277 
281 277 278 
282 278 279 
283 279 280 
284 280 281 
285 281 282 
286 282 283 
287 283 284 
288 284 285 
289 285 286 
290 286 287 
291 287 288 
292 288 289 
293 289 290 
294 290 291 
295 291 292 
296 292 293 
297 293 294 
298 294 295 
299 295 296 
300 296 297 
301 297 298 
302 298 299 
303 299 300 
304 300 301 
305 301 4 
1 5 1 25
306 4 302 
307 302 303 
308 303 304 
309 304 305 
310 305 306 
311 306 307 
312 307 308 
313 308 309 
314 309 310 
315 310 311 
316 311 312 
317 312 313 
318 313 314 
319 314 315 
320 315 316 
321 316 317 
322 317 318 
323 318 319 
324 319 320 
325 320 321 
326 321 322 
327 322 323 
328 323 324 
329 324 325 
330 325 3 
1 6 1 108
331 3 326 
332 326 327 
333 327 328 
334 328 329 
335 329 330 
336 330 331 
337 331 332 
338 332 333 
339 333 334 
340 334 335 
341 335 336 
342 336 337 
343 337 338 
344 338 339 
345 339 340 
346 340 341 
347 341 342 
348 342 343 
349 343 344 
350 344 345 
351 345 346 
352 346 347 
353 347 348 
354 348 349 
355 349 350 
356 350 351 
357 351 352 
358 352 353 
359 353 354 
360 354 355 
361 355 356 
362 356 357 
363 357 358 
364 358 359 
365 359 360 
366 360 361 
367 361 362 
368 362 363 
369 363 364 
370 364 365 
371 365 366 
372 366 367 
373 367 368 
374 368 369 
375 369 370 
376 370 371 
377 371 372 
378 372 373 
379 373 374 
380 374 375 
381 375 376 
382 376 377 
383 377 378 
384 378 379 
385 379 380 
386 380 381 
387 381 382 
388 382 383 
389 383 384 
390 384 385 
391 385 386 
392 386 387 
393 387 388 
394 388 389 
395 389 390 
396 390 391 
397 391 392 
398 392 393 
399 393 394 
400 394 395 
401 395 396 
402 396 397 
403 397 398 
404 398 399 
405 399 400 
406 400 401 
407 401 402 
408 402 403 
409 403 404 
410 404 405 
411 405 406 
412 406 407 
413 407 408 
414 408 409 
415 409 410 
416 410 411 
417 411 412 
418 412 413 
419 413 414 
420 414 415 
421 415 416 
422 416 417 
423 417 418 
424 418 419 
425 419 420 
426 420 421 
427 421 422 
428 422 423 
429 423 424 
430 424 425 
431 425 426 
432 426 427 
433 427 428 
434 428 429 
435 429 430 
436 430 431 
437 431 432 
438 432 2 
1 7 1 80
439 2 433 
440 433 434 
441 434 435 
442 435 436 
443 436 437 
444 437 438 
445 438 439 
446 439 440 
447 440 441 
448 441 442 
449 442 443 
450 443 444 
451 444 445 
452 445 446 
453 446 447 
454 447 448 
455 448 449 
456 449 450 
457 450 451 
458 451 452 
459 452 453 
460 453 454 
461 454 455 
462 455 456 
463 456 457 
464 457 458 
465 458 459 
466 459 460 
467 460 461 
468 461 462 
469 462 463 
470 463 464 
471 464 465 
472 465 466 
473 466 467 
474 467 468 
475 468 469 
476 469 470 
477 470 471 
478 471 472 
479 472 473 
480 473 474 
481 474 475 
482 475 476 
483 476 477 
484 477 478 
485 478 479 
486 479 480 
487 480 481 
488 481 482 
489 482 483 
490 483 484 
491 484 485 
492 485 486 
493 486 487 
494 487 488 
495 488 489 
496 489 490 
497 490 491 
498 491 492 
499 492 493 
500 493 494 
501 494 495 
502 495 496 
503 496 497 
504 497 498 
505 498 499 
506 499 500 
507 500 501 
508 501 502 
509 502 503 
510 503 504 
511 504 505 
512 505 506 
513 506 507 
514 507 508 
515 508 509 
516 509 510 
517 510 511 
518 511 1 
1 200 1 9
519 10 512 
520 512 513 
521 513 514 
522 514 515 
523 515 516 
524 516 517 
525 517 518 
526 518 519 
527 519 9 
1 201 1 9
528 11 520 
529 520 521 
530 521 522 
531 522 523 
532 523 524 
533 524 525 
534 525 526 
535 526 527 
536 527 10 
1 202 1 9
537 12 528 
538 528 529 
539 529 530 
540 530 531 
541 531 532 
542 532 533 
543 533 534 
544 534 535 
545 535 11 
1 203 1 9
546 13 536 
547 536 537 
548 537 538 
549 538 539 
550 539 540 
551 540 541 
552 541 542 
553 542 543 
554 543 12 
1 204 1 9
555 14 544 
556 544 545 
557 545 546 
558 546 547 
559 547 548 
560 548 549 
561 549 550 
562 550 551 
563 551 13 
1 205 1 9
564 15 552 
565 552 553 
566 553 554 
567 554 555 
568 555 556 
569 556 557 
570 557 558 
571 558 559 
572 559 14 
1 206 1 9
573 16 560 
574 560 561 
575 561 562 
576 562 563 
577 563 564 
578 564 565 
579 565 566 
580 566 567 
581 567 15 
1 207 1 9
582 17 568 
583 568 569 
584 569 570 
585 570 571 
586 571 572 
587 572 573 
588 573 574 
589 574 575 
590 575 16 
1 208 1 9
591 18 576 
592 576 577 
593 577 578 
594 578 579 
595 579 580 
596 580 581 
597 581 582 
598 582 583 
599 583 17 
1 209 1 9
600 19 584 
601 584 585 
602 585 586 
603 586 587 
604 587 588 
605 588 589 
606 589 590 
607 590 591 
608 591 18 
1 210 1 9
609 20 592 
610 592 593 
611 593 594 
612 594 595 
613 595 596 
614 596 597 
615 597 598 
616 598 599 
617 599 19 
1 211 1 9
618 21 600 
619 600 601 
620 601 602 
621 602 603 
622 603 604 
623 604 605 
624 605 606 
625 606 607 
626 607 20 
1 212 1 9
627 22 608 
628 608 609 
629 609 610 
630 610 611 
631 611 612 
632 612 613 
633 613 614 
634 614 615 
635 615 21 
1 213 1 9
636 23 616 
637 616 617 
638 617 618 
639 618 619 
640 619 620 
641 620 621 
642 621 622 
643 622 623 
644 623 22 
1 214 1 9
645 24 624 
646 624 625 
647 625 626 
648 626 627 
649 627 628 
650 628 629 
651 629 630 
652 630 631 
653 631 23 
1 215 1 9
654 25 632 
655 632 633 
656 633 634 
657 634 635 
658 635 636 
659 636 637 
660 637 638 
661 638 639 
662 639 24 
1 216 1 9
663 26 640 
664 640 641 
665 641 642 
666 642 643 
667 643 644 
668 644 645 
669 645 646 
670 646 647 
671 647 25 
1 217 1 9
672 27 648 
673 648 649 
674 649 650 
675 650 651 
676 651 652 
677 652 653 
678 653 654 
679 654 655 
680 655 26 
1 218 1 9
681 28 656 
682 656 657 
683 657 658 
684 658 659 
685 659 660 
686 660 661 
687 661 662 
688 662 663 
689 663 27 
1 219 1 9
690 29 664 
691 664 665 
692 665 666 
693 666 667 
694 667 668 
695 668 669 
696 669 670 
697 670 671 
698 671 28 
1 220 1 9
699 30 672 
700 672 673 
701 673 674 
702 674 675 
703 675 676 
704 676 677 
705 677 678 
706 678 679 
707 679 29 
1 221 1 9
708 31 680 
709 680 681 
710 681 682 
711 682 683 
712 683 684 
713 684 685 
714 685 686 
715 686 687 
716 687 30 
1 222 1 9
717 32 688 
718 688 689 
719 689 690 
720 690 691 
721 691 692 
722 692 693 
723 693 694 
724 694 695 
725 695 31 
1 223 1 9
726 9 696 
727 696 697 
728 697 698 
729 698 699 
730 699 700 
731 700 701 
732 701 702 
733 702 703 
734 703 32 
2 1 2 20929
735 5400 6331 6332 
736 4698 6761 7531 
737 7709 4440 8569 
738 297 298 7788 
739 8873 7313 9295 
740 6261 870 6750 
741 6525 4713 8002 
742 7386 2289 7388 
743 8103 6096 8127 
744 4857 6575 8470 
745 6136 9419 9532 
746 6439 4984 8153 
747 6290 10385 10486 
748 4713 4712 8002 
749 6995 5956 9552 
750 6236 4722 10406 
751 6410 5244 9101 
752 715 6271 10323 
753 788 6335 6858 
754 759 6962 6964 
755 6317 804 6319 
756 6122 7207 8921 
757 771 8047 8051 
758 875 6359 9585 
759 947 6237 8486 
760 3121 6935 6936 
761 841 6765 8995 
762 1301 6628 10049 
763 3121 6936 10106 
764 5292 7590 8673 
765 1783 1781 8922 
766 6581 961 7759 
767 967 91 6730 
768 6811 6573 9737 
769 2289 7386 7387 
770 1177 1170 6912 
771 8921 7207 8922 
772 2158 6888 6890 
773 6505 906 8828 
774 959 6264 6746 
775 6258 4441 8243 
776 4441 6258 10796 
777 5056 6579 6857 
778 963 7521 7522 
779 4104 5712 6457 
780 7590 7591 8673 
781 4813 6649 9851 
782 2311 6255 10526 
783 5379 7007 9351 
784 899 7313 8873 
785 809 7689 7690 
786 6457 5712 6586 
787 759 6961 6962 
788 4405 5829 6482 
789 8743 5485 9453 
790 4850 4857 8470 
791 6582 7215 9338 
792 4902 6010 6460 
793 8829 9054 10386 
794 5739 5357 8057 
795 6586 5712 8234 
796 4572 4570 6640 
797 5161 7127 7136 
798 4716 6206 7372 
799 7577 5566 9873 
800 7659 791 7660 
801 6723 6834 10308 
802 6743 6744 7023 
803 6202 2089 6533 
804 9564 4376 10234 
805 1180 1641 6583 
806 1346 1344 9335 
807 8515 6236 10406 
808 3954 3821 7651 
809 2180 6402 8544 
810 9419 3073 9532 
811 5161 7136 10469 
812 7415 1911 10557 
813 5446 6220 9152 
814 4901 4902 9006 
815 7487 7484 9193 
816 7198 2171 8695 
817 6086 6949 10067 
818 852 6284 9473 
819 2591 6397 9438 
820 3831 6265 6439 
821 1186 1188 8875 
822 7394 4929 9914 
823 1518 1504 10372 
824 9054 6112 10386 
825 7658 791 7659 
826 8616 1518 10372 
827 486 487 6653 
828 2781 7029 7775 
829 6291 743 8407 
830 6000 6987 9423 
831 7024 1911 7415 
832 6264 959 10029 
833 7699 8570 9930 
834 3831 6439 8153 
835 6300 7198 8695 
836 6253 3186 9973 
837 3173 3171 9668 
838 9124 6850 10358 
839 6213 5181 9040 
840 6293 825 6295 
841 6987 5253 9423 
842 4902 6460 9006 
843 6410 1976 6744 
844 6149 6148 8747 
845 3152 8743 9453 
846 6255 2311 7131 
847 7171 4687 7172 
848 6990 6188 9582 
849 6765 841 10065 
850 4548 6743 7023 
851 1328 1326 10212 
852 2089 6202 10523 
853 1761 1812 9102 
854 7117 1763 10553 
855 1641 6312 6583 
856 1976 6410 9101 
857 6785 6428 10368 
858 6564 880 7485 
859 7641 8663 9427 
860 6723 2670 6834 
861 1266 8863 9103 
862 3038 6811 9737 
863 7308 9675 9862 
864 7054 950 8879 
865 7870 929 8732 
866 3064 6574 6576 
867 6548 2463 9497 
868 6206 4716 7378 
869 5294 6726 8994 
870 1528 1518 10259 
871 6480 790 8270 
872 2530 7025 7026 
873 6758 978 9164 
874 6910 2492 6911 
875 6482 5829 6483 
876 8747 6148 10046 
877 7892 772 7893 
878 2667 4450 6695 
879 8081 5720 8268 
880 2286 9442 9480 
881 5222 4100 6705 
882 8775 6517 9804 
883 1266 8862 8863 
884 1883 6228 8809 
885 3080 6586 8234 
886 8544 6402 10741 
887 6303 870 9495 
888 6909 4711 7183 
889 6428 6785 10248 
890 2769 6266 7543 
891 6359 875 10102 
892 6435 7555 7556 
893 6271 715 9045 
894 6911 2492 7656 
895 6399 812 6829 
896 6419 7117 10553 
897 6586 3080 7991 
898 3186 6253 10727 
899 6220 5446 9709 
900 8096 5261 8097 
901 6341 4763 6342 
902 7591 1543 8673 
903 1840 1838 7388 
904 8811 6995 9552 
905 5589 6311 9355 
906 6435 4783 7555 
907 3080 4999 7991 
908 5354 8019 8021 
909 7994 8077 10330 
910 6228 1883 7247 
911 6292 3179 7783 
912 790 6480 9784 
913 4185 4582 6550 
914 7007 826 9351 
915 1516 1435 7306 
916 4150 9756 10114 
917 245 246 8098 
918 1178 1180 6583 
919 6429 879 9366 
920 4712 4441 10796 
921 6649 4813 10460 
922 1756 7167 9515 
923 6955 4687 7171 
924 6742 3173 9668 
925 4763 4531 6342 
926 6400 924 7724 
927 6918 850 10148 
928 6397 2591 10045 
929 8019 5354 8020 
930 5951 6191 7270 
931 6011 8063 8653 
932 4999 7988 7991 
933 6579 883 6857 
934 6237 947 8487 
935 7388 2253 9397 
936 5306 4596 7085 
937 6744 1976 9130 
938 1543 7591 9162 
939 1338 6887 6915 
940 2660 6311 8819 
941 8862 1266 9038 
942 5137 6413 7121 
943 958 6543 8993 
944 6989 6332 7036 
945 5261 8096 8098 
946 7068 3125 9248 
947 915 6462 8024 
948 7689 809 7692 
949 5051 8046 8047 
950 5425 9344 9387 
951 9675 6370 9862 
952 9040 5181 9368 
953 9344 7790 9387 
954 1518 8616 10259 
955 4234 6619 6917 
956 6778 4652 6841 
957 7134 8862 9038 
958 941 6707 8352 
959 3993 6416 8723 
960 7054 8879 8880 
961 6300 1171 7189 
962 6289 6223 9270 
963 7467 9234 9433 
964 6262 878 9681 
965 7543 5469 9743 
966 6900 1346 9335 
967 4150 10114 10747 
968 2463 2120 9497 
969 7213 4834 7214 
970 9446 5777 9555 
971 6761 4698 10302 
972 7167 1756 9610 
973 929 7870 9662 
974 9303 7179 9360 
975 9196 5910 9364 
976 9480 5563 9481 
977 5126 6084 7828 
978 6265 3831 7223 
979 7212 4834 7213 
980 1171 6300 8695 
981 6565 6564 7485 
982 6289 9270 9383 
983 6266 2769 8723 
984 7179 7178 9360 
985 6335 5336 6858 
986 91 92 6730 
987 4545 4571 6821 
988 878 6262 9587 
989 6888 2158 6915 
990 6191 5951 10256 
991 5725 6680 7989 
992 4576 5554 6737 
993 3125 7068 9173 
994 5162 7129 7248 
995 1348 1346 6900 
996 4929 6786 9914 
997 7521 963 7523 
998 5941 6150 9307 
999 8060 5593 9701 
1000 4582 6227 6550 
1001 6357 9670 10092 
1002 3838 6350 6775 
1003 1456 6372 7305 
1004 7053 4760 9783 
1005 5014 6379 6773 
1006 5278 9679 9913 
1007 6491 9226 9761 
1008 6323 2110 10659 
1009 6411 4697 6448 
1010 6560 733 8918 
1011 5646 6778 6841 
1012 800 8769 9195 
1013 7129 5162 7311 
1014 6622 6505 8828 
1015 4055 7577 9873 
1016 1457 1348 6900 
1017 6430 882 6431 
1018 5428 9509 9548 
1019 1245 1243 7027 
1020 1809 1177 6912 
1021 6776 6142 10298 
1022 8875 1301 10049 
1023 7994 7995 8077 
1024 4382 6441 9998 
1025 6999 6560 8918 
1026 7512 834 10333 
1027 6281 6334 9640 
1028 6223 2163 9270 
1029 6280 3219 8613 
1030 6773 6379 8347 
1031 80 81 7609 
1032 2163 6223 10470 
1033 9442 6661 9480 
1034 6615 716 9537 
1035 6334 9602 9640 
1036 9509 6984 9548 
1037 961 6581 9886 
1038 6961 759 8827 
1039 6830 6272 10187 
1040 881 6674 6688 
1041 6549 5493 7237 
1042 1610 1608 7260 
1043 3179 6292 10366 
1044 7585 5996 9578 
1045 7024 7025 9831 
1046 6849 6850 9124 
1047 4296 8088 8089 
1048 939 6349 8258 
1049 798 9099 9954 
1050 422 423 7660 
1051 6401 5676 9096 
1052 4070 4576 6737 
1053 6960 9494 9678 
1054 6455 967 6730 
1055 707 6479 8648 
1056 9099 6650 9954 
1057 5246 5220 7411 
1058 6372 6374 7305 
1059 6721 805 8901 
1060 3068 3063 6577 
1061 9234 1414 9433 
1062 6800 5618 9265 
1063 4917 5137 7121 
1064 5551 9443 9981 
1065 7223 3856 9614 
1066 3368 3369 6820 
1067 4440 7709 8570 
1068 839 7017 8987 
1069 2220 7113 7239 
1070 6180 7858 9673 
1071 6212 4572 6640 
1072 9159 6804 9798 
1073 932 8404 9596 
1074 6836 6381 10559 
1075 5589 9355 9742 
1076 889 186 6752 
1077 827 477 7004 
1078 1456 6371 6372 
1079 866 6367 10654 
1080 6748 3922 9232 
1081 6420 3368 6820 
1082 7860 5622 8413 
1083 6501 786 7868 
1084 3136 6620 6998 
1085 5808 9752 10051 
1086 4450 6239 6695 
1087 5180 6290 10486 
1088 1342 1339 6915 
1089 5927 8052 10340 
1090 919 6714 8292 
1091 6574 3064 6657 
1092 4760 6745 9783 
1093 6792 7017 9297 
1094 9020 724 10317 
1095 6013 8083 8084 
1096 6402 5265 10741 
1097 6331 5400 6795 
1098 870 6303 9957 
1099 6142 6776 10310 
1100 6404 986 9255 
1101 9443 6321 9981 
1102 9678 6162 10052 
1103 1809 6351 6913 
1104 2110 6323 7408 
1105 6269 3142 6996 
1106 1254 2106 7408 
1107 9679 5917 9913 
1108 7655 1328 10212 
1109 6151 6758 9164 
1110 737 6301 7608 
1111 7017 6792 8987 
1112 4230 7456 9456 
1113 1654 9312 9398 
1114 8047 8046 8051 
1115 5340 6517 8775 
1116 186 187 6752 
1117 8769 8770 9195 
1118 6458 5399 6989 
1119 753 7983 7984 
1120 9312 6415 9398 
1121 772 7892 9488 
1122 1282 1280 7028 
1123 2995 2992 7069 
1124 5388 6272 8436 
1125 5307 9142 9727 
1126 7033 6191 10533 
1127 4879 6993 9779 
1128 2286 9480 9481 
1129 4697 2389 6448 
1130 6894 1457 6900 
1131 8880 8881 10718 
1132 7113 2220 7240 
1133 475 9159 9798 
1134 6311 2660 9355 
1135 4729 6549 7237 
1136 6688 6674 10552 
1137 834 7512 9269 
1138 6949 2214 10067 
1139 6301 737 7609 
1140 743 6291 9256 
1141 6466 728 6726 
1142 4711 5441 7183 
1143 6809 6810 7690 
1144 4233 6687 8620 
1145 9755 6965 10495 
1146 6963 6961 8827 
1147 890 486 6653 
1148 6837 7041 9762 
1149 898 6346 7410 
1150 2289 1840 7388 
1151 2769 7543 9743 
1152 6771 7609 10160 
1153 8570 4890 9930 
1154 6191 7033 7270 
1155 3142 6269 7250 
1156 8062 8986 9749 
1157 6369 7641 9427 
1158 7402 8763 9268 
1159 4716 4198 7378 
1160 9938 6395 10045 
1161 6460 6010 9265 
1162 870 6261 9495 
1163 2126 9329 10269 
1164 893 6458 6989 
1165 6972 4037 8392 
1166 5053 4160 9518 
1167 168 7585 9578 
1168 8763 7402 10778 
1169 4244 5429 9672 
1170 7988 4999 7992 
1171 7011 852 9473 
1172 2352 8876 9275 
1173 5356 5049 8047 
1174 6312 1641 6826 
1175 4694 6809 7690 
1176 7041 5439 9762 
1177 6349 939 10344 
1178 4694 4176 9661 
1179 7048 8749 10046 
1180 2492 6910 8674 
1181 6351 1809 6912 
1182 4376 9392 10234 
1183 764 9757 9959 
1184 988 7487 9193 
1185 725 6267 10278 
1186 8782 6981 9713 
1187 3373 3375 9660 
1188 6369 1971 7641 
1189 7032 1186 8875 
1190 9272 6073 9577 
1191 5795 6721 8901 
1192 6619 4234 8991 
1193 8083 6013 9846 
1194 159 875 9585 
1195 5593 7018 9701 
1196 3125 9173 9296 
1197 6188 5550 9582 
1198 6360 5558 10374 
1199 6492 4265 6528 
1200 5922 6429 9366 
1201 5428 6978 9509 
1202 4826 6869 9598 
1203 4570 6600 6640 
1204 4925 6423 6433 
1205 873 607 6388 
1206 6804 9989 10640 
1207 6267 725 9429 
1208 6510 6508 10672 
1209 6243 10257 10320 
1210 6628 1301 10543 
1211 7858 7860 9673 
1212 6743 4548 8813 
1213 9300 5422 9434 
1214 2253 7388 9604 
1215 9747 6612 9896 
1216 924 6400 7725 
1217 6524 1899 9628 
1218 9672 5429 9777 
1219 1757 1678 6807 
1220 7211 7011 9473 
1221 5676 6401 9901 
1222 828 297 7788 
1223 298 946 7788 
1224 6186 7118 10039 
1225 6687 4233 10425 
1226 6423 2870 6433 
1227 3821 4086 7651 
1228 7117 6419 10494 
1229 9396 6011 10146 
1230 8565 6452 10162 
1231 5127 5126 7828 
1232 6945 3943 7947 
1233 2785 2788 9512 
1234 8074 5798 9893 
1235 9752 6176 10051 
1236 9556 8605 10433 
1237 6444 5208 6932 
1238 2598 7321 8981 
1239 9173 6921 9296 
1240 9372 6360 10374 
1241 5051 8045 8046 
1242 6463 728 6466 
1243 7007 5379 10336 
1244 980 9755 10495 
1245 6319 804 7146 
1246 1911 7024 9831 
1247 6228 7247 8848 
1248 6680 5725 7990 
1249 1804 1770 7212 
1250 622 623 7395 
1251 4672 7221 7222 
1252 4370 6444 6932 
1253 7378 4198 8657 
1254 7025 2530 7027 
1255 6434 7189 8707 
1256 7357 4116 9847 
1257 6467 9377 10716 
1258 6001 9423 9890 
1259 1457 6894 6896 
1260 7247 2135 8848 
1261 7456 5914 9517 
1262 5759 5528 6486 
1263 7456 4230 9547 
1264 8346 5666 8377 
1265 7189 1171 8707 
1266 5841 7308 9460 
1267 1899 6524 9636 
1268 8783 599 9197 
1269 4116 7357 10041 
1270 5400 6332 6989 
1271 7127 5161 8910 
1272 8063 6011 9396 
1273 6753 9678 10052 
1274 7299 9026 10055 
1275 705 7245 7246 
1276 6324 5409 8780 
1277 1933 4153 7552 
1278 6096 8103 10405 
1279 2780 6409 7029 
1280 6220 5804 10373 
1281 2781 2780 7029 
1282 7126 7127 8910 
1283 6978 5428 9550 
1284 6010 8759 9265 
1285 5391 4180 9950 
1286 9329 6204 10269 
1287 6346 898 7411 
1288 6306 6307 9566 
1289 6543 6937 8993 
1290 6409 2780 7030 
1291 716 7099 9537 
1292 6431 820 9066 
1293 6237 993 8486 
1294 6238 6918 10148 
1295 4180 5490 7417 
1296 6284 852 10191 
1297 7134 2223 8514 
1298 5795 8901 9546 
1299 4548 5362 8813 
1300 6887 1338 10648 
1301 6993 4879 10118 
1302 6345 2192 7500 
1303 6367 866 9219 
1304 6413 5137 7122 
1305 5398 6261 6750 
1306 1781 8921 8922 
1307 7016 7251 9734 
1308 5409 6324 9281 
1309 7215 5960 9338 
1310 487 764 6653 
1311 6824 9504 9590 
1312 5960 7215 7216 
1313 1971 6369 7642 
1314 8998 5512 9300 
1315 7622 8835 9034 
1316 8741 2183 9631 
1317 832 9396 10146 
1318 9566 6307 9605 
1319 6133 6720 10647 
1320 5471 8565 10162 
1321 799 6612 9584 
1322 7097 9760 9881 
1323 6272 6830 10683 
1324 4571 4574 6821 
1325 4086 6233 7651 
1326 9738 6001 9890 
1327 4646 6792 9297 
1328 8526 9556 10433 
1329 2192 6345 8774 
1330 6709 5960 7216 
1331 9621 7437 9827 
1332 7708 5351 7709 
1333 1654 7178 9312 
1334 1678 1632 6676 
1335 6233 4086 10676 
1336 3189 9621 9827 
1337 9504 1627 9590 
1338 1323 9602 10437 
1339 3918 3922 6748 
1340 859 6425 6696 
1341 7313 6699 9295 
1342 8657 4198 9292 
1343 7240 7426 10705 
1344 7890 5739 8057 
1345 5357 5413 8057 
1346 6379 5014 6775 
1347 5964 8706 10123 
1348 669 670 6959 
1349 9613 6081 10330 
1350 966 6582 9338 
1351 5035 6773 8347 
1352 6335 788 6859 
1353 3806 8780 9147 
1354 5512 8998 9299 
1355 8971 9380 9448 
1356 7368 7086 10761 
1357 7417 5490 10493 
1358 3003 2752 7062 
1359 6656 10103 10129 
1360 616 948 6426 
1361 7332 7209 9405 
1362 6564 5795 9546 
1363 812 6399 6830 
1364 6699 7313 9733 
1365 6211 936 9208 
1366 9602 6334 10437 
1367 4763 6341 7474 
1368 1796 1783 8922 
1369 5599 5373 6504 
1370 6152 4813 9851 
1371 2008 9925 9966 
1372 933 6468 8070 
1373 4100 6005 6705 
1374 9494 6162 9678 
1375 6868 4402 8583 
1376 986 6404 9253 
1377 6956 5980 9994 
1378 8094 8193 9740 
1379 943 8103 8127 
1380 7786 828 7788 
1381 7452 4587 7453 
1382 9795 2210 9888 
1383 7814 4438 9666 
1384 10103 5926 10129 
1385 7716 9652 10412 
1386 9392 4376 9496 
1387 10114 6532 10747 
1388 6449 1094 9829 
1389 4187 7130 7131 
1390 2008 2007 9925 
1391 6693 6767 9479 
1392 8404 5946 9596 
1393 3833 6764 9108 
1394 3219 6280 10500 
1395 1094 6449 9857 
1396 7868 786 7869 
1397 10155 1558 10293 
1398 8075 8074 9893 
1399 9116 4813 9520 
1400 7477 8672 9538 
1401 1678 6676 6807 
1402 9101 5244 9102 
1403 6150 5941 9656 
1404 4759 9687 10085 
1405 8919 5809 10072 
1406 6910 6912 8674 
1407 8408 7817 9791 
1408 833 9613 10330 
1409 1756 7152 9610 
1410 9327 5915 9406 
1411 2138 7239 8765 
1412 6342 4531 7506 
1413 4826 4825 9583 
1414 7239 7113 8765 
1415 7142 9795 9888 
1416 7178 1654 9360 
1417 6081 8064 8264 
1418 9466 825 10624 
1419 1298 1287 9617 
1420 5549 7733 8805 
1421 4438 7814 9769 
1422 7250 6270 7251 
1423 6434 2178 7188 
1424 4414 8053 9764 
1425 6339 8195 9528 
1426 3274 7122 8645 
1427 6869 6972 9598 
1428 10028 4555 10038 
1429 6671 975 7022 
1430 987 7804 8801 
1431 6610 3952 6798 
1432 753 7984 9637 
1433 4672 7222 9518 
1434 6249 721 10536 
1435 1510 6903 8355 
1436 4454 4569 7789 
1437 152 6956 9994 
1438 9652 854 10412 
1439 3063 3064 6577 
1440 6371 1456 6839 
1441 7022 9144 9584 
1442 3064 6576 6577 
1443 6851 469 6853 
1444 9411 5215 9456 
1445 825 6293 8972 
1446 9410 1759 10047 
1447 882 6430 6432 
1448 6715 1284 9887 
1449 9670 6357 10697 
1450 974 6800 9265 
1451 6626 8657 9292 
1452 6833 3807 9744 
1453 6006 9022 9979 
1454 8053 4414 10340 
1455 6840 5896 8832 
1456 5215 4230 9456 
1457 828 7786 7787 
1458 7308 7307 9460 
1459 8749 837 10046 
1460 3369 3373 6820 
1461 7043 2202 7309 
1462 5559 5154 6472 
1463 6269 6270 7250 
1464 7069 7068 9137 
1465 8019 830 8021 
1466 6778 6197 9999 
1467 1414 6362 9199 
1468 3836 9300 9434 
1469 2544 6836 10559 
1470 6561 8880 10718 
1471 6362 1414 9234 
1472 1284 6715 9819 
1473 6197 6778 9939 
1474 6326 7636 10606 
1475 7707 7709 8569 
1476 1904 9196 9364 
1477 1768 1516 7306 
1478 5809 8919 10042 
1479 705 7246 9816 
1480 936 6211 10060 
1481 9137 7068 9248 
1482 4187 5433 7130 
1483 6539 6540 10125 
1484 6852 9060 10358 
1485 6575 4857 10243 
1486 7248 7050 8967 
1487 7044 1373 7731 
1488 9760 4530 9881 
1489 803 6421 6582 
1490 810 9446 9555 
1491 6761 3105 7531 
1492 5208 6444 6933 
1493 7280 9628 10139 
1494 8052 5927 9322 
1495 6541 3003 7062 
1496 8195 6339 10556 
1497 6421 803 6581 
1498 6310 872 7080 
1499 6848 876 6849 
1500 5294 8994 8995 
1501 1684 8763 10778 
1502 7258 8916 9198 
1503 8835 7622 10517 
1504 4697 6411 8639 
1505 6507 6508 6510 
1506 6350 3838 7553 
1507 952 591 6450 
1508 7148 10028 10038 
1509 1304 7347 7349 
1510 7152 1756 9771 
1511 624 951 6452 
1512 7545 3189 9827 
1513 8077 833 10330 
1514 6535 7217 9802 
1515 9947 7718 9960 
1516 6279 9738 9890 
1517 5487 7211 9473 
1518 6540 9757 10125 
1519 4110 7860 8413 
1520 1841 1843 6974 
1521 5643 9947 9960 
1522 8021 830 10220 
1523 7086 6246 10761 
1524 7200 5414 7201 
1525 6677 8583 8934 
1526 6445 7500 8768 
1527 704 6519 9671 
1528 9411 5994 10013 
1529 7530 10155 10293 
1530 5301 5479 6936 
1531 767 8062 9749 
1532 6647 6790 9169 
1533 3189 7545 9915 
1534 6771 6301 7609 
1535 7506 5332 9647 
1536 4455 2552 6490 
1537 3364 3365 7081 
1538 4824 6518 6526 
1539 804 6317 10151 
1540 6613 6612 9747 
1541 5759 6486 6521 
1542 6612 799 9896 
1543 2178 6434 8707 
1544 6001 6000 9423 
1545 2555 2553 8620 
1546 5390 4500 6532 
1547 7330 6617 8991 
1548 6348 914 8142 
1549 8679 6178 9058 
1550 85 86 7524 
1551 6726 728 8994 
1552 6809 4694 9661 
1553 2138 7114 7116 
1554 5666 7840 8377 
1555 420 421 7663 
1556 4402 6868 8955 
1557 824 6494 9182 
1558 7500 2192 8768 
1559 8061 6168 9328 
1560 5804 6220 9709 
1561 6524 9611 9636 
1562 9219 866 9271 
1563 8702 6039 9768 
1564 4596 4598 7085 
1565 9757 6540 9959 
1566 6355 308 9555 
1567 6860 5489 9247 
1568 6492 6528 6658 
1569 5616 6833 9744 
1570 7324 5362 7325 
1571 9492 6978 9550 
1572 6518 2850 6526 
1573 9570 330 10215 
1574 2223 7134 9038 
1575 6524 6523 9611 
1576 5049 5051 8047 
1577 5725 7989 7992 
1578 6133 6018 6720 
1579 4426 5474 6570 
1580 4265 2556 6528 
1581 4879 4878 7073 
1582 3952 6610 6614 
1583 7347 1304 7350 
1584 5117 6529 7719 
1585 6599 773 8036 
1586 6790 4505 9169 
1587 7299 957 9026 
1588 2229 1761 9102 
1589 2289 7387 7389 
1590 4864 9779 10281 
1591 5546 8237 9557 
1592 4927 6408 7121 
1593 6804 9159 9989 
1594 7788 946 9879 
1595 6177 6178 8679 
1596 1232 7064 7162 
1597 1995 1757 6807 
1598 6912 1170 8674 
1599 6979 6978 9492 
1600 7984 8082 9637 
1601 953 703 6463 
1602 2125 6443 6839 
1603 7029 4927 7775 
1604 2160 6281 9640 
1605 5964 8452 8706 
1606 2553 4233 8620 
1607 721 6249 9049 
1608 9377 6566 10716 
1609 5162 7248 8967 
1610 3334 7413 8388 
1611 4157 5117 7719 
1612 7063 7064 8985 
1613 8096 245 8098 
1614 246 754 8098 
1615 1288 6756 10300 
1616 967 6455 8655 
1617 7371 9716 10209 
1618 7056 8355 10164 
1619 6350 5331 6775 
1620 6408 4927 7029 
1621 1435 7305 7306 
1622 6716 7086 7368 
1623 7126 4507 7504 
1624 7265 9836 9848 
1625 9022 6006 10477 
1626 7841 6329 10303 
1627 6407 977 10034 
1628 4813 4632 9520 
1629 1803 2138 7116 
1630 1717 7255 9828 
1631 7426 4794 10705 
1632 6679 4764 7474 
1633 7217 6535 10163 
1634 6443 2125 6840 
1635 6903 6904 8355 
1636 6310 7393 10472 
1637 4376 6141 9496 
1638 7817 7816 9791 
1639 4721 9505 9883 
1640 8276 8032 10501 
1641 3255 7557 7558 
1642 7562 5594 9830 
1643 4764 6679 7990 
1644 512 714 6477 
1645 2274 6375 10620 
1646 6281 2160 10531 
1647 5433 6802 9391 
1648 1844 1842 7389 
1649 8047 771 9680 
1650 6906 7100 9215 
1651 6310 5944 7393 
1652 6681 3192 8854 
1653 3757 6585 7636 
1654 6425 859 9990 
1655 931 6446 7046 
1656 8818 8819 9685 
1657 4171 3937 6814 
1658 1148 1304 7349 
1659 5914 7456 9547 
1660 9144 799 9584 
1661 308 6355 10566 
1662 1812 9101 9102 
1663 959 6477 10029 
1664 7789 7788 9879 
1665 8916 2193 9198 
1666 837 8747 10046 
1667 3368 6420 7081 
1668 9628 1899 10139 
1669 2135 6368 8848 
1670 7153 3564 8274 
1671 1274 1265 6839 
1672 4628 5488 6542 
1673 1373 7044 7732 
1674 6976 5520 7626 
1675 1182 1183 7032 
1676 5293 6522 7421 
1677 2226 6929 7456 
1678 5515 6951 7052 
1679 6749 5781 9813 
1680 6820 3373 9660 
1681 5154 6347 6472 
1682 4878 5411 7073 
1683 2278 9937 10115 
1684 7095 9986 10010 
1685 6473 2263 9904 
1686 7539 10195 10321 
1687 2168 6476 9917 
1688 2106 2110 7408 
1689 1420 6306 9566 
1690 9836 5437 9848 
1691 8082 7984 10344 
1692 8237 5546 10581 
1693 5612 6284 7009 
1694 7095 7094 9986 
1695 6416 6266 8723 
1696 2992 3223 7069 
1697 8088 4296 9302 
1698 2530 7026 7028 
1699 10257 2717 10320 
1700 1243 1255 7027 
1701 6684 6152 9931 
1702 7321 2598 9448 
1703 3491 6435 7557 
1704 7558 3809 10031 
1705 5591 8081 8268 
1706 2202 7043 7731 
1707 6368 2135 7187 
1708 6381 6836 9606 
1709 7233 7231 9616 
1710 6361 6487 10112 
1711 7114 2138 8765 
1712 849 669 6959 
1713 4460 6985 8895 
1714 2263 6473 9946 
1715 8024 6462 8965 
1716 6329 7841 9936 
1717 6658 6405 9255 
1718 6502 4626 6693 
1719 3809 7558 10203 
1720 9643 5375 10396 
1721 8854 3192 9505 
1722 1858 1841 6974 
1723 5389 5388 8436 
1724 9072 2341 9206 
1725 2222 7063 8985 
1726 2151 6709 9595 
1727 6826 2461 6827 
1728 4924 6136 6871 
1729 6594 816 9544 
1730 4726 10275 10327 
1731 7255 1717 10337 
1732 8526 4438 9556 
1733 775 6738 6739 
1734 7340 9523 10087 
1735 2664 2667 6695 
1736 6412 9072 9206 
1737 2255 6387 9687 
1738 732 6305 9230 
1739 6340 6110 9394 
1740 6476 2168 10027 
1741 6979 5297 9342 
1742 10195 1737 10321 
1743 5375 5377 10396 
1744 737 80 7609 
1745 757 6597 8104 
1746 1335 6976 7626 
1747 6306 1420 9679 
1748 3127 7332 9405 
1749 6958 6106 9876 
1750 10388 6036 10401 
1751 5399 5400 6989 
1752 9931 6152 10439 
1753 6474 1959 9365 
1754 4790 6558 6580 
1755 2790 3040 7144 
1756 4849 4850 8470 
1757 2746 2744 8723 
1758 8660 9723 10326 
1759 4438 8526 9666 
1760 1910 6445 8768 
1761 1371 1375 7731 
1762 4507 7126 8910 
1763 2197 7179 10465 
1764 3945 7700 9799 
1765 6441 7237 9998 
1766 5171 6469 9275 
1767 3130 3132 6797 
1768 2687 6689 9143 
1769 3106 6321 9443 
1770 1457 6896 7499 
1771 6423 4925 7153 
1772 775 6739 6740 
1773 7262 6323 10659 
1774 8880 8879 8881 
1775 1150 1148 7349 
1776 6484 6880 9289 
1777 6604 7188 8713 
1778 8355 7056 10403 
1779 2193 7167 9198 
1780 6445 1910 6787 
1781 4587 7452 9378 
1782 9813 5781 10109 
1783 991 711 992 
1784 6937 4791 8859 
1785 968 535 6507 
1786 1347 1349 7610 
1787 468 469 6851 
1788 5559 6472 9797 
1789 6558 2836 6580 
1790 6305 732 10072 
1791 10275 6252 10327 
1792 2306 6909 7183 
1793 6981 8782 10064 
1794 6515 1860 6677 
1795 5595 9219 9271 
1796 963 7522 7524 
1797 7675 7122 9056 
1798 3888 7081 8931 
1799 6807 5306 7085 
1800 5941 6380 9656 
1801 6313 9222 9489 
1802 1339 1338 6915 
1803 5437 4382 9998 
1804 5808 5809 9475 
1805 774 7018 8053 
1806 791 422 7660 
1807 423 927 7660 
1808 7009 6284 10191 
1809 4824 4158 7221 
1810 6929 2226 7455 
1811 9848 5437 9998 
1812 9716 1582 10209 
1813 6841 9020 10317 
1814 6985 6982 8895 
1815 6236 1556 10421 
1816 6427 6428 10206 
1817 9670 6577 10092 
1818 5339 8106 8108 
1819 6771 5976 6772 
1820 1995 7085 9996 
1821 5489 4370 6932 
1822 5413 8056 8057 
1823 8193 6097 9740 
1824 7918 4615 9567 
1825 7179 2197 10471 
1826 820 6431 10086 
1827 6490 6491 9761 
1828 2570 2572 6692 
1829 5976 5525 6772 
1830 10149 7078 10182 
1831 825 173 10624 
1832 2275 6734 9319 
1833 1280 2530 7028 
1834 5220 6346 7411 
1835 9688 6012 10228 
1836 5070 6578 7842 
1837 5781 6749 10107 
1838 464 878 6864 
1839 893 6989 7036 
1840 8819 6805 9685 
1841 7220 3580 8326 
1842 6321 3106 10420 
1843 875 6685 6686 
1844 9779 6994 10281 
1845 3411 3413 7223 
1846 914 6348 9854 
1847 1913 6523 9327 
1848 6271 6520 10323 
1849 2530 1245 7027 
1850 5896 6840 8903 
1851 2592 2591 6516 
1852 6106 6958 10295 
1853 6767 1728 9479 
1854 6309 830 9151 
1855 7240 2220 7426 
1856 7749 718 10351 
1857 1046 6825 9146 
1858 6943 5059 6944 
1859 2190 6662 6663 
1860 4905 6567 6569 
1861 6758 6151 10063 
1862 830 6309 10220 
1863 7122 5137 8645 
1864 6604 1057 7180 
1865 9048 1677 9817 
1866 6731 5156 7652 
1867 1661 7258 7259 
1868 467 876 6848 
1869 2510 10388 10401 
1870 6443 6840 8832 
1871 6110 6340 9441 
1872 878 6847 9681 
1873 4408 5293 7421 
1874 6998 6620 9825 
1875 6605 6241 10144 
1876 7906 762 8054 
1877 6375 2274 10539 
1878 6590 9855 10020 
1879 1842 2289 7389 
1880 4173 5070 7842 
1881 3215 3196 6591 
1882 1556 6236 10398 
1883 7733 6554 8805 
1884 1625 7382 7383 
1885 3945 7675 9056 
1886 1146 1144 7359 
1887 872 6310 10472 
1888 718 7749 9852 
1889 9096 5676 9313 
1890 9664 1995 9996 
1891 6343 8066 10591 
1892 6956 866 10654 
1893 5059 5053 6944 
1894 1188 1301 8875 
1895 7188 2178 8713 
1896 1769 1803 7116 
1897 7690 6810 7691 
1898 5720 8081 10446 
1899 6869 4037 6972 
1900 8044 4060 9975 
1901 10206 6428 10248 
1902 1608 1661 7260 
1903 4328 4076 7664 
1904 8759 974 9265 
1905 3070 9813 10109 
1906 2183 8521 9631 
1907 4904 4905 6569 
1908 5129 7504 8912 
1909 2795 7721 7942 
1910 9361 6123 9683 
1911 1634 10149 10182 
1912 6529 5117 7720 
1913 7580 4006 9381 
1914 3215 6683 9082 
1915 4180 7417 9950 
1916 7643 7694 7744 
1917 6408 4917 7121 
1918 7485 7484 7487 
1919 965 687 6530 
1920 6241 6078 10144 
1921 8521 2183 9222 
1922 831 9272 9577 
1923 10553 9051 10595 
1924 2165 6898 6901 
1925 9730 8293 9967 
1926 2158 1342 6915 
1927 7070 8898 9863 
1928 6945 5053 9518 
1929 81 960 7609 
1930 6481 1284 9819 
1931 9000 795 9024 
1932 8140 6365 10598 
1933 7187 1881 8861 
1934 1632 1860 6676 
1935 6365 8140 10608 
1936 9796 6100 10160 
1937 977 6407 10064 
1938 1344 2158 9335 
1939 4013 4185 6550 
1940 984 6963 8827 
1941 5231 4901 9006 
1942 7244 3582 8357 
1943 9687 6387 10085 
1944 7036 6332 10367 
1945 6433 2870 7632 
1946 7064 1232 8985 
1947 809 7690 7691 
1948 1625 7380 7382 
1949 6098 9459 10032 
1950 6599 8036 8037 
1951 4626 6502 6692 
1952 6402 2180 9048 
1953 2751 2754 7635 
1954 7185 5462 9030 
1955 4060 8044 10247 
1956 6585 3757 7635 
1957 4984 6439 9264 
1958 5555 5246 7411 
1959 5222 6705 10352 
1960 7282 9487 9490 
1961 9941 5655 9991 
1962 7265 7264 8822 
1963 5578 8158 9576 
1964 6785 6780 10248 
1965 7738 941 8352 
1966 7238 8962 9745 
1967 6426 948 6427 
1968 7118 874 10039 
1969 7259 7310 9268 
1970 8583 4402 8934 
1971 6728 9688 10228 
1972 8098 754 8099 
1973 1709 1725 7045 
1974 5243 7810 9354 
1975 1913 9327 9406 
1976 9128 7391 9397 
1977 7174 1254 7408 
1978 4455 6240 10613 
1979 867 6803 9418 
1980 9731 6015 9803 
1981 9487 4506 9490 
1982 2478 6536 7396 
1983 5895 5896 6913 
1984 3060 3051 6657 
1985 4570 3210 6600 
1986 6756 1288 10095 
1987 6109 9941 9991 
1988 6869 4826 9583 
1989 7596 777 9889 
1990 5545 6592 6678 
1991 9507 4812 9705 
1992 6532 4500 10747 
1993 6313 8521 9222 
1994 7305 6374 7306 
1995 2074 2463 6563 
1996 6248 9570 10215 
1997 172 825 8972 
1998 6448 2389 6970 
1999 7251 6270 9734 
2000 7159 2221 7161 
2001 2711 9731 9803 
2002 5611 8644 9133 
2003 8064 6081 9613 
2004 7157 8514 9016 
2005 4813 9116 10460 
2006 6751 889 6752 
2007 5362 7324 8813 
2008 9844 7704 10021 
2009 5996 7149 9578 
2010 5413 8055 8056 
2011 5962 9410 10047 
2012 7810 9027 9354 
2013 952 6999 8918 
2014 8506 4634 9739 
2015 2359 6424 9361 
2016 873 6388 10418 
2017 6255 6643 10526 
2018 6664 744 6666 
2019 5056 6857 9958 
2020 6583 6313 9489 
2021 3946 7919 9619 
2022 7304 7214 8715 
2023 5662 8783 9197 
2024 2165 6901 8321 
2025 5215 9411 10013 
2026 715 9012 9045 
2027 1284 6481 9815 
2028 7120 6329 9936 
2029 713 5982 8625 
2030 1287 1282 7028 
2031 2752 2750 7062 
2032 2788 7144 9512 
2033 6508 6514 10672 
2034 6582 966 10183 
2035 6542 5488 6758 
2036 7609 960 10160 
2037 7398 6392 7399 
2038 560 561 9150 
2039 883 6579 8996 
2040 7090 2352 9275 
2041 6797 3132 10720 
2042 8032 8276 8277 
2043 1152 1150 9204 
2044 6898 2165 7499 
2045 7157 1253 7158 
2046 3856 6258 9614 
2047 9937 6314 10115 
2048 6871 6136 9532 
2049 5808 9475 9752 
2050 4746 7265 8822 
2051 697 840 6551 
2052 9135 9790 10130 
2053 7130 5433 9391 
2054 4891 7050 7364 
2055 2158 6890 9335 
2056 737 7608 9559 
2057 1610 7260 8763 
2058 6824 6825 9416 
2059 6589 6590 10020 
2060 3954 7651 9729 
2061 7345 9623 10199 
2062 6584 2762 7634 
2063 6734 5380 9319 
2064 4532 3206 6681 
2065 6707 941 10520 
2066 6822 5307 9727 
2067 7194 7193 9770 
2068 6822 7020 9154 
2069 2253 9128 9397 
2070 7143 8815 9868 
2071 6951 472 7052 
2072 6368 7187 8861 
2073 7386 7388 9397 
2074 6351 5895 6913 
2075 6098 7689 7692 
2076 6240 4455 10511 
2077 9459 856 10032 
2078 2577 2579 7252 
2079 5515 6120 6951 
2080 8052 8053 10340 
2081 8663 2512 9427 
2082 6431 882 10086 
2083 5489 6932 9247 
2084 7859 5622 7860 
2085 6925 792 9010 
2086 9963 8327 10501 
2087 827 7004 10629 
2088 477 478 7004 
2089 3885 7992 8194 
2090 1860 6515 6676 
2091 1287 7028 9617 
2092 7285 4506 9487 
2093 8514 2223 9016 
2094 777 7596 10591 
2095 6327 762 9869 
2096 5996 5491 7149 
2097 3064 3060 6657 
2098 7407 7174 7408 
2099 5059 6972 8392 
2100 1641 2461 6826 
2101 6950 6125 10177 
2102 8780 5409 9147 
2103 922 7595 7596 
2104 2570 6692 8724 
2105 7642 7643 7744 
2106 6616 6617 7330 
2107 4426 6570 6659 
2108 1843 6973 6974 
2109 3806 6986 8780 
2110 5160 9853 9944 
2111 6446 931 10225 
2112 6329 7120 10001 
2113 8890 5231 9006 
2114 8890 5910 9196 
2115 10112 6487 10274 
2116 6864 878 9587 
2117 7511 10190 10312 
2118 5154 4252 6347 
2119 6591 4545 6821 
2120 6537 6620 10180 
2121 8033 9963 10501 
2122 9511 9140 10721 
2123 2572 4626 6692 
2124 835 601 7668 
2125 6747 5609 6755 
2126 9759 9399 10174 
2127 6041 9689 10033 
2128 910 6872 8038 
2129 3865 10505 10510 
2130 4158 5045 7221 
2131 536 979 6554 
2132 9000 9024 10338 
2133 4422 6747 6755 
2134 6125 6950 10207 
2135 5982 696 6551 
2136 1927 2274 6533 
2137 1057 6604 8713 
2138 10505 6126 10510 
2139 6268 6267 9429 
2140 6343 6344 8066 
2141 7480 9183 9304 
2142 6824 9416 9504 
2143 8953 9493 9754 
2144 9746 8837 10025 
2145 796 6555 6855 
2146 6527 4814 7719 
2147 2548 6241 10512 
2148 9723 7752 10326 
2149 1910 1804 7212 
2150 4814 4157 7719 
2151 6759 10553 10595 
2152 838 622 7395 
2153 2567 2570 8724 
2154 6913 5896 8903 
2155 2512 6415 9427 
2156 9665 5219 9711 
2157 6673 4857 7826 
2158 3994 4692 6834 
2159 3932 2676 6838 
2160 7170 6955 7171 
2161 5231 8890 9196 
2162 6963 984 9571 
2163 7678 7010 10491 
2164 7167 2193 9515 
2165 8480 8221 9362 
2166 6736 4070 6737 
2167 5487 5485 8743 
2168 6486 5528 6842 
2169 6850 6852 10358 
2170 6608 6610 6798 
2171 3223 7067 7069 
2172 5307 6822 9154 
2173 4653 5415 6816 
2174 2823 7844 7948 
2175 6472 860 9797 
2176 1150 7349 9204 
2177 6944 6945 7947 
2178 985 7912 9905 
2179 6877 7149 9591 
2180 9700 8111 9840 
2181 978 6758 6829 
2182 7325 5362 7476 
2183 6578 5070 7843 
2184 6499 9043 9044 
2185 8158 5578 10669 
2186 1770 4834 7212 
2187 7552 7238 9745 
2188 3253 3250 7638 
2189 7258 1661 8916 
2190 6504 5373 7031 
2191 9747 798 9954 
2192 696 697 6551 
2193 5331 6379 6775 
2194 3815 3159 6603 
2195 836 9044 9924 
2196 5526 7174 7407 
2197 6592 5236 6678 
2198 6601 4653 6816 
2199 7990 5724 8257 
2200 5392 6694 8474 
2201 6661 2001 9184 
2202 3257 7233 9616 
2203 6543 4791 6937 
2204 6573 6657 9737 
2205 6830 6399 10683 
2206 786 6501 8777 
2207 7171 7172 7173 
2208 4673 6866 9691 
2209 4153 6549 7552 
2210 7162 7161 8983 
2211 607 20 6388 
2212 5467 4454 7789 
2213 993 711 8486 
2214 22 711 991 
2215 6687 881 6688 
2216 3982 6955 7170 
2217 762 6327 10571 
2218 979 8770 8805 
2219 7636 6585 10606 
2220 6927 6929 7455 
2221 6917 6619 9043 
2222 8100 7597 10379 
2223 8648 6479 9782 
2224 5398 6750 9585 
2225 6040 9844 10021 
2226 6714 919 10577 
2227 6441 4382 10575 
2228 6526 2850 7083 
2229 6606 5426 6671 
2230 6518 4824 7220 
2231 9249 7040 9342 
2232 4798 6601 6816 
2233 1826 1933 7552 
2234 4329 6152 6684 
2235 1230 6675 10122 
2236 4444 6380 6838 
2237 925 420 7663 
2238 7912 985 10517 
2239 947 8485 8487 
2240 3039 3034 9601 
2241 6268 9429 9806 
2242 5997 568 6648 
2243 2809 7434 7929 
2244 1183 1186 7032 
2245 4665 3888 8931 
2246 7597 8100 10186 
2247 10190 5974 10312 
2248 6716 1631 7086 
2249 7097 1882 9525 
2250 10180 6620 10255 
2251 6415 2512 9398 
2252 7742 7746 9161 
2253 6969 9058 9539 
2254 5481 7678 10491 
2255 839 6861 7017 
2256 623 991 7395 
2257 7855 4647 9568 
2258 4925 4665 9608 
2259 4374 6717 6881 
2260 2213 6754 10124 
2261 2463 6548 10593 
2262 9523 2259 10087 
2263 6925 9010 10074 
2264 6424 2359 9422 
2265 2599 8702 9768 
2266 3292 7720 8550 
2267 6161 8963 10052 
2268 4455 6490 9761 
2269 5549 5547 7733 
2270 4849 6571 8917 
2271 7159 7158 9032 
2272 5414 7200 9686 
2273 3194 3215 9082 
2274 6075 552 9229 
2275 3220 3833 9108 
2276 4814 6527 7721 
2277 4218 6927 7455 
2278 6857 6858 9465 
2279 7542 9820 9983 
2280 7195 2164 7196 
2281 6469 5171 9464 
2282 7625 7626 9875 
2283 762 7906 9869 
2284 9183 2368 9304 
2285 4761 4347 6736 
2286 738 8782 9713 
2287 8775 6075 10550 
2288 6387 2255 10441 
2289 3320 7843 8432 
2290 1241 7630 10222 
2291 6936 5479 7332 
2292 23 616 6426 
2293 7483 5153 8641 
2294 6901 6903 8321 
2295 4691 5783 6594 
2296 5471 6646 7235 
2297 5425 9403 9801 
2298 2224 9517 9793 
2299 6754 2213 10166 
2300 9142 2366 9727 
2301 2613 6805 9166 
2302 6805 4926 9166 
2303 544 851 6616 
2304 6735 6212 10029 
2305 601 602 7668 
2306 9205 5579 9245 
2307 7460 9626 9859 
2308 7724 924 10397 
2309 2794 6547 7721 
2310 9380 6320 9448 
2311 4189 2601 6781 
2312 6499 9044 9545 
2313 736 7562 9830 
2314 3495 6447 10667 
2315 881 162 6674 
2316 5297 6979 9492 
2317 5819 6212 6735 
2318 568 569 6648 
2319 1422 6562 7185 
2320 8759 6010 10351 
2321 7644 1134 7745 
2322 874 164 6876 
2323 95 6453 10572 
2324 6814 7477 9538 
2325 6975 6882 9866 
2326 919 8292 8973 
2327 4764 4763 7474 
2328 6606 6671 7022 
2329 3501 7474 8174 
2330 8770 979 9195 
2331 7989 7988 7992 
2332 1959 1901 9365 
2333 6149 8747 8748 
2334 2646 4589 7031 
2335 599 19 9197 
2336 6675 1230 10250 
2337 6238 5211 6918 
2338 10431 3494 10438 
2339 6794 5916 6925 
2340 6567 4905 6813 
2341 5440 7084 9122 
2342 4643 6482 6483 
2343 3963 3024 6777 
2344 1426 1424 6873 
2345 8876 5171 9275 
2346 7396 7363 9083 
2347 9790 3780 10130 
2348 875 160 6685 
2349 6479 707 9980 
2350 6447 3495 10639 
2351 939 8082 10344 
2352 5965 7380 9469 
2353 6458 893 9721 
2354 8053 7018 9764 
2355 6808 2290 9210 
2356 6601 4798 6908 
2357 4104 6457 10810 
2358 7042 7043 7309 
2359 2684 2687 9143 
2360 708 85 7524 
2361 7260 7259 9268 
2362 6679 6680 7990 
2363 8374 10431 10438 
2364 10130 3780 10234 
2365 8487 8485 10614 
2366 5580 5579 9205 
2367 1456 1274 6839 
2368 6455 4913 8655 
2369 6405 6404 9255 
2370 569 815 6648 
2371 5129 6788 7504 
2372 591 18 6450 
2373 8429 4930 9600 
2374 6549 4729 7238 
2375 7900 909 10583 
2376 4592 6727 6728 
2377 6519 704 9031 
2378 6717 6818 8469 
2379 7525 7522 7633 
2380 5618 6460 9265 
2381 24 624 6452 
2382 8101 939 8258 
2383 1351 1353 8440 
2384 3215 6591 6821 
2385 5990 10375 10389 
2386 5261 5017 8097 
2387 4569 7786 7789 
2388 1026 1028 7685 
2389 10375 7865 10389 
2390 6650 9099 10091 
2391 6184 10136 10230 
2392 74 6454 10034 
2393 6906 9215 10361 
2394 172 8972 10724 
2395 2359 9361 9683 
2396 9232 3922 9659 
2397 1557 1659 7566 
2398 4506 7285 9499 
2399 5297 9249 9342 
2400 1129 1127 7656 
2401 5488 6399 6829 
2402 5945 7580 9381 
2403 4683 9245 9800 
2404 3888 3364 7081 
2405 3365 3368 7081 
2406 6792 954 8987 
2407 2705 6703 9478 
2408 3815 6603 8703 
2409 8898 5470 9863 
2410 3783 6647 9169 
2411 6671 8769 10726 
2412 4316 5426 6606 
2413 985 8835 10517 
2414 6462 915 10424 
2415 7506 5722 8312 
2416 9623 2321 10199 
2417 4150 3906 10150 
2418 1253 7157 9016 
2419 7040 4642 7710 
2420 6766 2577 7252 
2421 3946 7412 8281 
2422 7722 9654 9780 
2423 6764 3833 9426 
2424 2991 3161 6727 
2425 6489 5705 9579 
2426 7630 1241 10349 
2427 1422 7185 9030 
2428 2325 7323 10693 
2429 9 696 5982 
2430 703 32 6463 
2431 5600 7752 9723 
2432 640 641 6720 
2433 7095 4555 10028 
2434 7413 5057 8388 
2435 9707 7625 9875 
2436 6733 9085 9146 
2437 8964 4937 9663 
2438 6470 7088 7090 
2439 6016 640 6720 
2440 6295 825 9466 
2441 4811 4810 6659 
2442 7822 8472 10573 
2443 6395 6397 10045 
2444 8414 9212 9655 
2445 6536 2478 8474 
2446 5323 6826 6827 
2447 450 882 9374 
2448 8106 5339 9315 
2449 9806 894 10012 
2450 7412 7413 8281 
2451 10 512 6477 
2452 6370 2007 9862 
2453 6454 74 10357 
2454 6453 95 10450 
2455 4823 7042 7309 
2456 6582 6421 7215 
2457 3907 3791 6757 
2458 1144 2143 7359 
2459 9351 826 9395 
2460 9872 4803 10672 
2461 1265 2125 6839 
2462 6199 6403 10700 
2463 7232 3253 7638 
2464 8963 3133 10052 
2465 3206 3191 6681 
2466 17 568 5997 
2467 2675 3994 6834 
2468 5457 6819 8510 
2469 853 6799 6800 
2470 9756 4150 10150 
2471 1232 7162 8983 
2472 7636 6326 10311 
2473 7051 5526 9017 
2474 6685 881 6687 
2475 3219 3209 8613 
2476 7050 4891 8967 
2477 6666 744 6667 
2478 5268 7480 8745 
2479 9085 1046 9146 
2480 7419 5580 9205 
2481 6698 4408 7421 
2482 6265 7223 9614 
2483 5358 7266 8917 
2484 5300 5301 6936 
2485 9344 5425 9801 
2486 9970 6135 10056 
2487 7321 7320 8981 
2488 7600 7199 8903 
2489 3932 6838 10532 
2490 6825 1046 9416 
2491 6882 6975 10655 
2492 6559 5057 7413 
2493 6671 5426 8769 
2494 6226 5447 6425 
2495 860 6472 9229 
2496 6709 2151 7501 
2497 7252 7253 10744 
2498 9874 5453 10168 
2499 6717 4374 6818 
2500 4445 4628 6542 
2501 8056 918 8057 
2502 6903 1510 8321 
2503 952 6450 10519 
2504 6602 1881 7518 
2505 7413 3334 8281 
2506 5589 9742 10048 
2507 9044 836 9545 
2508 9444 8255 9450 
2509 4613 5375 10081 
2510 953 6463 6464 
2511 9775 10246 10597 
2512 6098 7692 9459 
2513 7783 3186 10727 
2514 7995 934 8077 
2515 10136 6949 10230 
2516 6403 6199 10717 
2517 2478 7396 9083 
2518 7425 7139 9919 
2519 7752 5600 9774 
2520 2449 9938 10045 
2521 8900 4666 9639 
2522 6814 3937 7477 
2523 1912 7544 10637 
2524 4582 4283 5447 
2525 6838 6380 10532 
2526 664 665 6774 
2527 6709 7216 9595 
2528 6573 6574 6657 
2529 4450 4105 5211 
2530 4817 4173 7842 
2531 3915 4886 6603 
2532 535 11 6507 
2533 4347 4049 6736 
2534 5934 9564 10234 
2535 9012 6465 9045 
2536 6558 4790 7244 
2537 86 963 7524 
2538 7694 7643 7745 
2539 8915 7776 9632 
2540 2366 6481 9727 
2541 6490 4265 6491 
2542 6263 8059 10054 
2543 6523 1913 9611 
2544 5057 6559 7547 
2545 414 9470 9826 
2546 8066 777 10591 
2547 6224 8824 10542 
2548 6704 2442 9393 
2549 6423 7153 8274 
2550 6690 4226 6908 
2551 4191 3564 7153 
2552 6765 5294 8995 
2553 6467 6464 9377 
2554 3156 6500 10432 
2555 6174 7521 7523 
2556 2164 7195 7640 
2557 6468 933 10733 
2558 7545 5801 9858 
2559 3383 3385 7553 
2560 3232 3230 7256 
2561 7504 4507 8912 
2562 6359 5398 9585 
2563 5514 5457 8510 
2564 8625 5982 10000 
2565 6984 6985 9534 
2566 1960 1959 10497 
2567 6402 9048 9817 
2568 882 6432 9374 
2569 6515 6677 9001 
2570 8709 4667 9574 
2571 6896 6898 7499 
2572 8032 8033 10501 
2573 811 9140 9511 
2574 6451 6937 8859 
2575 10009 7674 10077 
2576 5963 5964 10123 
2577 6593 4817 7842 
2578 922 7596 9889 
2579 6727 3161 6728 
2580 3133 2690 6753 
2581 5923 7918 9567 
2582 6037 664 6774 
2583 4905 4171 6814 
2584 7255 10337 10744 
2585 3943 6945 9450 
2586 687 30 6530 
2587 2544 2325 10693 
2588 7152 2210 9795 
2589 9404 6969 9539 
2590 1959 9786 10497 
2591 4904 6569 7434 
2592 6849 876 6850 
2593 7140 5153 7483 
2594 4632 2382 6966 
2595 2681 4444 6838 
2596 766 8061 9328 
2597 2995 7069 9137 
2598 7873 8078 8110 
2599 7746 7644 9161 
2600 6494 824 7733 
2601 5686 6471 10734 
2602 6927 4218 6928 
2603 5190 6998 9825 
2604 6875 869 6877 
2605 7720 5117 8550 
2606 3780 5934 10234 
2607 2744 3993 8723 
2608 4450 5211 6238 
2609 4582 5447 6226 
2610 752 9730 9967 
2611 4252 5340 6347 
2612 3826 7545 9858 
2613 867 9418 10245 
2614 764 6651 6653 
2615 7312 7154 7365 
2616 2788 2790 7144 
2617 7023 6744 10297 
2618 6880 6484 10538 
2619 1971 7642 7744 
2620 7634 2762 8838 
2621 7675 3945 9799 
2622 6562 1422 7565 
2623 7416 7415 10557 
2624 6767 7252 10744 
2625 6595 6594 9544 
2626 4734 4736 6779 
2627 8182 8065 10765 
2628 6477 714 6735 
2629 6857 9465 9958 
2630 8416 6085 9879 
2631 4991 6741 8155 
2632 6552 741 10567 
2633 421 791 7663 
2634 3926 4339 6842 
2635 7804 987 9580 
2636 7759 961 9782 
2637 1373 1371 7731 
2638 4405 6482 10561 
2639 6571 4849 8470 
2640 2007 6370 9925 
2641 6514 9872 10672 
2642 1711 1709 7045 
2643 26 640 6016 
2644 4883 4101 7003 
2645 2600 6780 6781 
2646 2598 8971 9448 
2647 5580 7419 9214 
2648 3040 6816 7144 
2649 6485 797 9788 
2650 1383 1347 7610 
2651 8815 1680 9868 
2652 6846 5222 9935 
2653 9820 1810 9983 
2654 2476 4179 8474 
2655 2297 2323 9562 
2656 6863 6864 6865 
2657 7158 1253 9032 
2658 8613 3214 9408 
2659 5433 5434 6802 
2660 7291 9962 10002 
2661 5590 5589 10048 
2662 454 7010 7678 
2663 8612 6127 10188 
2664 4676 7244 7547 
2665 4189 6781 6782 
2666 7214 4834 8715 
2667 6935 5300 6936 
2668 2762 6584 7635 
2669 6628 6626 9502 
2670 4817 6593 7844 
2671 2442 7182 9393 
2672 7544 1912 10649 
2673 6471 5686 10754 
2674 8824 887 10542 
2675 7608 7367 9559 
2676 6268 9806 10012 
2677 6781 6780 6785 
2678 9562 2323 10559 
2679 6580 2836 7507 
2680 8485 834 10614 
2681 6772 6808 9210 
2682 4643 6483 6484 
2683 3843 3844 6708 
2684 4252 4249 5340 
2685 6658 9255 10376 
2686 7229 9882 9948 
2687 7648 10284 10339 
2688 3757 2751 7635 
2689 8436 6272 10683 
2690 7045 6693 9479 
2691 7709 5351 10200 
2692 6516 2591 9438 
2693 8556 5967 10015 
2694 7475 5922 9366 
2695 6547 2794 8607 
2696 843 560 9150 
2697 6542 6758 10063 
2698 5973 7577 9922 
2699 6491 6492 6493 
2700 3196 3198 6591 
2701 8472 7822 9677 
2702 9601 3034 10677 
2703 5523 5524 9235 
2704 4908 5294 6765 
2705 13 536 6554 
2706 2382 2247 6966 
2707 6464 6466 9377 
2708 2808 6672 7434 
2709 5611 7015 8644 
2710 7078 7077 9972 
2711 4691 4214 5783 
2712 7870 7869 9662 
2713 1768 7308 9862 
2714 5440 9122 10736 
2715 1942 8962 9385 
2716 5363 5676 9901 
2717 7090 7089 9233 
2718 7380 1625 9469 
2719 29 664 6037 
2720 8059 6263 10765 
2721 7557 3255 10126 
2722 6416 3993 10554 
2723 9191 6153 9477 
2724 3077 3075 6922 
2725 5832 7097 9525 
2726 166 869 6875 
2727 641 821 6720 
2728 956 8556 10015 
2729 6522 5293 9327 
2730 6518 7220 8326 
2731 7843 5070 8432 
2732 2190 6663 7610 
2733 3831 3411 7223 
2734 3413 3856 7223 
2735 4672 3580 7220 
2736 5973 9922 9943 
2737 4185 4283 4582 
2738 6500 3156 10404 
2739 7346 7344 7350 
2740 3210 3211 6600 
2741 7213 9507 9705 
2742 6970 1470 8831 
2743 5956 6995 9921 
2744 6361 5270 10513 
2745 7379 5201 8978 
2746 2667 4105 4450 
2747 4256 5916 6794 
2748 3994 3932 4214 
2749 6647 3783 6988 
2750 2795 2794 7721 
2751 3952 6614 10805 
2752 7377 7379 8978 
2753 8026 6639 9565 
2754 6887 6888 6915 
2755 6626 9292 9502 
2756 10634 6997 10685 
2757 4745 4744 5416 
2758 6592 2531 10525 
2759 4101 3839 7003 
2760 8954 3953 9522 
2761 6151 6150 10063 
2762 2545 2546 4744 
2763 6719 746 7846 
2764 7253 7255 10744 
2765 6258 8243 9614 
2766 5305 6968 6969 
2767 6168 8061 10461 
2768 5916 7299 10055 
2769 3994 4214 4691 
2770 9271 9957 10742 
2771 4761 6736 6737 
2772 6928 4218 7123 
2773 9290 862 9676 
2774 1769 7116 9280 
2775 5127 7828 7829 
2776 2702 2705 9478 
2777 5386 6367 6843 
2778 2822 6668 7844 
2779 6677 8934 9001 
2780 4832 6698 7421 
2781 15 552 6075 
2782 6153 6845 9477 
2783 5596 9258 9289 
2784 6461 10037 10455 
2785 14 544 6616 
2786 7161 2221 8983 
2787 2461 1182 7032 
2788 834 9269 10614 
2789 880 6564 9546 
2790 746 6719 7847 
2791 6667 931 7046 
2792 177 883 8996 
2793 892 7033 10533 
2794 8048 5048 8344 
2795 6241 2548 10613 
2796 2695 2696 6724 
2797 5296 6594 6595 
2798 6559 4676 7547 
2799 4687 6955 7256 
2800 990 6622 8828 
2801 1858 6975 9558 
2802 6444 5963 9291 
2803 6984 9534 9548 
2804 5770 9310 9341 
2805 2579 4424 7252 
2806 9853 7046 9944 
2807 10099 2725 10165 
2808 7163 2227 10264 
2809 6558 7244 8357 
2810 4076 4107 7664 
2811 1349 2190 7610 
2812 6613 9747 9954 
2813 4676 3582 7244 
2814 10662 9065 10736 
2815 6729 5389 8436 
2816 4823 2636 9266 
2817 2459 1426 6873 
2818 4745 6225 7323 
2819 2575 2577 6766 
2820 6644 4217 7164 
2821 5296 4691 6594 
2822 5356 8047 9680 
2823 8277 3828 8497 
2824 7122 3274 9056 
2825 7388 1838 9604 
2826 9689 2179 10033 
2827 5967 4494 6812 
2828 6717 5567 6881 
2829 7043 7044 7731 
2830 6100 5976 10160 
2831 7721 6527 7942 
2832 5999 782 6000 
2833 2531 6592 10499 
2834 6280 8613 9408 
2835 10158 7762 10316 
2836 6442 912 9501 
2837 4521 4445 6542 
2838 1725 6502 7045 
2839 7112 7110 7240 
2840 6517 6516 9438 
2841 7508 5514 8510 
2842 1375 2202 7731 
2843 7015 5611 8642 
2844 7344 7347 7350 
2845 6227 7330 8991 
2846 2208 1986 6845 
2847 6435 3491 10702 
2848 6686 6685 6687 
2849 4886 3985 4887 
2850 1304 1146 7359 
2851 1881 6602 8861 
2852 10024 1005 10251 
2853 9058 6178 9539 
2854 906 6505 10331 
2855 2497 7214 7304 
2856 4444 4445 4521 
2857 9207 6939 9261 
2858 2221 7159 9032 
2859 9626 2501 9859 
2860 5305 6969 9404 
2861 7667 706 7669 
2862 1664 1631 6716 
2863 5286 9645 9794 
2864 4636 3165 6844 
2865 7497 7498 8701 
2866 10019 6478 10803 
2867 7412 3946 9619 
2868 4589 6504 7031 
2869 7659 7660 7661 
2870 9962 1073 10002 
2871 968 6507 6510 
2872 9187 6682 10192 
2873 6570 4811 6659 
2874 2235 6449 9829 
2875 6788 5129 7616 
2876 9631 5327 10178 
2877 2556 2558 6528 
2878 407 7902 10583 
2879 8644 5188 9133 
2880 7828 6084 10456 
2881 7912 808 9905 
2882 7233 6197 9939 
2883 5075 7015 8642 
2884 6831 6299 6832 
2885 2675 3932 3994 
2886 4444 3822 4445 
2887 3171 3182 9668 
2888 1685 1769 9280 
2889 2552 2554 6490 
2890 9654 5335 9780 
2891 1854 6731 7652 
2892 6997 6996 10685 
2893 6363 7468 7760 
2894 6645 7164 7494 
2895 4160 4672 9518 
2896 9517 5914 9793 
2897 104 105 6964 
2898 2606 2208 6845 
2899 1856 2089 6731 
2900 5566 6409 9873 
2901 1858 6974 6975 
2902 9103 8863 10036 
2903 6998 5190 10509 
2904 6519 6570 9671 
2905 2668 2670 6723 
2906 6997 3136 6998 
2907 3916 3918 6748 
2908 7010 852 7011 
2909 5211 5550 6188 
2910 4009 4234 6917 
2911 9845 8969 9976 
2912 6028 9150 9725 
2913 2233 9103 10036 
2914 9505 5928 9883 
2915 7291 7290 9781 
2916 8763 7260 9268 
2917 5332 6350 9647 
2918 8884 7358 10489 
2919 2601 2600 6781 
2920 2558 4254 6528 
2921 3065 3106 6749 
2922 9258 6484 9289 
2923 7196 2164 7566 
2924 5599 6504 9589 
2925 10204 865 10544 
2926 6662 2190 8440 
2927 6976 9690 9758 
2928 4665 8931 9608 
2929 4217 6644 9155 
2930 6623 877 9293 
2931 6406 1796 10665 
2932 3157 3077 6922 
2933 7039 7040 7710 
2934 6128 10099 10165 
2935 6862 713 10457 
2936 7060 5490 7061 
2937 6533 2274 10620 
2938 7322 901 7449 
2939 7110 7113 7240 
2940 5988 8506 9739 
2941 5609 6747 6756 
2942 976 9657 10304 
2943 6369 5901 7642 
2944 5213 7277 9029 
2945 1178 6583 9489 
2946 730 6426 9589 
2947 1552 9207 9261 
2948 2459 6732 6874 
2949 5290 5363 9000 
2950 7513 7512 10333 
2951 6934 5300 6935 
2952 6779 4736 6780 
2953 1123 10159 10265 
2954 7271 7634 8838 
2955 4857 4852 7826 
2956 3791 3788 6757 
2957 4186 4918 6712 
2958 2667 2668 4105 
2959 9079 5919 10355 
2960 7589 1288 10300 
2961 1830 7429 7584 
2962 872 6863 6866 
2963 2554 4265 6490 
2964 2600 6779 6780 
2965 4717 4719 6650 
2966 7992 4999 8194 
2967 3885 5725 7992 
2968 5705 6489 10800 
2969 6737 5554 10457 
2970 909 7900 9622 
2971 2784 2785 9512 
2972 10284 6163 10339 
2973 5408 9493 9521 
2974 6347 8775 10550 
2975 7220 4824 7221 
2976 7603 7575 10266 
2977 8045 8048 9696 
2978 2156 1628 6817 
2979 6799 853 6801 
2980 4185 4186 4283 
2981 9299 3054 9762 
2982 2226 7456 9517 
2983 4527 5408 9521 
2984 6597 757 10540 
2985 5156 6731 10690 
2986 5813 10009 10077 
2987 1134 7644 7746 
2988 9415 8612 10188 
2989 2737 2991 6727 
2990 2210 7152 9771 
2991 788 180 6859 
2992 5488 4630 6399 
2993 7651 6670 9729 
2994 5547 5548 6494 
2995 2550 2552 4455 
2996 2769 2746 8723 
2997 6683 3215 10680 
2998 7088 6470 8632 
2999 3488 3982 9179 
3000 7087 7088 8632 
3001 7699 4440 8570 
3002 4260 4329 6684 
3003 7466 7467 9343 
3004 2754 2762 7635 
3005 3024 3026 6777 
3006 6732 2459 6873 
3007 3132 7226 10720 
3008 1352 1350 7499 
3009 2343 7483 8641 
3010 7195 4800 7640 
3011 8906 7194 9770 
3012 4573 5819 6791 
3013 5526 7407 9017 
3014 5901 5902 7642 
3015 3250 3248 7638 
3016 1684 6360 10650 
3017 9690 2154 9758 
3018 6473 1094 9857 
3019 2327 2428 2545 
3020 4887 4888 5547 
3021 665 816 6774 
3022 2867 2865 7632 
3023 2352 7090 9233 
3024 4108 3980 4316 
3025 883 6856 6857 
3026 5241 5243 9776 
3027 946 8416 9879 
3028 7513 613 10093 
3029 4318 4316 6606 
3030 4226 6690 7582 
3031 3644 7582 9153 
3032 5293 5915 9327 
3033 7315 8930 8989 
3034 6108 9746 10025 
3035 2554 2556 4265 
3036 5777 6355 9555 
3037 180 181 6859 
3038 6806 6086 10067 
3039 2681 3822 4444 
3040 4882 6216 6746 
3041 7358 8884 10329 
3042 105 759 6964 
3043 6571 5358 8917 
3044 6448 6970 8831 
3045 9973 3186 10289 
3046 1288 7589 10345 
3047 6360 1684 10778 
3048 4671 2336 6835 
3049 3165 3017 6844 
3050 6753 2695 9678 
3051 797 6485 9346 
3052 4249 2592 6516 
3053 9591 7149 10006 
3054 2545 4745 7323 
3055 2823 2822 7844 
3056 7364 7038 9257 
3057 6466 6726 9194 
3058 7067 3223 9014 
3059 4537 6566 9377 
3060 2227 7163 10290 
3061 4628 4630 5488 
3062 6291 6417 9256 
3063 6668 2822 8581 
3064 7498 5454 8701 
3065 6342 7506 9647 
3066 10037 2016 10455 
3067 6375 9356 10620 
3068 7180 1057 7685 
3069 6802 5434 6923 
3070 965 6530 6531 
3071 9064 3956 9541 
3072 808 7912 10475 
3073 6983 6982 6985 
3074 3915 3916 3985 
3075 31 782 5999 
3076 8038 6872 9692 
3077 3876 3815 3980 
3078 7575 7603 10452 
3079 5210 5290 7300 
3080 7844 6593 7948 
3081 3876 4693 7226 
3082 1965 1970 7377 
3083 6971 7234 8794 
3084 8099 754 9898 
3085 6866 4673 10324 
3086 964 8742 9291 
3087 25 795 6401 
3088 4530 7094 9881 
3089 8043 8045 9696 
3090 10246 2543 10597 
3091 859 6696 6697 
3092 6521 6486 10807 
3093 7902 407 10079 
3094 4316 4317 5426 
3095 8529 9665 9711 
3096 5305 1535 6968 
3097 4764 7990 8257 
3098 1782 1830 9260 
3099 6347 5340 8775 
3100 5725 5724 7990 
3101 7411 898 10657 
3102 8516 9436 9500 
3103 3253 7232 8403 
3104 8835 740 9034 
3105 6682 6396 10192 
3106 7643 7644 7745 
3107 2365 7057 7058 
3108 2365 7055 7057 
3109 2323 2325 2544 
3110 181 885 6859 
3111 3054 3020 6837 
3112 8681 6004 9238 
3113 6227 6226 7330 
3114 6844 3054 9299 
3115 7061 5490 7168 
3116 1808 6718 10301 
3117 3032 3039 6776 
3118 153 866 6956 
3119 1251 5526 7051 
3120 6632 9457 9565 
3121 6815 3578 8915 
3122 9594 3884 9615 
3123 8672 3578 9538 
3124 2809 2808 7434 
3125 8962 7238 9385 
3126 5340 6516 6517 
3127 6823 5273 6825 
3128 5592 9700 9840 
3129 1094 6473 9904 
3130 6863 463 6864 
3131 1843 1845 6973 
3132 1616 1572 6793 
3133 5360 5998 8565 
3134 4887 5547 5549 
3135 6481 2366 9815 
3136 2558 2662 4254 
3137 4339 6486 6842 
3138 6847 466 6848 
3139 8104 6597 9376 
3140 6392 7398 10789 
3141 3838 6775 8215 
3142 6775 5014 8215 
3143 9226 6491 9988 
3144 1210 1200 6914 
3145 5159 6988 9067 
3146 9271 155 9957 
3147 7042 4823 9266 
3148 8679 7202 10286 
3149 6358 4876 6934 
3150 613 7513 10333 
3151 7501 2151 7734 
3152 3915 3985 4886 
3153 4296 8089 10360 
3154 6327 6073 9272 
3155 7139 7483 9919 
3156 741 6552 9735 
3157 6905 802 6906 
3158 2545 4744 4745 
3159 1159 1157 7681 
3160 928 8065 8182 
3161 3925 6773 9641 
3162 1796 6406 10712 
3163 912 6442 10169 
3164 6377 6478 10019 
3165 7268 8791 9029 
3166 1127 1135 7656 
3167 7434 6569 7929 
3168 3873 3139 3874 
3169 6917 9043 9911 
3170 6741 8480 9362 
3171 8407 743 10249 
3172 6645 6644 7164 
3173 9343 7467 9433 
3174 6018 6016 6720 
3175 2306 2250 6909 
3176 6759 6330 6953 
3177 10385 6234 10486 
3178 6672 2808 8845 
3179 3158 3159 3815 
3180 3925 9641 9660 
3181 5323 5324 6826 
3182 2140 9213 9409 
3183 6517 9438 10777 
3184 872 6866 7080 
3185 6763 4357 8711 
3186 6140 9452 9805 
3187 3927 3926 6842 
3188 6986 3806 9008 
3189 1659 1891 7566 
3190 7207 7205 8922 
3191 6655 6654 9379 
3192 8002 4712 10796 
3193 6921 6922 9244 
3194 2664 2666 2667 
3195 6878 887 8824 
3196 7762 6181 10316 
3197 3875 3874 3950 
3198 6398 6396 6682 
3199 883 178 6856 
3200 6263 8182 10765 
3201 1057 1026 7685 
3202 6772 5525 6808 
3203 6476 1242 9917 
3204 6694 6536 8474 
3205 4745 5416 6219 
3206 2675 2676 3932 
3207 6651 764 9959 
3208 4876 4871 6934 
3209 7136 7138 10469 
3210 818 148 7008 
3211 6179 10111 10127 
3212 8070 6468 9321 
3213 3129 3130 3139 
3214 4555 7095 10010 
3215 5270 6361 10112 
3216 8840 9588 9712 
3217 3375 3925 9660 
3218 5514 7508 7509 
3219 6706 751 7697 
3220 7561 10104 10307 
3221 3982 7170 9179 
3222 7175 2089 10523 
3223 6380 5941 10532 
3224 6843 5563 9480 
3225 9882 4756 9948 
3226 6724 6960 9678 
3227 4713 6525 10762 
3228 2229 9102 10595 
3229 1836 2239 6870 
3230 7474 6341 8174 
3231 3501 6679 7474 
3232 4172 6946 10119 
3233 3159 3774 6603 
3234 6296 6299 6831 
3235 6108 10025 10088 
3236 3236 3232 7256 
3237 3774 3915 6603 
3238 455 852 7010 
3239 4009 4011 4234 
3240 5387 4500 5390 
3241 1105 1103 7745 
3242 6726 4907 9194 
3243 5223 2524 7235 
3244 10051 6176 10286 
3245 5949 7855 9568 
3246 5324 6312 6826 
3247 3951 3950 4156 
3248 7266 4843 8917 
3249 3230 4687 7256 
3250 6762 6761 10302 
3251 6793 1572 6867 
3252 7405 2469 7472 
3253 7234 5899 8794 
3254 7357 2321 9623 
3255 3158 3876 7226 
3256 7200 726 9686 
3257 1982 2074 6563 
3258 5489 6860 7605 
3259 6142 7041 10298 
3260 2442 2307 7182 
3261 6825 5273 9146 
3262 6491 4265 6492 
3263 2190 1351 8440 
3264 5416 4744 6605 
3265 7016 7014 8833 
3266 2658 4689 6953 
3267 6733 6873 8980 
3268 1995 6807 7085 
3269 6863 6865 6866 
3270 4253 4252 5154 
3271 6443 6371 6839 
3272 1904 6654 9196 
3273 9291 8742 10454 
3274 5447 5909 6696 
3275 5479 7209 7332 
3276 448 802 6905 
3277 6650 4719 9954 
3278 5155 5154 5559 
3279 9065 5441 10736 
3280 7480 7479 8745 
3281 6324 4881 6811 
3282 3003 6541 9493 
3283 878 465 6847 
3284 876 468 6851 
3285 898 6919 10657 
3286 6648 6649 9152 
3287 6023 843 6024 
3288 6345 5278 9913 
3289 163 874 6674 
3290 4235 4156 4717 
3291 3787 3788 3791 
3292 4250 4249 4252 
3293 7430 7501 7734 
3294 6393 10024 10251 
3295 4718 4717 6259 
3296 6991 779 6995 
3297 1514 1466 7615 
3298 7264 6678 8822 
3299 6777 6776 10298 
3300 481 887 6878 
3301 888 146 6880 
3302 872 462 6863 
3303 1229 1252 7039 
3304 2381 2382 4260 
3305 6565 7485 7486 
3306 2074 2120 2463 
3307 3923 4007 4008 
3308 6816 5415 7144 
3309 6678 5236 8822 
3310 165 6875 6876 
3311 4013 4184 4185 
3312 161 881 6685 
3313 4601 10210 10229 
3314 7628 9141 9440 
3315 2455 7373 7375 
3316 5332 7506 8312 
3317 4531 5722 7506 
3318 4525 7329 10435 
3319 4494 2586 6812 
3320 6921 9244 9296 
3321 2545 2428 2546 
3322 7594 9874 10168 
3323 6655 9379 9486 
3324 3139 3130 6797 
3325 7456 6929 9456 
3326 9102 6330 10595 
3327 4445 4627 4628 
3328 2681 2682 3822 
3329 6611 6609 6612 
3330 3812 7209 7210 
3331 4456 7206 7207 
3332 4734 6779 7124 
3333 5091 7868 7869 
3334 6951 6120 10713 
3335 3873 4698 7531 
3336 3068 6577 9670 
3337 4094 4100 4803 
3338 6942 9125 9921 
3339 5017 5463 8097 
3340 4573 4572 5819 
3341 7551 6916 8668 
3342 2670 2672 6834 
3343 4457 4882 6264 
3344 6531 5390 6532 
3345 3948 4101 4457 
3346 6175 8655 10378 
3347 9933 5559 10701 
3348 4457 4101 4882 
3349 5172 7461 9071 
3350 8699 10609 10773 
3351 3918 3921 3922 
3352 4467 4635 7310 
3353 3774 3914 3915 
3354 6264 4882 6746 
3355 4785 4784 6874 
3356 8778 9650 9728 
3357 7039 1252 7040 
3358 9662 7869 10507 
3359 6988 3783 9067 
3360 6741 6739 8155 
3361 2360 2646 7031 
3362 7466 1552 9261 
3363 1892 1927 6533 
3364 3645 3648 7582 
3365 9310 5233 9341 
3366 6987 9078 9079 
3367 4571 4570 4572 
3368 744 6664 9463 
3369 1628 1567 6817 
3370 6079 8481 9298 
3371 8049 8044 9975 
3372 4803 4100 5222 
3373 2672 2674 2675 
3374 6731 2089 7175 
3375 3876 3980 4108 
3376 4108 4316 4318 
3377 463 464 6864 
3378 7154 6659 7365 
3379 6659 4810 7365 
3380 3785 3786 3787 
3381 4799 6690 6908 
3382 3948 3839 4101 
3383 4318 6606 6607 
3384 5273 6823 7074 
3385 2688 3133 7242 
3386 3158 3815 3876 
3387 7518 7150 8894 
3388 5982 6551 10688 
3389 2650 1541 7383 
3390 466 467 6848 
3391 8078 7873 9860 
3392 6504 6316 10707 
3393 6733 8980 9085 
3394 4857 6673 10243 
3395 6456 7551 8668 
3396 8059 5692 10054 
3397 773 6599 9324 
3398 6919 741 9735 
3399 4260 2382 4329 
3400 7467 7468 9234 
3401 1927 1982 2274 
3402 2325 2327 7323 
3403 7237 5493 9998 
3404 3805 3804 4070 
3405 9589 6504 10707 
3406 2499 4256 6794 
3407 4176 4217 9661 
3408 5950 7077 7261 
3409 3847 3973 4109 
3410 2627 7399 9369 
3411 9245 5579 9800 
3412 6745 4760 10519 
3413 446 884 6942 
3414 7133 7134 8514 
3415 5179 6153 8699 
3416 2166 7312 7365 
3417 5294 4907 6726 
3418 5440 4260 6684 
3419 5387 5390 9511 
3420 8953 3003 9493 
3421 3141 3153 3158 
3422 4524 7394 9914 
3423 6858 5336 9465 
3424 5211 6188 6918 
3425 4571 4572 4573 
3426 7585 865 10204 
3427 4692 4691 5296 
3428 3838 3383 7553 
3429 3385 3862 7553 
3430 150 826 7007 
3431 6646 5223 7235 
3432 5492 8429 9600 
3433 6654 1904 9379 
3434 3841 9135 9314 
3435 6440 4255 10343 
3436 879 6429 10276 
3437 4533 4534 4535 
3438 2164 1557 7566 
3439 8791 5213 9029 
3440 3906 3791 3907 
3441 4329 4813 6152 
3442 4348 4347 4738 
3443 3788 3790 6757 
3444 3199 3193 3804 
3445 6566 4721 9883 
3446 1278 7325 7476 
3447 4418 6877 9591 
3448 6705 6005 9042 
3449 6348 6738 9854 
3450 1620 1882 7096 
3451 1271 6982 6983 
3452 1353 1377 8440 
3453 2270 1996 7124 
3454 6380 4521 9656 
3455 4532 6681 8854 
3456 7310 4635 9268 
3457 7251 7016 8833 
3458 6718 1808 10488 
3459 6259 4717 6650 
3460 195 741 6919 
3461 5813 10077 10161 
3462 8655 6175 10105 
3463 4825 6433 9583 
3464 2492 1129 7656 
3465 3214 4532 4533 
3466 3117 3128 3129 
3467 4458 6123 6947 
3468 483 797 6940 
3469 796 144 6941 
3470 3224 3839 3948 
3471 2381 2247 2382 
3472 781 432 6926 
3473 5208 6933 6980 
3474 4545 3210 4570 
3475 6239 6238 6404 
3476 10159 8588 10265 
3477 1546 1660 6867 
3478 3115 6761 6762 
3479 16 843 6023 
3480 2469 7405 7473 
3481 3170 3169 3171 
3482 6202 6533 10620 
3483 7277 5213 9115 
3484 3168 3167 3169 
3485 7275 2594 8836 
3486 4717 4156 4719 
3487 4179 5392 8474 
3488 5643 7120 9947 
3489 2565 2567 8724 
3490 6840 7600 8903 
3491 1535 1534 6968 
3492 885 182 6958 
3493 4545 4570 4571 
3494 2307 2306 7182 
3495 3129 3873 7531 
3496 6271 5926 6520 
3497 4536 4535 4907 
3498 10022 4752 10147 
3499 9138 2177 9339 
3500 4189 6783 7012 
3501 6358 6934 6935 
3502 5351 7708 10422 
3503 3787 3786 3788 
3504 3094 3103 3115 
3505 4798 4799 6908 
3506 5469 7062 9743 
3507 6150 9656 10063 
3508 1607 1859 7303 
3509 1856 1892 2089 
3510 3065 3069 3106 
3511 7066 9014 9638 
3512 4646 6791 6792 
3513 8807 9877 9956 
3514 4646 4573 6791 
3515 4628 4629 4630 
3516 2046 6930 9011 
3517 5523 7525 7633 
3518 6107 6108 10088 
3519 5434 5436 6923 
3520 5388 5387 6203 
3521 2692 2695 6753 
3522 6920 3157 6922 
3523 2676 2678 6838 
3524 6117 7262 10659 
3525 5153 7140 7681 
3526 6470 7090 9275 
3527 7221 5045 7222 
3528 5542 8964 9663 
3529 3166 3165 3167 
3530 7497 4208 7637 
3531 4501 4500 5387 
3532 2337 4216 7053 
3533 6758 5488 6829 
3534 6103 7075 7076 
3535 3129 3139 3873 
3536 8805 8770 9323 
3537 4626 2575 6766 
3538 6220 5997 9152 
3539 7274 7275 8836 
3540 7096 1882 7097 
3541 5512 5422 9300 
3542 6822 4442 7020 
3543 4908 4907 5294 
3544 7393 460 10472 
3545 9087 6001 9738 
3546 7524 7522 7525 
3547 4049 3805 6736 
3548 2336 1924 6835 
3549 3207 3206 3214 
3550 1210 6914 7199 
3551 2437 6643 10240 
3552 6744 9130 10297 
3553 6480 926 9784 
3554 6551 840 6656 
3555 2455 7375 7377 
3556 4316 3980 4317 
3557 2650 7383 7384 
3558 4542 4539 6907 
3559 4586 4585 7098 
3560 5179 4546 6153 
3561 3050 3059 3070 
3562 7301 7309 8959 
3563 4819 7283 7287 
3564 5616 6294 6833 
3565 5123 5953 9371 
3566 4689 6759 6953 
3567 7050 7049 7364 
3568 9824 6941 10134 
3569 2246 2360 7686 
3570 2699 3784 3785 
3571 3636 3638 8982 
3572 3202 3210 4545 
3573 3062 3065 6749 
3574 3950 3874 3952 
3575 5375 9643 10081 
3576 6413 7122 7675 
3577 5426 4317 5427 
3578 6294 6831 6833 
3579 2678 2680 2681 
3580 3873 3874 3875 
3581 1854 1856 6731 
3582 2690 2692 6753 
3583 6611 6612 6613 
3584 5920 5919 5921 
3585 8922 7205 10665 
3586 975 6671 9160 
3587 6276 6275 6278 
3588 3199 3804 3805 
3589 8839 7559 8968 
3590 4216 4760 7053 
3591 2274 1982 6563 
3592 6752 187 10600 
3593 6554 979 8805 
3594 1834 2262 6957 
3595 3908 3906 4150 
3596 9588 1508 9712 
3597 7361 1514 7615 
3598 4346 4049 4347 
3599 4576 5553 5554 
3600 10104 7737 10307 
3601 3922 3923 9834 
3602 2321 7357 9847 
3603 5554 5553 6861 
3604 6449 2235 10661 
3605 959 6746 9439 
3606 4456 2472 7206 
3607 4356 4324 4357 
3608 5692 8059 10411 
3609 3220 3219 3833 
3610 3805 4070 6736 
3611 1809 6913 6914 
3612 5390 6531 10467 
3613 6601 6908 8528 
3614 444 779 6991 
3615 3886 8048 8344 
3616 6432 7100 9374 
3617 7346 7350 7351 
3618 3103 3105 6761 
3619 2729 2730 6952 
3620 1167 2127 7135 
3621 6908 4226 8528 
3622 5814 9251 9352 
3623 7218 3638 7684 
3624 6728 3161 9688 
3625 6686 6687 10425 
3626 6074 7063 9929 
3627 5999 6001 9087 
3628 2539 4584 7261 
3629 7192 4800 7195 
3630 4254 2662 6695 
3631 6768 765 10816 
3632 1970 2455 7377 
3633 2729 6952 7065 
3634 342 6770 10816 
3635 727 440 7072 
3636 4538 4350 5926 
3637 4358 4356 5253 
3638 7827 864 7829 
3639 7055 2365 8868 
3640 4325 4324 4356 
3641 10619 10208 10761 
3642 1794 7439 9984 
3643 6241 6605 10512 
3644 2452 2450 2591 
3645 6848 9724 10549 
3646 6693 4626 6766 
3647 3032 3034 3039 
3648 5083 5080 7765 
3649 4781 2386 7368 
3650 7525 5523 9235 
3651 5975 8900 9639 
3652 2550 4455 10613 
3653 727 7072 7073 
3654 6741 4991 8480 
3655 3785 3784 3786 
3656 7003 3843 9543 
3657 7480 5268 9183 
3658 8346 8377 10445 
3659 7461 4388 9071 
3660 9212 5978 9655 
3661 7760 5859 8659 
3662 1350 1457 7499 
3663 6486 5925 10807 
3664 4879 7073 10118 
3665 7066 7067 9014 
3666 4248 2592 4249 
3667 6867 1660 6868 
3668 6135 10030 10056 
3669 7843 3320 8954 
3670 4585 6149 7098 
3671 5758 5759 6015 
3672 3855 3791 3906 
3673 6602 7518 8894 
3674 6114 9631 10178 
3675 3187 3193 3199 
3676 828 7787 8379 
3677 4711 4260 5440 
3678 9458 7078 9972 
3679 464 465 878 
3680 6425 5447 6696 
3681 5059 6943 6972 
3682 1531 1470 6970 
3683 4887 3985 4888 
3684 6987 782 9078 
3685 4255 6440 10408 
3686 877 6623 10100 
3687 6924 3160 7014 
3688 3166 3168 7005 
3689 4891 7364 9257 
3690 6815 8915 9632 
3691 1302 1290 7392 
3692 163 164 874 
3693 4416 4417 6980 
3694 937 6710 10073 
3695 5554 6861 6862 
3696 3177 3175 3186 
3697 4323 4085 4324 
3698 6492 6658 9290 
3699 2687 2688 7242 
3700 4527 6725 9436 
3701 739 184 7006 
3702 8276 3828 8277 
3703 3171 3172 3182 
3704 6511 9703 10664 
3705 4722 6118 10406 
3706 6870 7202 8679 
3707 2385 2386 2387 
3708 6756 6747 10300 
3709 5961 8709 9574 
3710 5211 4105 5550 
3711 3880 6948 8690 
3712 1900 2384 2385 
3713 763 140 7000 
3714 7222 9444 9450 
3715 3875 3950 3951 
3716 461 462 872 
3717 2429 7302 8745 
3718 161 162 881 
3719 4422 6755 9141 
3720 143 796 6855 
3721 4828 4774 7160 
3722 2418 2419 2499 
3723 6870 2239 7202 
3724 2416 2417 2418 
3725 5447 4283 5909 
3726 6856 788 6858 
3727 870 157 6750 
3728 7750 48 9852 
3729 819 6878 6879 
3730 2662 2664 6695 
3731 5323 6827 8961 
3732 6028 9725 10588 
3733 5562 8690 9019 
3734 2089 1892 6533 
3735 2563 2565 9170 
3736 6732 4785 6874 
3737 6677 6793 8583 
3738 5253 4356 9423 
3739 3030 3032 6776 
3740 3185 3181 3192 
3741 6197 7233 10108 
3742 7902 7900 10583 
3743 4070 4575 4576 
3744 1257 1262 6977 
3745 735 7317 7318 
3746 5141 7055 8868 
3747 9493 5408 9754 
3748 2495 10131 10158 
3749 8863 9855 10036 
3750 6638 8277 8497 
3751 1661 7259 7260 
3752 165 166 6875 
3753 467 468 876 
3754 159 160 875 
3755 7509 1817 8478 
3756 5051 5048 8048 
3757 8839 2593 8840 
3758 1326 1515 10212 
3759 2247 2100 6966 
3760 6176 6177 10286 
3761 7828 7827 7829 
3762 2446 6916 7835 
3763 2161 1298 9617 
3764 3166 3167 3168 
3765 2248 2247 2381 
3766 3182 3183 3187 
3767 5091 7869 7870 
3768 4068 3157 6920 
3769 166 167 869 
3770 2414 2415 2416 
3771 5758 5528 5759 
3772 6502 6693 7045 
3773 9470 7767 9826 
3774 735 7318 7319 
3775 3168 3169 3170 
3776 4910 4908 6765 
3777 5384 5386 6661 
3778 5547 4888 5548 
3779 4346 4347 4348 
3780 6216 6249 10536 
3781 6494 5548 6495 
3782 7132 6979 9342 
3783 4918 6158 9325 
3784 4499 4151 4500 
3785 7135 2127 7136 
3786 7805 7803 8664 
3787 3205 3191 3206 
3788 2672 2675 6834 
3789 2478 2476 8474 
3790 5514 7509 8478 
3791 4576 5552 5553 
3792 2385 2384 2386 
3793 197 6596 10567 
3794 3132 3141 7226 
3795 6874 4784 8463 
3796 3187 3188 3193 
3797 5908 7454 10214 
3798 7228 1898 7229 
3799 3170 3171 3173 
3800 2684 2686 2687 
3801 7060 7059 10429 
3802 7362 2166 8960 
3803 2499 2419 4256 
3804 9645 8785 9794 
3805 6947 6123 9361 
3806 2354 2261 7058 
3807 4538 5926 6271 
3808 3491 7557 10126 
3809 4632 6966 10171 
3810 1593 1898 7228 
3811 2120 2215 9497 
3812 7199 6914 8903 
3813 4374 6794 6818 
3814 6157 7171 7173 
3815 1231 1152 9204 
3816 3061 4710 7406 
3817 7160 7159 7161 
3818 796 6941 9824 
3819 7127 7135 7136 
3820 6612 6609 9584 
3821 6973 5303 6974 
3822 1240 2111 7132 
3823 2241 2525 7202 
3824 2387 2388 2586 
3825 4256 5209 5916 
3826 7406 4710 9688 
3827 6880 818 9289 
3828 6764 8711 9108 
3829 6694 5392 9421 
3830 7319 7322 7449 
3831 10206 5599 10646 
3832 6382 2262 10515 
3833 2111 6979 7132 
3834 5490 7060 10493 
3835 3129 3128 3130 
3836 3061 3017 3165 
3837 6944 5053 6945 
3838 6274 4910 6275 
3839 7720 3292 9064 
3840 7014 3160 8833 
3841 6131 7012 7013 
3842 5251 5958 9370 
3843 1157 5153 7681 
3844 1889 2113 7021 
3845 4715 5947 7847 
3846 2777 2775 7030 
3847 3951 4156 4235 
3848 3191 3185 6681 
3849 2418 2417 2419 
3850 3115 3103 6761 
3851 1552 7466 9343 
3852 2034 2046 9011 
3853 1900 1863 2384 
3854 6135 6133 10030 
3855 8783 5662 10764 
3856 2586 2588 6812 
3857 7162 7064 7203 
3858 6719 4715 7847 
3859 1466 1542 7615 
3860 2678 2681 6838 
3861 3218 3209 3219 
3862 2650 7384 7385 
3863 9870 7435 10418 
3864 7306 6374 7307 
3865 7351 7350 7359 
3866 1200 1809 6914 
3867 6614 4719 10805 
3868 1959 6474 9786 
3869 6543 958 10506 
3870 9319 9184 9388 
3871 855 6701 10407 
3872 5384 6661 9184 
3873 492 725 7033 
3874 1848 1850 2414 
3875 6787 1910 7212 
3876 458 459 868 
3877 4008 4009 6917 
3878 7399 6392 9369 
3879 3630 7740 8891 
3880 1827 7087 8632 
3881 5457 4524 9892 
3882 4882 4883 6216 
3883 1859 7095 7303 
3884 5527 5528 5758 
3885 6337 7294 7295 
3886 5462 7685 9030 
3887 2784 6722 9287 
3888 5811 5813 10161 
3889 4317 3980 8703 
3890 6964 6962 6965 
3891 1206 6788 7616 
3892 10030 6133 10647 
3893 3214 3206 4532 
3894 3202 3203 3210 
3895 1871 1991 8698 
3896 789 7532 7533 
3897 9883 4542 10716 
3898 3238 3236 6954 
3899 735 7319 7449 
3900 1830 7584 9260 
3901 726 135 7036 
3902 2640 9693 9759 
3903 6620 3136 10255 
3904 4533 4532 4534 
3905 4235 4717 4718 
3906 6847 6848 10549 
3907 7331 5325 8920 
3908 5921 9077 9084 
3909 2667 2666 2668 
3910 7012 6783 7013 
3911 7094 4530 9986 
3912 7373 2455 7723 
3913 7309 2202 8959 
3914 5918 5254 5919 
3915 1845 1848 6973 
3916 7283 7282 9702 
3917 4718 6259 6260 
3918 7034 2266 9073 
3919 6698 4832 9295 
3920 2416 2415 2417 
3921 6570 5474 9671 
3922 470 471 871 
3923 156 157 870 
3924 169 170 865 
3925 6177 8679 10286 
3926 3161 2994 7406 
3927 6938 6939 9145 
3928 7363 7019 9083 
3929 6275 4910 6765 
3930 4840 4843 7266 
3931 4828 7160 7161 
3932 5532 7805 8664 
3933 2991 2992 2994 
3934 6674 874 7118 
3935 3844 3847 6708 
3936 6493 9290 9676 
3937 7392 7391 8760 
3938 4758 6560 6999 
3939 4696 4697 10004 
3940 3105 3117 7531 
3941 2123 7049 7050 
3942 3930 3927 6842 
3943 2386 2384 7368 
3944 6779 2270 7124 
3945 2994 2995 2997 
3946 5172 7459 7460 
3947 6285 4317 8703 
3948 3061 3165 3166 
3949 2688 2690 3133 
3950 4234 4011 6550 
3951 4535 4534 4537 
3952 2865 3938 7632 
3953 2870 2867 7632 
3954 9876 9062 10801 
3955 4584 5950 7261 
3956 2441 2307 2442 
3957 718 8759 10351 
3958 1260 1251 7051 
3959 6216 6217 6249 
3960 7182 2306 7183 
3961 119 7475 9366 
3962 2997 3061 7406 
3963 2128 7101 8658 
3964 2594 7275 8837 
3965 6629 829 10638 
3966 2018 2155 9308 
3967 6607 6606 7022 
3968 1549 1514 7361 
3969 2165 1352 7499 
3970 6702 45 10407 
3971 2780 2777 7030 
3972 3054 6837 9762 
3973 4008 4007 4009 
3974 2448 2443 2449 
3975 3915 3914 3916 
3976 2387 2386 2388 
3977 4374 2499 6794 
3978 6701 855 10003 
3979 6294 6296 6831 
3980 5613 7019 8722 
3981 5172 7460 7461 
3982 7786 7788 7789 
3983 4303 5471 7235 
3984 4495 4494 5804 
3985 1647 1751 6967 
3986 4339 5308 5925 
3987 4837 4875 6986 
3988 7605 6860 7646 
3989 6563 2463 9968 
3990 7472 2469 8621 
3991 6873 1424 8980 
3992 5527 3930 5528 
3993 4533 4535 4536 
3994 9070 9055 10361 
3995 6740 6739 6741 
3996 9657 8714 10304 
3997 5783 4214 5941 
3998 2414 5303 6973 
3999 4417 5208 6980 
4000 3158 3153 3159 
4001 9256 6417 10057 
4002 6556 7001 10808 
4003 7350 1304 7359 
4004 5865 6971 8794 
4005 7843 8954 9522 
4006 1289 1303 6982 
4007 2603 4189 7012 
4008 5156 2415 7652 
4009 4800 7192 7197 
4010 8481 6079 10426 
4011 3224 3225 3839 
4012 5377 5380 6734 
4013 7081 6420 8931 
4014 3179 3177 7783 
4015 2238 1837 7502 
4016 4738 6656 10129 
4017 2239 2241 7202 
4018 1417 1464 7665 
4019 6074 9929 10016 
4020 2997 2998 3017 
4021 984 7691 9571 
4022 1749 1836 6870 
4023 3638 7218 8982 
4024 4546 2606 6845 
4025 3211 3224 6600 
4026 7033 725 7270 
4027 4442 2176 7020 
4028 6971 5865 7688 
4029 3926 4099 4339 
4030 7066 5371 7067 
4031 6646 5471 10162 
4032 8639 6412 9526 
4033 2477 2474 7168 
4034 5340 4249 6516 
4035 3185 3192 6681 
4036 7262 6117 10615 
4037 3922 3921 3923 
4038 5804 4494 5967 
4039 6103 4433 7075 
4040 2997 3017 3061 
4041 1728 6767 10744 
4042 3018 3054 6844 
4043 7725 6400 7765 
4044 2252 2250 2306 
4045 4329 4632 4813 
4046 2587 2586 4494 
4047 9251 1502 9352 
4048 6643 2437 10526 
4049 9062 9876 10487 
4050 6818 6794 6925 
4051 3115 6762 6871 
4052 3973 3974 4089 
4053 27 982 6076 
4054 7002 5577 8466 
4055 2414 1850 2415 
4056 5577 7002 7740 
4057 473 474 867 
4058 153 154 866 
4059 7060 10429 10493 
4060 3022 3963 6837 
4061 2262 6382 10416 
4062 6076 982 6077 
4063 1572 1546 6867 
4064 4109 3973 9703 
4065 6397 6398 9438 
4066 2261 2365 7058 
4067 10548 2219 10555 
4068 850 28 9253 
4069 10210 7433 10229 
4070 2586 2388 2588 
4071 9184 2001 9388 
4072 164 165 6876 
4073 6148 4163 7047 
4074 162 163 6674 
4075 5900 6911 9068 
4076 6813 4905 6814 
4077 465 466 6847 
4078 6418 10383 10399 
4079 462 463 6863 
4080 4084 3222 4085 
4081 7379 7376 9599 
4082 8221 6124 9362 
4083 1863 1664 6716 
4084 6906 802 7100 
4085 3847 3848 3973 
4086 8049 9975 10632 
4087 9135 5642 9314 
4088 1699 2126 7284 
4089 7691 6810 9571 
4090 2696 2699 6724 
4091 3076 3078 9008 
4092 4536 4907 4908 
4093 4926 2283 9166 
4094 9935 5222 10352 
4095 6296 6298 6299 
4096 6975 6974 10655 
4097 7284 2126 7285 
4098 160 161 6685 
4099 1103 7694 7745 
4100 9213 6808 9409 
4101 9919 7702 10254 
4102 6916 2446 8668 
4103 8886 7679 9036 
4104 5544 7290 7505 
4105 2593 8839 8968 
4106 2500 2499 4374 
4107 2123 1213 7049 
4108 6954 3236 7256 
4109 7746 9138 9339 
4110 4574 4573 4646 
4111 735 125 7317 
4112 7302 5268 8745 
4113 3830 7722 8974 
4114 4877 4876 6356 
4115 6523 6522 9327 
4116 149 7007 7008 
4117 9892 4524 9914 
4118 1946 1465 7123 
4119 3194 3196 3215 
4120 9693 7389 9759 
4121 3198 3202 6591 
4122 10111 1642 10127 
4123 6712 4918 10521 
4124 895 132 7201 
4125 6850 6851 6852 
4126 1965 7377 8978 
4127 2123 7050 7248 
4128 2657 2658 6953 
4129 2991 2994 3161 
4130 2472 2610 7206 
4131 4738 4347 4761 
4132 4870 4871 4876 
4133 179 788 6856 
4134 7125 1209 7126 
4135 7283 4819 7286 
4136 1864 1863 1900 
4137 7642 5902 7643 
4138 6770 342 10242 
4139 6687 6688 8620 
4140 7522 4889 7633 
4141 5594 7562 10121 
4142 7125 7126 7504 
4143 6827 2461 6828 
4144 9728 5451 9741 
4145 4185 4184 4186 
4146 5301 5478 5479 
4147 3205 3206 3207 
4148 455 456 852 
4149 1222 1229 7039 
4150 2227 6557 10264 
4151 4189 6782 6783 
4152 2692 2694 2695 
4153 2224 7165 8601 
4154 497 717 7092 
4155 2737 2740 2991 
4156 7385 7384 7386 
4157 819 480 6878 
4158 147 818 6880 
4159 1249 7128 7129 
4160 4416 6980 6981 
4161 2415 1850 7652 
4162 4445 3822 4627 
4163 716 130 7099 
4164 6337 4742 7294 
4165 2001 6661 9442 
4166 7067 5371 7068 
4167 918 9488 10332 
4168 1611 1620 7096 
4169 6938 1969 9036 
4170 1134 1105 7745 
4171 937 7698 10652 
4172 7422 1909 7423 
4173 871 471 6951 
4174 6866 6865 9691 
4175 172 173 825 
4176 4424 2581 9375 
4177 4784 7606 8463 
4178 768 8026 9565 
4179 4011 4013 6550 
4180 6553 1811 10792 
4181 1743 2156 2157 
4182 4357 4324 8711 
4183 5995 7479 7480 
4184 1996 1997 7124 
4185 7685 1028 9030 
4186 4574 4646 9865 
4187 1860 1616 6793 
4188 1236 1254 7174 
4189 4276 5075 8642 
4190 8840 2593 8874 
4191 1601 1932 7070 
4192 1496 1492 7473 
4193 6311 4926 6805 
4194 2305 7331 8920 
4195 4459 4458 6947 
4196 733 6560 10718 
4197 4535 4537 9194 
4198 7129 7128 7248 
4199 4050 4276 9129 
4200 3160 6924 7834 
4201 6383 6386 7054 
4202 992 711 993 
4203 6584 6585 7635 
4204 884 447 6905 
4205 152 153 6956 
4206 3018 3020 3054 
4207 3880 3644 9153 
4208 2102 2100 2247 
4209 4918 9325 10521 
4210 7468 7469 7760 
4211 3020 3022 6837 
4212 1173 1209 7125 
4213 4615 6526 9567 
4214 6274 6275 6276 
4215 2437 6589 10020 
4216 4874 5299 5300 
4217 2524 2453 7235 
4218 3017 3018 6844 
4219 6388 6390 10418 
4220 1811 6553 10722 
4221 4792 4791 6543 
4222 2699 2700 3784 
4223 4488 4490 7311 
4224 4871 4874 6934 
4225 10043 8806 10094 
4226 1597 2119 7082 
4227 6854 9053 9553 
4228 4832 8873 9295 
4229 987 8801 10599 
4230 4874 5300 6934 
4231 6427 10206 10646 
4232 3218 3219 3220 
4233 5445 4707 5446 
4234 3032 3033 3034 
4235 8087 6598 10540 
4236 6033 7034 9073 
4237 3648 4226 7582 
4238 3026 3030 6777 
4239 9452 819 9805 
4240 2730 2733 6952 
4241 6603 4886 10569 
4242 2073 4210 7441 
4243 10144 848 10482 
4244 5440 6684 7084 
4245 3960 3794 10097 
4246 1827 1657 7087 
4247 4094 4095 4100 
4248 452 453 820 
4249 1165 1163 8685 
4250 954 6792 10462 
4251 3935 3771 7297 
4252 5362 2423 7476 
4253 1533 1615 7286 
4254 7329 4525 10590 
4255 6835 2255 9687 
4256 1566 2389 4696 
4257 3030 3031 3032 
4258 7516 5279 9086 
4259 1290 1300 7392 
4260 4303 5360 5471 
4261 5180 5179 6290 
4262 1962 1960 2099 
4263 9423 4357 9890 
4264 829 6629 9842 
4265 6677 1860 6793 
4266 5530 5529 7091 
4267 9436 6725 9500 
4268 4339 4099 5308 
4269 5394 4778 7203 
4270 1051 1053 8496 
4271 6867 6868 8583 
4272 7149 869 9578 
4273 2069 2128 8658 
4274 2046 6860 9247 
4275 2085 2434 7150 
4276 884 6905 9055 
4277 3258 3254 8403 
4278 6531 6530 10467 
4279 7740 7002 8891 
4280 2696 2698 2699 
4281 3644 3645 7582 
4282 2675 2674 2676 
4283 4906 8544 8545 
4284 3198 3201 3202 
4285 1163 1159 7681 
4286 3788 3789 3790 
4287 7468 6363 9234 
4288 6982 1303 8895 
4289 7390 7385 7391 
4290 1881 1822 7518 
4291 3839 3840 7003 
4292 6616 851 6617 
4293 4568 5371 7066 
4294 2733 2735 4592 
4295 1242 6476 10692 
4296 3926 3819 4099 
4297 6249 6250 7035 
4298 889 6751 9283 
4299 7801 2526 7803 
4300 6840 2125 7600 
4301 1541 1625 7383 
4302 2360 7031 7686 
4303 1477 2122 7360 
4304 4956 7156 7158 
4305 7156 7157 7158 
4306 1645 1814 7269 
4307 4218 1946 7123 
4308 2241 2240 2453 
4309 10296 7770 10534 
4310 887 482 6940 
4311 145 888 6941 
4312 6157 7170 7171 
4313 9854 6738 10516 
4314 6782 6781 6785 
4315 3171 3169 3172 
4316 6377 6378 6478 
4317 4831 6524 7236 
4318 4774 4772 7160 
4319 476 477 827 
4320 150 151 826 
4321 3931 3930 5527 
4322 5807 5223 6305 
4323 1796 8922 10665 
4324 1249 1204 7128 
4325 5262 4766 7133 
4326 8469 955 8970 
4327 5942 10314 10356 
4328 9145 6939 9207 
4329 1475 1231 9474 
4330 175 176 817 
4331 5861 7607 7688 
4332 2381 4711 6909 
4333 7431 7430 7734 
4334 9072 7023 10297 
4335 7025 7027 9831 
4336 6023 6308 9156 
4337 2239 2240 2241 
4338 1169 1167 7135 
4339 6373 5894 9126 
4340 6852 6853 6854 
4341 5451 5449 9741 
4342 5967 6812 9175 
4343 1587 1939 7119 
4344 3844 3846 3847 
4345 454 455 7010 
4346 6363 7760 8659 
4347 8711 4085 9108 
4348 4856 4869 4870 
4349 892 6539 10125 
4350 3787 3855 6960 
4351 779 445 6942 
4352 9365 2385 9400 
4353 1814 1975 7269 
4354 710 7551 9695 
4355 2239 2238 2240 
4356 1682 1871 8698 
4357 6648 815 6649 
4358 6926 5931 10422 
4359 6573 6572 6574 
4360 4875 4881 6324 
4361 7441 4210 7442 
4362 926 6480 10461 
4363 5359 6572 6573 
4364 4433 2533 7075 
4365 48 7750 10708 
4366 8997 4636 8998 
4367 4646 9297 9865 
4368 3840 3843 7003 
4369 3211 3213 3224 
4370 4875 6324 8780 
4371 499 899 7176 
4372 9486 1731 9706 
4373 1743 1628 2156 
4374 2241 2453 2524 
4375 6985 4460 9534 
4376 450 451 882 
4377 1903 1901 1959 
4378 900 128 7181 
4379 8594 10548 10555 
4380 4481 5913 7141 
4381 4313 4548 7023 
4382 4477 5539 7151 
4383 5490 2477 7168 
4384 7191 7194 7298 
4385 3840 3842 3843 
4386 4469 4467 7310 
4387 4562 4831 7236 
4388 5244 6330 9102 
4389 6877 869 7149 
4390 1566 1564 2389 
4391 4846 4848 4849 
4392 2152 10216 10448 
4393 5363 5364 5676 
4394 2502 4511 7505 
4395 6004 8681 10565 
4396 5374 8997 8998 
4397 4208 7497 8701 
4398 2432 7398 7399 
4399 3034 3035 3036 
4400 439 727 7217 
4401 8494 7583 8733 
4402 6837 3963 7041 
4403 9337 7291 9781 
4404 5513 4487 7143 
4405 5261 8098 8099 
4406 4956 4770 7156 
4407 1844 7389 9693 
4408 6538 908 10573 
4409 7495 7497 7637 
4410 7074 5576 7224 
4411 724 189 7208 
4412 3950 3952 10805 
4413 7000 891 7001 
4414 3036 3037 3050 
4415 1907 1909 7422 
4416 4473 5310 7166 
4417 3167 3165 4636 
4418 3050 3051 3059 
4419 8560 9117 9328 
4420 183 739 6958 
4421 4177 5223 5807 
4422 7536 4894 7540 
4423 4850 4852 4857 
4424 2166 7365 8960 
4425 7720 9064 9541 
4426 4216 4671 4758 
4427 991 992 4172 
4428 4094 4803 9872 
4429 7300 5290 9000 
4430 2423 1440 7476 
4431 7218 7684 8690 
4432 6356 4876 6358 
4433 3820 3819 3926 
4434 810 6760 9446 
4435 1629 1628 1743 
4436 6918 6188 6959 
4437 2702 2704 2705 
4438 6969 6967 9058 
4439 3059 3060 3062 
4440 4177 2524 5223 
4441 6323 7407 7408 
4442 7498 2161 9529 
4443 7067 7068 7069 
4444 1303 1467 1468 
4445 1848 2414 6973 
4446 3806 3076 9008 
4447 9141 6755 9440 
4448 1492 2469 7473 
4449 2681 2680 2682 
4450 7190 2456 7191 
4451 1261 1271 6983 
4452 7494 1978 9018 
4453 134 726 7200 
4454 7540 4894 7541 
4455 7298 7194 10096 
4456 7478 1389 7479 
4457 7526 3756 8727 
4458 1565 1564 1566 
4459 4696 2389 4697 
4460 6877 4418 9592 
4461 1300 7390 7392 
4462 4597 4586 7098 
4463 6875 6877 9592 
4464 4786 5273 7074 
4465 3069 3073 9419 
4466 7333 7472 8621 
4467 5290 5291 5363 
4468 7093 1611 7096 
4469 4547 4546 5179 
4470 4478 4480 8849 
4471 5560 4491 7155 
4472 177 178 883 
4473 1390 1389 7478 
4474 4511 5544 7505 
4475 1836 2238 2239 
4476 2847 2845 7083 
4477 7246 4794 10560 
4478 110 111 7692 
4479 5919 9079 9964 
4480 4070 3804 4575 
4481 2850 2847 7083 
4482 6203 9511 10721 
4483 2155 7369 9308 
4484 4849 4848 4850 
4485 809 110 7692 
4486 5524 6100 9235 
4487 1746 1889 7021 
4488 2733 4592 6952 
4489 2124 1195 7169 
4490 4568 4075 5370 
4491 2337 2336 4216 
4492 1301 1190 7184 
4493 5159 5169 6988 
4494 7450 7451 7454 
4495 5920 5921 6192 
4496 1289 1302 1303 
4497 7100 802 9374 
4498 7470 5859 7760 
4499 6511 6512 9703 
4500 7380 7381 7382 
4501 1994 2224 8601 
4502 506 805 7528 
4503 7497 7496 7498 
4504 6283 7441 7442 
4505 4758 4759 6560 
4506 4656 6604 7180 
4507 3578 6815 9538 
4508 4760 4758 6999 
4509 2414 2416 5303 
4510 8653 8063 10335 
4511 7360 2122 8758 
4512 4748 5462 7185 
4513 4637 6300 7189 
4514 4875 4854 4881 
4515 5162 4488 7311 
4516 2100 2099 6966 
4517 1473 2423 4313 
4518 479 480 819 
4519 147 148 818 
4520 1605 1607 7303 
4521 4648 6434 7188 
4522 4719 6614 10473 
4523 4589 4550 6315 
4524 1751 1749 6870 
4525 1647 1749 1751 
4526 7190 7191 7298 
4527 4837 4854 4875 
4528 1570 1647 6967 
4529 448 449 802 
4530 1468 1534 1535 
4531 4833 7249 8520 
4532 149 150 7007 
4533 6547 4814 7721 
4534 4870 4876 4877 
4535 2112 6282 7241 
4536 4608 6171 7198 
4537 7803 2526 8664 
4538 6469 6470 9275 
4539 5262 7133 8514 
4540 6109 9991 10011 
4541 1862 1664 1863 
4542 3787 3791 3855 
4543 6427 948 6428 
4544 1879 1824 7431 
4545 4846 4849 8917 
4546 3126 6537 10180 
4547 2433 2432 7399 
4548 141 891 7000 
4549 4551 5970 7219 
4550 886 443 6991 
4551 6724 3785 6960 
4552 1244 7199 7600 
4553 7070 1932 8898 
4554 1468 1467 1534 
4555 6225 6219 6503 
4556 4358 5253 5254 
4557 7037 1222 7039 
4558 3182 3172 3183 
4559 5918 5919 5920 
4560 4325 4356 4358 
4561 8469 6818 10074 
4562 5300 5299 5301 
4563 7268 7269 8812 
4564 4320 4281 4791 
4565 2339 2337 7053 
4566 4835 4837 6986 
4567 4568 5370 5371 
4568 7606 1446 8463 
4569 6212 6640 10459 
4570 6857 6856 6858 
4571 5995 7478 7479 
4572 2537 2539 7261 
4573 4323 4324 4325 
4574 179 180 788 
4575 7660 927 7661 
4576 3215 6821 10680 
4577 7691 984 10453 
4578 751 6706 9884 
4579 4256 4257 5209 
4580 6799 6801 8635 
4581 6645 7494 9018 
4582 1398 1417 7665 
4583 2153 4833 8520 
4584 6039 6562 9768 
4585 5528 3930 6842 
4586 1495 2456 7190 
4587 4589 6315 6316 
4588 3489 3488 3819 
4589 1271 1289 6982 
4590 6843 6367 9219 
4591 4444 4521 6380 
4592 7183 5441 9065 
4593 1798 1881 7187 
4594 5080 5081 7765 
4595 5924 7432 7433 
4596 4090 4092 4094 
4597 4870 4877 7826 
4598 4819 1533 7286 
4599 6773 5035 9641 
4600 1564 1531 6970 
4601 5819 4572 6212 
4602 2228 2383 7154 
4603 185 889 7006 
4604 6400 5083 7765 
4605 9074 1380 9241 
4606 1303 1302 1467 
4607 8068 9718 9772 
4608 457 7009 10191 
4609 7802 7804 9580 
4610 2735 2737 6727 
4611 178 179 6856 
4612 2194 8829 10386 
4613 7835 5144 8692 
4614 6823 4378 7074 
4615 4048 3805 4049 
4616 7019 1762 8722 
4617 726 7036 10367 
4618 4125 2339 4280 
4619 3908 4150 4151 
4620 7021 2113 7619 
4621 2616 7278 7279 
4622 4582 6226 6227 
4623 4877 6356 6357 
4624 4280 2339 7053 
4625 4752 7555 10147 
4626 6608 6607 6609 
4627 10000 5982 10688 
4628 148 149 7008 
4629 6832 6299 8866 
4630 2381 4260 4711 
4631 1441 1440 1473 
4632 6999 952 10519 
4633 1815 1817 7509 
4634 7307 6374 9461 
4635 1973 2091 7459 
4636 7274 4780 7275 
4637 4895 4898 7541 
4638 9599 7376 9653 
4639 4906 8543 8544 
4640 897 191 7263 
4641 6498 9834 9911 
4642 6549 7238 7552 
4643 157 158 6750 
4644 4877 6673 7826 
4645 1637 1549 7361 
4646 432 2 6926 
4647 5370 6920 6921 
4648 5172 1973 7459 
4649 4339 5925 6486 
4650 4378 5576 7074 
4651 6974 5303 10655 
4652 2758 2760 7272 
4653 5556 7526 8727 
4654 4711 5440 5441 
4655 4635 7401 7402 
4656 886 6991 6992 
4657 5 195 6919 
4658 145 146 888 
4659 481 482 887 
4660 2627 2433 7399 
4661 2706 2708 2709 
4662 9645 5983 10320 
4663 3929 3927 3930 
4664 4786 7074 7224 
4665 10403 7056 10508 
4666 447 448 6905 
4667 2565 8724 9170 
4668 3187 3183 3188 
4669 3757 7636 8720 
4670 446 447 884 
4671 1967 2220 7239 
4672 2646 4550 4589 
4673 6993 6994 9779 
4674 6290 8699 10773 
4675 1293 2103 2142 
4676 4446 5987 7273 
4677 5922 7475 10151 
4678 3785 3787 6960 
4679 3289 7145 8684 
4680 2139 8494 8733 
4681 5296 6595 6990 
4682 45 6702 10217 
4683 1473 1440 2423 
4684 6783 6782 6784 
4685 5235 8846 9094 
4686 6141 6142 10310 
4687 7746 7742 9138 
4688 5479 5478 5480 
4689 2387 2586 2587 
4690 9589 6426 10646 
4691 892 491 7033 
4692 3141 3158 7226 
4693 6672 4904 7434 
4694 4211 4612 7601 
4695 7582 6690 9153 
4696 7468 7465 7469 
4697 5423 5180 10486 
4698 1883 1791 7247 
4699 4592 2735 6727 
4700 4870 4869 4871 
4701 6600 3948 6640 
4702 6153 4546 6845 
4703 4628 4627 4629 
4704 136 893 7036 
4705 4576 4575 5552 
4706 3291 3290 3488 
4707 1579 1567 1628 
4708 3488 3290 3982 
4709 6308 9122 9156 
4710 2169 6678 7264 
4711 480 481 6878 
4712 146 147 6880 
4713 4313 2423 4548 
4714 3167 4636 8997 
4715 5844 5847 7464 
4716 1567 1566 6817 
4717 1220 1222 7037 
4718 5865 5861 7688 
4719 458 868 7009 
4720 5360 5567 5998 
4721 8806 2542 10094 
4722 4333 9033 9165 
4723 4426 6659 7154 
4724 2173 2527 7426 
4725 1437 2161 7496 
4726 7607 5887 7688 
4727 4084 4085 4323 
4728 125 126 7317 
4729 1247 1257 6977 
4730 2462 7267 7268 
4731 1490 1487 7197 
4732 3062 3063 3065 
4733 4216 2336 4671 
4734 3022 3024 3963 
4735 713 6862 10653 
4736 181 182 885 
4737 6770 6768 10816 
4738 6288 7520 8599 
4739 3070 3059 9813 
4740 4395 5302 7326 
4741 471 472 6951 
4742 4169 4927 7121 
4743 1677 7276 7277 
4744 2072 1924 2336 
4745 4742 2653 7294 
4746 2991 2740 2992 
4747 7464 5847 7469 
4748 2610 7204 7206 
4749 4458 5305 6123 
4750 6170 9845 9976 
4751 7272 7271 8838 
4752 1562 1531 1564 
4753 1627 1051 8496 
4754 4734 2424 4735 
4755 1234 1240 7132 
4756 7041 6142 10213 
4757 1969 8886 9036 
4758 822 7084 9121 
4759 4443 4442 5817 
4760 1609 1611 7093 
4761 6555 796 9824 
4762 4349 4348 4350 
4763 7496 2161 7498 
4764 7064 5394 7203 
4765 5851 5859 7470 
4766 7120 5643 10001 
4767 1830 7428 7429 
4768 473 867 7052 
4769 7065 6128 10165 
4770 5818 5817 6481 
4771 699 10323 10370 
4772 7150 2434 8894 
4773 2353 4929 7394 
4774 3073 3093 3094 
4775 3847 4109 6708 
4776 1032 1034 7565 
4777 1591 1593 7228 
4778 445 446 6942 
4779 10002 1073 10043 
4780 3193 3188 3194 
4781 5466 7513 9816 
4782 5815 4625 7327 
4783 7224 5576 7225 
4784 7231 7638 9616 
4785 3069 3072 3073 
4786 10314 7546 10356 
4787 4345 4049 4346 
4788 3065 3068 3069 
4789 4406 7288 7292 
4790 1894 1885 2255 
4791 3855 3906 3908 
4792 4936 7918 9603 
4793 3994 4691 4692 
4794 7722 7457 8974 
4795 4280 7053 9783 
4796 5337 4313 7023 
4797 6411 5337 6412 
4798 7465 7464 7469 
4799 2527 4794 7426 
4800 2474 1835 7168 
4801 4303 4306 5360 
4802 5558 5557 6424 
4803 3094 3102 3103 
4804 4710 3166 7005 
4805 2184 4780 7274 
4806 2050 2166 7362 
4807 1885 1834 6957 
4808 4499 4500 4501 
4809 2561 2231 8656 
4810 4501 5387 5388 
4811 6911 8589 9068 
4812 2142 2367 2657 
4813 9457 768 9565 
4814 7319 7318 7320 
4815 4881 5359 6811 
4816 7520 7519 8599 
4817 4894 4895 7541 
4818 5983 6243 10320 
4819 182 183 6958 
4820 5388 6203 6272 
4821 1276 1275 1293 
4822 1993 2353 7394 
4823 6413 4169 7121 
4824 4758 4671 4759 
4825 2587 4494 4495 
4826 2456 1490 7197 
4827 3690 7834 8984 
4828 2650 7385 7390 
4829 4262 7224 7225 
4830 6647 6416 6790 
4831 5129 2105 7616 
4832 6861 5553 7017 
4833 6663 5391 9950 
4834 4809 6475 7366 
4835 2327 2545 7323 
4836 5479 5480 7209 
4837 144 145 6941 
4838 482 483 6940 
4839 5127 7829 7830 
4840 6928 7123 8944 
4841 444 445 779 
4842 4835 6986 9008 
4843 4458 1535 5305 
4844 7164 2319 7494 
4845 483 484 797 
4846 143 144 796 
4847 5370 6921 9173 
4848 6383 6155 6386 
4849 2418 2499 2500 
4850 4502 5557 5558 
4851 4642 7040 9249 
4852 4075 4068 6920 
4853 6693 6766 6767 
4854 2687 2686 2688 
4855 8690 6948 9019 
4856 1982 1983 2074 
4857 9125 6942 10309 
4858 6385 6383 7054 
4859 6560 4759 6561 
4860 4936 9603 9619 
4861 6546 9175 9609 
4862 4391 6130 7529 
4863 2646 4518 4550 
4864 4644 4313 5337 
4865 5529 4599 5662 
4866 2994 2992 2995 
4867 4497 5448 7447 
4868 4792 6543 6544 
4869 2610 4240 7204 
4870 1262 6983 6984 
4871 6110 6109 10011 
4872 1834 1813 2262 
4873 7242 3133 8963 
4874 1869 2085 7150 
4875 6452 951 10162 
4876 2453 2454 4303 
4877 1830 1784 7428 
4878 9043 6618 9044 
4879 9291 5963 10123 
4880 7314 900 7315 
4881 3174 3173 3175 
4882 7610 6663 9835 
4883 7288 7289 7292 
4884 2446 7835 8692 
4885 5848 5851 7470 
4886 814 9096 9313 
4887 4630 4629 8436 
4888 4778 4776 7203 
4889 443 444 6991 
4890 5589 4926 6311 
4891 1875 2073 7441 
4892 1257 1261 1262 
4893 2699 3785 6724 
4894 776 8024 8965 
4895 5952 5175 8889 
4896 4592 6728 10181 
4897 2113 1996 2270 
4898 5906 7177 7503 
4899 4450 6238 6239 
4900 2760 3001 7272 
4901 183 184 739 
4902 2389 1564 6970 
4903 6536 4732 7396 
4904 8998 4636 9299 
4905 1927 1928 1982 
4906 706 7667 10258 
4907 4351 4350 4538 
4908 6566 9883 10716 
4909 5879 5883 7503 
4910 4635 4465 7401 
4911 9488 7892 10332 
4912 1439 1296 1440 
4913 1534 1570 6968 
4914 2462 1506 7267 
4915 8037 5780 10496 
4916 5677 6376 6377 
4917 2360 2361 2646 
4918 5216 6352 9425 
4919 1238 1236 7174 
4920 6984 6983 6985 
4921 2525 2524 4177 
4922 3254 3253 8403 
4923 3026 3028 3030 
4924 4371 2606 4546 
4925 1677 1455 7276 
4926 3948 4457 6640 
4927 7655 6887 10648 
4928 1293 1275 2103 
4929 1892 1893 1927 
4930 4689 4690 6419 
4931 7830 9594 9615 
4932 6968 6967 6969 
4933 2271 2602 7619 
4934 804 121 7146 
4935 2243 2424 4734 
4936 894 496 7092 
4937 787 193 7410 
4938 184 185 7006 
4939 5877 5875 7741 
4940 4735 5373 5599 
4941 4262 4263 7224 
4942 5210 5260 5290 
4943 2120 2121 2215 
4944 2432 7397 7398 
4945 4502 4462 5557 
4946 7410 6346 9665 
4947 485 486 890 
4948 141 142 891 
4949 4882 4101 4883 
4950 1824 1823 7431 
4951 2098 2329 7723 
4952 7919 4936 9619 
4953 7252 4424 7253 
4954 4627 3822 9143 
4955 1373 7732 9384 
4956 7084 822 9122 
4957 131 895 7099 
4958 7136 2127 7137 
4959 1749 1750 1836 
4960 1743 6246 7086 
4961 133 7200 7201 
4962 2340 2118 2351 
4963 1487 1489 7197 
4964 2614 5181 5965 
4965 4242 2176 4442 
4966 6789 8608 10252 
4967 8815 7142 9923 
4968 2105 1235 7616 
4969 3193 3194 9082 
4970 1672 1671 7554 
4971 4734 4735 4736 
4972 1856 1857 1892 
4973 2255 1885 6957 
4974 2271 2270 2600 
4975 2142 2103 2367 
4976 6155 5530 7091 
4977 7670 7671 9050 
4978 770 6713 9932 
4979 2041 8802 9112 
4980 4406 2508 7288 
4981 7539 7617 10116 
4982 1603 1605 7147 
4983 2297 2322 2323 
4984 1512 1545 7243 
4985 2117 1944 2118 
4986 4852 4856 7826 
4987 140 141 7000 
4988 7232 7297 8403 
4989 1465 1462 7123 
4990 1254 2105 2106 
4991 4612 6588 7601 
4992 6992 6991 6995 
4993 2616 2617 7278 
4994 2117 2118 2340 
4995 4889 2641 8617 
4996 6412 5337 9072 
4997 7450 902 7451 
4998 5303 2416 9005 
4999 1660 1528 10259 
5000 6829 812 10070 
5001 7142 9888 9923 
5002 1053 7593 8496 
5003 3874 3139 6796 
5004 4250 4252 4253 
5005 6015 5759 9803 
5006 1808 7612 7613 
5007 7390 7391 7392 
5008 818 7008 9091 
5009 1647 1648 1749 
5010 1882 1746 7021 
5011 4881 5358 5359 
5012 5288 5650 7437 
5013 6610 6609 6611 
5014 2659 2657 4631 
5015 1300 1459 7390 
5016 2226 1950 7455 
5017 9399 7382 10174 
5018 4253 5154 5155 
5019 7123 1462 8944 
5020 3224 3948 6600 
5021 1697 1699 7284 
5022 2243 2244 2424 
5023 7278 5540 7280 
5024 4216 4758 4760 
5025 1240 1247 2111 
5026 3222 3220 9108 
5027 3622 3624 8686 
5028 7725 7766 7767 
5029 2543 2351 6441 
5030 7126 1209 7127 
5031 3176 3175 3177 
5032 7068 5371 9173 
5033 7346 7351 7352 
5034 5825 5826 7669 
5035 1836 1837 2238 
5036 6184 4725 7400 
5037 9952 5366 9978 
5038 5881 7741 7742 
5039 1386 7301 8959 
5040 7576 3624 7757 
5041 2146 7605 7646 
5042 5285 7437 9336 
5043 5359 6571 6572 
5044 1895 1687 8489 
5045 5808 5807 5809 
5046 1931 1535 4458 
5047 2453 4303 7235 
5048 1236 1235 1254 
5049 2340 2351 2543 
5050 1158 1160 8543 
5051 2452 2591 2592 
5052 121 122 7146 
5053 6356 6358 7717 
5054 7486 7485 7487 
5055 7147 1605 7303 
5056 4828 7161 7162 
5057 4642 4478 8849 
5058 8703 6603 10569 
5059 1527 1446 7606 
5060 487 488 764 
5061 139 140 763 
5062 1229 1234 1252 
5063 5620 8606 8754 
5064 5855 5887 7607 
5065 3178 3177 3179 
5066 6725 4527 9521 
5067 6868 1660 10176 
5068 1296 1278 7476 
5069 7377 7375 7379 
5070 3146 7250 7251 
5071 9305 3784 9478 
5072 9686 726 10367 
5073 1837 1839 7502 
5074 1559 2497 7304 
5075 2482 7019 7363 
5076 2434 2312 2435 
5077 491 492 7033 
5078 4493 6206 7378 
5079 2290 6808 9213 
5080 6440 7573 10216 
5081 2500 4374 6881 
5082 4320 4791 4792 
5083 5526 1238 7174 
5084 4163 4161 7047 
5085 4641 4631 5244 
5086 1854 1855 1856 
5087 1197 1173 7125 
5088 7438 5815 7439 
5089 1268 1260 1275 
5090 6293 5615 8972 
5091 1889 1996 2113 
5092 2455 2098 7723 
5093 127 900 7314 
5094 135 136 7036 
5095 1136 1131 8674 
5096 2131 4812 7409 
5097 2603 2601 4189 
5098 7737 2213 10124 
5099 442 443 886 
5100 83 9629 9796 
5101 1924 1894 6835 
5102 5352 8099 9898 
5103 1615 1693 7286 
5104 5282 6266 6416 
5105 2658 4523 4689 
5106 1760 1757 1995 
5107 8579 4517 8592 
5108 2994 2997 7406 
5109 5924 2624 7432 
5110 6596 197 10185 
5111 2113 2271 7619 
5112 2997 2995 2998 
5113 2072 2336 2337 
5114 1620 1746 1882 
5115 1848 1849 1850 
5116 7439 1794 10774 
5117 2111 6977 6978 
5118 5916 5209 7299 
5119 835 7668 9912 
5120 8440 1377 9421 
5121 2546 2547 2548 
5122 4242 4442 4443 
5123 4755 6709 7501 
5124 717 498 7176 
5125 2709 2710 8627 
5126 2074 2075 2120 
5127 1714 1759 7510 
5128 490 491 892 
5129 2323 2324 2325 
5130 4443 5817 5818 
5131 129 716 7181 
5132 2130 2169 7264 
5133 7227 1591 7228 
5134 6175 6174 10622 
5135 7541 4898 7542 
5136 2657 2367 2658 
5137 3889 7296 8606 
5138 2228 7154 7312 
5139 2096 1887 7696 
5140 901 123 7449 
5141 504 902 7450 
5142 2113 2270 2271 
5143 2747 2749 8720 
5144 5187 5192 7271 
5145 6390 9870 10418 
5146 5194 5193 5195 
5147 5345 4619 7544 
5148 1859 7093 7094 
5149 1262 1261 6983 
5150 136 137 893 
5151 5244 4631 6330 
5152 5512 9299 9762 
5153 1889 1890 1996 
5154 3073 3094 9532 
5155 185 186 889 
5156 4344 3935 7297 
5157 4807 4809 7366 
5158 713 8625 10457 
5159 1254 1235 2105 
5160 1382 1379 7598 
5161 5339 8108 10605 
5162 7079 4597 7098 
5163 6948 3880 9153 
5164 1379 2429 7598 
5165 3172 3169 8997 
5166 2106 2107 2108 
5167 765 6768 9634 
5168 7230 4740 7231 
5169 1718 2134 7514 
5170 3210 3203 3211 
5171 492 493 725 
5172 5116 6565 7618 
5173 4248 4249 4250 
5174 1294 7037 7038 
5175 4585 4163 6148 
5176 2436 2435 4139 
5177 1570 1571 1647 
5178 1722 1740 7517 
5179 1599 1601 7070 
5180 7047 4336 7048 
5181 7684 3880 8690 
5182 3151 3149 7834 
5183 2695 2694 2696 
5184 7297 3771 8403 
5185 132 133 7201 
5186 2248 2381 6909 
5187 9520 4632 10171 
5188 2271 2600 2601 
5189 4125 4280 4281 
5190 2349 2112 7241 
5191 4443 6093 7728 
5192 1743 2157 6246 
5193 2108 2109 2532 
5194 1215 1220 1294 
5195 6788 1197 7125 
5196 1386 2189 7301 
5197 1464 4819 7665 
5198 505 506 7528 
5199 7209 3812 9405 
5200 134 135 726 
5201 5310 7257 7258 
5202 2448 2449 2450 
5203 4416 6981 7639 
5204 1894 2255 6835 
5205 4121 4119 7807 
5206 2526 7801 8693 
5207 1396 1390 7478 
5208 1632 1616 1860 
5209 1565 1566 1567 
5210 1988 1907 7422 
5211 5817 4442 6822 
5212 7445 4496 7446 
5213 3062 6749 9813 
5214 6101 6103 7163 
5215 1859 1609 7093 
5216 2710 2713 8627 
5217 3202 3201 3203 
5218 3273 3238 3290 
5219 2532 2533 4433 
5220 496 497 7092 
5221 5965 5181 6213 
5222 8377 7840 9561 
5223 7020 1626 9154 
5224 130 131 7099 
5225 1251 1238 5526 
5226 6590 6094 6715 
5227 6574 6575 6576 
5228 5539 7166 7167 
5229 6713 770 10632 
5230 1657 1639 7087 
5231 2384 1863 6716 
5232 6668 4817 7844 
5233 1932 7147 7148 
5234 4496 4497 7447 
5235 4896 4893 7481 
5236 2015 2013 8725 
5237 2106 2105 2107 
5238 4689 4523 4690 
5239 1244 1223 7199 
5240 4166 4894 7536 
5241 1422 1032 7565 
5242 1950 1948 7455 
5243 1227 1217 1235 
5244 4585 6148 6149 
5245 4956 7158 7159 
5246 4578 6079 7435 
5247 7136 7137 7138 
5248 8846 2230 9094 
5249 6130 6131 6946 
5250 5194 5195 5196 
5251 190 897 7208 
5252 6386 6155 7091 
5253 7462 5843 7463 
5254 3017 2998 3018 
5255 4906 1158 8543 
5256 1607 1609 1859 
5257 5965 6213 7380 
5258 5175 2369 8945 
5259 2213 7737 10104 
5260 1452 2510 7440 
5261 7521 4889 7522 
5262 7244 4790 7547 
5263 5243 9354 9776 
5264 6130 4390 6131 
5265 5913 7151 7152 
5266 7391 7385 9397 
5267 7230 7231 7233 
5268 1504 1537 10372 
5269 2432 2411 7397 
5270 4896 7481 7482 
5271 4599 4597 7079 
5272 3952 6796 6798 
5273 6092 8579 8592 
5274 8784 2721 8785 
5275 7049 1294 7364 
5276 168 169 7585 
5277 9033 5258 9165 
5278 1839 1858 7502 
5279 1595 1597 7082 
5280 7418 4912 7645 
5281 169 865 7585 
5282 3939 3802 7457 
5283 5380 5382 9319 
5284 4753 4755 7501 
5285 4686 7024 7415 
5286 210 6711 10225 
5287 6607 7022 9584 
5288 1213 1215 7049 
5289 5953 8798 9371 
5290 2383 4426 7154 
5291 7037 7039 7710 
5292 4761 6737 8625 
5293 9733 734 10498 
5294 438 439 7217 
5295 2441 2442 2443 
5296 7022 975 9144 
5297 4837 4838 4854 
5298 7076 7077 7078 
5299 5194 6584 7634 
5300 7254 4424 9375 
5301 7087 4314 7088 
5302 6216 4883 6217 
5303 4732 4730 7396 
5304 896 438 7217 
5305 3616 7811 8638 
5306 4434 4433 6101 
5307 891 142 6855 
5308 3180 3179 3181 
5309 1306 1140 7612 
5310 4242 4443 7728 
5311 4843 4845 4846 
5312 4329 2382 4632 
5313 7442 7601 7602 
5314 2085 2311 2312 
5315 4463 4462 4502 
5316 9835 6663 9950 
5317 7133 5343 7134 
5318 189 190 7208 
5319 1566 4696 6817 
5320 2265 2345 8756 
5321 7801 5230 8693 
5322 4846 4847 4848 
5323 3030 6776 6777 
5324 1163 7681 8685 
5325 2085 2312 2434 
5326 2246 2358 2360 
5327 4766 4700 7133 
5328 1962 2099 2100 
5329 495 496 894 
5330 1534 1569 1570 
5331 7258 7257 7259 
5332 4571 4573 4574 
5333 7451 902 7452 
5334 5282 6416 6647 
5335 5987 4397 7326 
5336 459 460 7393 
5337 4161 2629 4336 
5338 436 7515 7562 
5339 1712 1714 7510 
5340 9729 6670 10363 
5341 4770 4768 7156 
5342 5103 7141 7142 
5343 3209 3207 8613 
5344 5192 5190 5193 
5345 498 499 7176 
5346 7236 6524 9628 
5347 6242 5558 6360 
5348 4835 4836 4837 
5349 128 129 7181 
5350 7319 7320 7321 
5351 7281 1697 7284 
5352 382 6700 10638 
5353 886 6993 7071 
5354 131 132 895 
5355 1746 1747 1889 
5356 6475 4811 6519 
5357 2142 2659 7324 
5358 3817 6200 8904 
5359 7128 2123 7248 
5360 4584 5768 5769 
5361 4623 5815 7438 
5362 4119 4591 7807 
5363 2052 2050 7362 
5364 2166 2048 7312 
5365 5652 5801 7545 
5366 7298 10096 10282 
5367 6249 6217 6250 
5368 7267 1645 7269 
5369 1788 1883 7427 
5370 7056 6173 10508 
5371 1903 1959 1960 
5372 2244 2246 7686 
5373 1716 1718 7514 
5374 5969 7629 8523 
5375 1601 1603 1932 
5376 2102 2247 2248 
5377 2231 1981 8656 
5378 1748 1888 7414 
5379 3290 3238 6954 
5380 4362 4740 7230 
5381 8066 6344 9216 
5382 7515 896 7516 
5383 1206 1197 6788 
5384 9421 1377 9697 
5385 7279 7278 7280 
5386 4567 4075 4568 
5387 3143 3142 7250 
5388 3177 3186 7783 
5389 440 441 7072 
5390 1620 1621 1746 
5391 5970 4448 7273 
5392 1208 1213 2123 
5393 5883 5906 7503 
5394 899 500 7313 
5395 1597 1599 2119 
5396 1459 2650 7390 
5397 2137 7119 7120 
5398 1546 1528 1660 
5399 9000 5363 9901 
5400 7088 7089 7090 
5401 7302 2429 9074 
5402 2331 4753 7430 
5403 1204 1208 7128 
5404 7075 4231 7076 
5405 1589 1591 7227 
5406 1720 1722 7517 
5407 1292 1456 7305 
5408 2111 1247 6977 
5409 2108 2107 2109 
5410 4201 2283 4926 
5411 7229 1898 9710 
5412 1294 1220 7037 
5413 3202 4545 6591 
5414 2511 9404 9539 
5415 3624 7576 8686 
5416 5192 5194 7634 
5417 7451 7452 7453 
5418 5577 3636 8982 
5419 8791 7268 8812 
5420 10508 6173 10592 
5421 2434 2435 2436 
5422 1252 1234 7132 
5423 7314 7315 7316 
5424 1864 1900 1901 
5425 5370 4075 6920 
5426 7633 4889 8617 
5427 4696 10004 10143 
5428 1839 1841 1858 
5429 1878 1880 7436 
5430 7629 7567 8523 
5431 868 459 7393 
5432 2591 2450 10045 
5433 5096 6345 7500 
5434 2176 1683 7020 
5435 5195 5197 6195 
5436 1689 7274 8836 
5437 1932 1603 7147 
5438 2535 2537 4231 
5439 4471 4469 7257 
5440 4397 4395 7326 
5441 6336 6102 6557 
5442 4560 4562 7236 
5443 133 134 7200 
5444 5192 5193 5194 
5445 2503 2502 7505 
5446 5521 4752 10022 
5447 3820 3926 3927 
5448 191 192 7263 
5449 6231 6233 10676 
5450 7303 7095 10028 
5451 122 901 7146 
5452 2532 2109 2533 
5453 7822 7821 9677 
5454 2327 2427 2428 
5455 4700 4140 5343 
5456 2741 5104 8661 
5457 9395 826 9994 
5458 5308 5309 6156 
5459 4831 6522 6523 
5460 5169 5280 5282 
5461 1562 1564 1565 
5462 4161 4336 7047 
5463 1687 1672 7554 
5464 3117 3129 7531 
5465 1933 1827 1934 
5466 5174 6333 7327 
5467 4205 6322 7627 
5468 5359 6573 6811 
5469 7380 6213 7381 
5470 174 10274 10624 
5471 6105 4288 7457 
5472 5640 7420 7811 
5473 7420 5640 8415 
5474 6534 6200 10563 
5475 4475 4473 7166 
5476 2645 4166 7536 
5477 2130 1934 2169 
5478 5473 4568 7066 
5479 5339 5338 9315 
5480 7156 5262 7157 
5481 497 498 717 
5482 3839 3225 3840 
5483 1131 2492 8674 
5484 3184 3181 3185 
5485 2624 1402 7432 
5486 1173 1169 1209 
5487 129 130 716 
5488 7459 7279 7460 
5489 2753 2747 8720 
5490 1593 1595 1898 
5491 2464 4496 7445 
5492 2325 2326 2327 
5493 6581 803 9886 
5494 4448 4446 7273 
5495 1826 1827 1933 
5496 192 787 7263 
5497 1293 7324 7325 
5498 7167 7166 9198 
5499 7446 4496 7447 
5500 7192 2456 7197 
5501 4553 4551 7219 
5502 4479 4477 7151 
5503 6009 7748 7749 
5504 4647 6580 9568 
5505 5310 4471 7257 
5506 1489 4800 7197 
5507 6592 5545 10499 
5508 7253 4424 7254 
5509 7495 1509 7496 
5510 708 7524 7525 
5511 4276 8642 9129 
5512 439 440 727 
5513 4462 4459 6947 
5514 1808 1306 7612 
5515 1897 1967 7239 
5516 1639 1637 4314 
5517 2252 2306 2307 
5518 1439 1440 1441 
5519 4625 5174 7327 
5520 4461 4459 4462 
5521 5840 5843 7462 
5522 500 501 7313 
5523 7089 7615 9233 
5524 2119 1599 7070 
5525 437 896 7515 
5526 4812 2133 7649 
5527 7430 4753 7501 
5528 1153 1156 8738 
5529 1933 1934 2130 
5530 3130 3131 3132 
5531 4146 5489 7605 
5532 6101 4433 6103 
5533 472 473 7052 
5534 4577 2426 4578 
5535 7373 7371 7374 
5536 1223 1210 7199 
5537 1217 1206 7616 
5538 1997 1999 2243 
5539 6803 867 9798 
5540 7454 5908 10498 
5541 7270 725 10278 
5542 7725 7765 7766 
5543 4893 4892 7481 
5544 5871 5874 7519 
5545 3182 3187 9301 
5546 1195 1199 7169 
5547 1509 1437 7496 
5548 5471 5360 8565 
5549 1744 2131 7409 
5550 1826 1657 1827 
5551 9091 5596 9289 
5552 10592 6172 10704 
5553 1587 1589 1939 
5554 8782 977 10064 
5555 4288 3939 7457 
5556 5547 6494 7733 
5557 1585 1587 7119 
5558 5881 5877 7741 
5559 6711 210 10348 
5560 1190 1192 7184 
5561 2142 2657 2659 
5562 1611 1612 1620 
5563 10216 7573 10448 
5564 1268 1275 1276 
5565 2539 4564 4584 
5566 2091 2616 7459 
5567 1479 1477 7360 
5568 4503 4889 7521 
5569 9956 5521 10022 
5570 1867 1869 7150 
5571 4700 5343 7133 
5572 6171 4553 7219 
5573 1504 1499 1537 
5574 5539 4475 7166 
5575 2284 5139 8518 
5576 2718 2721 8784 
5577 7375 7374 7376 
5578 4768 4766 5262 
5579 193 194 7410 
5580 5662 4599 7079 
5581 4558 4560 5540 
5582 4807 4806 4809 
5583 1887 1662 7696 
5584 1583 1585 2137 
5585 7040 1252 9342 
5586 1208 2123 7128 
5587 1791 1793 7247 
5588 6689 4627 9143 
5589 6205 5345 6406 
5590 2436 4139 4140 
5591 4610 4608 7198 
5592 6412 9206 9526 
5593 7076 4231 7077 
5594 3843 3842 3844 
5595 7168 1835 8751 
5596 3146 3143 7250 
5597 1997 2243 7124 
5598 2169 4117 5545 
5599 4154 2130 7264 
5600 874 6876 10039 
5601 9688 4710 10794 
5602 4689 6419 6759 
5603 5662 7079 10764 
5604 1869 2084 2085 
5605 4639 4637 7189 
5606 4154 7264 7265 
5607 9659 3922 9834 
5608 4483 4481 7141 
5609 6450 6745 10519 
5610 4562 4830 4831 
5611 1870 1685 9280 
5612 7437 5650 9827 
5613 188 189 724 
5614 10082 9724 10152 
5615 734 7450 7454 
5616 4208 1874 7637 
5617 1473 4313 4644 
5618 1898 1595 7082 
5619 4262 7225 7554 
5620 2699 2698 2700 
5621 5187 5190 5192 
5622 4760 6999 10519 
5623 1053 1056 7593 
5624 1271 1272 1289 
5625 4467 4465 4635 
5626 4779 7429 10288 
5627 4481 4479 5913 
5628 4818 7370 7371 
5629 1879 7431 7734 
5630 4485 4483 5103 
5631 4489 4487 5513 
5632 4641 5244 6410 
5633 7486 7487 7488 
5634 2470 6111 7329 
5635 4537 4721 6566 
5636 2379 7281 7282 
5637 1545 1583 7243 
5638 3190 3185 3191 
5639 1537 7190 7298 
5640 6767 6766 7252 
5641 4390 2603 7012 
5642 3771 3258 8403 
5643 10704 6304 10795 
5644 4654 4648 7188 
5645 3224 3213 3225 
5646 6305 5223 6646 
5647 4809 4810 4811 
5648 1629 1743 7086 
5649 2429 1376 9074 
5650 4768 5262 7156 
5651 1167 1165 2127 
5652 5913 4479 7151 
5653 3085 3090 4835 
5654 6596 6552 10567 
5655 1215 1294 7049 
5656 4491 4489 7155 
5657 5562 7218 8690 
5658 1798 1822 1881 
5659 4577 4578 7435 
5660 7495 7496 7497 
5661 1793 2135 7247 
5662 7138 7137 7139 
5663 4541 4539 4542 
5664 1695 1697 7281 
5665 3889 3630 8891 
5666 4263 4786 7224 
5667 4477 4475 5539 
5668 1991 2614 8698 
5669 4473 4471 5310 
5670 7333 1491 7334 
5671 2410 2280 2426 
5672 4772 4770 4956 
5673 2003 2173 7426 
5674 6159 9724 10082 
5675 7115 9088 9181 
5676 7401 6242 7402 
5677 123 124 7449 
5678 503 504 7450 
5679 1199 1204 1249 
5680 1822 1867 7518 
5681 4658 4656 7180 
5682 1486 1485 1487 
5683 6300 4610 7198 
5684 1484 1483 1485 
5685 1524 2164 7640 
5686 7191 7192 7193 
5687 4487 4485 7143 
5688 1945 1944 2117 
5689 4584 4564 5768 
5690 6074 5394 7063 
5691 1482 1481 1483 
5692 8751 1755 8834 
5693 4809 4811 6475 
5694 8020 5354 9898 
5695 1619 7495 7637 
5696 4708 6799 8635 
5697 7134 5343 8862 
5698 4393 4391 7529 
5699 7191 2456 7192 
5700 3489 3819 3820 
5701 1772 2184 7274 
5702 1499 1495 7190 
5703 6434 4639 7189 
5704 2013 2214 8725 
5705 3937 3302 7477 
5706 2181 1444 7841 
5707 5878 5879 7503 
5708 1639 4314 7087 
5709 4776 4828 7203 
5710 1947 1946 1948 
5711 1192 1195 2124 
5712 156 870 9957 
5713 1687 7554 8489 
5714 6986 4875 8780 
5715 4281 4280 8859 
5716 4493 4491 5560 
5717 1480 1479 1481 
5718 5185 5187 7271 
5719 8636 55 10737 
5720 2277 4146 7605 
5721 4210 4211 7601 
5722 4618 5345 6205 
5723 4750 4748 7185 
5724 1579 1628 1629 
5725 6432 6430 9240 
5726 1512 7243 7841 
5727 1949 1948 1950 
5728 4575 3804 9082 
5729 5327 5325 7331 
5730 6119 9055 9070 
5731 5898 7444 7549 
5732 1227 1235 1236 
5733 4140 4139 7471 
5734 4748 4658 5462 
5735 5302 7529 7530 
5736 1710 1711 1712 
5737 4509 4362 4510 
5738 2169 5545 6678 
5739 3985 3916 6748 
5740 7583 2522 7599 
5741 4578 5825 6079 
5742 4361 4344 4362 
5743 12 9747 9896 
5744 1497 1524 7640 
5745 5646 4510 6778 
5746 7811 7420 8638 
5747 6336 6557 7117 
5748 2069 1929 2128 
5749 3291 3488 3489 
5750 1712 1713 1714 
5751 4776 4774 4828 
5752 2410 2426 4577 
5753 3302 3303 7477 
5754 7338 7405 7472 
5755 1951 1950 1980 
5756 4648 4639 6434 
5757 6118 7423 10406 
5758 7689 4694 7690 
5759 1994 1980 2224 
5760 1275 1260 7051 
5761 3103 3104 3105 
5762 7061 7168 8751 
5763 2570 2571 2572 
5764 5540 4560 7236 
5765 2400 2559 7568 
5766 4831 4830 6522 
5767 2617 4558 7278 
5768 2384 6716 7368 
5769 4496 2465 4497 
5770 1542 1465 1946 
5771 1874 1668 7637 
5772 6039 4750 6562 
5773 1939 1589 7227 
5774 510 511 7484 
5775 4073 4068 4075 
5776 1784 1786 7428 
5777 1714 1715 1716 
5778 2572 2573 2575 
5779 3286 7604 8501 
5780 5964 4369 7647 
5781 2705 2704 2706 
5782 5209 5210 7300 
5783 4644 5337 6411 
5784 4725 2596 7400 
5785 6512 6509 6513 
5786 7537 7540 7617 
5787 3149 3160 7834 
5788 1188 1190 1301 
5789 5448 4796 5472 
5790 4656 4654 6604 
5791 2575 2576 2577 
5792 1969 6938 9145 
5793 194 898 7410 
5794 4637 4610 6300 
5795 6604 4654 7188 
5796 1778 1776 7559 
5797 1786 7427 7428 
5798 4426 4425 5474 
5799 7370 4716 7372 
5800 925 7663 10319 
5801 7570 2559 7683 
5802 7673 7674 8896 
5803 2335 4456 7535 
5804 2659 4631 4641 
5805 4510 4362 7230 
5806 1699 1701 2126 
5807 2527 2528 4549 
5808 4549 4579 5466 
5809 1333 2149 7546 
5810 4850 4851 4852 
5811 4735 2424 5373 
5812 1609 1610 1611 
5813 499 500 899 
5814 3208 3207 3209 
5815 2533 2535 7075 
5816 7103 7666 7667 
5817 5311 2370 7458 
5818 1716 1717 1718 
5819 5187 5189 5190 
5820 457 458 7009 
5821 127 128 900 
5822 5374 3172 8997 
5823 5393 4778 5394 
5824 1480 1481 1482 
5825 7539 10116 10195 
5826 1659 1685 1870 
5827 1261 1263 1271 
5828 1482 1483 1484 
5829 6722 2784 9512 
5830 1468 1535 1931 
5831 1199 1249 7169 
5832 1718 1719 1720 
5833 1570 6967 6968 
5834 5804 5967 8556 
5835 1484 1485 1486 
5836 1430 1428 8462 
5837 1557 1525 1577 
5838 1192 2124 7184 
5839 2184 2332 4780 
5840 980 6660 10395 
5841 1486 1487 1490 
5842 1557 1577 1659 
5843 1992 1993 7394 
5844 844 7035 9158 
5845 1276 1293 7325 
5846 2577 2578 2579 
5847 1659 1577 1685 
5848 120 804 7475 
5849 1066 1270 7548 
5850 1524 1523 1525 
5851 4578 4782 5825 
5852 5103 4483 7141 
5853 5393 5394 6074 
5854 1289 1290 1302 
5855 3132 3140 3141 
5856 2579 2580 2581 
5857 1720 1721 1722 
5858 7860 4110 9673 
5859 1524 1525 1557 
5860 2604 2603 4390 
5861 4818 7373 7723 
5862 2464 2256 2465 
5863 1487 1488 1489 
5864 7489 7488 7490 
5865 1440 1296 7476 
5866 8472 6538 10573 
5867 2459 6874 8462 
5868 5282 5280 6266 
5869 2111 6978 6979 
5870 1703 1705 1706 
5871 2600 2270 6779 
5872 2602 2601 2603 
5873 5142 4807 7366 
5874 4391 4390 6130 
5875 4520 4340 5994 
5876 1693 1695 2379 
5877 1862 1863 1864 
5878 7005 3168 9334 
5879 2616 7279 7459 
5880 2548 2549 2550 
5881 6435 7556 7557 
5882 9044 6618 9220 
5883 2137 1585 7119 
5884 1607 1608 1609 
5885 7338 7403 7404 
5886 1478 1477 1479 
5887 2833 2831 7507 
5888 6860 2033 7646 
5889 6214 4321 8952 
5890 5462 4658 7180 
5891 3929 3930 3931 
5892 1722 1723 1724 
5893 6311 6805 8819 
5894 4612 5957 6587 
5895 5524 5525 5976 
5896 5474 6407 6454 
5897 5302 4393 7529 
5898 7604 7701 8501 
5899 2581 2582 2583 
5900 1478 1479 1480 
5901 8726 1727 8871 
5902 4580 7763 8662 
5903 3961 4526 4527 
5904 1943 1942 1944 
5905 2583 2611 2612 
5906 7193 7195 7196 
5907 4828 7162 7203 
5908 4195 4197 4818 
5909 190 191 897 
5910 1724 1726 1727 
5911 1829 1874 1875 
5912 2836 2833 7507 
5913 4608 4553 6171 
5914 4274 7831 7911 
5915 2612 2644 2645 
5916 4406 7292 7293 
5917 124 735 7449 
5918 734 503 7450 
5919 7268 7267 7269 
5920 7491 7490 7492 
5921 6978 6977 9509 
5922 2567 2569 2570 
5923 2645 4165 4166 
5924 1294 7038 7364 
5925 6104 4288 6105 
5926 1707 1709 1710 
5927 2636 5167 9266 
5928 7479 7598 8745 
5929 6315 9475 10400 
5930 4166 4892 4893 
5931 4755 5959 5960 
5932 2435 2312 2437 
5933 6788 7125 7504 
5934 6980 6933 9713 
5935 7336 7339 7403 
5936 1727 1729 1730 
5937 7659 7661 10270 
5938 7145 5320 8684 
5939 6562 4750 7185 
5940 7055 7056 7057 
5941 4787 4493 7378 
5942 7301 4823 7309 
5943 4818 7371 7373 
5944 2457 1992 4524 
5945 4895 4896 4897 
5946 7568 2559 7569 
5947 4753 4754 4755 
5948 5909 6712 9864 
5949 6183 6184 6185 
5950 1880 1935 1936 
5951 3204 3191 3205 
5952 435 436 7562 
5953 4899 4900 4901 
5954 1180 1182 1641 
5955 1936 2017 2018 
5956 7289 7290 7291 
5957 4489 5513 7155 
5958 2717 2718 8784 
5959 1671 4262 7554 
5960 7088 4314 7089 
5961 6731 7175 10690 
5962 7006 889 9283 
5963 1481 1491 7333 
5964 4369 4145 7647 
5965 1957 1958 1992 
5966 3803 3940 7670 
5967 1793 1795 2135 
5968 1489 1492 1493 
5969 434 736 7611 
5970 2634 2636 4823 
5971 2216 2297 9333 
5972 4493 5560 6206 
5973 1741 1904 9364 
5974 4511 4512 5410 
5975 1875 1874 2073 
5976 7271 5192 7634 
5977 7145 3289 8778 
5978 4800 1493 7640 
5979 4619 4621 7544 
5980 4612 4372 5957 
5981 5523 4228 5524 
5982 1730 1731 1732 
5983 7373 7374 7375 
5984 1605 1606 1607 
5985 5293 4407 5915 
5986 2292 1778 7559 
5987 2077 5647 9106 
5988 6921 6920 6922 
5989 4672 7220 7221 
5990 1803 1897 2138 
5991 5343 4140 7471 
5992 4485 5103 7143 
5993 4210 4209 4211 
5994 2138 1897 7239 
5995 4434 6101 6102 
5996 1802 1823 1824 
5997 2047 2053 2228 
5998 1814 1815 1974 
5999 2502 2504 4511 
6000 1948 4218 7455 
6001 2532 4433 4434 
6002 2000 2541 7563 
6003 6818 6925 10074 
6004 8644 7016 9734 
6005 4362 4344 4740 
6006 1265 1256 2125 
6007 1645 1646 1814 
6008 1292 1274 1456 
6009 2462 7268 9029 
6010 3720 3247 8516 
6011 1734 1735 1736 
6012 1967 2003 2220 
6013 1878 1879 1880 
6014 4621 7438 7544 
6015 7532 789 7534 
6016 1070 2145 7550 
6017 1497 1523 1524 
6018 1736 1738 1739 
6019 1583 2137 7243 
6020 7834 6924 8984 
6021 2073 4209 4210 
6022 1706 1705 1707 
6023 5958 8951 9370 
6024 4730 7363 7396 
6025 1755 1801 1802 
6026 8722 1736 8853 
6027 6916 5152 7835 
6028 7334 7336 7338 
6029 6091 6536 6694 
6030 2022 2023 2024 
6031 2570 2569 2571 
6032 1097 2468 7578 
6033 2523 6138 7705 
6034 1209 1169 7135 
6035 2351 4729 7237 
6036 7601 6588 7602 
6037 2464 2465 4496 
6038 4840 4842 4843 
6039 4211 4372 4612 
6040 1495 1490 2456 
6041 2572 2571 2573 
6042 2353 2354 2390 
6043 7277 7276 9029 
6044 880 7484 7485 
6045 2228 2276 2383 
6046 6930 2046 9247 
6047 7486 7488 7489 
6048 2575 2573 2576 
6049 3982 6954 6955 
6050 2173 2467 2527 
6051 1542 1946 1947 
6052 4805 4806 4807 
6053 1222 1228 1229 
6054 4497 4795 4796 
6055 1293 2142 7324 
6056 1951 1980 1994 
6057 7257 4469 7310 
6058 1340 2153 8520 
6059 7436 1880 8647 
6060 6670 8627 10363 
6061 4805 4804 4806 
6062 6521 2715 10291 
6063 7489 7490 7491 
6064 7284 7285 9487 
6065 1753 1754 1755 
6066 117 879 7493 
6067 4551 4448 5970 
6068 4819 7287 7665 
6069 1739 1741 1742 
6070 4502 6242 7401 
6071 1712 1711 1713 
6072 2026 2027 2028 
6073 1949 1950 1951 
6074 2115 2114 2502 
6075 4579 5200 7512 
6076 7375 7376 7379 
6077 1714 1713 1715 
6078 1537 1499 7190 
6079 2220 2003 7426 
6080 4497 4796 5448 
6081 1710 1709 1711 
6082 5310 7258 9198 
6083 5185 5186 5187 
6084 1075 7561 7564 
6085 2159 2027 7682 
6086 4772 4956 7160 
6087 1996 1890 1997 
6088 3032 3031 3033 
6089 6256 5152 6916 
6090 1975 1974 2114 
6091 8888 5952 8889 
6092 7104 7107 7666 
6093 2028 2146 7646 
6094 1401 1396 4340 
6095 1947 1948 1949 
6096 4852 4855 4856 
6097 2577 2576 2578 
6098 2646 2361 4518 
6099 7667 7666 7668 
6100 126 127 7314 
6101 1829 1668 1874 
6102 8628 3289 8684 
6103 6791 5819 9531 
6104 2033 2030 7646 
6105 442 886 7071 
6106 7204 6205 7205 
6107 7576 7757 8606 
6108 1539 1509 7495 
6109 2168 6675 10027 
6110 4790 4170 7547 
6111 2016 6806 10067 
6112 3030 3028 3031 
6113 4176 2439 4217 
6114 2379 1695 7281 
6115 4170 5057 7547 
6116 1716 1715 1717 
6117 995 6237 7780 
6118 2388 2386 4781 
6119 3105 3116 3117 
6120 2331 4334 4753 
6121 6282 1926 6283 
6122 2579 2578 2580 
6123 6090 4732 6091 
6124 816 6594 10090 
6125 1619 1539 7495 
6126 2147 2331 7430 
6127 1257 1258 1261 
6128 880 510 7484 
6129 4892 6701 7481 
6130 6793 6867 8583 
6131 5257 4381 5814 
6132 7191 7193 7194 
6133 5138 2292 7559 
6134 4755 4754 5959 
6135 1936 1935 2017 
6136 2095 1978 7494 
6137 1537 7298 10282 
6138 1718 1717 1719 
6139 2018 2017 2155 
6140 7442 4210 7601 
6141 2546 2548 10512 
6142 5141 6173 7055 
6143 2032 2033 2034 
6144 8608 6789 10574 
6145 4894 4893 4895 
6146 4731 4730 4732 
6147 4549 2528 4579 
6148 437 438 896 
6149 7288 4159 7289 
6150 1720 1719 1721 
6151 1851 1853 1854 
6152 5466 4579 7512 
6153 1993 2261 2353 
6154 1880 1879 1935 
6155 6183 4725 6184 
6156 2204 2206 5770 
6157 2383 4141 4425 
6158 4146 4369 4370 
6159 4898 4897 4899 
6160 4446 4397 5987 
6161 4903 4901 5231 
6162 2581 2580 2582 
6163 3117 3127 3128 
6164 5811 5138 5812 
6165 4909 4908 4910 
6166 4370 5963 6444 
6167 1368 2162 7809 
6168 5843 5844 7464 
6169 1888 2204 7414 
6170 9043 6499 9911 
6171 4146 4145 4369 
6172 2034 2033 2046 
6173 3973 3848 3974 
6174 7206 7205 7207 
6175 3847 3846 3848 
6176 5446 4707 9709 
6177 4197 4716 7370 
6178 4584 5769 5950 
6179 4370 4369 5963 
6180 3115 6871 9532 
6181 433 434 7611 
6182 4343 3935 4344 
6183 5966 4237 6252 
6184 6584 5196 6585 
6185 2277 4145 4146 
6186 2438 2319 2439 
6187 4753 4334 4754 
6188 1851 1854 7652 
6189 2189 2634 7301 
6190 5466 7512 7513 
6191 7096 7097 9881 
6192 1802 1801 1823 
6193 2028 2027 2146 
6194 3273 3290 3291 
6195 6930 6931 9011 
6196 4175 2439 4176 
6197 2583 2582 2611 
6198 1722 1721 1723 
6199 2211 2056 4804 
6200 4598 4597 4599 
6201 2615 2176 4242 
6202 2612 2611 2644 
6203 5325 4194 8920 
6204 2527 2467 2528 
6205 1644 1643 8504 
6206 1819 1956 1957 
6207 1489 1493 4800 
6208 1724 1723 1726 
6209 6219 5416 10447 
6210 4912 3655 7645 
6211 453 454 7678 
6212 4796 4797 7328 
6213 2645 2644 4165 
6214 3217 3209 3218 
6215 1733 1732 1734 
6216 3491 3262 7680 
6217 2390 2391 2392 
6218 1056 1060 7593 
6219 4901 4900 4902 
6220 1220 1221 1222 
6221 1240 1246 1247 
6222 1755 1754 1801 
6223 4166 4165 4892 
6224 2027 2024 7682 
6225 1727 1726 1729 
6226 1234 1239 1240 
6227 2550 2551 2552 
6228 9177 7034 9394 
6229 7537 7536 7540 
6230 2022 2020 2023 
6231 2535 4231 7075 
6232 7698 937 10073 
6233 7557 7556 7558 
6234 7015 7014 7016 
6235 5174 6331 6333 
6236 4618 4619 5345 
6237 1730 1729 1731 
6238 1551 1644 1645 
6239 4831 6523 6524 
6240 763 7000 10780 
6241 2418 2500 9005 
6242 2658 4522 4523 
6243 7551 710 10804 
6244 1736 1735 1738 
6245 999 2254 7823 
6246 2047 2043 2053 
6247 5355 5152 6256 
6248 1788 1791 1883 
6249 2026 2024 2027 
6250 1435 1292 7305 
6251 4395 4393 5302 
6252 7748 7482 7749 
6253 8354 1510 8355 
6254 4558 5540 7278 
6255 192 193 787 
6256 1667 1619 1668 
6257 2332 2333 6950 
6258 2351 2118 4729 
6259 1229 1233 1234 
6260 5837 5839 6938 
6261 7338 7336 7403 
6262 5650 5651 5652 
6263 1364 1400 8318 
6264 2216 2296 2297 
6265 1603 1604 1605 
6266 4227 2373 4228 
6267 2398 2400 7568 
6268 7839 7840 8477 
6269 1739 1738 1741 
6270 3931 5527 6209 
6271 1623 1807 7673 
6272 1411 1409 7581 
6273 1658 1657 1826 
6274 1247 1248 1257 
6275 2470 2301 6111 
6276 1710 2129 7527 
6277 7831 7623 7911 
6278 6749 3106 9443 
6279 2589 7574 7683 
6280 7043 5484 7044 
6281 6207 4580 8662 
6282 5095 5096 7500 
6283 2383 4425 4426 
6284 2106 2108 2110 
6285 4913 2470 7329 
6286 1877 1824 1878 
6287 5847 5848 7470 
6288 4409 4176 4694 
6289 1786 1788 7427 
6290 1493 1496 1497 
6291 2241 2524 2525 
6292 1358 1510 8354 
6293 4623 4625 5815 
6294 6993 6992 6994 
6295 5139 5141 8868 
6296 2508 2506 7288 
6297 1455 1501 7276 
6298 2379 7282 7283 
6299 9415 6038 9625 
6300 931 6667 10656 
6301 2445 2301 2470 
6302 4895 4893 4896 
6303 4580 2528 7763 
6304 4566 2470 4913 
6305 8549 6373 9126 
6306 7479 1389 7598 
6307 3893 7620 8511 
6308 1501 1506 2462 
6309 2484 2482 7363 
6310 1878 1824 1879 
6311 6474 9365 9400 
6312 5870 5871 7519 
6313 4899 4897 4900 
6314 2520 7567 7930 
6315 1447 1449 2180 
6316 2032 2030 2033 
6317 7840 5666 8477 
6318 6938 5839 6939 
6319 5889 6971 7688 
6320 1255 1244 1256 
6321 1828 1668 1829 
6322 1867 7150 7518 
6323 2019 2018 2020 
6324 1752 1742 1753 
6325 2081 1895 8489 
6326 6655 9486 9706 
6327 6150 6037 9307 
6328 1451 1455 1677 
6329 1925 1875 1926 
6330 6009 4900 7748 
6331 6834 4692 10308 
6332 1506 1551 7267 
6333 6070 4742 6337 
6334 1782 1784 1830 
6335 1091 1093 7603 
6336 4409 4694 7689 
6337 5091 7870 7871 
6338 2653 2508 4406 
6339 6325 10606 10610 
6340 2004 1921 7628 
6341 3264 3266 7560 
6342 2637 2370 5311 
6343 1497 1522 1523 
6344 1477 1475 2122 
6345 1972 1878 7436 
6346 4179 2477 4180 
6347 1389 1382 7598 
6348 7103 7104 7666 
6349 2184 2185 2332 
6350 2319 2095 7494 
6351 5524 4228 5525 
6352 5198 6996 6997 
6353 1766 1516 1768 
6354 6441 2351 7237 
6355 1264 1256 1265 
6356 2112 1926 6282 
6357 3788 3786 3789 
6358 1734 1732 1735 
6359 7317 7316 7318 
6360 6608 6798 9644 
6361 5859 5853 5860 
6362 7333 7334 7472 
6363 1751 8679 9058 
6364 5281 5469 7543 
6365 4240 4618 7204 
6366 2506 2503 4159 
6367 2021 2020 2022 
6368 5195 5193 5197 
6369 1948 1946 4218 
6370 6588 6587 6789 
6371 5142 7366 7367 
6372 4833 2431 6169 
6373 1273 1265 1274 
6374 7466 7465 7467 
6375 6961 5966 6962 
6376 441 7071 7072 
6377 1974 1815 7509 
6378 2528 2467 7763 
6379 1291 1274 1292 
6380 4900 4897 7748 
6381 7802 7801 7803 
6382 5875 7549 7741 
6383 1669 1527 7606 
6384 4786 4785 5272 
6385 5545 4117 6469 
6386 1401 4340 4520 
6387 4818 4197 7370 
6388 5232 4237 5966 
6389 4527 4526 5408 
6390 6091 4732 6536 
6391 7463 7465 7466 
6392 6971 6041 7234 
6393 9855 6590 10036 
6394 4052 3756 7526 
6395 1753 1742 1754 
6396 5410 4512 6072 
6397 1759 1716 7514 
6398 1992 1958 1993 
6399 1415 1411 7581 
6400 6256 6916 7551 
6401 9092 5925 9288 
6402 4524 1992 7394 
6403 126 7314 7317 
6404 2360 2358 2361 
6405 1889 1747 1890 
6406 4600 4599 5529 
6407 2486 2484 4730 
6408 2085 2084 2311 
6409 2153 2431 4833 
6410 6131 4390 7012 
6411 5880 5898 7549 
6412 5075 7014 7015 
6413 7253 7254 7255 
6414 4621 4623 7438 
6415 6033 6035 7034 
6416 1814 1646 1815 
6417 5462 7180 7685 
6418 5272 6732 6733 
6419 5142 7367 7608 
6420 4511 2504 4512 
6421 2392 2393 2394 
6422 2318 2095 2319 
6423 1706 1707 7527 
6424 7595 922 7597 
6425 6182 4725 6183 
6426 1601 1602 1603 
6427 2057 2211 8505 
6428 9088 2128 9181 
6429 6134 6133 6135 
6430 4177 5807 5808 
6431 2169 1934 4117 
6432 4105 2668 6723 
6433 2482 1762 7019 
6434 4503 2641 4889 
6435 1520 1452 7440 
6436 4164 4163 4585 
6437 2129 1712 7510 
6438 2502 2114 2504 
6439 7670 5476 7671 
6440 2025 2024 2026 
6441 2710 2712 2713 
6442 5994 4340 5995 
6443 7352 7354 7357 
6444 2134 1720 7517 
6445 1685 1686 1769 
6446 6931 8802 9011 
6447 4730 2484 7363 
6448 2160 7624 7625 
6449 7334 7338 7472 
6450 2204 5770 7414 
6451 5426 5427 8769 
6452 1140 7578 7612 
6453 7338 7404 7405 
6454 4720 2292 5138 
6455 6093 5818 6094 
6456 7578 2468 7579 
6457 2476 2474 2477 
6458 6174 4503 7521 
6459 1476 1477 1478 
6460 7055 6173 7056 
6461 8606 7296 8754 
6462 2353 2390 4929 
6463 2533 2534 2535 
6464 2329 4195 7723 
6465 3221 3220 3222 
6466 1556 1520 7440 
6467 1957 1992 2457 
6468 7510 1759 9410 
6469 2044 2043 2047 
6470 8802 6931 9112 
6471 4180 2477 5490 
6472 5667 8628 8684 
6473 142 143 6855 
6474 1481 1479 1491 
6475 4153 2130 4154 
6476 7193 7192 7195 
6477 7700 4915 9799 
6478 5851 5853 5859 
6479 4324 4085 8711 
6480 5889 6041 6971 
6481 1645 1644 1646 
6482 2353 2261 2354 
6483 5826 7103 7669 
6484 1428 2459 8462 
6485 2243 1999 2244 
6486 8671 5597 8755 
6487 5314 5175 5952 
6488 1767 1766 2007 
6489 3146 7251 8833 
6490 2211 4804 4805 
6491 1437 1298 2161 
6492 1618 1539 1619 
6493 1957 1956 1958 
6494 2457 4524 5457 
6495 7289 4159 7290 
6496 4431 2273 9023 
6497 2042 2041 2043 
6498 1501 2462 7276 
6499 6800 974 10409 
6500 7352 7353 7354 
6501 1931 4458 4459 
6502 6273 4910 6274 
6503 1536 1516 1766 
6504 4256 2419 4257 
6505 2510 1415 7581 
6506 7143 5103 8815 
6507 5900 6910 6911 
6508 1845 1847 1848 
6509 5957 7415 7416 
6510 1200 1177 1809 
6511 4861 5468 8737 
6512 1354 2165 8321 
6513 124 125 735 
6514 1144 1142 2143 
6515 502 503 734 
6516 6824 6823 6825 
6517 4261 2645 7536 
6518 4779 4778 5393 
6519 3655 3653 7645 
6520 1551 1645 7267 
6521 7079 7098 10137 
6522 2056 2052 7362 
6523 2300 1988 2301 
6524 1980 1950 2226 
6525 4777 4776 4778 
6526 2207 2430 7679 
6527 4141 4416 7639 
6528 4511 5410 5544 
6529 1243 1223 1244 
6530 2453 2240 2454 
6531 7519 5874 8599 
6532 7209 5480 7210 
6533 5380 5381 5382 
6534 1640 1639 1657 
6535 1483 1481 7333 
6536 6662 5391 6663 
6537 4211 4212 4372 
6538 1421 1292 1435 
6539 4775 4774 4776 
6540 5517 2655 7583 
6541 2390 2354 2391 
6542 2630 2629 4161 
6543 4502 5558 6242 
6544 5862 5865 8609 
6545 6080 8785 9985 
6546 4631 2657 6953 
6547 4162 4161 4163 
6548 2394 2395 2396 
6549 1823 2147 7431 
6550 5148 5146 5152 
6551 7848 9034 9527 
6552 5533 5534 7759 
6553 5826 7102 7103 
6554 5863 5864 5870 
6555 2258 1917 7743 
6556 2552 2553 2554 
6557 119 120 7475 
6558 1471 1435 1516 
6559 3001 5184 5185 
6560 1641 1182 2461 
6561 1907 1799 1909 
6562 1154 1152 1231 
6563 1963 5172 9071 
6564 5557 4462 6947 
6565 1859 7094 7095 
6566 2506 4159 7288 
6567 7583 7599 8733 
6568 2655 2522 7583 
6569 7836 3893 8511 
6570 2073 4208 4209 
6571 7539 7537 7617 
6572 194 5 898 
6573 2160 1321 7624 
6574 3940 4286 7670 
6575 122 123 901 
6576 2029 2028 2030 
6577 504 505 902 
6578 2228 2053 2276 
6579 6550 6227 10546 
6580 3264 7560 7680 
6581 1489 1488 1492 
6582 2722 2724 2725 
6583 2786 2783 7775 
6584 5138 7559 8839 
6585 1748 7414 8504 
6586 6277 6276 6279 
6587 5377 5378 5380 
6588 1814 1974 1975 
6589 4699 4140 4700 
6590 1476 1475 1477 
6591 2535 2536 2537 
6592 5863 5862 5864 
6593 2718 2720 2721 
6594 4773 4772 4774 
6595 7661 927 7662 
6596 1099 1097 7578 
6597 2634 4823 7301 
6598 6255 4762 6643 
6599 4896 7482 7748 
6600 3001 5185 7272 
6601 5904 7519 7520 
6602 2031 2030 2032 
6603 7567 2520 8523 
6604 2628 2627 2629 
6605 5860 5862 5863 
6606 7107 7108 7109 
6607 1599 1600 1601 
6608 4578 2426 4782 
6609 7593 7592 7594 
6610 4202 2349 4237 
6611 1780 1782 9260 
6612 7031 5373 7686 
6613 2532 4434 8640 
6614 7405 7404 9294 
6615 1876 1683 2176 
6616 5889 5903 6041 
6617 2115 2502 2503 
6618 2594 8837 8885 
6619 1975 2114 2115 
6620 2479 4245 7727 
6621 4262 2136 4263 
6622 1807 1984 7673 
6623 1714 1716 1759 
6624 7395 4172 10119 
6625 1554 1520 1556 
6626 4255 2398 7568 
6627 4771 4770 4772 
6628 1772 1774 2184 
6629 4920 7653 7677 
6630 5995 7480 9304 
6631 2653 4406 7294 
6632 7577 4055 9922 
6633 8577 4517 8578 
6634 1148 1146 1304 
6635 7469 5847 7470 
6636 991 4172 7395 
6637 4222 4223 5095 
6638 7463 7464 7465 
6639 1487 1485 1488 
6640 120 121 804 
6641 7893 772 10287 
6642 1769 1770 1803 
6643 506 507 805 
6644 6382 6155 6383 
6645 5874 5875 5876 
6646 1689 1772 7274 
6647 7574 7570 7683 
6648 4240 4617 4618 
6649 4343 4344 4361 
6650 5870 5864 5871 
6651 7354 7355 7356 
6652 4786 5272 5273 
6653 4670 5924 6314 
6654 4263 4784 4785 
6655 1278 1276 7325 
6656 6287 7177 7178 
6657 5887 5888 5889 
6658 7569 2559 7570 
6659 4373 2624 4670 
6660 4381 2096 7696 
6661 4769 4768 4770 
6662 4809 4806 4810 
6663 2596 2315 7400 
6664 1559 1649 2497 
6665 7104 7106 7107 
6666 1710 1712 2129 
6667 4461 4462 4463 
6668 2563 2564 2565 
6669 1452 1415 2510 
6670 1957 2457 8478 
6671 5876 5877 5878 
6672 1387 1333 7546 
6673 2709 2708 2710 
6674 4796 4795 4797 
6675 5883 5901 5905 
6676 6817 4696 10551 
6677 4724 2596 4725 
6678 1722 1724 1740 
6679 7111 7112 7245 
6680 4227 4228 5523 
6681 2396 2397 2398 
6682 1718 1720 2134 
6683 2565 2566 2567 
6684 5096 5278 6345 
6685 1803 1804 1897 
6686 1897 1905 1967 
6687 4463 4502 7401 
6688 2527 4549 4794 
6689 7673 7563 7674 
6690 6589 6094 6590 
6691 4361 4362 4509 
6692 4767 4766 4768 
6693 5904 5870 7519 
6694 7352 7351 7353 
6695 1062 2144 7592 
6696 4765 4700 4766 
6697 2491 1402 2624 
6698 509 510 880 
6699 117 118 879 
6700 4930 7855 9600 
6701 4509 4510 5646 
6702 1523 1559 7304 
6703 5652 5653 5801 
6704 2035 2034 2036 
6705 2500 6882 9005 
6706 4881 4854 5358 
6707 6078 982 9202 
6708 5851 5852 5853 
6709 4497 2465 4795 
6710 1967 2002 2003 
6711 5472 4796 7328 
6712 5095 4223 5096 
6713 6006 9849 10477 
6714 1072 1075 7564 
6715 2012 2010 2016 
6716 1064 1066 7548 
6717 1474 1231 1475 
6718 4731 4732 6090 
6719 2392 2391 2393 
6720 2537 2538 2539 
6721 6445 5095 7500 
6722 6622 990 10689 
6723 1707 1710 7527 
6724 1683 1626 7020 
6725 1151 1153 8738 
6726 6195 5197 6537 
6727 2572 2575 4626 
6728 436 437 7515 
6729 1095 1091 7603 
6730 116 117 7493 
6731 1597 1598 1599 
6732 1068 1070 7550 
6733 1235 1217 7616 
6734 5474 4425 6407 
6735 2619 4517 8577 
6736 4517 2487 8592 
6737 1730 1732 1733 
6738 7308 5841 9675 
6739 4895 4897 4898 
6740 1930 1929 2069 
6741 2714 2716 2717 
6742 1473 4644 8831 
6743 6173 6172 10592 
6744 6290 5179 8699 
6745 2567 2568 2569 
6746 5524 5976 6100 
6747 2612 2645 4261 
6748 4166 4893 4894 
6749 2070 2069 2280 
6750 6519 4811 6570 
6751 2579 2581 4424 
6752 2310 2335 7535 
6753 2457 5514 8478 
6754 2335 2472 4456 
6755 2277 2380 4145 
6756 4899 4901 4903 
6757 2036 2034 9011 
6758 7225 5576 7712 
6759 5285 5288 7437 
6760 2040 2038 2041 
6761 5667 7604 8665 
6762 2146 2159 2277 
6763 1733 1734 1762 
6764 2131 2133 4812 
6765 7653 6245 7677 
6766 2421 4220 4222 
6767 5617 8726 8871 
6768 4283 4186 6712 
6769 1309 1311 7641 
6770 5874 5873 5875 
6771 2135 1795 7187 
6772 4386 6160 7631 
6773 7139 7140 7483 
6774 4328 7664 10503 
6775 7365 4810 8960 
6776 2726 2728 2729 
6777 7063 5394 7064 
6778 1077 1081 7561 
6779 2486 4730 4731 
6780 1744 1914 2131 
6781 1256 1244 7600 
6782 5326 5325 5327 
6783 5855 5866 5887 
6784 1739 1742 1752 
6785 2281 2280 2410 
6786 1795 1798 7187 
6787 1595 1596 1597 
6788 4794 7246 10705 
6789 3034 3033 3035 
6790 5860 5861 5862 
6791 2398 2399 2400 
6792 6384 6383 6385 
6793 820 453 7678 
6794 1891 1870 1929 
6795 5906 5905 6415 
6796 5484 4121 7807 
6797 3199 3805 4048 
6798 1707 1708 1709 
6799 93 94 710 
6800 1060 1062 7592 
6801 3608 3610 8534 
6802 5983 9645 10239 
6803 4231 2537 7261 
6804 1746 1621 1747 
6805 2539 2540 4564 
6806 1921 1938 7628 
6807 6879 6878 8824 
6808 5879 5882 5883 
6809 5613 8722 8853 
6810 7757 3889 8606 
6811 7019 5613 9083 
6812 2022 2025 7586 
6813 4903 5231 6654 
6814 5876 5875 5877 
6815 2131 2132 2133 
6816 3817 4097 6200 
6817 2396 2398 4255 
6818 5871 5873 5874 
6819 1593 1594 1595 
6820 1060 7592 7593 
6821 1882 7021 9525 
6822 7238 4729 9385 
6823 8045 5051 8048 
6824 4562 4829 4830 
6825 1313 1314 1315 
6826 1215 1219 1220 
6827 4222 4220 4223 
6828 2531 2464 7445 
6829 2430 4514 7679 
6830 903 433 7611 
6831 7703 3610 7836 
6832 2146 2277 7605 
6833 7802 7803 7804 
6834 2489 2490 4377 
6835 5452 6823 6824 
6836 1802 1824 1877 
6837 5884 5878 5885 
6838 4866 5461 8717 
6839 5878 5877 5879 
6840 2375 2377 7832 
6841 6239 6404 6405 
6842 7624 1335 7626 
6843 6850 876 6851 
6844 2476 2477 4179 
6845 4686 5455 7024 
6846 8099 5352 10748 
6847 1311 1312 1313 
6848 6287 5885 7177 
6849 2133 2420 2421 
6850 4179 4180 5391 
6851 4089 3974 4090 
6852 2489 2299 2490 
6853 5288 5649 5650 
6854 4528 5521 7587 
6855 7386 7384 7387 
6856 1400 1362 7711 
6857 5905 5901 6369 
6858 1752 1753 1835 
6859 1073 8806 10043 
6860 1466 1465 1542 
6861 5519 5517 8494 
6862 1749 1648 1750 
6863 4589 6316 6504 
6864 6286 5885 6287 
6865 2394 2393 2395 
6866 2559 2402 7683 
6867 2783 2781 7775 
6868 1701 1702 1703 
6869 2383 2276 4141 
6870 1671 1669 2136 
6871 56 57 709 
6872 7296 3889 8891 
6873 902 505 7528 
6874 4560 4561 4562 
6875 1591 1592 1593 
6876 7452 902 7528 
6877 3061 3166 4710 
6878 7109 7110 7111 
6879 5677 6377 9313 
6880 1984 2000 7563 
6881 2000 2217 2541 
6882 5116 6564 6565 
6883 1633 1632 1678 
6884 5883 5882 5901 
6885 2331 2479 4334 
6886 1926 1875 7441 
6887 5835 5836 5837 
6888 5272 4785 6732 
6889 90 91 967 
6890 6372 5894 6373 
6891 7614 10296 10534 
6892 5886 5870 5904 
6893 5169 5282 6988 
6894 2153 2294 2431 
6895 2425 2256 2464 
6896 736 435 7562 
6897 5852 5855 7607 
6898 1823 1954 2147 
6899 1066 1068 1270 
6900 2147 2148 2331 
6901 2110 2108 8640 
6902 6111 7422 7423 
6903 5098 5095 6445 
6904 7549 7444 7741 
6905 4755 5960 6709 
6906 4558 4559 4560 
6907 6853 469 10730 
6908 1703 1704 1705 
6909 3869 4916 5973 
6910 5848 5850 5851 
6911 4596 4586 4597 
6912 4237 2349 7241 
6913 3790 3789 5164 
6914 4047 5114 8771 
6915 7569 7570 7571 
6916 6643 4762 7728 
6917 2438 2439 4175 
6918 8466 5577 8982 
6919 4407 2561 8656 
6920 4286 4583 5476 
6921 2733 2734 2735 
6922 5375 5376 5377 
6923 1325 1335 7624 
6924 1679 1678 1757 
6925 4594 2369 5175 
6926 9070 4860 9119 
6927 739 7006 9837 
6928 6683 4575 9082 
6929 1699 1700 1701 
6930 1817 1819 8478 
6931 1362 1360 7711 
6932 1620 1612 1621 
6933 5844 5846 5847 
6934 1262 6984 9509 
6935 59 60 966 
6936 5837 5838 5839 
6937 7571 7570 7572 
6938 4916 5566 7577 
6939 1493 1492 1496 
6940 1671 2136 4262 
6941 7061 8751 8834 
6942 4263 4785 4786 
6943 88 89 806 
6944 1589 1590 1591 
6945 2396 2395 2397 
6946 1936 2018 2019 
6947 2730 2732 2733 
6948 1402 1393 7432 
6949 4670 2624 5924 
6950 1077 1080 1081 
6951 2232 2562 2563 
6952 8578 4517 8579 
6953 5640 3622 8686 
6954 5075 6924 7014 
6955 5840 5842 5843 
6956 8410 9047 9127 
6957 5998 5567 6717 
6958 2256 1994 8601 
6959 61 62 803 
6960 2003 2172 2173 
6961 4422 6099 6747 
6962 2554 2555 2556 
6963 4286 5476 7670 
6964 2147 7430 7431 
6965 2318 2319 2438 
6966 7703 7836 8511 
6967 1697 1698 1699 
6968 65 707 8648 
6969 1393 1387 1395 
6970 4434 6117 8640 
6971 2280 2069 8658 
6972 63 64 961 
6973 65 66 707 
6974 5384 5385 5386 
6975 5420 6234 9907 
6976 7432 1395 7433 
6977 7083 2845 8847 
6978 5516 2655 5517 
6979 6574 6572 6575 
6980 86 87 963 
6981 4451 6479 7647 
6982 779 6942 9921 
6983 4175 4176 4409 
6984 5825 4782 5826 
6985 4579 4580 5200 
6986 2774 2776 7672 
6987 10294 8821 10325 
6988 3690 3151 7834 
6989 7342 7344 7345 
6990 7707 7708 7709 
6991 4902 6009 6010 
6992 806 89 8654 
6993 1525 1523 7304 
6994 6557 2227 10580 
6995 6922 3075 9244 
6996 1483 7333 8621 
6997 4892 5342 6701 
6998 2301 1988 7422 
6999 1939 7227 7718 
7000 5187 5186 5189 
7001 1309 1310 1311 
7002 6688 4682 10238 
7003 84 85 708 
7004 2439 2319 7164 
7005 2 433 903 
7006 1877 1878 1972 
7007 2497 1649 7409 
7008 1901 1900 9365 
7009 1984 7563 7673 
7010 5534 5537 7759 
7011 2445 2470 4566 
7012 7463 5843 7464 
7013 5382 5383 5384 
7014 5452 4378 6823 
7015 1938 2285 7628 
7016 1463 1462 1465 
7017 1160 1447 8543 
7018 4451 5533 6479 
7019 4856 4870 7826 
7020 5881 7742 9161 
7021 8594 10555 10741 
7022 1333 1329 2149 
7023 5146 5144 7835 
7024 4808 4807 5142 
7025 7319 7321 7322 
7026 1758 1757 1760 
7027 2626 2433 2627 
7028 2050 2048 2166 
7029 2173 2466 2467 
7030 2129 7510 7511 
7031 1587 1588 1589 
7032 3039 9496 10310 
7033 4422 4421 6099 
7034 1836 1750 1837 
7035 1829 1875 1925 
7036 66 67 8452 
7037 886 6992 6993 
7038 2116 1994 2256 
7039 6703 9305 9478 
7040 2398 2397 2399 
7041 7804 7803 7805 
7042 10131 7762 10158 
7043 1459 1541 2650 
7044 2354 7058 8914 
7045 4566 4913 6455 
7046 5973 4916 7577 
7047 2521 4421 4422 
7048 4050 4275 4276 
7049 2634 2635 2636 
7050 4856 4868 4869 
7051 2636 4650 5167 
7052 6395 6394 6396 
7053 2019 2020 2021 
7054 5811 5812 5813 
7055 1325 1327 1335 
7056 2400 2399 2401 
7057 1764 1655 7695 
7058 620 9969 10173 
7059 1617 1616 1632 
7060 7336 7337 7339 
7061 1667 1668 1828 
7062 158 159 9585 
7063 1075 1077 7561 
7064 6104 6105 6106 
7065 5200 6207 6208 
7066 904 7706 7707 
7067 5871 5872 5873 
7068 4618 6205 7204 
7069 2400 2401 2402 
7070 5945 7080 7580 
7071 5361 4155 8899 
7072 2300 2301 2445 
7073 6084 6085 9902 
7074 2518 2516 7930 
7075 4377 2490 4378 
7076 4276 5074 5075 
7077 7334 7335 7336 
7078 5732 8576 8596 
7079 5816 4137 8410 
7080 3266 3869 7560 
7081 6675 2168 10122 
7082 3819 3488 9179 
7083 3610 7703 8534 
7084 2421 4219 4220 
7085 9055 6906 10361 
7086 6029 6028 6394 
7087 2523 6137 6138 
7088 4804 2056 7362 
7089 1427 1429 8624 
7090 1083 1082 1084 
7091 7588 4423 7590 
7092 96 97 854 
7093 4149 5572 5734 
7094 2032 2035 7599 
7095 4514 5834 5835 
7096 2022 2024 2025 
7097 1799 1651 8515 
7098 4871 4873 4874 
7099 7458 2372 8612 
7100 2345 2348 8756 
7101 1695 1696 1697 
7102 3602 7856 8492 
7103 53 54 853 
7104 2055 2052 2056 
7105 4492 4491 4493 
7106 5359 5358 6571 
7107 5518 5517 5519 
7108 2413 2411 2432 
7109 1097 1095 2468 
7110 4612 6587 6588 
7111 6733 6732 6873 
7112 5360 4306 5567 
7113 1668 1619 7637 
7114 5898 7443 7444 
7115 4261 7536 7537 
7116 5620 7576 8606 
7117 3002 4050 7672 
7118 1081 1080 1082 
7119 1618 1619 1667 
7120 4915 8506 9773 
7121 1340 1442 2153 
7122 3893 3616 8638 
7123 6994 6992 8811 
7124 7414 5770 9118 
7125 2243 4734 7124 
7126 3078 3085 9008 
7127 1102 1099 1140 
7128 2417 2415 5156 
7129 2556 2557 2558 
7130 1140 1099 7578 
7131 2491 2624 4373 
7132 6333 6331 6795 
7133 4548 2423 5362 
7134 4263 2136 4784 
7135 1102 1305 7694 
7136 2026 2028 2029 
7137 3262 3264 7680 
7138 7643 5902 7644 
7139 7204 7205 7206 
7140 6154 5530 6155 
7141 1925 1926 2112 
7142 7623 7831 7912 
7143 2021 2022 7586 
7144 5537 6421 6581 
7145 5592 8089 9700 
7146 1493 1497 7640 
7147 1725 5598 6502 
7148 997 995 7780 
7149 8981 7320 9593 
7150 4514 5835 7679 
7151 1474 1475 1476 
7152 5232 5966 6961 
7153 1497 1496 1522 
7154 1884 1834 1885 
7155 4277 8125 8186 
7156 4314 1637 7361 
7157 4720 5138 5811 
7158 1833 1813 1834 
7159 5209 4257 5210 
7160 4634 6547 9739 
7161 4899 4903 8586 
7162 2117 2372 7458 
7163 2057 2056 2211 
7164 5926 4350 10129 
7165 7103 7667 7669 
7166 6967 1751 9058 
7167 5148 5152 5355 
7168 1575 1527 1669 
7169 6325 6326 10606 
7170 4795 2465 8601 
7171 3869 5973 7560 
7172 1529 1528 1546 
7173 1444 1512 7841 
7174 5660 7650 7856 
7175 3945 3280 7700 
7176 1585 1586 1587 
7177 2513 2407 2643 
7178 1062 1064 2144 
7179 6031 6032 6033 
7180 4490 4489 4491 
7181 7707 7706 7708 
7182 7650 5660 8373 
7183 1070 1072 2145 
7184 3750 3752 7713 
7185 2516 2520 7930 
7186 6098 4409 7689 
7187 7604 5317 7701 
7188 8837 7275 10025 
7189 2404 2403 2407 
7190 7280 5540 9628 
7191 8543 2180 8544 
7192 6099 7588 7589 
7193 2117 2340 2372 
7194 1395 1387 7546 
7195 4377 4378 5452 
7196 6146 4386 7631 
7197 1523 1522 1559 
7198 2776 3002 7672 
7199 1488 1485 8621 
7200 81 82 960 
7201 9529 2161 9617 
7202 4202 4237 5232 
7203 1647 1571 1648 
7204 2232 2563 8671 
7205 6787 7212 7213 
7206 1307 1308 1309 
7207 4051 3756 4052 
7208 3941 3999 4149 
7209 5324 4194 5325 
7210 6033 6034 6035 
7211 4303 2454 4306 
7212 5355 6256 6453 
7213 4547 5179 5180 
7214 6454 6407 10034 
7215 8628 5667 8665 
7216 2402 2401 2403 
7217 2332 2185 2333 
7218 2617 4557 4558 
7219 5185 5184 5186 
7220 6182 6183 6660 
7221 6035 6036 6340 
7222 1255 1256 1264 
7223 4743 4742 6070 
7224 2377 4428 7832 
7225 3044 7754 8242 
7226 2030 2028 7646 
7227 3044 7657 7754 
7228 7653 4920 8531 
7229 7727 4245 8634 
7230 7038 7037 7710 
7231 7294 7293 7295 
7232 1331 1336 2154 
7233 5519 9674 9808 
7234 2521 4115 4421 
7235 4710 7005 10044 
7236 5883 5905 5906 
7237 1693 1694 1695 
7238 7625 7624 7626 
7239 2402 2403 2404 
7240 5317 4661 7701 
7241 2131 1914 2132 
7242 7225 7712 8489 
7243 2299 2081 7712 
7244 1264 1265 1273 
7245 2400 2402 2559 
7246 7706 781 7708 
7247 5402 5257 5456 
7248 4488 4487 4489 
7249 8577 8578 8580 
7250 7418 5734 7419 
7251 1230 1126 8741 
7252 1243 1244 1255 
7253 1612 1610 8763 
7254 1305 1306 1307 
7255 1273 1274 1291 
7256 1291 1292 1421 
7257 1561 1562 9148 
7258 1001 999 7823 
7259 6287 7178 7179 
7260 4372 4686 7415 
7261 1321 1325 7624 
7262 1081 1082 1083 
7263 1670 1669 1671 
7264 791 7658 7663 
7265 3756 2772 8727 
7266 4146 4370 5489 
7267 51 52 974 
7268 7710 4642 8849 
7269 1685 1577 1686 
7270 7354 7353 7355 
7271 2468 1095 7603 
7272 9496 3039 9601 
7273 4385 2643 4386 
7274 2037 2036 2038 
7275 1536 1766 1767 
7276 3980 3815 8703 
7277 1583 1584 1585 
7278 2404 2407 2513 
7279 1767 2007 2008 
7280 4613 4614 5375 
7281 2488 2299 2489 
7282 1547 1546 1572 
7283 5096 5097 5278 
7284 5880 5897 5898 
7285 4782 2426 8658 
7286 5216 5217 6352 
7287 4708 5618 6799 
7288 5860 5853 5861 
7289 4065 7839 8477 
7290 4724 4725 6182 
7291 4149 7418 7645 
7292 5889 5888 5903 
7293 1517 1504 1518 
7294 1886 1885 1894 
7295 1915 2258 7693 
7296 3002 3964 4050 
7297 1812 1811 1813 
7298 1305 1140 1306 
7299 7705 6138 8533 
7300 98 99 976 
7301 1573 1572 1616 
7302 2612 4261 8610 
7303 1471 1516 1536 
7304 2191 1764 7695 
7305 3280 3282 7700 
7306 5876 5878 5884 
7307 2127 1165 8685 
7308 7665 7287 9267 
7309 1534 1467 1569 
7310 5251 5328 5958 
7311 1649 1744 7409 
7312 5322 5320 7145 
7313 4205 4410 6322 
7314 1519 1518 1528 
7315 1397 1396 1401 
7316 2032 2034 2035 
7317 7856 7650 8492 
7318 3652 3653 3655 
7319 4486 4485 4487 
7320 4421 4423 7588 
7321 4386 4703 6160 
7322 7314 7316 7317 
7323 4605 5123 7715 
7324 1311 1310 1312 
7325 5788 7885 8736 
7326 64 65 8648 
7327 2133 2421 7649 
7328 2091 2279 2616 
7329 3650 3651 3652 
7330 434 435 736 
7331 5898 5907 7443 
7332 6625 4885 6626 
7333 1370 1368 7809 
7334 1761 1760 1811 
7335 4182 3655 4912 
7336 1313 1312 1314 
7337 4636 6844 9299 
7338 3036 3035 3037 
7339 2024 2023 7682 
7340 3894 3750 7713 
7341 6218 4677 8428 
7342 1611 1610 1612 
7343 941 7738 8091 
7344 2285 2363 2521 
7345 6105 7457 7722 
7346 7654 3894 7713 
7347 1015 1202 7751 
7348 1320 1315 1323 
7349 5879 5881 5882 
7350 79 80 737 
7351 7103 7102 7104 
7352 2298 2081 2299 
7353 1917 1919 7743 
7354 2800 2797 7942 
7355 2047 2228 7312 
7356 4169 3724 4927 
7357 1638 1637 1639 
7358 6021 6018 6133 
7359 7573 6440 10343 
7360 1315 1314 1316 
7361 7754 5721 8242 
7362 1091 1089 1093 
7363 1077 1079 1080 
7364 2654 2653 4742 
7365 7118 6186 9953 
7366 2604 4390 4391 
7367 2077 2356 5647 
7368 1075 1076 1077 
7369 4922 4923 7735 
7370 4094 4092 4095 
7371 2509 2508 2653 
7372 6598 8087 10198 
7373 4959 7937 8540 
7374 1072 1074 1075 
7375 5458 4520 5459 
7376 5884 5885 6286 
7377 4385 6147 7770 
7378 1938 2150 2285 
7379 3214 4533 9408 
7380 89 90 8654 
7381 2513 2643 4385 
7382 4181 3655 4182 
7383 1070 1071 1072 
7384 4952 7676 7735 
7385 3652 3651 3653 
7386 4679 5765 6179 
7387 7735 4923 8278 
7388 1421 1435 1471 
7389 1068 1069 1070 
7390 441 442 7071 
7391 1609 1608 1610 
7392 3648 3649 3650 
7393 3653 3941 7645 
7394 2469 1488 8621 
7395 5311 7458 8612 
7396 1066 1067 1068 
7397 3050 3037 3051 
7398 2271 2601 2602 
7399 4508 4381 5257 
7400 7676 4922 7735 
7401 3650 3649 3651 
7402 3059 3051 3060 
7403 4330 4052 4783 
7404 1993 2260 2261 
7405 5957 4372 7415 
7406 4428 6030 6031 
7407 1307 1306 1308 
7408 4484 4483 4485 
7409 4903 6655 8586 
7410 1102 1140 1305 
7411 49 50 718 
7412 2184 1774 2185 
7413 7165 4795 8601 
7414 2029 2030 2031 
7415 5185 7271 7272 
7416 114 115 987 
7417 34 35 988 
7418 5663 4065 8479 
7419 4653 4182 4683 
7420 4211 4209 4212 
7421 2602 2603 2604 
7422 7661 7662 7664 
7423 4923 7753 8278 
7424 6927 5459 6929 
7425 5615 6354 8972 
7426 1631 1629 7086 
7427 2735 2736 2737 
7428 4366 4367 7758 
7429 4100 4095 6005 
7430 2031 2032 7599 
7431 1393 1395 7432 
7432 7101 2128 9088 
7433 4956 7159 7160 
7434 6397 6396 6398 
7435 1270 1068 7550 
7436 5887 5866 5888 
7437 2189 2633 2634 
7438 1366 1364 8318 
7439 1815 1816 1817 
7440 1503 1499 1504 
7441 4149 3999 5572 
7442 2507 2506 2508 
7443 7751 1202 7752 
7444 2103 1275 7051 
7445 2167 8671 8755 
7446 1064 1065 1066 
7447 5839 5840 7462 
7448 10447 5416 10809 
7449 5871 5864 5872 
7450 5537 6581 7759 
7451 1607 1606 1608 
7452 1213 1214 1215 
7453 2125 1256 7600 
7454 7127 1209 7135 
7455 3638 3639 7684 
7456 5661 7713 7714 
7457 4149 5734 7418 
7458 46 47 855 
7459 1643 1748 8504 
7460 1154 1231 1474 
7461 3234 3232 3236 
7462 2966 8241 8252 
7463 3941 4149 7645 
7464 3651 3649 7838 
7465 5963 4369 5964 
7466 6113 7567 7629 
7467 5318 5317 5667 
7468 1574 1575 8623 
7469 1468 1931 8895 
7470 8576 7714 8596 
7471 112 113 856 
7472 5141 6172 6173 
7473 36 37 857 
7474 1494 1490 1495 
7475 7259 7257 7310 
7476 1740 1724 8726 
7477 5516 5517 5518 
7478 1819 1955 1956 
7479 924 7725 9470 
7480 7467 7465 7468 
7481 4385 4386 6146 
7482 5159 5168 5169 
7483 1762 1734 8722 
7484 1575 1669 1670 
7485 6138 6137 6440 
7486 5885 5878 7503 
7487 2144 1064 7548 
7488 4222 5095 5098 
7489 6112 5102 6113 
7490 2073 1874 4208 
7491 2133 2132 2420 
7492 805 507 8901 
7493 904 430 7706 
7494 2046 2033 6860 
7495 1170 1136 8674 
7496 5887 5889 7688 
7497 1309 1308 1310 
7498 5415 4683 6722 
7499 4618 4617 4619 
7500 5749 7880 8456 
7501 5862 5861 5865 
7502 1817 1818 1819 
7503 1360 1358 8354 
7504 1615 1692 1693 
7505 102 103 980 
7506 5851 5850 5852 
7507 5863 5870 5886 
7508 995 993 6237 
7509 107 108 984 
7510 6143 4783 6435 
7511 109 110 809 
7512 1089 1087 7824 
7513 2614 4403 5181 
7514 68 69 964 
7515 7880 5663 8557 
7516 4065 8477 8479 
7517 39 40 808 
7518 4923 5737 7753 
7519 100 101 723 
7520 2505 2503 2506 
7521 1318 1321 2160 
7522 2513 4385 7770 
7523 2040 2041 2042 
7524 7345 7344 7346 
7525 41 42 985 
7526 5917 9679 10584 
7527 5847 5846 5848 
7528 5241 5242 5243 
7529 4482 4481 4483 
7530 5139 5140 5141 
7531 3255 7558 10031 
7532 2114 1974 7508 
7533 5498 7764 8574 
7534 1015 1013 1202 
7535 7711 1360 8354 
7536 2206 4310 5241 
7537 6283 1926 7441 
7538 105 106 759 
7539 2797 2795 7942 
7540 5843 5842 5844 
7541 5101 4134 5102 
7542 1941 1832 1942 
7543 1060 1061 1062 
7544 4841 4839 8928 
7545 1933 2130 4153 
7546 7107 7106 7108 
7547 7741 7444 7742 
7548 5814 4381 7696 
7549 1919 1921 2004 
7550 1062 1063 1064 
7551 7959 4004 7966 
7552 43 44 740 
7553 3982 3290 6954 
7554 3894 7654 7937 
7555 5194 5196 6584 
7556 1963 1973 5172 
7557 2204 2205 2206 
7558 5316 5317 5318 
7559 3654 3651 7838 
7560 5661 7714 8125 
7561 3724 2786 7775 
7562 4645 6527 7719 
7563 2737 2738 2740 
7564 2421 2420 4219 
7565 2238 7502 9105 
7566 4195 4818 7723 
7567 5925 5308 9288 
7568 1423 8525 8526 
7569 6025 843 9150 
7570 3159 3773 3774 
7571 5873 5880 7549 
7572 1551 1643 1644 
7573 7657 3044 8252 
7574 6117 6102 6336 
7575 316 317 7825 
7576 1524 1557 2164 
7577 6865 6864 9587 
7578 5120 8542 8619 
7579 5123 5124 5953 
7580 7567 5102 7930 
7581 6113 5102 7567 
7582 76 77 970 
7583 7753 5737 7779 
7584 7713 3752 7714 
7585 1302 7392 8760 
7586 7712 2081 8489 
7587 6661 5386 9480 
7588 4159 2503 7505 
7589 6660 980 10495 
7590 4348 4738 10129 
7591 5316 4661 5317 
7592 4751 4750 6039 
7593 1769 1686 1770 
7594 6090 6091 9838 
7595 5921 9084 10715 
7596 5169 5170 5280 
7597 2266 7034 9177 
7598 4920 2649 8531 
7599 6805 2613 9685 
7600 4679 6179 7763 
7601 4261 7538 8610 
7602 2048 2047 7312 
7603 4372 4212 4686 
7604 2064 2063 2290 
7605 5873 5872 5880 
7606 4594 5175 5314 
7607 7812 7934 8423 
7608 4367 4603 7758 
7609 6372 6373 6374 
7610 4246 4708 8635 
7611 7736 6437 7737 
7612 1829 1925 8643 
7613 1100 1104 8380 
7614 6939 5839 7462 
7615 3905 4080 4915 
7616 1356 1354 8321 
7617 6252 4237 7241 
7618 4222 5098 7649 
7619 1506 1550 1551 
7620 1464 1533 4819 
7621 5148 5355 7716 
7622 6099 4421 7588 
7623 4346 4349 7186 
7624 7676 4952 7966 
7625 732 8919 10072 
7626 2804 3041 7761 
7627 5886 5904 6362 
7628 4749 4748 4750 
7629 4135 5816 8603 
7630 4386 2643 4703 
7631 2145 1072 7564 
7632 1498 1495 1499 
7633 2338 2337 2339 
7634 3808 3809 3961 
7635 4838 4840 7266 
7636 1392 1390 1396 
7637 1501 1505 1506 
7638 3896 7729 8467 
7639 2576 2584 7777 
7640 4659 4658 4748 
7641 5098 6445 6787 
7642 4897 4896 7748 
7643 1385 1382 1389 
7644 1324 1323 1329 
7645 2071 1924 2072 
7646 6169 2431 6170 
7647 6243 5569 6244 
7648 6301 5143 7608 
7649 2078 1895 2081 
7650 8125 5015 8186 
7651 4277 5661 8125 
7652 429 904 7768 
7653 2146 2027 2159 
7654 1936 2019 8647 
7655 2315 2015 8725 
7656 2042 2043 2044 
7657 807 7820 7821 
7658 6304 9027 10795 
7659 1208 1212 1213 
7660 6028 6025 9150 
7661 4421 4115 4423 
7662 5308 4099 5309 
7663 2571 2569 2574 
7664 7477 3303 8672 
7665 6495 6496 6497 
7666 1116 1242 7813 
7667 3247 3249 8516 
7668 7245 7112 7246 
7669 6113 7629 7630 
7670 999 997 2254 
7671 1313 1315 1320 
7672 807 7821 7822 
7673 2180 1449 9048 
7674 4047 4588 5114 
7675 1693 2379 7286 
7676 2107 2105 5129 
7677 7687 3690 8984 
7678 7880 3675 8456 
7679 6147 6146 6718 
7680 6810 4203 8675 
7681 7578 7579 7612 
7682 7572 7574 7575 
7683 4916 4917 5566 
7684 7885 3486 8736 
7685 3916 3917 3918 
7686 3956 3298 7756 
7687 8655 4913 10378 
7688 1423 1112 8525 
7689 7101 4782 8658 
7690 1195 1198 1199 
7691 4603 4605 7715 
7692 2294 4205 7627 
7693 4340 1396 7478 
7694 4073 4075 4567 
7695 3648 3647 3649 
7696 7620 3893 8638 
7697 3869 3878 4916 
7698 5101 5102 6112 
7699 1308 1306 1808 
7700 1659 1870 1891 
7701 4000 4440 7699 
7702 9117 766 9328 
7703 5898 5897 5907 
7704 4480 4479 4481 
7705 7898 7909 8507 
7706 8505 8844 8908 
7707 4217 2439 7164 
7708 3282 3905 7700 
7709 3642 3643 3644 
7710 4145 4451 7647 
7711 461 872 10472 
7712 1943 1944 1945 
7713 7089 7361 7615 
7714 7764 3483 8574 
7715 1835 1753 8751 
7716 1605 1604 1606 
7717 5875 5873 7549 
7718 807 318 7820 
7719 1923 1894 1924 
7720 1455 1500 1501 
7721 4174 2273 4431 
7722 5837 6938 9036 
7723 7572 7570 7574 
7724 4739 6437 7736 
7725 2298 2299 2488 
7726 5143 5142 7608 
7727 1379 1376 2429 
7728 4777 4778 4779 
7729 4428 6031 7832 
7730 7024 5455 7025 
7731 4181 4182 4653 
7732 4197 4198 4716 
7733 2078 2081 2298 
7734 2576 2573 2584 
7735 6424 5557 9361 
7736 7937 4957 7973 
7737 8415 5640 8686 
7738 2348 2496 4613 
7739 5980 9395 9994 
7740 4603 7715 7758 
7741 953 6464 6465 
7742 4039 7800 7812 
7743 8553 3814 8555 
7744 4657 4656 4658 
7745 2802 2804 7761 
7746 7747 8553 8555 
7747 1451 1677 9048 
7748 2303 2079 7755 
7749 2017 1935 2151 
7750 3961 3962 4526 
7751 3648 3650 4226 
7752 1056 1059 1060 
7753 2035 2036 2037 
7754 4134 2518 7930 
7755 5959 4754 6004 
7756 4643 6484 9258 
7757 5659 8511 8604 
7758 2421 4222 7649 
7759 5663 8479 8557 
7760 6513 6509 9063 
7761 4371 4546 4547 
7762 1429 1432 8624 
7763 1192 1194 1195 
7764 2404 2513 2589 
7765 7800 4039 7866 
7766 4201 4926 5589 
7767 3652 3655 4181 
7768 4775 4776 4777 
7769 1451 1454 1455 
7770 8844 5623 8908 
7771 4915 9773 9799 
7772 5624 5143 6301 
7773 908 316 7825 
7774 4644 6448 8831 
7775 2595 2096 4381 
7776 1380 7809 7810 
7777 5660 3608 8534 
7778 7885 5794 8762 
7779 431 781 7706 
7780 1350 1348 1457 
7781 3298 3300 7756 
7782 9788 890 10170 
7783 7874 3896 8467 
7784 1919 2004 7743 
7785 1803 1770 1804 
7786 3630 3631 7740 
7787 2233 6715 9887 
7788 4661 3979 7701 
7789 1670 1671 1672 
7790 2533 2109 2534 
7791 1967 1905 2002 
7792 1897 1804 1905 
7793 2059 2057 8505 
7794 1419 1405 8568 
7795 1640 1657 1658 
7796 6166 7849 8473 
7797 3905 4915 7700 
7798 1636 1549 1637 
7799 4605 4607 5123 
7800 8068 749 8069 
7801 1372 1370 1380 
7802 431 432 781 
7803 4515 2021 7586 
7804 7934 7812 7963 
7805 3653 3654 3941 
7806 7697 751 7698 
7807 7109 7108 7110 
7808 4645 3719 6527 
7809 3644 3643 3645 
7810 2568 5116 7618 
7811 3642 3644 3880 
7812 7507 2831 8650 
7813 4145 2380 4451 
7814 6111 2301 7422 
7815 2520 2237 7782 
7816 4773 4774 4775 
7817 1204 1207 1208 
7818 5047 5091 7871 
7819 1707 1705 1708 
7820 6529 4645 7719 
7821 6743 6410 6744 
7822 4195 4196 4197 
7823 4050 3964 4275 
7824 4346 4348 4349 
7825 1368 1366 2162 
7826 6160 4703 6883 
7827 1823 1801 1954 
7828 4291 5047 7871 
7829 3645 3647 3648 
7830 3044 2966 8252 
7831 2814 2811 7929 
7832 4153 4154 5493 
7833 2025 8852 8969 
7834 2658 2367 4522 
7835 2284 2647 5139 
7836 4039 7812 8423 
7837 2277 2159 2380 
7838 7813 1242 7814 
7839 2410 4577 7397 
7840 5392 5391 6662 
7841 6385 7054 8880 
7842 4259 5562 5760 
7843 7263 787 8529 
7844 6172 6304 10704 
7845 1873 2087 7704 
7846 2344 2264 2640 
7847 1369 1373 9384 
7848 8241 5024 8252 
7849 7469 7470 7760 
7850 4653 4683 5415 
7851 1945 2117 7458 
7852 6639 8026 10766 
7853 1358 1356 1510 
7854 1190 1191 1192 
7855 7231 4740 7232 
7856 7231 7232 7638 
7857 1086 2523 7705 
7858 318 319 7820 
7859 5469 6541 7062 
7860 7569 7571 7573 
7861 1751 6870 8679 
7862 7044 5484 7807 
7863 4655 4654 4656 
7864 3896 3602 8492 
7865 1449 1450 1451 
7866 3260 3262 3491 
7867 5363 5291 5364 
7868 1085 1084 1087 
7869 3777 4327 7773 
7870 6933 6444 9291 
7871 2580 2578 4274 
7872 1186 1187 1188 
7873 2565 2564 2566 
7874 5859 5860 8659 
7875 1545 1581 1583 
7876 3207 3214 8613 
7877 5301 5477 5478 
7878 2061 2059 2063 
7879 4004 4958 7966 
7880 1199 1203 1204 
7881 7808 3632 8433 
7882 1330 1329 1333 
7883 4952 7959 7966 
7884 5122 4373 6109 
7885 5152 5146 7835 
7886 3332 8776 8788 
7887 3636 3637 3638 
7888 5839 5838 5840 
7889 6885 6887 7655 
7890 7512 5200 9269 
7891 5876 5884 8599 
7892 5969 5968 6754 
7893 1461 1418 1462 
7894 3624 3625 7757 
7895 5668 7779 7806 
7896 3639 3641 3642 
7897 2567 2566 2568 
7898 5315 4661 5316 
7899 1674 1672 1687 
7900 7178 7177 9312 
7901 1104 1106 2163 
7902 317 807 7825 
7903 2521 2363 4115 
7904 5522 4169 6413 
7905 2541 2217 7648 
7906 2640 9759 10174 
7907 7886 3767 8464 
7908 3685 7934 7963 
7909 7853 7852 8372 
7910 4835 3090 4836 
7911 7903 7926 8358 
7912 1744 1745 1914 
7913 1003 1001 1642 
7914 2153 1442 2294 
7915 3237 3236 3238 
7916 6067 6068 7872 
7917 8930 7315 9669 
7918 2641 2376 8617 
7919 5125 7853 8372 
7920 3041 4259 7761 
7921 4276 4275 5074 
7922 7701 3718 8501 
7923 6067 7872 7886 
7924 4805 4807 4808 
7925 1715 1713 1728 
7926 1354 1352 2165 
7927 5605 5607 6473 
7928 1380 1370 7809 
7929 428 429 7768 
7930 4135 4137 5816 
7931 5668 7753 7779 
7932 4649 4648 4654 
7933 5321 5320 5322 
7934 2141 2140 2373 
7935 1316 1317 1318 
7936 1971 1309 7641 
7937 37 38 8704 
7938 3040 4798 6816 
7939 1888 2093 2204 
7940 1364 1362 1400 
7941 5082 7808 8433 
7942 2811 2809 7929 
7943 2154 1336 7249 
7944 4837 4836 4838 
7945 7612 7579 7613 
7946 7749 7482 7750 
7947 8762 5794 8776 
7948 7761 5760 8566 
7949 6247 7872 7873 
7950 2715 6521 10807 
7951 5075 5074 6924 
7952 2589 2513 7770 
7953 2254 997 7780 
7954 2611 2582 4757 
7955 2290 2063 8908 
7956 5673 7916 7955 
7957 4944 4941 7938 
7958 2481 1762 2482 
7959 7889 7923 8460 
7960 5518 5519 5520 
7961 7926 3604 8358 
7962 3266 3268 3869 
7963 4771 4772 4773 
7964 1188 1189 1190 
7965 2475 2474 2476 
7966 7779 3053 7806 
7967 4743 6070 8594 
7968 70 71 738 
7969 1741 1738 1904 
7970 7849 3801 8473 
7971 1023 1021 1094 
7972 2580 4274 7911 
7973 5837 5836 5838 
7974 3719 2800 7942 
7975 7966 4958 8499 
7976 2818 3043 7837 
7977 3239 3241 5159 
7978 3912 4077 4937 
7979 1156 4906 8738 
7980 749 427 7769 
7981 5835 5834 5836 
7982 5814 7696 9109 
7983 2374 2373 4227 
7984 3642 3641 3643 
7985 304 905 7772 
7986 4843 4842 4845 
7987 5901 5882 5902 
7988 7958 8497 8573 
7989 7030 2775 9061 
7990 5667 5317 7604 
7991 3639 3642 7684 
7992 7641 1311 8663 
7993 5879 5877 5881 
7994 7903 3859 7923 
7995 1952 1764 2191 
7996 2644 2611 7621 
7997 7139 7137 7140 
7998 2460 2649 4581 
7999 4630 8436 10683 
8000 3905 3924 4080 
8001 2473 1835 2474 
8002 2485 2484 2486 
8003 4965 6343 8552 
8004 2236 2079 2303 
8005 1447 1448 1449 
8006 3634 3635 3636 
8007 1510 1356 8321 
8008 3634 3636 5577 
8009 429 430 904 
8010 4259 5760 7761 
8011 7806 5673 7955 
8012 4478 4477 4479 
8013 3053 7779 8421 
8014 1915 1917 2258 
8015 9864 5559 9933 
8016 10105 6175 10622 
8017 7042 5484 7043 
8018 7754 4959 8540 
8019 3894 7937 7973 
8020 4168 3724 4169 
8021 4959 4957 7937 
8022 1334 1333 1387 
8023 5096 4223 5097 
8024 4058 4063 7879 
8025 3245 3247 3720 
8026 4690 4523 7262 
8027 8154 5732 8596 
8028 7111 7110 7112 
8029 4137 4419 8410 
8030 5319 5318 5320 
8031 7793 3685 7963 
8032 4523 6323 7262 
8033 861 7815 7816 
8034 4660 3979 4661 
8035 7909 3772 8507 
8036 319 7818 7820 
8037 428 7768 7769 
8038 4892 4165 5342 
8039 5277 6221 6222 
8040 3053 5673 7806 
8041 1570 1569 1571 
8042 1721 1719 1737 
8043 7177 5885 7503 
8044 2483 2482 2484 
8045 7779 5737 8421 
8046 2285 2150 2363 
8047 1649 1650 1744 
8048 5566 6408 6409 
8049 2236 2303 2460 
8050 3245 3720 8823 
8051 3300 3912 7756 
8052 3859 7903 8358 
8053 1525 7304 8715 
8054 1432 1444 2181 
8055 4942 7791 7792 
8056 707 66 8452 
8057 4226 3650 8528 
8058 6545 6544 6546 
8059 7339 7337 7340 
8060 7937 7654 8540 
8061 2424 2244 7686 
8062 5968 4581 7736 
8063 319 320 7818 
8064 1168 1167 1169 
8065 2040 2042 7739 
8066 4080 4634 8506 
8067 7784 3851 7790 
8068 6330 4631 6953 
8069 2816 2818 7837 
8070 3312 3314 7776 
8071 1344 1342 2158 
8072 4377 5452 5453 
8073 4419 5349 5395 
8074 2741 2743 5104 
8075 3628 3629 3630 
8076 6174 7523 10622 
8077 3850 3851 7784 
8078 2411 2410 7397 
8079 4581 4739 7736 
8080 7065 5954 10280 
8081 2644 7621 7848 
8082 4769 4770 4771 
8083 5779 5136 8667 
8084 4640 4639 4648 
8085 1729 1726 1810 
8086 4902 4900 6009 
8087 5749 7879 7880 
8088 1388 1387 1393 
8089 3941 3942 3999 
8090 1688 1687 1895 
8091 1642 1001 7823 
8092 6522 4830 7421 
8093 2162 1366 8318 
8094 4080 4157 4634 
8095 4063 5663 7879 
8096 4500 4151 10747 
8097 1952 2191 8475 
8098 1896 2078 2079 
8099 8898 7148 10005 
8100 3370 7781 8420 
8101 1116 1118 1242 
8102 861 321 7815 
8103 1688 1895 1896 
8104 3141 3152 3153 
8105 3638 3637 3639 
8106 1559 1560 1649 
8107 306 864 7827 
8108 3616 3617 7811 
8109 4567 4568 5473 
8110 4268 6038 9415 
8111 3170 3173 3174 
8112 7729 3896 8492 
8113 3628 3630 3889 
8114 898 5 6919 
8115 2003 2002 2172 
8116 5735 5668 7806 
8117 1909 1799 8515 
8118 3636 3635 3637 
8119 7424 4565 7425 
8120 430 431 7706 
8121 1925 2174 8643 
8122 4928 4581 5968 
8123 6067 7886 8464 
8124 5768 4564 7424 
8125 3278 3280 3945 
8126 4638 4637 4639 
8127 3912 4937 7756 
8128 2331 2148 2479 
8129 2563 2562 2564 
8130 2044 2047 2048 
8131 4927 3724 7775 
8132 3282 3284 3905 
8133 4272 5620 5755 
8134 3098 3099 7851 
8135 2828 2825 7948 
8136 6567 3704 6569 
8137 4406 7293 7294 
8138 7764 5764 8631 
8139 324 325 990 
8140 3487 3870 8459 
8141 7852 3988 8372 
8142 2079 2078 7755 
8143 1674 1687 1688 
8144 3134 3135 7833 
8145 302 303 989 
8146 6760 810 10071 
8147 201 778 8063 
8148 200 201 8063 
8149 989 303 7772 
8150 4830 4832 7421 
8151 1394 1393 1402 
8152 4874 5298 5299 
8153 4579 2528 4580 
8154 2019 2495 8647 
8155 3979 3718 7701 
8156 2039 2038 2040 
8157 4476 4475 4477 
8158 4465 4463 7401 
8159 7538 7537 7539 
8160 6073 4944 7938 
8161 1048 1051 1627 
8162 2436 4140 4699 
8163 7765 5081 7766 
8164 3625 3627 3628 
8165 3016 2772 3756 
8166 2147 1954 2148 
8167 3765 3767 7854 
8168 5735 7806 7955 
8169 8373 5660 8534 
8170 1603 1602 1604 
8171 3622 3623 3624 
8172 8600 7910 8630 
8173 7791 4942 7922 
8174 1896 1895 2078 
8175 1180 1181 1182 
8176 8760 7391 9128 
8177 3652 4181 8528 
8178 3631 3633 3634 
8179 3685 7793 7876 
8180 3681 3677 7876 
8181 2642 2641 4503 
8182 4147 5746 7839 
8183 4036 8457 8512 
8184 1709 1708 1725 
8185 4941 4942 7938 
8186 3631 3634 7740 
8187 7854 3767 7886 
8188 7913 3618 8398 
8189 3751 3814 8598 
8190 7922 4940 7957 
8191 1166 1165 1167 
8192 4291 7871 8426 
8193 4767 4768 4769 
8194 3043 4272 7837 
8195 4385 6146 6147 
8196 5067 7913 8398 
8197 195 196 741 
8198 7680 6143 10702 
8199 2825 2823 7948 
8200 7845 5645 7941 
8201 3909 4071 4072 
8202 7839 5746 7840 
8203 5281 5313 5469 
8204 3912 3937 4077 
8205 5084 5986 7808 
8206 4634 4814 6547 
8207 4739 6436 6437 
8208 4259 5561 5562 
8209 7923 3859 8460 
8210 905 7827 7828 
8211 5224 9070 9119 
8212 6429 5230 7801 
8213 3704 2814 7929 
8214 3055 3056 7864 
8215 7334 1491 7335 
8216 5082 5084 7808 
8217 2049 2051 8637 
8218 4675 6593 7842 
8219 2621 2619 8577 
8220 7502 1858 9558 
8221 4368 4134 5101 
8222 1403 1402 2491 
8223 2460 2303 2649 
8224 5500 5764 7764 
8225 4064 4147 7839 
8226 3665 3663 7866 
8227 5498 5500 7764 
8228 3493 7916 8348 
8229 7837 5755 8498 
8230 7269 1975 8812 
8231 4611 4610 4637 
8232 7916 5673 8348 
8233 2832 3049 7887 
8234 3630 3629 3631 
8235 1088 1087 1089 
8236 4935 7874 8467 
8237 7653 8531 8538 
8238 4958 7657 8499 
8239 4058 4062 4063 
8240 4035 7883 7884 
8241 4443 5818 6093 
8242 3614 3893 7836 
8243 7798 7800 8562 
8244 7808 5986 8519 
8245 3680 3688 7927 
8246 2535 2534 2536 
8247 6626 4885 8657 
8248 4454 3990 4569 
8249 9475 10042 10400 
8250 3620 3622 5640 
8251 2623 5216 9075 
8252 4035 7884 8311 
8253 322 906 7815 
8254 4042 4058 7879 
8255 3816 3981 8393 
8256 5645 4224 7941 
8257 4035 5680 7883 
8258 4846 4845 4847 
8259 807 7822 7825 
8260 3620 3621 3622 
8261 4039 3665 7866 
8262 2749 3757 8720 
8263 3953 3326 7867 
8264 5084 5985 5986 
8265 4077 4171 4666 
8266 4272 5755 7837 
8267 4063 4062 4064 
8268 3628 3627 3629 
8269 5738 7888 8427 
8270 3625 3628 7757 
8271 4935 3592 7874 
8272 1098 1100 8380 
8273 3306 3304 8384 
8274 1104 2163 8380 
8275 322 323 906 
8276 4942 7792 7938 
8277 1009 1007 1420 
8278 4215 3719 4645 
8279 4581 2649 4739 
8280 5500 5502 5764 
8281 3230 3228 4687 
8282 4564 4565 7424 
8283 6701 5342 6702 
8284 3766 3765 8324 
8285 3296 3298 3956 
8286 4419 5395 8410 
8287 7781 5586 8420 
8288 3677 3685 7876 
8289 3346 7882 8323 
8290 905 305 7827 
8291 3765 7854 8324 
8292 3314 3909 7776 
8293 3041 4258 4259 
8294 3634 3633 3635 
8295 3870 4353 8459 
8296 7077 4231 7261 
8297 7857 780 7859 
8298 3775 7922 7957 
8299 4147 5204 5745 
8300 5746 5745 6248 
8301 3300 3302 3912 
8302 3990 3850 7784 
8303 8384 8527 8561 
8304 7729 7730 8467 
8305 4964 4961 7969 
8306 3989 3988 7852 
8307 1970 2098 2455 
8308 1307 1309 1971 
8309 5542 4645 6529 
8310 4942 4940 7922 
8311 4962 7905 7907 
8312 2830 2832 7887 
8313 3110 3098 7851 
8314 3249 3251 3808 
8315 4928 5969 8523 
8316 3624 3623 3625 
8317 4229 1972 7059 
8318 313 780 7857 
8319 4064 4066 4147 
8320 3614 3615 3616 
8321 4065 4064 7839 
8322 4113 5135 7881 
8323 3326 3328 7867 
8324 780 314 7862 
8325 7882 7935 8323 
8326 4699 4700 4765 
8327 861 7816 7817 
8328 7786 7785 7787 
8329 5206 6622 6623 
8330 3721 3681 7876 
8331 4063 4064 4065 
8332 4040 4042 5749 
8333 725 493 9429 
8334 3602 3603 7856 
8335 3318 8666 8682 
8336 5517 7583 8494 
8337 4928 5968 5969 
8338 5091 5087 7868 
8339 4058 4061 4062 
8340 2407 2403 2408 
8341 3909 4072 7776 
8342 4569 7784 7785 
8343 7888 3601 8427 
8344 3649 3647 7773 
8345 304 305 905 
8346 7879 5663 7880 
8347 3614 3616 3893 
8348 5790 5794 7885 
8349 2993 3494 7877 
8350 3850 3162 3851 
8351 3162 3134 7833 
8352 4675 3689 6593 
8353 4666 4904 6672 
8354 1318 1319 1321 
8355 4569 7785 7786 
8356 306 307 864 
8357 7883 5680 7962 
8358 3645 3646 3647 
8359 3066 3055 7864 
8360 4960 7978 8226 
8361 3676 3680 7927 
8362 4289 7861 7975 
8363 6578 4675 7842 
8364 3611 3614 7836 
8365 4569 3990 7784 
8366 3622 3621 3623 
8367 912 7534 10797 
8368 2460 4581 4928 
8369 2516 2237 2520 
8370 4504 4503 6174 
8371 853 6800 10409 
8372 4279 5659 5744 
8373 907 7857 7858 
8374 2558 2661 2662 
8375 5272 6733 9146 
8376 5424 5132 7875 
8377 5102 4134 7930 
8378 320 861 7818 
8379 7955 4014 8419 
8380 4147 5745 5746 
8381 7850 3110 7851 
8382 3977 4938 7962 
8383 7872 6068 7873 
8384 7858 7859 7860 
8385 3611 3613 3614 
8386 4408 4407 5293 
8387 198 199 832 
8388 4292 7975 8208 
8389 7679 5835 9036 
8390 7975 7861 8208 
8391 4933 7795 7910 
8392 320 321 861 
8393 3538 7979 8350 
8394 3617 3619 3620 
8395 6738 775 10516 
8396 7863 3066 7864 
8397 3909 3936 4071 
8398 8542 4107 8619 
8399 4122 3827 5100 
8400 3134 3118 3135 
8401 3592 3594 7874 
8402 5775 4360 7881 
8403 4292 7878 7979 
8404 7798 8562 8572 
8405 4739 2649 4920 
8406 7916 4014 7955 
8407 7878 4292 8208 
8408 7867 4930 8429 
8409 3617 3620 7811 
8410 4036 3584 7914 
8411 3610 3611 7836 
8412 6166 6167 7849 
8413 8405 3370 8420 
8414 3308 3310 3578 
8415 7922 3775 8279 
8416 2623 5199 5216 
8417 303 304 7772 
8418 4272 5619 5620 
8419 7904 3858 7985 
8420 426 749 8068 
8421 425 426 8068 
8422 3775 7925 8279 
8423 3661 3679 7908 
8424 3118 3110 7850 
8425 4147 4066 5204 
8426 4360 4113 7881 
8427 2985 2983 8387 
8428 3934 3771 3935 
8429 1178 1179 1180 
8430 3608 3609 3610 
8431 5022 8297 8325 
8432 3049 4279 7887 
8433 3851 3162 7833 
8434 3992 3577 7935 
8435 3858 3740 7985 
8436 4765 4766 4767 
8437 3689 2828 7948 
8438 4064 4062 4066 
8439 4042 4057 4058 
8440 3891 4059 4930 
8441 3981 4430 8393 
8442 3863 3766 8324 
8443 4224 3996 7941 
8444 5135 5136 5779 
8445 4932 4933 7910 
8446 4059 4647 7855 
8447 5922 5230 6429 
8448 3071 3066 7863 
8449 5788 5790 7885 
8450 3835 5482 8371 
8451 7872 5948 7886 
8452 5221 3704 6567 
8453 3984 4291 8426 
8454 2615 4242 4762 
8455 6322 4410 7762 
8456 8 75 704 
8457 4955 7943 7944 
8458 3584 3586 7914 
8459 7979 7878 8350 
8460 5135 4112 5136 
8461 7858 7857 7859 
8462 3729 3775 7957 
8463 2974 2971 7945 
8464 3098 3071 3099 
8465 5683 7882 8401 
8466 5749 4042 7879 
8467 3606 3607 3608 
8468 4962 7907 7969 
8469 6344 4964 7969 
8470 4932 4931 4933 
8471 305 306 7827 
8472 5112 8396 8402 
8473 3904 3721 4931 
8474 907 312 7857 
8475 7905 4962 8226 
8476 4930 4059 7855 
8477 7796 7797 7798 
8478 3606 3608 5660 
8479 5774 4360 5775 
8480 7863 7864 7865 
8481 7887 5744 8444 
8482 7977 3898 8345 
8483 7687 5076 9214 
8484 4071 4173 4667 
8485 3616 3615 3617 
8486 2969 7943 7945 
8487 4933 7793 7794 
8488 309 310 810 
8489 315 908 7862 
8490 7730 8457 8467 
8491 7894 7903 7923 
8492 3946 3340 7919 
8493 2969 2968 7943 
8494 2999 2993 7877 
8495 321 322 7815 
8496 7965 4301 8359 
8497 3688 4040 7927 
8498 3135 3118 7850 
8499 4961 4962 7969 
8500 5067 5069 7913 
8501 7935 3577 8323 
8502 7861 4289 8297 
8503 5131 4224 5645 
8504 3740 7924 7985 
8505 7795 7794 7796 
8506 5069 6165 6166 
8507 4112 3989 7852 
8508 7950 3902 8367 
8509 3614 3613 3615 
8510 3314 3316 3909 
8511 7781 3370 8442 
8512 5087 5089 7868 
8513 5790 5792 5794 
8514 3043 4271 4272 
8515 3328 3891 7867 
8516 4279 5744 7887 
8517 4538 6271 6907 
8518 317 318 807 
8519 4113 4112 5135 
8520 4040 4041 4042 
8521 3099 3071 7863 
8522 7785 7784 7790 
8523 7978 3858 8226 
8524 5131 5645 6211 
8525 6589 2437 10240 
8526 4962 4960 8226 
8527 5721 7754 8540 
8528 3634 5577 7740 
8529 7798 7797 7800 
8530 311 312 907 
8531 4739 4920 6436 
8532 3657 4014 7916 
8533 3904 4931 4932 
8534 5683 8405 8420 
8535 7917 3902 7950 
8536 3898 7921 8345 
8537 5948 7854 7886 
8538 5727 7950 8367 
8539 4353 4702 5158 
8540 7932 5937 8314 
8541 3620 3619 3621 
8542 3599 3600 3602 
8543 3810 3690 7687 
8544 315 316 908 
8545 7903 7896 7926 
8546 3659 3661 7908 
8547 427 428 7769 
8548 3664 7971 8395 
8549 3056 2999 7877 
8550 2984 3493 8348 
8551 5136 7852 7853 
8552 7812 7797 7963 
8553 4933 4931 7793 
8554 3340 3342 7919 
8555 7971 5736 8395 
8556 7797 7794 7963 
8557 4714 4715 6719 
8558 4938 7883 7962 
8559 3610 3609 3611 
8560 7796 7794 7797 
8561 3476 3475 7920 
8562 3055 2999 3056 
8563 5089 6501 7868 
8564 4474 4473 4475 
8565 5089 5573 6501 
8566 4714 3997 4715 
8567 4933 7794 7795 
8568 2402 2404 7683 
8569 5111 4932 7910 
8570 3666 3684 7971 
8571 3775 3726 7925 
8572 313 314 780 
8573 4289 3977 7962 
8574 3740 3737 7924 
8575 3379 7932 8314 
8576 2971 2969 7945 
8577 2982 2979 7931 
8578 3995 3863 3997 
8579 2537 2536 2538 
8580 5069 6166 7913 
8581 3891 4930 7867 
8582 3995 3997 4714 
8583 1114 1116 7813 
8584 3599 3602 3896 
8585 745 8074 8075 
8586 4965 7747 8555 
8587 3666 3668 3684 
8588 4111 3989 4112 
8589 4667 4817 6668 
8590 7927 5749 8456 
8591 2993 2988 3494 
8592 7795 7796 7799 
8593 3493 3657 7916 
8594 3883 3850 3990 
8595 5058 7965 8359 
8596 3479 3476 7920 
8597 2983 6042 8387 
8598 4430 5495 5496 
8599 7747 4965 8552 
8600 4789 3992 7935 
8601 3858 7904 8226 
8602 5588 5586 7781 
8603 5047 5087 5091 
8604 3685 3674 7934 
8605 7908 3679 7961 
8606 8527 3723 8561 
8607 4715 4934 5947 
8608 4015 4968 8320 
8609 3589 3592 4935 
8610 6568 6567 6813 
8611 3603 3606 7856 
8612 3679 3678 3682 
8613 4014 3659 7908 
8614 6043 2982 7931 
8615 3586 3589 7914 
8616 7960 4948 8488 
8617 3674 3672 7934 
8618 7894 7896 7903 
8619 3603 3605 3606 
8620 5100 3827 8384 
8621 3891 3933 4059 
8622 7791 7922 8279 
8623 3827 3306 8384 
8624 6166 6165 6167 
8625 3608 3607 3609 
8626 8511 7620 8604 
8627 3988 3798 7933 
8628 7928 7958 8224 
8629 8297 5680 8325 
8630 5584 5583 5683 
8631 1112 1114 8525 
8632 8396 7884 8402 
8633 3594 3598 3599 
8634 5125 5111 5771 
8635 3661 3678 3679 
8636 3683 3728 7961 
8637 2979 2977 7931 
8638 3540 7936 8250 
8639 7898 7899 7909 
8640 3902 7917 7949 
8641 7936 5678 8250 
8642 3657 3659 4014 
8643 7958 5110 8224 
8644 5496 5497 5498 
8645 5664 3732 7954 
8646 6042 2982 6043 
8647 7896 7897 7898 
8648 3701 3699 7949 
8649 3683 3682 3725 
8650 932 220 8076 
8651 4279 5658 5659 
8652 398 771 8051 
8653 7891 7894 7923 
8654 5126 4454 5467 
8655 5703 7981 8301 
8656 3679 3682 3683 
8657 7888 7889 8460 
8658 4063 4065 5663 
8659 5336 4131 9167 
8660 4299 7939 7940 
8661 7845 6719 7846 
8662 3983 4939 7925 
8663 3882 4054 4936 
8664 7753 5664 8278 
8665 3737 3735 7924 
8666 3765 3479 3767 
8667 7928 3976 7968 
8668 4341 3935 4343 
8669 3679 3683 7961 
8670 3767 3479 7920 
8671 4939 4401 5830 
8672 312 313 7857 
8673 3579 2974 7945 
8674 4144 3990 4454 
8675 3987 3798 3988 
8676 314 315 7862 
8677 3594 3599 7874 
8678 5947 5948 6247 
8679 4054 4615 7918 
8680 4225 4224 5131 
8681 3661 3662 3678 
8682 3653 3651 3654 
8683 5831 5830 6768 
8684 745 8073 8074 
8685 3657 3658 3659 
8686 3659 3660 3661 
8687 5735 7955 8419 
8688 7894 7895 7896 
8689 5066 8536 8548 
8690 3983 3984 4401 
8691 3493 3656 3657 
8692 3976 7928 8224 
8693 7896 7898 7926 
8694 5582 4789 5583 
8695 3725 3727 3983 
8696 7934 3672 8423 
8697 4059 4170 4647 
8698 3620 5640 7811 
8699 5683 8401 8405 
8700 5134 5132 5424 
8701 4968 7951 8320 
8702 4951 4932 5111 
8703 5582 5583 5584 
8704 4936 4054 7918 
8705 3726 3725 7925 
8706 4040 5749 7927 
8707 3777 4076 4327 
8708 397 398 8051 
8709 5022 7861 8297 
8710 3324 3326 3953 
8711 3606 3605 3607 
8712 3328 3330 3891 
8713 3776 3162 3850 
8714 5498 5499 5500 
8715 3835 4056 5482 
8716 4715 3997 4934 
8717 3943 3354 7947 
8718 6569 3704 7929 
8719 3342 3882 7919 
8720 3154 3134 3162 
8721 4299 4300 7939 
8722 3898 3538 8350 
8723 3049 4278 4279 
8724 5774 5775 5776 
8725 3983 4401 4939 
8726 3722 3721 3904 
8727 5136 4112 7852 
8728 3602 3600 3603 
8729 3755 7967 8282 
8730 2844 2846 7999 
8731 3725 3983 7925 
8732 4939 5830 5831 
8733 5738 5739 7888 
8734 5050 5738 7939 
8735 3599 3598 3600 
8736 3596 3693 8239 
8737 4309 3579 4953 
8738 2984 2986 3493 
8739 3699 3902 7949 
8740 7981 4967 8301 
8741 3683 3725 3726 
8742 3864 3863 3995 
8743 4204 3689 4675 
8744 5506 5507 5784 
8745 3589 4935 7914 
8746 4300 5050 7939 
8747 3732 3731 3733 
8748 7946 7968 8200 
8749 3354 3356 7947 
8750 3589 3591 3592 
8751 4309 4953 4954 
8752 2695 6724 9678 
8753 3729 3726 3775 
8754 4954 4953 4955 
8755 5132 5131 7875 
8756 396 397 8050 
8757 217 218 8072 
8758 743 217 8072 
8759 6527 3719 7942 
8760 1655 1574 8623 
8761 3733 3731 3734 
8762 6084 5467 6085 
8763 3882 4936 7919 
8764 4647 4790 6580 
8765 8154 5756 8554 
8766 5830 4401 5981 
8767 7968 3976 8200 
8768 5947 4934 5948 
8769 3736 3735 3737 
8770 3590 3596 8239 
8771 3705 3701 7949 
8772 3733 3734 3735 
8773 5492 4675 6578 
8774 5500 5501 5502 
8775 7891 7893 7894 
8776 6769 6768 6770 
8777 3730 3729 3731 
8778 3811 4941 4943 
8779 8329 3575 8333 
8780 7954 4005 8278 
8781 3122 3118 3134 
8782 5831 6768 6769 
8783 3730 3731 3732 
8784 3735 3734 3811 
8785 7943 2968 7944 
8786 3012 2974 3579 
8787 5050 5357 5738 
8788 3334 3335 8281 
8789 7889 7891 7923 
8790 3661 3660 3662 
8791 3736 3737 3738 
8792 5683 5583 7882 
8793 3725 3682 3727 
8794 7967 5018 8282 
8795 2967 2970 8241 
8796 4952 3738 7959 
8797 3983 3727 3984 
8798 220 221 8076 
8799 8150 3711 8302 
8800 3731 3729 7957 
8801 1819 1957 8478 
8802 4947 4948 7960 
8803 4943 4941 4944 
8804 4931 3721 7876 
8805 4045 3996 4224 
8806 3684 3668 7915 
8807 8050 397 8051 
8808 5937 7967 8314 
8809 3882 3911 4054 
8810 8041 8042 8043 
8811 3811 4940 4941 
8812 4968 7977 8345 
8813 3659 3658 3660 
8814 3800 7946 8200 
8815 3688 3872 4040 
8816 3728 3726 3729 
8817 8043 8042 8045 
8818 4005 7735 8278 
8819 7953 5679 7956 
8820 3668 3670 7915 
8821 770 8040 8049 
8822 4111 4112 4113 
8823 3741 3858 7978 
8824 7898 7897 7899 
8825 4096 3579 4309 
8826 7946 3800 7976 
8827 4293 7953 7956 
8828 5707 7976 8248 
8829 3687 3681 3721 
8830 3738 3737 3739 
8831 6247 5948 7872 
8832 7926 7898 8507 
8833 4703 2643 8597 
8834 3111 3110 3118 
8835 2978 2980 3053 
8836 6436 4920 7677 
8837 3733 3735 3736 
8838 4947 4946 4948 
8839 3586 3588 3589 
8840 3047 3584 4036 
8841 3100 3098 3110 
8842 3877 6943 6944 
8843 3606 5660 7856 
8844 7932 8329 8333 
8845 2966 2967 8241 
8846 3574 4922 5024 
8847 5799 6073 6327 
8848 4955 4953 7943 
8849 8334 5036 8340 
8850 3677 3674 3685 
8851 4293 7956 7970 
8852 6593 3689 7948 
8853 3657 3656 3658 
8854 4943 4944 4945 
8855 2846 3047 7999 
8856 2988 2985 8387 
8857 5581 4789 5582 
8858 5679 7953 8232 
8859 4945 4944 5799 
8860 7896 7895 7897 
8861 6068 6065 7972 
8862 4714 6719 7845 
8863 2968 2965 8390 
8864 3338 3340 3946 
8865 7987 7989 8199 
8866 6095 4954 6126 
8867 3903 3705 4946 
8868 5664 7954 8278 
8869 389 390 8035 
8870 1090 1089 1091 
8871 7989 6680 8199 
8872 4054 4158 4615 
8873 3342 3344 3882 
8874 5131 6211 7875 
8875 3356 3877 7947 
8876 5587 5586 5588 
8877 8041 917 8042 
8878 3728 3729 3730 
8879 5099 4947 7960 
8880 7921 3898 8350 
8881 7794 7793 7963 
8882 4005 3738 4952 
8883 4948 4946 7917 
8884 3739 3737 3740 
8885 7976 3800 8248 
8886 7981 4015 8320 
8887 3742 3741 3743 
8888 4213 4825 4826 
8889 3742 3743 3744 
8890 4945 5799 5800 
8891 3335 3338 8281 
8892 5799 4944 6073 
8893 4178 3582 4676 
8894 3748 3894 7973 
8895 3745 3748 7973 
8896 3735 3811 7924 
8897 2884 2881 7996 
8898 2078 2298 7755 
8899 3903 4946 4947 
8900 7913 6166 8473 
8901 7932 3379 8329 
8902 3814 3749 7964 
8903 6065 6063 7972 
8904 2861 2859 8275 
8905 3739 3740 3741 
8906 5574 5666 8346 
8907 3047 4036 7999 
8908 4941 4940 4942 
8909 3490 3947 8289 
8910 3732 3733 7954 
8911 7905 5800 7906 
8912 3877 6944 7947 
8913 7888 5739 7889 
8914 3741 3740 3858 
8915 3592 3593 3594 
8916 8513 763 10780 
8917 4788 3992 4789 
8918 7820 7819 7821 
8919 5738 5357 5739 
8920 3736 4005 7954 
8921 3573 5031 8291 
8922 8041 8043 8044 
8923 3782 3766 3863 
8924 5460 4676 6559 
8925 5585 5584 5586 
8926 3739 3741 3742 
8927 4301 3595 8359 
8928 3540 4213 7936 
8929 4282 3732 5664 
8930 4014 7908 8419 
8931 2881 2879 7996 
8932 3074 3071 3098 
8933 5788 5789 5790 
8934 3742 4004 7959 
8935 7953 5703 8301 
8936 8029 8031 8032 
8937 7905 7906 7907 
8938 6635 7928 7968 
8939 4225 5131 5132 
8940 3480 3479 3765 
8941 390 919 8035 
8942 4615 4824 6526 
8943 3877 5678 6943 
8944 3348 3349 8255 
8945 5668 5664 7753 
8946 224 225 8083 
8947 935 224 8083 
8948 3811 3734 4940 
8949 771 399 8055 
8950 399 400 8055 
8951 3744 3743 3745 
8952 8572 2990 8590 
8953 7894 7893 7895 
8954 8014 7970 8254 
8955 4213 4826 7936 
8956 7657 4959 7754 
8957 5502 5503 8383 
8958 8040 917 8041 
8959 7791 6769 7792 
8960 7904 7905 8226 
8961 4004 3744 4957 
8962 4958 4957 4959 
8963 917 396 8050 
8964 4958 4959 7657 
8965 3764 4289 7975 
8966 3749 3747 7964 
8967 226 750 8084 
8968 3744 3745 7973 
8969 6061 6081 8264 
8970 401 918 8056 
8971 3362 3540 8250 
8972 3811 4943 7924 
8973 3499 7987 8199 
8974 5792 5793 5796 
8975 3576 8334 8340 
8976 5785 5787 5788 
8977 5573 5574 8346 
8978 3683 3726 3728 
8979 4160 3580 4672 
8980 4309 6095 7952 
8981 3987 3988 3989 
8982 2892 2889 8000 
8983 7925 4939 8279 
8984 3762 3764 7975 
8985 3736 3738 4005 
8986 5482 8356 8371 
8987 4213 4665 4825 
8988 2970 3574 8241 
8989 8083 225 8084 
8990 3745 3746 3747 
8991 7904 5800 7905 
8992 3493 2986 3656 
8993 7967 3755 8314 
8994 5689 7982 8192 
8995 3837 4961 4963 
8996 3352 3354 3943 
8997 8029 8030 8031 
8998 3947 4544 8289 
8999 8032 8031 8033 
9000 5061 4301 7965 
9001 8055 400 8056 
9002 7883 5109 7884 
9003 4042 4041 4057 
9004 3742 3744 4004 
9005 3499 7986 7987 
9006 3738 3739 7959 
9007 3540 3888 4213 
9008 3524 4293 7970 
9009 6633 6635 7968 
9010 5938 5937 7932 
9011 4309 4954 6095 
9012 4004 4957 4958 
9013 3536 3898 7977 
9014 3522 3524 7970 
9015 5936 5464 5937 
9016 3611 3612 3613 
9017 4128 4032 5728 
9018 3356 3358 3877 
9019 769 389 8035 
9020 2889 2887 8000 
9021 3747 3746 3837 
9022 5707 5708 7976 
9023 8030 769 8031 
9024 4963 4961 4964 
9025 3693 4299 8239 
9026 4938 5108 5109 
9027 3909 3316 3936 
9028 3748 3747 3749 
9029 3745 3743 3746 
9030 7970 7956 8254 
9031 7412 6559 7413 
9032 4957 3744 7973 
9033 3349 3352 8255 
9034 4071 3936 4173 
9035 7928 6637 7958 
9036 3733 3736 7954 
9037 3533 3536 7977 
9038 3996 3995 7941 
9039 5936 5937 5938 
9040 7982 3758 8192 
9041 5464 5018 7967 
9042 3745 3747 3748 
9043 4969 4947 5099 
9044 3739 3742 7959 
9045 7997 3563 8240 
9046 3748 3749 3750 
9047 8031 769 8034 
9048 3499 3399 7986 
9049 4938 5109 7883 
9050 6635 6637 7928 
9051 6067 6065 6068 
9052 3977 4312 4938 
9053 2068 2066 2140 
9054 3764 3975 3977 
9055 3565 5037 8259 
9056 3717 3712 8150 
9057 3573 4043 5031 
9058 3837 4960 4961 
9059 5703 7980 7981 
9060 3706 3705 3903 
9061 3362 3364 3540 
9062 4032 2884 7996 
9063 3762 3763 3764 
9064 3530 4015 7980 
9065 5134 5424 5425 
9066 4951 5111 5125 
9067 7920 3475 8434 
9068 4825 4925 6433 
9069 4609 4608 4610 
9070 8262 3755 8282 
9071 3748 3750 3894 
9072 5109 5108 5763 
9073 7972 6063 8264 
9074 7946 6633 7968 
9075 3760 4292 7979 
9076 3042 8311 8341 
9077 4292 3762 7975 
9078 6051 6049 8187 
9079 7800 7797 7812 
9080 7986 3399 7993 
9081 6635 6636 6637 
9082 8040 8041 8049 
9083 3712 3711 8150 
9084 3750 3749 3751 
9085 4963 4964 4965 
9086 8034 769 8035 
9087 4965 4964 6343 
9088 3760 3761 3762 
9089 7980 4015 7981 
9090 3527 3530 7980 
9091 3455 3457 8170 
9092 5016 3958 7997 
9093 7994 6055 7995 
9094 3750 3751 3752 
9095 6060 6056 7994 
9096 5937 5464 7967 
9097 8028 921 8029 
9098 4946 3705 7949 
9099 6631 6633 7946 
9100 3764 3977 4289 
9101 3925 5014 6773 
9102 7997 8262 8282 
9103 7818 7817 7819 
9104 4299 7940 8239 
9105 2970 2972 3574 
9106 6343 4964 6344 
9107 2886 2888 8001 
9108 3522 7970 8014 
9109 3714 3712 3717 
9110 5037 5040 8259 
9111 6631 6632 6633 
9112 3752 3751 5756 
9113 3539 3759 3760 
9114 4302 4301 5061 
9115 4531 4030 5722 
9116 6633 6634 6635 
9117 3857 3455 8170 
9118 3764 3763 3975 
9119 938 8096 8097 
9120 3536 3537 3538 
9121 4544 4816 5062 
9122 8027 921 8028 
9123 4938 4312 5108 
9124 3977 3975 4312 
9125 3703 3701 3705 
9126 388 769 8030 
9127 3751 3749 3814 
9128 3760 3762 4292 
9129 3539 3760 7979 
9130 4945 5800 7904 
9131 3538 3539 7979 
9132 5024 4922 7676 
9133 3762 3761 3763 
9134 3958 3563 7997 
9135 6061 6060 6081 
9136 3400 3403 7993 
9137 4961 4960 4962 
9138 3760 3759 3761 
9139 5043 5044 5740 
9140 3536 3538 3898 
9141 4030 2892 8000 
9142 5463 5018 5464 
9143 2912 2909 8012 
9144 6056 6055 7994 
9145 3710 3708 3711 
9146 5935 5464 5936 
9147 5708 6631 7976 
9148 2080 2079 2236 
9149 5266 6586 7991 
9150 6525 5682 7998 
9151 6058 6056 6060 
9152 3580 2856 8326 
9153 7982 5707 8248 
9154 3532 3533 7977 
9155 3699 3697 3902 
9156 3747 3837 7964 
9157 4015 3532 4968 
9158 5691 5707 7982 
9159 6049 6059 8187 
9160 3533 3535 3536 
9161 3530 3531 3532 
9162 3468 3466 3481 
9163 2888 3081 8001 
9164 7987 7988 7989 
9165 4059 3933 4170 
9166 3743 3741 7978 
9167 7998 5682 8004 
9168 3375 3377 3925 
9169 7924 4943 7985 
9170 6637 6636 6638 
9171 5040 5042 5043 
9172 3538 3537 3539 
9173 5017 5016 5018 
9174 2909 2907 8012 
9175 5691 5694 5707 
9176 3381 3838 8215 
9177 5077 5061 5757 
9178 5708 6630 6631 
9179 5689 5691 7982 
9180 3837 4963 7964 
9181 4968 3532 7977 
9182 3518 3522 8014 
9183 5741 5743 5747 
9184 3530 3532 4015 
9185 3081 4949 5022 
9186 4078 4801 5546 
9187 4096 4309 7952 
9188 3899 4987 8210 
9189 4815 4191 4911 
9190 239 240 8082 
9191 939 239 8082 
9192 7986 5267 7987 
9193 3391 3501 8174 
9194 4293 3526 5703 
9195 3862 6341 6342 
9196 8026 385 8027 
9197 3526 3527 7980 
9198 4986 5266 5267 
9199 5177 8118 8181 
9200 3938 2864 4037 
9201 3564 2876 8274 
9202 8382 3678 8395 
9203 4190 3564 4191 
9204 7987 5267 7988 
9205 3969 8014 8254 
9206 3081 5022 8001 
9207 3536 3535 3537 
9208 387 388 8030 
9209 3403 3881 7993 
9210 4793 5107 7595 
9211 3399 3400 7993 
9212 3498 8002 8129 
9213 5583 4789 7935 
9214 3868 5689 8192 
9215 5000 3508 8003 
9216 3501 4994 6679 
9217 3532 3531 3533 
9218 3527 3529 3530 
9219 3524 3525 3526 
9220 3508 3510 8003 
9221 8002 6257 8129 
9222 2920 2917 8010 
9223 4978 8005 8135 
9224 3881 4985 4986 
9225 5703 3526 7980 
9226 3338 3946 8281 
9227 3397 3499 8160 
9228 4437 3958 5016 
9229 4293 5703 7953 
9230 7595 5107 7596 
9231 3524 3526 4293 
9232 5728 4032 7996 
9233 4986 4985 5266 
9234 6055 6051 8187 
9235 3385 3387 3862 
9236 225 226 8084 
9237 5032 5034 8317 
9238 4104 4024 5712 
9239 3530 3529 3531 
9240 2917 2915 8010 
9241 400 401 8056 
9242 8005 3045 8135 
9243 768 384 8026 
9244 384 385 8026 
9245 3381 3383 3838 
9246 4986 5267 7986 
9247 6633 6632 6634 
9248 6631 6630 6632 
9249 4967 7981 8320 
9250 6635 6634 6636 
9251 4953 3579 7945 
9252 4127 4032 4128 
9253 5630 8011 8196 
9254 3457 4078 8170 
9255 3522 3523 3524 
9256 2964 2966 3044 
9257 8118 5715 8181 
9258 8008 4021 8163 
9259 3526 3525 3527 
9260 3046 8232 8261 
9261 5331 4128 6379 
9262 6631 7946 7976 
9263 5722 4030 8000 
9264 3496 8004 8122 
9265 4123 4685 8004 
9266 6058 6060 6061 
9267 3514 3516 3969 
9268 3391 3393 3501 
9269 244 245 8096 
9270 938 244 8096 
9271 761 8058 8059 
9272 3899 4966 4987 
9273 4024 2912 8012 
9274 2864 2861 8275 
9275 4685 7998 8004 
9276 3012 3579 4096 
9277 3539 3758 3759 
9278 4058 4057 4061 
9279 8011 3482 8196 
9280 8005 8189 8201 
9281 8033 8031 8034 
9282 3711 3708 7974 
9283 8190 3492 8205 
9284 3510 3514 8003 
9285 5707 5694 5708 
9286 4996 4023 8008 
9287 3837 3746 4960 
9288 4305 3971 4983 
9289 8004 5682 8122 
9290 5007 8203 8220 
9291 8008 8190 8205 
9292 4986 7986 7993 
9293 3397 3399 3499 
9294 3518 3520 3522 
9295 3881 4986 7993 
9296 5266 6457 6586 
9297 3514 3969 8003 
9298 3524 3523 3525 
9299 4167 4030 4531 
9300 3629 3627 8433 
9301 4441 4020 5704 
9302 3881 4984 4985 
9303 4023 4021 8008 
9304 2914 2916 8018 
9305 8036 913 8037 
9306 385 386 8027 
9307 386 921 8027 
9308 3550 3548 8006 
9309 249 830 8019 
9310 248 249 8019 
9311 3498 6525 8002 
9312 8087 8086 8088 
9313 3496 4123 8004 
9314 3574 5024 8241 
9315 4983 3971 8017 
9316 6046 8184 8245 
9317 3506 5008 8166 
9318 8088 8086 8089 
9319 8011 5700 8207 
9320 754 247 8020 
9321 4020 2920 8010 
9322 5267 5266 7991 
9323 4685 6488 6489 
9324 3409 3831 8153 
9325 4975 8115 8136 
9326 758 8080 8081 
9327 8189 5702 8201 
9328 2940 2937 8013 
9329 4820 5699 8007 
9330 3890 2892 4030 
9331 4213 3888 4665 
9332 8052 774 8053 
9333 4273 5338 5339 
9334 8203 3754 8220 
9335 5396 4911 6420 
9336 248 8019 8020 
9337 3403 3405 3881 
9338 3505 5019 8147 
9339 5012 5009 5013 
9340 4123 4684 4685 
9341 2937 2935 8013 
9342 8085 942 8086 
9343 8085 8086 8087 
9344 3522 3520 3523 
9345 4685 4684 6488 
9346 3901 3553 5706 
9347 3447 8213 8218 
9348 8115 3861 8136 
9349 3553 3550 8006 
9350 3856 6257 6258 
9351 4997 4996 4998 
9352 373 8079 8080 
9353 2916 3079 8018 
9354 4685 6489 7998 
9355 3498 5682 6525 
9356 3419 3498 8129 
9357 3495 3441 8009 
9358 5706 3553 8006 
9359 3877 3358 5678 
9360 4414 4023 4996 
9361 6364 4820 8007 
9362 4976 4978 8135 
9363 8085 8087 8090 
9364 6403 5695 8175 
9365 5000 8244 8246 
9366 5018 5016 8282 
9367 5008 5011 8166 
9368 4305 4983 5731 
9369 3545 3544 8119 
9370 4820 4019 5699 
9371 3441 3443 8009 
9372 3854 6199 8161 
9373 3079 3508 5000 
9374 3425 3496 8122 
9375 4273 4363 5338 
9376 3413 3415 3856 
9377 3554 3901 8114 
9378 5699 4019 8117 
9379 4978 5029 8005 
9380 8006 3548 8119 
9381 8092 8094 8095 
9382 3558 3900 8016 
9383 3409 3411 3831 
9384 8092 940 8093 
9385 4380 4018 5695 
9386 4103 4024 4104 
9387 3496 4016 4123 
9388 373 374 8079 
9389 374 928 8079 
9390 8092 8093 8094 
9391 5510 5511 5723 
9392 3904 4951 7933 
9393 3419 3421 3498 
9394 5632 5700 8011 
9395 4297 3542 8172 
9396 4082 4914 5578 
9397 5011 5509 5510 
9398 3501 3393 4994 
9399 3079 5000 8018 
9400 4018 2940 8013 
9401 4380 5695 6403 
9402 8045 8042 8046 
9403 3504 4976 8128 
9404 4123 4400 4684 
9405 258 774 8052 
9406 257 258 8052 
9407 3505 4029 5019 
9408 3439 3495 8112 
9409 3548 3545 8119 
9410 3513 3543 8141 
9411 5712 4024 8012 
9412 8207 5700 8213 
9413 3425 3427 3496 
9414 3514 3515 3516 
9415 3516 3518 8014 
9416 756 362 8095 
9417 8007 5699 8179 
9418 3778 3972 4273 
9419 757 367 8090 
9420 3969 3516 8014 
9421 5630 5632 8011 
9422 5704 4020 8010 
9423 4082 5578 8009 
9424 3443 4082 8009 
9425 3854 6198 6199 
9426 261 911 8060 
9427 260 261 8060 
9428 368 8085 8090 
9429 363 8092 8095 
9430 3510 3512 3514 
9431 359 943 8109 
9432 372 373 8080 
9433 758 372 8080 
9434 5632 5634 5700 
9435 363 364 8092 
9436 364 940 8092 
9437 3433 3435 3854 
9438 8106 8107 8108 
9439 4130 4020 4441 
9440 4273 5339 8124 
9441 8137 3431 8143 
9442 4821 4820 6364 
9443 3554 3553 3901 
9444 4976 4977 4978 
9445 3552 3550 3553 
9446 3560 3558 8016 
9447 5695 4018 8013 
9448 368 369 8085 
9449 369 942 8085 
9450 3885 2898 5724 
9451 367 368 8090 
9452 247 248 8020 
9453 4978 5025 5029 
9454 358 359 8109 
9455 3504 4027 4976 
9456 6230 2932 8144 
9457 3556 3554 8114 
9458 6063 6061 8264 
9459 8106 8105 8107 
9460 3439 3441 3495 
9461 362 363 8095 
9462 3569 3567 3572 
9463 4993 5405 8015 
9464 3867 2920 4020 
9465 4999 2904 8194 
9466 3443 3445 4082 
9467 3540 3364 3888 
9468 3558 3556 3900 
9469 4082 4083 4914 
9470 3562 3560 3566 
9471 8107 8105 8109 
9472 4114 4018 4380 
9473 3566 3560 8016 
9474 3691 3595 4301 
9475 6265 5255 6439 
9476 357 358 8105 
9477 755 357 8105 
9478 3860 2940 4018 
9479 3866 2926 5705 
9480 3544 3542 4297 
9481 3496 3427 4016 
9482 3498 3421 5682 
9483 5685 8137 8143 
9484 4078 4079 4801 
9485 5628 5629 5630 
9486 5405 5406 8116 
9487 5406 5627 5628 
9488 4993 5404 5405 
9489 8105 358 8109 
9490 5406 5628 8116 
9491 6045 6044 6442 
9492 4106 4019 4820 
9493 7988 5267 7991 
9494 3854 3435 6198 
9495 5630 5631 5632 
9496 5705 2926 8148 
9497 920 379 8022 
9498 379 380 8022 
9499 380 829 8022 
9500 380 381 829 
9501 249 250 830 
9502 272 273 789 
9503 916 252 8023 
9504 274 275 912 
9505 251 252 916 
9506 776 269 8024 
9507 270 271 915 
9508 270 915 8024 
9509 253 773 8023 
9510 252 253 8023 
9511 378 379 920 
9512 255 913 8036 
9513 279 280 8077 
9514 280 833 8077 
9515 404 405 8025 
9516 405 406 909 
9517 268 776 8039 
9518 383 384 768 
9519 761 377 8058 
9520 202 203 8038 
9521 762 347 8054 
9522 395 917 8040 
9523 254 255 8036 
9524 269 270 8024 
9525 203 204 910 
9526 773 254 8036 
9527 914 267 8039 
9528 255 256 913 
9529 258 259 774 
9530 253 254 773 
9531 263 264 775 
9532 266 267 914 
9533 268 269 776 
9534 261 262 911 
9535 403 404 772 
9536 770 394 8040 
9537 390 391 919 
9538 398 399 771 
9539 388 389 769 
9540 393 394 770 
9541 395 396 917 
9542 267 268 8039 
9543 401 402 918 
9544 377 378 8058 
9545 419 925 8062 
9546 772 404 8025 
9547 394 395 8040 
9548 203 910 8038 
9549 410 926 8061 
9550 386 387 921 
9551 418 419 8062 
9552 778 202 8038 
9553 417 418 767 
9554 343 344 831 
9555 348 349 923 
9556 351 352 777 
9557 340 341 765 
9558 766 409 8061 
9559 201 202 778 
9560 419 420 925 
9561 409 410 8061 
9562 410 411 926 
9563 412 413 790 
9564 408 409 766 
9565 767 418 8062 
9566 415 416 924 
9567 346 347 762 
9568 347 348 8054 
9569 421 422 791 
9570 376 377 761 
9571 423 424 927 
9572 213 933 8070 
9573 288 289 746 
9574 426 427 749 
9575 934 279 8077 
9576 405 909 8025 
9577 208 209 931 
9578 213 214 933 
9579 206 207 744 
9580 211 212 742 
9581 219 220 932 
9582 212 213 8070 
9583 216 217 743 
9584 276 277 748 
9585 283 284 747 
9586 286 287 930 
9587 278 279 934 
9588 280 281 833 
9589 221 222 745 
9590 278 934 8071 
9591 378 920 8058 
9592 223 224 935 
9593 277 278 8071 
9594 222 223 8073 
9595 353 354 922 
9596 374 375 928 
9597 376 761 8065 
9598 742 212 8070 
9599 745 222 8073 
9600 223 935 8073 
9601 238 239 939 
9602 226 227 750 
9603 228 229 941 
9604 231 232 751 
9605 241 242 753 
9606 236 237 752 
9607 375 376 8065 
9608 928 375 8065 
9609 233 234 937 
9610 242 243 8102 
9611 348 923 8054 
9612 748 277 8071 
9613 364 365 940 
9614 366 367 757 
9615 359 360 943 
9616 243 244 938 
9617 371 372 758 
9618 366 757 8104 
9619 369 370 942 
9620 361 362 756 
9621 356 357 755 
9622 753 242 8102 
9623 246 247 754 
9624 360 361 8103 
9625 365 366 8104 
9626 237 238 8101 
9627 371 758 8111 
9628 752 237 8101 
9629 227 228 8091 
9630 361 756 8103 
9631 228 941 8091 
9632 243 938 8102 
9633 943 360 8103 
9634 238 939 8101 
9635 750 227 8091 
9636 370 371 8111 
9637 940 365 8104 
9638 942 370 8111 
9639 5266 4985 6457 
9640 755 8105 8106 
9641 3856 3415 6257 
9642 3904 4932 4951 
9643 4990 4993 8015 
9644 3527 3528 3529 
9645 3004 2946 5698 
9646 5699 8117 8121 
9647 4123 4016 4400 
9648 6738 5407 6739 
9649 4825 4665 4925 
9650 3005 2932 6230 
9651 5632 5633 5634 
9652 5698 2946 8123 
9653 6679 4994 6680 
9654 4002 4973 4975 
9655 4975 6096 6097 
9656 4998 4996 8205 
9657 3881 3405 4984 
9658 3900 3556 8114 
9659 4976 4027 4977 
9660 3562 3566 3567 
9661 5695 8013 8162 
9662 355 356 8100 
9663 356 755 8100 
9664 5634 5635 8113 
9665 5686 5685 8161 
9666 2956 2958 3500 
9667 3433 3854 8143 
9668 5635 5637 5638 
9669 5717 6044 6045 
9670 3860 4018 4114 
9671 4002 4975 8136 
9672 5717 5639 6044 
9673 5630 5629 5631 
9674 4082 3445 4083 
9675 2959 2957 2960 
9676 4978 4977 5025 
9677 5634 5633 5635 
9678 5628 5627 5629 
9679 3080 2904 4999 
9680 5019 4029 5020 
9681 4975 6097 8115 
9682 4821 6364 6365 
9683 3004 5698 6422 
9684 5635 5638 8113 
9685 2953 2955 2956 
9686 5632 5631 5633 
9687 3436 3438 3439 
9688 3443 3444 3445 
9689 4077 3937 4171 
9690 2958 2957 2959 
9691 3552 3553 3554 
9692 3949 4980 4982 
9693 3570 3569 3571 
9694 2956 2957 2958 
9695 2956 2955 2957 
9696 4114 4380 4668 
9697 3543 3546 8141 
9698 5635 5636 5637 
9699 3439 3440 3441 
9700 2950 2952 3048 
9701 2953 2951 2954 
9702 7532 5636 7533 
9703 5685 8143 8161 
9704 3568 3567 3569 
9705 3949 4982 8156 
9706 2953 2954 2955 
9707 3516 3517 3518 
9708 5405 5404 5406 
9709 3570 3571 3778 
9710 4982 5176 5177 
9711 5635 5633 5636 
9712 8145 4669 8158 
9713 3546 3824 5714 
9714 3568 3570 3910 
9715 3453 3455 3857 
9716 3441 3442 3443 
9717 4987 4966 7951 
9718 2942 2944 3504 
9719 4106 4820 4821 
9720 5637 5636 7532 
9721 2945 2947 2948 
9722 3436 3439 8112 
9723 2959 2960 2961 
9724 3450 3448 3451 
9725 2959 2961 2962 
9726 3862 3387 6341 
9727 3428 3430 3431 
9728 3006 2912 4024 
9729 3005 6230 6471 
9730 3568 3569 3570 
9731 3446 3447 3448 
9732 5638 5637 5639 
9733 3504 4017 4027 
9734 3562 3567 3568 
9735 8003 3969 8244 
9736 2952 2951 2953 
9737 4975 4973 6096 
9738 3433 3434 3435 
9739 3561 3560 3562 
9740 2950 2949 2951 
9741 2947 2946 3004 
9742 3443 3442 3444 
9743 2948 2947 2949 
9744 3439 3438 3440 
9745 3445 3444 3446 
9746 2950 2951 2952 
9747 2945 2943 2946 
9748 5631 5629 6462 
9749 2948 2949 2950 
9750 4414 4996 4997 
9751 3446 3444 3447 
9752 8266 8119 8273 
9753 3431 3432 3433 
9754 2941 2940 3860 
9755 3867 4020 4130 
9756 2945 2946 2947 
9757 6198 3435 8112 
9758 3441 3440 3442 
9759 4034 4017 5696 
9760 2939 2941 2942 
9761 3422 3424 3425 
9762 5406 5626 5627 
9763 3559 3558 3560 
9764 4990 8015 8130 
9765 3925 3377 5014 
9766 3440 3438 3482 
9767 2951 2949 8117 
9768 3557 3556 3558 
9769 3533 3534 3535 
9770 4034 5729 8134 
9771 4669 4668 6447 
9772 2936 2938 3045 
9773 5716 5639 5717 
9774 4973 4972 4974 
9775 7533 5636 8126 
9776 3435 3434 3436 
9777 3428 3431 8137 
9778 8231 5256 8243 
9779 5638 5639 5716 
9780 3450 3451 3452 
9781 3504 2944 4017 
9782 3425 3426 3427 
9783 4400 5685 5686 
9784 4002 4972 4973 
9785 4114 4668 4669 
9786 3561 3562 8132 
9787 2939 2937 2940 
9788 3436 3437 3438 
9789 3482 8191 8196 
9790 2942 2941 2943 
9791 2944 2943 2945 
9792 3435 3436 8112 
9793 5025 4977 5711 
9794 2942 2943 2944 
9795 4027 4017 4034 
9796 3559 3561 4002 
9797 4993 5403 5404 
9798 5936 5938 5939 
9799 5177 6598 8118 
9800 5177 6597 6598 
9801 3485 3429 4988 
9802 5633 5631 8126 
9803 3559 3560 3561 
9804 5406 5404 5626 
9805 4982 5177 8181 
9806 3436 3434 3437 
9807 5689 5690 5691 
9808 2939 2940 2941 
9809 3891 3330 3933 
9810 5698 8145 8158 
9811 2962 2963 2964 
9812 3555 3554 3556 
9813 3555 3557 3861 
9814 4002 3561 4972 
9815 2928 2930 3505 
9816 3568 3910 8132 
9817 3433 3432 3434 
9818 3562 3568 8132 
9819 2941 3860 8123 
9820 3557 3558 3559 
9821 3868 5688 5689 
9822 5636 5633 8126 
9823 6739 5407 8155 
9824 2954 2951 8117 
9825 3431 3430 3432 
9826 4990 4992 4993 
9827 4972 3561 8132 
9828 3416 3418 3419 
9829 5631 6462 8126 
9830 2949 2947 8121 
9831 3518 3519 3520 
9832 8128 4976 8135 
9833 2943 2941 8123 
9834 2942 3504 8128 
9835 4083 3445 8120 
9836 3551 3550 3552 
9837 3555 3556 3557 
9838 3419 3420 3421 
9839 3446 3448 3449 
9840 2947 3004 8121 
9841 4989 4991 8155 
9842 4982 4980 5176 
9843 5403 4992 5407 
9844 4997 4998 5780 
9845 4130 4441 4712 
9846 2938 2939 8128 
9847 4973 4974 8127 
9848 2962 2961 2963 
9849 4019 2954 8117 
9850 3778 4273 8124 
9851 2957 2955 8138 
9852 2938 2937 2939 
9853 4400 4016 5685 
9854 3505 4028 4029 
9855 2931 2929 2932 
9856 2946 2943 8123 
9857 3445 3446 8120 
9858 2960 2957 8138 
9859 3514 3512 3515 
9860 2933 2932 3005 
9861 4993 4992 5403 
9862 2936 2937 2938 
9863 3427 3426 3428 
9864 2945 2948 8133 
9865 6096 4973 8127 
9866 6348 5407 6738 
9867 4989 4988 4991 
9868 4992 4989 8155 
9869 2931 2933 2934 
9870 2939 2942 8128 
9871 3552 3554 3555 
9872 2936 2935 2937 
9873 5404 5403 8142 
9874 4977 4027 8134 
9875 3967 3521 4295 
9876 4273 3972 4363 
9877 3425 3424 3426 
9878 4027 4034 8134 
9879 5698 8123 8145 
9880 5696 4017 8133 
9881 3450 3452 3453 
9882 2931 2932 2933 
9883 3966 4389 4995 
9884 2944 2945 8133 
9885 3569 3572 8017 
9886 3422 3425 8122 
9887 3497 2954 4019 
9888 5714 3824 5715 
9889 2927 2926 3866 
9890 3549 3551 3949 
9891 5403 5407 6348 
9892 3449 3448 3450 
9893 4017 2944 8133 
9894 5682 3421 8122 
9895 3860 4114 8145 
9896 5405 8116 8183 
9897 2950 3048 8159 
9898 3497 4019 4106 
9899 5177 5176 6597 
9900 5003 5005 5006 
9901 2934 2935 2936 
9902 4034 5697 5729 
9903 4705 5593 6124 
9904 3428 3429 3430 
9905 3485 4988 4989 
9906 8132 3910 8149 
9907 3546 5714 8141 
9908 8232 5718 8261 
9909 5021 4028 5701 
9910 3453 3857 8140 
9911 3430 3429 3485 
9912 3485 4989 4990 
9913 8117 2949 8121 
9914 8336 5035 8347 
9915 3045 2938 8135 
9916 3547 3545 3548 
9917 2934 2933 2935 
9918 3527 3525 3528 
9919 5711 4977 8134 
9920 3549 3548 3550 
9921 5704 8010 8206 
9922 3454 3452 3484 
9923 4980 4979 4981 
9924 8133 2948 8159 
9925 5346 5004 5719 
9926 8123 3860 8145 
9927 5790 5791 5792 
9928 5626 5404 8142 
9929 4990 4989 4992 
9930 3555 3861 8146 
9931 4114 4669 8145 
9932 5724 2898 8204 
9933 3432 3430 8130 
9934 3437 8167 8183 
9935 6045 6442 8131 
9936 4972 8132 8149 
9937 3421 3420 3422 
9938 3549 3550 3551 
9939 3503 3423 5709 
9940 3431 3433 8143 
9941 3949 4979 4980 
9942 2956 3500 8164 
9943 3428 3426 3429 
9944 4016 3427 8137 
9945 3413 3414 3415 
9946 2925 2923 2926 
9947 5696 8133 8159 
9948 3861 3557 8136 
9949 8008 8163 8190 
9950 3516 3515 3517 
9951 3505 2930 4028 
9952 2938 8128 8135 
9953 5403 6348 8142 
9954 3570 3778 8124 
9955 3559 4002 8136 
9956 3502 3417 4021 
9957 2925 2927 2928 
9958 3910 3570 8124 
9959 6049 6047 6059 
9960 2955 2954 3497 
9961 5022 4949 7861 
9962 5021 5701 5702 
9963 3557 3559 8136 
9964 3949 3551 4979 
9965 3571 3569 8017 
9966 6046 6045 6047 
9967 4029 4028 5021 
9968 4974 4972 8149 
9969 3427 3428 8137 
9970 5717 6045 6046 
9971 4103 4104 5255 
9972 3419 3418 3420 
9973 4413 4704 4705 
9974 3430 3485 8130 
9975 2930 2929 2931 
9976 5695 8162 8175 
9977 2925 2926 2927 
9978 3513 3511 3542 
9979 5713 2960 8138 
9980 3543 3542 3544 
9981 3457 3459 4078 
9982 8147 5019 8173 
9983 3422 3423 3424 
9984 3421 3422 8122 
9985 6059 6047 8131 
9986 8217 3852 8222 
9987 8143 3854 8161 
9988 2921 2920 3867 
9989 3449 3450 8140 
9990 3551 3552 8146 
9991 5685 4016 8137 
9992 3006 4024 4103 
9993 3754 5726 8249 
9994 3552 3555 8146 
9995 3903 4969 7974 
9996 2928 2929 2930 
9997 3543 3545 3546 
9998 4981 8178 8193 
9999 3546 3547 3824 
10000 3446 3449 8120 
10001 2928 2927 2929 
10002 3406 3408 3409 
10003 3547 3548 3549 
10004 6257 3415 8129 
10005 3411 3412 3413 
10006 2953 2956 8164 
10007 3422 3420 3423 
10008 3416 3419 8129 
10009 5593 4704 7018 
10010 5510 5509 5511 
10011 2916 2918 3079 
10012 3485 4990 8130 
10013 3424 3423 3503 
10014 3409 3410 3411 
10015 4988 3429 8139 
10016 3503 5709 5710 
10017 2948 2950 8159 
10018 2919 2921 2922 
10019 2928 3505 8147 
10020 5691 5693 5694 
10021 6422 5698 8158 
10022 2952 2953 8164 
10023 8013 2935 8162 
10024 3426 3424 8139 
10025 2935 2933 8162 
10026 2927 3866 8144 
10027 4705 4704 5593 
10028 3971 3571 8017 
10029 3543 3544 3545 
10030 3546 3545 3547 
10031 4130 4712 4713 
10032 4078 5546 8170 
10033 5012 5013 5625 
10034 3995 4714 7941 
10035 4022 4021 4023 
10036 4034 5696 5697 
10037 3967 4295 4296 
10038 5089 5090 5573 
10039 5407 4992 8155 
10040 6047 6045 8131 
10041 3415 3414 3416 
10042 3400 3402 3403 
10043 3450 3453 8140 
10044 3007 2884 4032 
10045 8213 5700 8218 
10046 3518 3517 3519 
10047 4022 4412 4413 
10048 2958 2959 8168 
10049 3482 8011 8207 
10050 2924 2925 8147 
10051 3523 3520 3779 
10052 4979 3551 8146 
10053 3437 3434 8167 
10054 5628 5630 8196 
10055 4412 4023 4414 
10056 2959 2962 8168 
10057 5712 8012 8234 
10058 4437 5016 5017 
10059 3513 3542 3543 
10060 4995 4389 5591 
10061 2924 2923 2925 
10062 2933 3005 8162 
10063 3510 3511 3512 
10064 2955 3497 8138 
10065 5011 5510 8166 
10066 2932 2929 8144 
10067 8191 8116 8196 
10068 2929 2927 8144 
10069 5013 5009 8220 
10070 2919 2917 2920 
10071 8167 8015 8183 
10072 8130 8015 8167 
10073 2919 2920 2921 
10074 2921 3867 8148 
10075 3512 3511 3513 
10076 3413 3412 3414 
10077 2931 2934 8152 
10078 4821 6365 8169 
10079 3082 2876 3564 
10080 4991 4988 8188 
10081 8178 8115 8193 
10082 3416 3417 3418 
10083 3079 3507 3508 
10084 5731 4983 8305 
10085 3424 3503 8139 
10086 5591 4389 5592 
10087 3478 3476 3479 
10088 3415 3416 8129 
10089 3434 3432 8167 
10090 3509 3507 5001 
10091 5346 5719 5720 
10092 2930 2931 8152 
10093 3508 3509 3510 
10094 2922 2923 2924 
10095 3520 3519 8165 
10096 2925 2928 8147 
10097 2936 3045 8185 
10098 8220 3754 8249 
10099 4793 5105 5107 
10100 3890 4030 4167 
10101 5701 4028 8152 
10102 3885 5724 5725 
10103 3502 4021 4022 
10104 4413 4412 4704 
10105 3432 8130 8167 
10106 3414 3412 8163 
10107 2922 2921 2923 
10108 3533 3531 3534 
10109 3045 8005 8201 
10110 3429 3426 8139 
10111 4028 2930 8152 
10112 3519 3517 3521 
10113 3510 3509 3511 
10114 8121 3004 8179 
10115 3460 3458 3461 
10116 3420 3418 8151 
10117 3966 3521 3967 
10118 4295 3521 8177 
10119 3416 3414 3417 
10120 3549 3949 8156 
10121 3411 3410 3412 
10122 2924 8147 8173 
10123 2964 3044 8242 
10124 3519 3521 3966 
10125 3403 3404 3405 
10126 3824 3547 8156 
10127 3048 2952 4970 
10128 5256 5255 6265 
10129 5709 3423 8151 
10130 3966 3967 4389 
10131 3453 3452 3454 
10132 3418 3417 3502 
10133 3966 4995 8165 
10134 3582 2842 8357 
10135 3547 3549 8156 
10136 351 777 8066 
10137 350 351 8066 
10138 2923 2921 8148 
10139 3409 3408 3410 
10140 2914 8018 8197 
10141 5705 8148 8176 
10142 6054 6051 6055 
10143 8152 2934 8185 
10144 4997 5780 5927 
10145 3079 2918 3507 
10146 3482 3438 8191 
10147 4022 4023 4412 
10148 2911 2913 2914 
10149 3513 8141 8157 
10150 2918 2917 2919 
10151 4005 4952 7735 
10152 4981 4979 8178 
10153 4021 3417 8163 
10154 3048 4970 4971 
10155 4106 4821 4822 
10156 2926 2923 8148 
10157 8156 4982 8181 
10158 8146 3861 8178 
10159 3508 3507 3509 
10160 3861 8115 8178 
10161 5701 8152 8185 
10162 3005 6471 8175 
10163 3523 3779 8198 
10164 4945 7904 7985 
10165 7983 5939 7984 
10166 8184 3484 8245 
10167 3529 3528 3852 
10168 5006 5005 6263 
10169 4984 3405 8153 
10170 3048 4971 8180 
10171 5699 8121 8179 
10172 3451 8223 8228 
10173 3589 3588 3591 
10174 3779 3520 8165 
10175 3500 2958 4026 
10176 8162 3005 8175 
10177 3004 6422 8179 
10178 4103 5255 5256 
10179 6048 6050 6052 
10180 3515 3512 8157 
10181 283 747 8064 
10182 282 283 8064 
10183 3453 3454 3455 
10184 3867 4130 8176 
10185 3512 3513 8157 
10186 3423 3420 8151 
10187 7995 6055 8187 
10188 2916 2917 2918 
10189 8029 921 8030 
10190 3418 3502 8151 
10191 5936 5939 7983 
10192 2908 2910 3046 
10193 8015 5405 8183 
10194 4979 8146 8178 
10195 3438 3437 8191 
10196 2914 2913 2915 
10197 3406 3409 8153 
10198 2916 2915 2917 
10199 3542 3511 8172 
10200 2911 2909 2912 
10201 3539 3537 3758 
10202 3394 3396 3397 
10203 4304 3971 4305 
10204 3046 4294 5679 
10205 3519 3966 8165 
10206 5689 5688 5690 
10207 2914 2915 2916 
10208 3440 3482 8207 
10209 6046 6047 6048 
10210 5679 5684 7956 
10211 8183 8116 8191 
10212 2913 2912 3006 
10213 4921 4026 5721 
10214 3506 3401 5007 
10215 3397 3398 3399 
10216 4130 4713 8176 
10217 8148 3867 8176 
10218 5005 5004 5346 
10219 4305 5731 5732 
10220 8005 5029 8189 
10221 5634 8113 8218 
10222 4714 7845 7941 
10223 3824 8156 8181 
10224 2911 2912 2913 
10225 3417 3414 8163 
10226 5715 3824 8181 
10227 3410 3408 3492 
10228 3403 3402 3404 
10229 2934 2936 8185 
10230 3405 3404 3406 
10231 3447 3444 8213 
10232 4705 8221 8227 
10233 3406 3407 3408 
10234 4054 3911 4158 
10235 5003 5004 5005 
10236 6050 6049 6051 
10237 4988 8139 8188 
10238 4970 2952 8164 
10239 3970 3571 3971 
10240 8139 3503 8188 
10241 5687 8217 8222 
10242 5463 5464 5935 
10243 5011 5508 5509 
10244 4363 4364 4793 
10245 3509 5001 8172 
10246 5708 6629 6630 
10247 3511 3509 8172 
10248 3882 3344 3911 
10249 2919 2922 8171 
10250 3406 3404 3407 
10251 3955 5027 5032 
10252 5679 4294 5684 
10253 8244 5684 8246 
10254 5017 5018 5463 
10255 3009 2960 5713 
10256 3352 3943 8255 
10257 1951 1994 2116 
10258 8159 3048 8180 
10259 5722 8000 8284 
10260 2918 2919 8171 
10261 3388 3390 3391 
10262 5003 5002 5004 
10263 3503 5710 8188 
10264 3903 4947 4969 
10265 5001 3507 8171 
10266 8115 6097 8193 
10267 3484 8230 8245 
10268 3405 3406 8153 
10269 4822 4821 8169 
10270 5704 8231 8243 
10271 5697 5696 8180 
10272 3852 3528 5002 
10273 3046 2910 4294 
10274 2900 2902 3899 
10275 8223 8113 8228 
10276 3507 2918 8171 
10277 4167 4531 4763 
10278 5721 4026 8168 
10279 5511 5509 6599 
10280 3517 3515 8177 
10281 3521 3517 8177 
10282 3761 3759 3800 
10283 5008 5010 5011 
10284 8185 3045 8201 
10285 6048 6047 6049 
10286 3535 3534 3868 
10287 8116 5628 8196 
10288 5696 8159 8180 
10289 3852 5002 5003 
10290 3437 8183 8191 
10291 5638 5716 8228 
10292 4026 2958 8168 
10293 2910 2909 2911 
10294 5008 5007 5009 
10295 5003 5006 8222 
10296 3391 3392 3393 
10297 4022 4413 8202 
10298 2903 2905 2906 
10299 3599 3896 7874 
10300 2905 2904 3080 
10301 3525 3523 8198 
10302 3515 8157 8177 
10303 8221 5710 8227 
10304 6429 7801 7802 
10305 2903 2901 2904 
10306 2908 2909 2910 
10307 6048 6052 8184 
10308 3778 3970 3972 
10309 3710 3711 3712 
10310 8010 2915 8206 
10311 3899 4025 4966 
10312 2924 8173 8214 
10313 2908 2907 2909 
10314 5574 5665 5666 
10315 3975 3763 3976 
10316 921 387 8030 
10317 5702 5701 8201 
10318 8164 3500 8186 
10319 3399 3398 3400 
10320 2915 2913 8206 
10321 8138 3497 8209 
10322 8171 2922 8214 
10323 4996 8008 8205 
10324 5704 8206 8231 
10325 3009 5713 6366 
10326 5691 5690 5693 
10327 2903 2904 2905 
10328 3448 3447 8223 
10329 8163 3412 8190 
10330 3412 3410 8190 
10331 5701 8185 8201 
10332 5010 5009 5012 
10333 8151 3502 8202 
10334 3778 3571 3970 
10335 2899 2898 3885 
10336 3400 3401 3402 
10337 5005 5346 8182 
10338 4943 4945 7985 
10339 6046 6048 8184 
10340 3457 3458 3459 
10341 5709 8151 8202 
10342 3693 3823 4299 
10343 5935 5936 7983 
10344 2961 2960 3009 
10345 4994 3393 8160 
10346 4078 3459 4079 
10347 3397 3396 3398 
10348 5690 5688 5692 
10349 4967 4025 5718 
10350 3394 3397 8160 
10351 3442 3440 8207 
10352 3506 5007 5008 
10353 3457 3456 3458 
10354 4106 4822 8209 
10355 1164 1163 1165 
10356 4971 4970 5015 
10357 8233 5714 8247 
10358 2906 2907 2908 
10359 5001 8171 8214 
10360 5011 5010 5508 
10361 3451 3448 8223 
10362 2906 2905 2907 
10363 4363 3972 4364 
10364 5708 5694 6629 
10365 6263 5005 8182 
10366 3402 3401 3506 
10367 3868 3534 5687 
10368 6048 6049 6050 
10369 3706 3903 7974 
10370 3497 4106 8209 
10371 8202 4413 8227 
10372 3754 3395 5726 
10373 8311 5733 8341 
10374 3868 5687 5688 
10375 3502 4022 8202 
10376 6630 6629 6700 
10377 8160 3499 8199 
10378 7997 8240 8262 
10379 3528 3525 8198 
10380 5719 5004 8236 
10381 5510 5723 8260 
10382 8230 5716 8245 
10383 7956 5684 8254 
10384 3410 3492 8190 
10385 3442 8207 8213 
10386 3484 3452 8230 
10387 8141 5714 8233 
10388 2911 2914 8197 
10389 3400 3398 3401 
10390 3444 3442 8213 
10391 2897 2899 2900 
10392 8209 4822 8237 
10393 4297 8172 8229 
10394 5107 5105 7747 
10395 4801 4079 4802 
10396 2913 3006 8206 
10397 5012 5625 6309 
10398 5709 8202 8227 
10399 4413 4705 8227 
10400 5008 5009 5010 
10401 5747 5743 5748 
10402 5700 5634 8218 
10403 3534 3531 8217 
10404 3393 3392 3394 
10405 5717 6046 8245 
10406 5713 8138 8209 
10407 3529 3852 8217 
10408 4966 4025 4967 
10409 3455 3454 3456 
10410 4802 6338 6339 
10411 8288 3566 8308 
10412 3899 2902 4025 
10413 3500 4026 4277 
10414 6680 4994 8199 
10415 2922 2924 8214 
10416 5108 4312 5110 
10417 3535 3868 8192 
10418 2902 2901 2903 
10419 6054 6055 6056 
10420 4294 2910 8197 
10421 2910 2911 8197 
10422 5007 3401 8203 
10423 3452 3451 8230 
10424 5728 7996 8313 
10425 8218 8113 8223 
10426 3541 3389 3563 
10427 5019 5020 8269 
10428 5706 8006 8266 
10429 8198 3779 8236 
10430 4305 5732 8154 
10431 5002 3528 8198 
10432 3404 3402 8216 
10433 3531 3529 8217 
10434 4970 8164 8186 
10435 3506 8166 8216 
10436 3391 3390 3392 
10437 4103 5256 8231 
10438 3464 3462 3465 
10439 2897 2895 2898 
10440 4127 4128 5331 
10441 3460 3461 3462 
10442 2893 2892 3890 
10443 4705 6124 8221 
10444 2899 3885 8194 
10445 2897 2898 2899 
10446 3388 3391 8174 
10447 3459 3458 3460 
10448 8168 2962 8242 
10449 6636 6634 6639 
10450 3970 3971 4304 
10451 3402 3506 8216 
10452 3385 3386 3387 
10453 4793 4364 5105 
10454 4304 4305 8154 
10455 3378 3380 3381 
10456 8018 5000 8246 
10457 3758 7982 8248 
10458 2900 2901 2902 
10459 3394 3395 3396 
10460 3455 3456 3457 
10461 3628 3889 7757 
10462 3007 4032 4127 
10463 3537 3535 8192 
10464 2900 2899 2901 
10465 3393 3394 8160 
10466 8214 8173 8229 
10467 5687 3534 8217 
10468 3407 3404 8216 
10469 8113 5638 8228 
10470 3394 3392 3395 
10471 3383 3384 3385 
10472 5713 8209 8237 
10473 3500 4277 8186 
10474 6341 3387 8174 
10475 5710 5709 8227 
10476 4436 5352 5353 
10477 3396 3395 3754 
10478 3447 8218 8223 
10479 3758 3537 8192 
10480 3759 3758 8248 
10481 3371 8378 8385 
10482 2891 2893 2894 
10483 4950 5681 7878 
10484 3067 3066 3071 
10485 6057 6056 6058 
10486 3081 3897 4949 
10487 3381 3382 3383 
10488 3957 3563 3958 
10489 3972 3970 8235 
10490 2888 2890 3081 
10491 2901 2899 8194 
10492 3957 4435 4436 
10493 2907 2905 8234 
10494 8228 5716 8230 
10495 3010 2842 3582 
10496 3955 5032 8267 
10497 3852 5003 8222 
10498 4994 8160 8199 
10499 8012 2907 8234 
10500 5105 4364 5106 
10501 2962 2964 8242 
10502 3057 3055 3066 
10503 5020 8266 8273 
10504 5353 5352 5354 
10505 3000 2999 3055 
10506 3398 3396 8203 
10507 5015 4970 8186 
10508 5009 5007 8220 
10509 3407 8216 8260 
10510 3006 4103 8231 
10511 5719 8236 8251 
10512 4295 8177 8233 
10513 8206 3006 8231 
10514 5684 8244 8254 
10515 3387 3386 3388 
10516 5000 8003 8244 
10517 5010 5012 8211 
10518 4969 5099 5762 
10519 3864 3995 3996 
10520 8269 5020 8273 
10521 2904 2901 8194 
10522 4295 8233 8247 
10523 8244 3969 8254 
10524 4167 4763 4764 
10525 5714 5715 8247 
10526 5001 8214 8229 
10527 8172 5001 8229 
10528 5681 5023 5730 
10529 2896 2897 8210 
10530 4815 4911 5396 
10531 7917 4946 7949 
10532 4435 3958 4437 
10533 2896 2895 2897 
10534 3388 3389 3390 
10535 5002 8198 8236 
10536 2900 3899 8210 
10537 2891 2889 2892 
10538 4190 4191 4815 
10539 2903 2906 8212 
10540 5012 6309 8211 
10541 4441 5704 8243 
10542 8177 8157 8233 
10543 5688 5687 8256 
10544 5508 5010 8211 
10545 6050 6051 6053 
10546 3369 3372 3373 
10547 4277 4026 4921 
10548 2902 2903 8212 
10549 3938 4037 6869 
10550 2893 3890 8204 
10551 2905 3080 8234 
10552 5716 5717 8245 
10553 3763 3761 8200 
10554 5740 5044 5741 
10555 8197 8018 8246 
10556 5004 5002 8236 
10557 3387 3388 8174 
10558 2891 2892 2893 
10559 5718 4025 8212 
10560 8157 8141 8233 
10561 2894 2893 2895 
10562 2894 2895 2896 
10563 3451 8228 8230 
10564 3046 5679 8232 
10565 5687 8222 8256 
10566 3454 3484 8263 
10567 2963 2961 8195 
10568 3082 3564 4190 
10569 4950 3897 5023 
10570 4025 2902 8212 
10571 5690 5692 8225 
10572 3541 3563 3957 
10573 8119 3544 8273 
10574 8165 4995 8251 
10575 4437 5017 5261 
10576 4277 4921 5661 
10577 5032 5033 5034 
10578 2908 3046 8261 
10579 3396 3754 8203 
10580 285 286 8110 
10581 286 930 8110 
10582 3388 3386 3389 
10583 6366 5713 8237 
10584 4294 8197 8246 
10585 3401 3398 8203 
10586 3385 3384 3386 
10587 3484 8184 8263 
10588 5726 3395 8219 
10589 5661 7654 7713 
10590 3761 3800 8200 
10591 5043 5042 5044 
10592 5681 5730 7921 
10593 4436 4435 5352 
10594 3461 3458 8283 
10595 3703 3705 3706 
10596 3008 2856 3580 
10597 2897 2900 8210 
10598 8216 8166 8260 
10599 3390 3389 3541 
10600 5087 5088 5089 
10601 3383 3382 3384 
10602 3375 3376 3377 
10603 5693 5690 8225 
10604 3715 3714 3716 
10605 3392 3390 8219 
10606 5661 4921 7654 
10607 8251 4995 8268 
10608 4364 3972 8235 
10609 7861 4949 8208 
10610 3970 4304 8235 
10611 3957 3958 4435 
10612 8236 3779 8251 
10613 4949 3897 4950 
10614 5721 8168 8242 
10615 2895 2893 8204 
10616 5020 4029 8271 
10617 3492 3408 8265 
10618 6053 6051 6054 
10619 3386 3384 8240 
10620 4950 5023 5681 
10621 8212 2906 8261 
10622 5332 5331 6350 
10623 5684 4294 8246 
10624 4296 4295 8247 
10625 3081 2890 3897 
10626 5013 8220 8249 
10627 4312 3975 8224 
10628 3381 3380 3382 
10629 7962 5680 8297 
10630 4995 5591 8268 
10631 8184 6052 8263 
10632 3976 3763 8200 
10633 5718 8212 8261 
10634 8222 5006 8256 
10635 3365 3367 3368 
10636 3779 8165 8251 
10637 4998 8205 8299 
10638 5724 8204 8257 
10639 3572 8294 8295 
10640 3563 3389 8240 
10641 4950 7878 8208 
10642 8042 917 8050 
10643 2898 2895 8204 
10644 5040 5043 8259 
10645 2890 2889 2891 
10646 5396 6420 6820 
10647 2883 2885 2886 
10648 2880 2882 3042 
10649 3572 3567 8288 
10650 4300 5049 5050 
10651 3042 4031 4035 
10652 5014 3377 8215 
10653 3975 3976 8224 
10654 3395 3392 8219 
10655 3890 4167 8257 
10656 5780 4998 8315 
10657 4127 5331 5332 
10658 2961 3009 8195 
10659 3390 3541 8219 
10660 5106 4364 8235 
10661 6054 6056 6057 
10662 8311 7884 8396 
10663 4949 4950 8208 
10664 3800 3759 8248 
10665 4297 8229 8269 
10666 2886 8001 8272 
10667 3373 3374 3375 
10668 2883 2881 2884 
10669 5719 8251 8268 
10670 5692 5688 8256 
10671 8294 5729 8295 
10672 3664 3666 7971 
10673 2888 2889 2890 
10674 2888 2887 2889 
10675 4029 5021 8271 
10676 3464 3465 3466 
10677 8229 8173 8269 
10678 5110 4312 8224 
10679 3713 3712 3714 
10680 3378 3381 8215 
10681 2885 2884 3007 
10682 2883 2884 2885 
10683 3382 3380 3755 
10684 3746 3743 7978 
10685 5831 6769 7791 
10686 8204 3890 8257 
10687 3377 3376 3378 
10688 2906 2908 8261 
10689 5706 8266 8271 
10690 8166 5510 8260 
10691 2964 2963 2965 
10692 8041 8044 8049 
10693 2964 2965 2966 
10694 2886 2887 2888 
10695 4289 7962 8297 
10696 8006 8119 8266 
10697 2886 2885 2887 
10698 4167 4764 8257 
10699 3715 3716 3828 
10700 5711 8134 8294 
10701 2872 2874 3573 
10702 3389 3386 8240 
10703 5720 5719 8268 
10704 8260 5723 8265 
10705 8271 5021 8286 
10706 8263 6052 8283 
10707 3408 3407 8265 
10708 4983 8017 8295 
10709 4035 4031 5680 
10710 5731 8305 8310 
10711 3901 5706 8286 
10712 8114 8300 8304 
10713 8173 5019 8269 
10714 2891 2894 8253 
10715 3375 3374 3376 
10716 3544 4297 8273 
10717 3378 3379 3380 
10718 4297 8269 8273 
10719 8114 3901 8300 
10720 3456 3454 8263 
10721 8266 5020 8271 
10722 5023 3897 8253 
10723 3359 3361 3362 
10724 4037 2864 8275 
10725 3461 8283 8296 
10726 3377 3378 8215 
10727 5582 5584 5585 
10728 3709 3708 3710 
10729 5711 8288 8308 
10730 6319 7146 9765 
10731 3362 3363 3364 
10732 3713 3715 3991 
10733 3730 3732 4282 
10734 2882 2881 2883 
10735 7914 4935 8457 
10736 5706 8271 8286 
10737 3042 2882 4031 
10738 3713 3714 3715 
10739 284 285 8078 
10740 747 284 8078 
10741 3378 3376 3379 
10742 2890 2891 8253 
10743 2875 2877 2878 
10744 3957 4436 8280 
10745 3897 2890 8253 
10746 2875 2873 2876 
10747 3373 3372 3374 
10748 8310 4971 8331 
10749 2877 2876 3082 
10750 3492 8265 8299 
10751 8253 2894 8290 
10752 3573 4033 4043 
10753 3592 3591 3593 
10754 7943 4953 7945 
10755 2871 2870 6423 
10756 4615 4158 4824 
10757 4079 3459 8238 
10758 3710 3712 3713 
10759 3459 3460 8238 
10760 4190 4815 5035 
10761 2880 2881 2882 
10762 5023 8253 8290 
10763 3374 3372 3575 
10764 2875 2876 2877 
10765 8232 7953 8301 
10766 3407 8260 8265 
10767 5722 8284 8312 
10768 5016 7997 8282 
10769 3474 3472 3475 
10770 4043 4046 5078 
10771 3384 3382 8262 
10772 4998 8299 8315 
10773 3368 3367 3369 
10774 4987 7951 8332 
10775 2967 2965 2968 
10776 8210 4987 8307 
10777 8240 3384 8262 
10778 4291 5046 5047 
10779 5726 8219 8280 
10780 7971 3684 8454 
10781 3456 8263 8283 
10782 8219 3541 8280 
10783 8000 2887 8284 
10784 8296 6053 8309 
10785 2880 2879 2881 
10786 2878 2877 2879 
10787 2887 2885 8284 
10788 2866 2868 3581 
10789 6050 6053 8296 
10790 4802 4079 5030 
10791 3458 3456 8283 
10792 3465 3462 8309 
10793 3900 8114 8304 
10794 3707 3706 3708 
10795 5032 5027 5033 
10796 5082 5083 5084 
10797 4960 3746 7978 
10798 8016 3900 8306 
10799 3900 8304 8306 
10800 5741 5742 5743 
10801 3349 3351 3352 
10802 5729 5697 8305 
10803 8180 4971 8310 
10804 4788 4789 5581 
10805 3984 4290 4291 
10806 5748 5743 6349 
10807 4046 4033 5733 
10808 7944 2968 8390 
10809 5021 5702 8286 
10810 3541 3957 8280 
10811 3707 3709 3955 
10812 3369 3371 3372 
10813 3566 8016 8308 
10814 2878 2879 2880 
10815 3567 3566 8288 
10816 8016 8306 8308 
10817 3382 3755 8262 
10818 5730 5023 8290 
10819 5050 5356 5357 
10820 3722 3904 7933 
10821 3572 8288 8294 
10822 6058 6061 6062 
10823 3901 8286 8300 
10824 3708 3706 7974 
10825 5625 5013 8337 
10826 3364 3363 3365 
10827 3573 2874 4033 
10828 3574 4038 4922 
10829 8265 5723 8299 
10830 8283 6052 8296 
10831 8288 5711 8294 
10832 2883 2886 8272 
10833 5503 5505 5506 
10834 7793 4931 7876 
10835 8134 5729 8294 
10836 4966 4967 8320 
10837 4647 4170 4790 
10838 3369 3367 3371 
10839 2882 2883 8272 
10840 3713 3991 8285 
10841 3707 3708 3709 
10842 2885 3007 8284 
10843 3356 3357 3358 
10844 3955 5026 5027 
10845 8078 285 8110 
10846 4802 5030 6338 
10847 8017 3572 8295 
10848 5040 5041 5042 
10849 6052 6050 8296 
10850 2874 2873 2875 
10851 2869 2871 2872 
10852 5078 4046 5112 
10853 2894 2896 8290 
10854 8291 5031 8303 
10855 5728 8336 8347 
10856 2996 2993 2999 
10857 2869 2867 2870 
10858 5027 5026 5028 
10859 4544 5062 8289 
10860 3379 3376 8329 
10861 4031 2882 8272 
10862 4436 5353 8316 
10863 8001 5022 8325 
10864 4043 4033 4046 
10865 745 8075 8076 
10866 3955 3709 5026 
10867 8300 8189 8304 
10868 3362 3361 3363 
10869 5743 5742 8258 
10870 5034 5033 6713 
10871 5741 5044 5742 
10872 2871 6423 8274 
10873 3460 3462 3463 
10874 3461 8296 8309 
10875 2872 2873 2874 
10876 3715 3828 8276 
10877 3565 3360 5036 
10878 6062 6061 6063 
10879 2970 2971 2972 
10880 3755 3380 8314 
10881 3702 3701 3703 
10882 3365 3366 3367 
10883 2865 2864 3938 
10884 3703 3706 3707 
10885 3991 3715 8276 
10886 8205 3492 8299 
10887 7951 4968 8345 
10888 5702 8189 8300 
10889 2966 2965 2967 
10890 3008 3580 4160 
10891 4127 5332 8312 
10892 3632 3629 8433 
10893 2872 2871 2873 
10894 6379 4128 8347 
10895 3467 3469 3865 
10896 5730 8290 8307 
10897 3467 3466 3468 
10898 2869 2870 2871 
10899 5037 5036 5038 
10900 3711 7974 8302 
10901 3710 3713 8285 
10902 4302 5061 5077 
10903 4967 5718 8301 
10904 6713 5033 6714 
10905 3709 3710 8285 
10906 3053 2980 5673 
10907 8286 5702 8300 
10908 5039 5038 5063 
10909 5678 3358 8250 
10910 3481 3466 8349 
10911 5543 6710 7448 
10912 3359 3362 8250 
10913 3691 4301 4302 
10914 5718 8232 8301 
10915 5731 8310 8331 
10916 2967 2969 2970 
10917 2863 2865 2866 
10918 6033 6032 6034 
10919 6349 5743 8258 
10920 3365 3363 3366 
10921 8332 7951 8345 
10922 8304 5029 8306 
10923 8290 2896 8307 
10924 3997 3863 8324 
10925 5728 8313 8336 
10926 3642 3880 7684 
10927 3464 3466 3467 
10928 3352 3353 3354 
10929 3354 3355 3356 
10930 2989 2988 2993 
10931 5029 5025 8306 
10932 8280 4436 8316 
10933 3734 3731 7957 
10934 3625 3626 3627 
10935 5503 5506 8383 
10936 8189 5029 8304 
10937 3912 3302 3937 
10938 8306 5025 8308 
10939 5030 4079 8238 
10940 5037 5039 5040 
10941 3463 3462 3464 
10942 5543 5041 6710 
10943 339 340 8067 
10944 340 765 8067 
10945 5025 5711 8308 
10946 4747 4096 7952 
10947 3052 5092 5093 
10948 8046 8050 8051 
10949 8295 5729 8305 
10950 3702 3703 8267 
10951 3011 2828 3689 
10952 6064 6066 6069 
10953 5697 8180 8310 
10954 7996 2879 8313 
10955 2879 2877 8313 
10956 2873 2871 8274 
10957 8299 5723 8315 
10958 3594 3597 3598 
10959 2872 3573 8291 
10960 5042 5041 5543 
10961 2876 2873 8274 
10962 4983 8295 8305 
10963 3358 3357 3359 
10964 5726 8280 8316 
10965 2896 8210 8307 
10966 2866 3581 8335 
10967 3700 3702 4060 
10968 5723 5511 8315 
10969 3700 3699 3701 
10970 3462 3461 8309 
10971 3703 3707 8267 
10972 2860 2862 3052 
10973 8046 8042 8050 
10974 4045 4224 4225 
10975 5067 5068 5069 
10976 4282 5664 5668 
10977 3007 4127 8312 
10978 4299 3823 4300 
10979 3345 3347 3348 
10980 2875 2878 8287 
10981 3380 3379 8314 
10982 1931 4460 8895 
10983 8284 3007 8312 
10984 2967 2968 2969 
10985 3707 3955 8267 
10986 5026 3709 8285 
10987 2874 2875 8287 
10988 5036 3360 8340 
10989 5044 5042 8293 
10990 3767 7920 8464 
10991 7974 4969 8302 
10992 2868 2869 8291 
10993 8343 6057 8349 
10994 3698 3697 3699 
10995 2866 2865 2867 
10996 8249 5726 8316 
10997 3603 3604 3605 
10998 5040 5039 5041 
10999 3042 4035 8311 
11000 3460 3463 8238 
11001 5047 5086 5087 
11002 7882 5583 7935 
11003 3615 3613 8398 
11004 4033 2874 8287 
11005 5733 4033 8287 
11006 2877 3082 8313 
11007 3356 3355 3357 
11008 3013 2814 3704 
11009 5587 5588 6129 
11010 5732 5731 8331 
11011 2868 2867 2869 
11012 5027 5028 8292 
11013 3359 3360 3361 
11014 3471 3473 6083 
11015 4969 5762 8302 
11016 3358 3359 8250 
11017 3469 3468 3470 
11018 7889 7890 7891 
11019 7951 4966 8320 
11020 3581 2868 8303 
11021 3376 3374 8329 
11022 2863 2864 2865 
11023 4056 4727 4733 
11024 2863 2861 2864 
11025 2866 2867 2868 
11026 5043 5740 8364 
11027 3700 3701 3702 
11028 8305 5697 8310 
11029 4544 4688 4816 
11030 5052 4160 5053 
11031 6054 6057 8343 
11032 8272 8001 8325 
11033 3565 5036 5037 
11034 2869 2872 8291 
11035 3782 3863 3864 
11036 2880 3042 8341 
11037 4031 8272 8325 
11038 3687 3721 3722 
11039 8316 5353 8337 
11040 8285 3991 8327 
11041 5024 7676 8499 
11042 3835 4053 4056 
11043 5042 5543 8293 
11044 3359 3357 3360 
11045 5033 5027 8292 
11046 3463 3464 8298 
11047 3352 3351 3353 
11048 3467 3468 3469 
11049 3354 3353 3355 
11050 8307 4987 8332 
11051 3696 3698 3886 
11052 5037 5038 5039 
11053 2970 2969 2971 
11054 5050 5049 5356 
11055 3361 3360 3565 
11056 5681 7921 8350 
11057 4816 6706 7697 
11058 4190 5035 8336 
11059 5831 7791 8279 
11060 3490 3350 3577 
11061 8287 2878 8341 
11062 2855 2857 2858 
11063 4279 4278 5658 
11064 5742 5044 8293 
11065 4939 5831 8279 
11066 3698 3699 3700 
11067 3696 3695 3697 
11068 3694 3692 3695 
11069 3853 5065 5067 
11070 6064 6063 6065 
11071 3902 3697 8367 
11072 8252 5024 8499 
11073 5948 4934 7854 
11074 3480 3765 3766 
11075 6714 5033 8292 
11076 5680 4031 8325 
11077 5026 8285 8327 
11078 4148 4096 4747 
11079 3345 3348 8351 
11080 5938 7932 8333 
11081 3374 3575 8329 
11082 3467 3865 8298 
11083 4971 5015 8331 
11084 6066 6065 6067 
11085 5052 5053 5059 
11086 3052 2862 5092 
11087 2868 8291 8303 
11088 5730 8307 8332 
11089 5733 8287 8341 
11090 3590 3587 3595 
11091 7921 5730 8332 
11092 3363 3361 8330 
11093 3849 5080 5082 
11094 3464 3467 8298 
11095 8249 8316 8337 
11096 3008 4160 5052 
11097 4178 4676 5460 
11098 4940 3734 7957 
11099 3696 3697 3698 
11100 6062 6063 6064 
11101 2851 2850 6518 
11102 2855 2853 2856 
11103 3335 3337 3338 
11104 2862 2861 2863 
11105 8267 5032 8317 
11106 5357 5356 5413 
11107 7891 7892 7893 
11108 5585 5586 5587 
11109 2858 2857 2859 
11110 221 745 8076 
11111 2860 2859 2861 
11112 5028 5026 8327 
11113 3565 8259 8330 
11114 2858 2859 2860 
11115 2860 2861 2862 
11116 3702 8267 8317 
11117 3355 3353 3576 
11118 4060 3702 8317 
11119 3465 8309 8343 
11120 3082 4190 8336 
11121 3947 4543 4544 
11122 2857 2856 3008 
11123 8378 5740 8385 
11124 3366 8330 8364 
11125 3342 3343 3344 
11126 8313 3082 8336 
11127 4922 4038 4923 
11128 3596 3595 3691 
11129 3366 3363 8330 
11130 5039 5063 8319 
11131 5460 6559 7412 
11132 4302 5077 5727 
11133 3947 3577 3992 
11134 3596 3692 3693 
11135 8309 6053 8343 
11136 5013 8249 8337 
11137 6053 6054 8343 
11138 2855 2856 2857 
11139 3361 3565 8330 
11140 7899 7900 7901 
11141 8342 5727 8367 
11142 7921 8332 8345 
11143 3695 8342 8367 
11144 6710 5041 8319 
11145 3478 3479 3480 
11146 8363 6062 8386 
11147 3010 3582 4178 
11148 6706 4688 6707 
11149 4816 4688 6706 
11150 3348 3347 3349 
11151 338 339 929 
11152 3465 8343 8349 
11153 3340 3341 3342 
11154 3574 2972 4038 
11155 2975 2974 3012 
11156 3477 3834 3835 
11157 3694 3695 3696 
11158 3469 3470 3471 
11159 3693 3694 3823 
11160 1083 1084 1085 
11161 3617 3618 3619 
11162 3331 3333 3334 
11163 2878 2880 8341 
11164 6064 6065 6066 
11165 8239 7940 8368 
11166 4128 5728 8347 
11167 4543 3992 4788 
11168 4300 5048 5049 
11169 5038 5036 8334 
11170 5049 5048 5051 
11171 6058 6062 8363 
11172 3474 3475 3476 
11173 2983 2982 6042 
11174 7889 5739 7890 
11175 3594 3593 3597 
11176 4300 3823 5048 
11177 4544 4543 4688 
11178 3347 3346 8323 
11179 5041 5039 8319 
11180 8457 7730 8512 
11181 8275 2859 8322 
11182 3349 3350 3351 
11183 5796 5793 5797 
11184 4132 2518 4134 
11185 3693 3692 3694 
11186 3351 3350 3490 
11187 3700 4060 8328 
11188 3596 3691 3692 
11189 3662 3663 3664 
11190 5741 5747 8385 
11191 3490 3577 3947 
11192 2846 2848 3047 
11193 2849 2851 2852 
11194 3865 3469 8338 
11195 3984 3727 4290 
11196 3684 7915 8490 
11197 4040 3872 4041 
11198 4158 3911 5045 
11199 5659 5658 7703 
11200 3590 3595 3596 
11201 2859 2857 8322 
11202 3682 3678 8382 
11203 4667 4173 4817 
11204 2863 2866 8335 
11205 8330 8259 8364 
11206 7878 5681 8350 
11207 3886 3698 8328 
11208 5069 6164 6165 
11209 3586 3587 3588 
11210 3466 3465 8349 
11211 3668 3669 3670 
11212 2854 2853 2855 
11213 2849 2847 2850 
11214 3588 3587 3590 
11215 4359 4113 4360 
11216 5030 8238 8339 
11217 3471 6083 8338 
11218 290 291 936 
11219 7882 3346 8401 
11220 3698 3700 8328 
11221 3481 8349 8363 
11222 5582 5585 8365 
11223 4272 4271 5619 
11224 3338 3339 3340 
11225 3012 4096 4148 
11226 2851 6518 8326 
11227 2857 3008 8322 
11228 3344 3343 3345 
11229 3470 8400 8412 
11230 3463 8298 8339 
11231 2849 2850 2851 
11232 3585 3583 5058 
11233 3345 3346 3347 
11234 3490 8289 8353 
11235 4788 5581 7738 
11236 3695 3692 8342 
11237 3349 3347 3350 
11238 3584 3585 3586 
11239 2862 2863 8335 
11240 8238 3463 8339 
11241 3691 4302 8342 
11242 5092 2862 8335 
11243 7899 7897 7900 
11244 2852 2853 2854 
11245 3047 3583 3584 
11246 3477 3835 8371 
11247 5792 5791 5793 
11248 3947 3992 4543 
11249 3586 3585 3587 
11250 3357 3355 8340 
11251 2852 2851 2853 
11252 3611 3609 3612 
11253 7961 3728 8361 
11254 3342 3341 3343 
11255 5586 5584 8420 
11256 3353 3351 8353 
11257 3730 4282 8361 
11258 3351 3490 8353 
11259 3618 3615 8398 
11260 3360 3357 8340 
11261 3671 3673 3675 
11262 3603 3600 3604 
11263 3728 3730 8361 
11264 5784 5507 5785 
11265 2984 2985 2986 
11266 2973 2971 2974 
11267 7891 7890 7892 
11268 3371 3367 8378 
11269 3345 3343 3346 
11270 3471 3470 3472 
11271 6083 3473 8356 
11272 6057 6058 8363 
11273 5316 5318 5319 
11274 7939 5738 8427 
11275 5736 8382 8395 
11276 3781 3978 5750 
11277 929 339 8067 
11278 3988 7933 8372 
11279 2981 2979 2982 
11280 2619 2487 4517 
11281 3008 5052 8322 
11282 2987 2985 2988 
11283 3598 3597 3859 
11284 3577 3350 8323 
11285 5788 5787 5789 
11286 2965 2963 8390 
11287 2987 2990 8360 
11288 3692 3691 8342 
11289 5109 5763 8402 
11290 2987 2989 2990 
11291 1673 1672 1674 
11292 4291 4290 5046 
11293 3696 3886 8344 
11294 6401 795 9901 
11295 3607 3605 3772 
11296 3350 3347 8323 
11297 4302 5727 8342 
11298 3798 3722 7933 
11299 3355 3576 8340 
11300 3340 3339 3341 
11301 3481 8363 8386 
11302 2853 2851 8326 
11303 5790 5789 5791 
11304 4148 4747 6229 
11305 2981 2983 2984 
11306 3469 3471 8338 
11307 3823 3694 8344 
11308 3664 3665 3666 
11309 3584 3583 3585 
11310 1092 1091 1095 
11311 4056 4053 4727 
11312 3590 8239 8368 
11313 3694 3696 8344 
11314 6064 6069 8386 
11315 3658 3656 5054 
11316 3576 3353 8353 
11317 2856 2853 8326 
11318 2976 2977 2978 
11319 4934 3997 8324 
11320 3372 3371 8391 
11321 4282 5668 5735 
11322 5581 5582 8365 
11323 3666 3667 3668 
11324 3662 3660 3663 
11325 3835 3834 4053 
11326 5133 5132 5134 
11327 3597 3593 3601 
11328 2822 2819 8581 
11329 7901 7900 7902 
11330 4044 3996 4045 
11331 8349 6057 8363 
11332 2848 2847 2849 
11333 5048 3823 8344 
11334 3649 7773 7838 
11335 2978 2979 2980 
11336 3047 2848 3583 
11337 3631 3632 3633 
11338 8425 2854 8437 
11339 4923 4038 5737 
11340 5773 4360 5774 
11341 3367 3366 8378 
11342 2973 2975 2976 
11343 3338 3337 3339 
11344 3595 3587 8359 
11345 6707 4688 8352 
11346 3933 3330 8388 
11347 4204 4675 5492 
11348 3911 3344 8351 
11349 2843 2842 3010 
11350 3018 3019 3020 
11351 5585 5587 6013 
11352 2978 3053 8421 
11353 3344 3345 8351 
11354 2329 4193 4195 
11355 3662 3664 8395 
11356 8259 5043 8364 
11357 2972 2971 2973 
11358 5585 6013 8365 
11359 3781 3766 3782 
11360 3471 3472 3473 
11361 4788 7738 8352 
11362 4543 4788 8352 
11363 5047 5046 5086 
11364 8364 5740 8378 
11365 2841 2839 2842 
11366 5777 5776 5778 
11367 3588 3590 8368 
11368 7854 4934 8324 
11369 3494 2988 8387 
11370 2841 2843 2844 
11371 3477 3476 3478 
11372 3334 3333 3335 
11373 5089 5088 5090 
11374 3480 3766 3781 
11375 5673 2980 8348 
11376 5112 4046 8396 
11377 3697 3695 8367 
11378 2846 2847 2848 
11379 3601 8397 8427 
11380 4688 4543 8352 
11381 3591 3588 8368 
11382 4110 3989 4111 
11383 3010 4178 5923 
11384 5060 5989 5990 
11385 3321 3323 3324 
11386 2837 2836 6558 
11387 8431 5748 8439 
11388 3727 3682 8382 
11389 7707 8569 9767 
11390 3797 3722 3798 
11391 3473 3472 3474 
11392 3012 4148 8394 
11393 3100 3110 3111 
11394 5573 5090 5574 
11395 4727 4053 4728 
11396 5045 3911 8351 
11397 3074 3098 3100 
11398 4282 5735 8361 
11399 4044 4238 5060 
11400 6502 5598 6692 
11401 5087 5086 5088 
11402 3474 3476 3477 
11403 2844 2843 2845 
11404 8322 5052 8392 
11405 3328 3329 3330 
11406 3864 3996 4044 
11407 5532 4409 6098 
11408 5750 3978 5751 
11409 5506 5505 5507 
11410 2981 2984 8348 
11411 3986 3798 3987 
11412 2846 2845 2847 
11413 8482 7950 8483 
11414 5046 4290 5736 
11415 3470 3468 8400 
11416 3575 3372 8391 
11417 3587 3585 8359 
11418 3011 3689 4204 
11419 6014 4728 6201 
11420 4319 4281 4320 
11421 3335 3336 3337 
11422 3585 5058 8359 
11423 4727 4728 6014 
11424 2841 2842 2843 
11425 2981 2982 2983 
11426 7984 5939 8441 
11427 2844 2845 2846 
11428 5740 5741 8385 
11429 2844 7999 8369 
11430 2987 2988 2989 
11431 4733 4727 8374 
11432 3477 3478 3834 
11433 5620 5619 7576 
11434 8275 8322 8392 
11435 2989 2993 2996 
11436 2984 2983 2985 
11437 3600 3598 8358 
11438 5057 3933 8388 
11439 3000 3055 3057 
11440 4401 3984 8426 
11441 4666 4171 4904 
11442 3613 3612 3853 
11443 4170 3933 5057 
11444 2996 2999 3000 
11445 335 336 786 
11446 3598 3859 8358 
11447 3366 8364 8378 
11448 4181 6601 8528 
11449 292 293 801 
11450 2849 2852 8362 
11451 10029 6212 10459 
11452 2973 2974 2975 
11453 3324 3325 3326 
11454 3122 3134 3154 
11455 4225 5132 5133 
11456 861 7817 7818 
11457 3326 3327 3328 
11458 5084 5984 5985 
11459 4037 8275 8392 
11460 2963 8195 8390 
11461 3781 3782 3978 
11462 3335 3333 3336 
11463 3057 3066 3067 
11464 3678 3662 8395 
11465 2848 2849 8362 
11466 3067 3071 3074 
11467 2835 2837 2838 
11468 3154 3162 3776 
11469 3305 3307 3308 
11470 3776 3850 3883 
11471 7818 7819 7820 
11472 1703 1702 1704 
11473 3475 3472 8412 
11474 4951 5125 8372 
11475 2976 2975 2977 
11476 5058 3583 8362 
11477 3317 3319 3320 
11478 3339 3337 3370 
11479 7729 5675 7730 
11480 1096 1095 1097 
11481 5067 5065 5068 
11482 3604 3600 8358 
11483 3111 3118 3122 
11484 3330 3329 3331 
11485 4212 4209 8701 
11486 8385 5747 8391 
11487 3371 8385 8391 
11488 6062 6064 8386 
11489 3331 3334 8388 
11490 4430 5496 8393 
11491 4290 3727 8382 
11492 6035 6034 6036 
11493 3583 2848 8362 
11494 5498 5497 5499 
11495 4298 5674 7650 
11496 5500 5499 5501 
11497 3331 3332 3333 
11498 4122 5100 5160 
11499 293 294 8366 
11500 2837 6558 8357 
11501 5502 5501 5503 
11502 3645 3643 3646 
11503 4044 4045 4238 
11504 5747 5748 8431 
11505 8400 6069 8412 
11506 3621 3619 3801 
11507 3478 3480 8370 
11508 5060 4238 5989 
11509 5621 5072 5622 
11510 3781 5750 8370 
11511 5069 5068 6164 
11512 5757 5061 8437 
11513 5733 8311 8396 
11514 1160 1162 1447 
11515 3617 3615 3618 
11516 2975 3012 8394 
11517 3686 3681 3687 
11518 1098 1097 1099 
11519 5052 5059 8392 
11520 2832 2834 3049 
11521 3680 3677 3681 
11522 3607 3772 8409 
11523 3853 5067 8398 
11524 4038 2972 8375 
11525 2978 2977 2979 
11526 2173 2172 2466 
11527 3049 3895 4278 
11528 3014 2800 3719 
11529 4259 4258 5561 
11530 5674 5073 5675 
11531 6167 6165 8270 
11532 4080 3924 4157 
11533 1100 1099 1102 
11534 5797 5793 5798 
11535 7933 4951 8372 
11536 2840 2841 8369 
11537 3656 2986 8360 
11538 5133 5971 5972 
11539 8368 7940 8397 
11540 3317 3320 8432 
11541 333 334 945 
11542 294 295 944 
11543 3639 3640 3641 
11544 8397 7940 8427 
11545 4298 3895 5073 
11546 3676 3674 3677 
11547 2986 2985 2987 
11548 2980 2979 2981 
11549 3346 3343 8401 
11550 2835 2833 2836 
11551 3987 3989 4110 
11552 2838 2837 2839 
11553 4111 4113 4359 
11554 4472 4471 4473 
11555 3331 3329 3332 
11556 4528 4752 5521 
11557 5737 8375 8421 
11558 1701 1700 1702 
11559 3601 3593 8397 
11560 5221 6567 6568 
11561 3834 3478 8370 
11562 3468 3481 8400 
11563 3782 3864 8381 
11564 1434 1430 8462 
11565 2840 2839 2841 
11566 2835 2836 2837 
11567 4046 5733 8396 
11568 2980 2981 8348 
11569 5674 5675 7729 
11570 3343 3341 8401 
11571 5133 5134 5971 
11572 8375 2976 8421 
11573 7965 8425 8437 
11574 8356 3473 8371 
11575 5496 5495 5497 
11576 1093 1089 7824 
11577 7931 2977 8394 
11578 2841 2844 8369 
11579 332 333 8376 
11580 295 296 8379 
11581 5939 5938 8439 
11582 3673 3672 3674 
11583 2467 2466 4679 
11584 6043 7931 8445 
11585 3664 3663 3665 
11586 3591 8368 8397 
11587 3480 3781 8370 
11588 7884 5109 8402 
11589 5326 5327 8521 
11590 3000 3057 3058 
11591 8289 5062 8418 
11592 3687 3722 3797 
11593 2838 2839 2840 
11594 8386 6069 8400 
11595 2972 2973 8375 
11596 2973 2976 8375 
11597 3330 3331 8388 
11598 4727 6014 8374 
11599 3593 3591 8397 
11600 7866 3663 8446 
11601 5574 5090 5575 
11602 3473 3474 8371 
11603 2839 2837 8357 
11604 3883 3990 4144 
11605 5736 4290 8382 
11606 5574 5575 5665 
11607 3013 3704 5221 
11608 4378 2490 5576 
11609 614 615 705 
11610 8418 5062 8438 
11611 8361 5735 8419 
11612 3474 3477 8371 
11613 5063 5038 8438 
11614 6165 6164 6480 
11615 5903 8587 8588 
11616 3670 3669 3671 
11617 3328 3327 3329 
11618 8497 3828 8573 
11619 331 332 823 
11620 296 297 828 
11621 4278 3895 4298 
11622 1755 1802 8834 
11623 1891 1929 1930 
11624 3671 3669 3672 
11625 3905 3284 3924 
11626 3326 3325 3327 
11627 3667 3665 4039 
11628 3625 3623 3626 
11629 3481 8386 8400 
11630 3680 3686 3688 
11631 4298 5073 5674 
11632 3978 3782 8381 
11633 3953 7867 8429 
11634 4044 5060 8381 
11635 4062 4061 8461 
11636 3341 3339 8405 
11637 5054 3656 8360 
11638 6164 5068 6168 
11639 3666 3665 3667 
11640 3688 3871 3872 
11641 7961 8361 8419 
11642 2842 2839 8357 
11643 3324 3323 3325 
11644 3797 3798 3986 
11645 3797 3986 5071 
11646 7920 8434 8464 
11647 4141 4142 4416 
11648 5737 4038 8375 
11649 3864 4044 8381 
11650 1930 2069 2070 
11651 4359 4360 5773 
11652 3668 3667 3669 
11653 5774 5776 5777 
11654 2827 2829 2830 
11655 3049 2834 3895 
11656 5658 4278 8373 
11657 5665 5575 5761 
11658 5785 5786 5787 
11659 4045 4225 8389 
11660 5791 5789 6116 
11661 5071 5072 5085 
11662 3853 3612 5064 
11663 5884 6288 8599 
11664 5065 5064 5066 
11665 2986 2987 8360 
11666 5085 5621 6538 
11667 4816 7697 8447 
11668 3853 5064 5065 
11669 1321 1322 1325 
11670 3671 3672 3673 
11671 3314 3315 3316 
11672 4119 2621 4591 
11673 2852 2854 8425 
11674 8401 3341 8405 
11675 2827 2825 2828 
11676 4057 4041 4322 
11677 4144 4454 5126 
11678 3052 5093 8476 
11679 3609 3607 8409 
11680 3074 3100 3101 
11681 3680 3681 3686 
11682 3676 3677 3680 
11683 3601 7888 8460 
11684 5584 5683 8420 
11685 3849 5082 8433 
11686 1822 1866 1867 
11687 7960 8488 8491 
11688 2611 4757 7621 
11689 2834 2833 2835 
11690 4238 4045 8389 
11691 5320 5318 8684 
11692 1407 1405 1419 
11693 2832 2831 2833 
11694 2829 2828 3011 
11695 3986 3987 8413 
11696 5082 5080 5083 
11697 3576 8353 8418 
11698 3339 3370 8405 
11699 1453 1452 1520 
11700 3325 3323 3486 
11701 2830 2829 2831 
11702 3673 3674 3676 
11703 3011 4204 5949 
11704 2977 2975 8394 
11705 2832 2833 2834 
11706 5126 5467 6084 
11707 3688 3686 3871 
11708 2488 2489 4677 
11709 3320 3319 3321 
11710 2830 2831 2832 
11711 3015 2786 3724 
11712 5071 3986 5072 
11713 6734 2275 9699 
11714 4728 4053 8424 
11715 8334 3576 8418 
11716 4298 7650 8373 
11717 3872 3871 4232 
11718 5476 4583 6196 
11719 4660 4661 5315 
11720 4278 4298 8373 
11721 4678 6245 7653 
11722 6165 6480 8270 
11723 5085 5072 5621 
11724 2827 2828 2829 
11725 7965 5058 8425 
11726 5939 8439 8441 
11727 3834 8370 8424 
11728 4359 5773 6180 
11729 8362 2852 8425 
11730 1416 1415 1452 
11731 8353 8289 8418 
11732 3613 3853 8398 
11733 5785 5507 5786 
11734 4225 5133 8389 
11735 3472 3470 8412 
11736 5483 4121 5484 
11737 5204 5205 5206 
11738 8333 8431 8439 
11739 8334 8418 8438 
11740 8468 5085 8472 
11741 5777 5778 6355 
11742 960 9796 10160 
11743 3631 3629 3632 
11744 5787 5786 5946 
11745 7940 7939 8427 
11746 6799 5618 6800 
11747 8531 7755 8538 
11748 5058 8362 8425 
11749 801 293 8366 
11750 3978 8381 8430 
11751 7908 7961 8419 
11752 5981 4401 8426 
11753 3797 5071 8417 
11754 5060 5990 8430 
11755 4948 7917 8482 
11756 5562 5561 7218 
11757 5133 5972 8389 
11758 2976 2978 8421 
11759 8394 4148 8445 
11760 8370 5750 8424 
11761 3612 3609 8409 
11762 5789 5787 8404 
11763 3627 3626 3849 
11764 5204 4066 5205 
11765 328 329 877 
11766 3876 4108 4693 
11767 6568 6813 6815 
11768 8476 5093 8483 
11769 6180 5773 6760 
11770 4173 3936 5070 
11771 3575 8391 8431 
11772 8255 3943 9450 
11773 3321 3322 3323 
11774 3122 3154 3155 
11775 1574 1527 1575 
11776 3370 3337 8442 
11777 294 944 8366 
11778 4053 3834 8424 
11779 3987 4110 8413 
11780 5503 5504 5505 
11781 3308 3309 3310 
11782 3658 5054 8446 
11783 5736 7971 8454 
11784 5068 5065 8399 
11785 5065 5066 8399 
11786 5093 8482 8483 
11787 5863 5886 8659 
11788 3776 3883 3884 
11789 5063 8438 8447 
11790 2854 2855 8450 
11791 1463 1465 1466 
11792 5622 5072 8413 
11793 8333 3575 8431 
11794 4041 3872 8406 
11795 6031 6030 6032 
11796 3663 3660 8446 
11797 8391 5747 8431 
11798 8381 5060 8430 
11799 3316 3315 3317 
11800 3310 3311 3312 
11801 4061 4057 8408 
11802 6069 6066 8434 
11803 2404 2589 7683 
11804 3312 3313 3314 
11805 5073 3895 8411 
11806 3687 3797 8417 
11807 4728 8424 8451 
11808 2835 2838 8411 
11809 2821 2823 2824 
11810 2821 2819 2822 
11811 2855 2858 8450 
11812 4238 8389 8443 
11813 2860 3052 8471 
11814 3317 3318 3319 
11815 1947 1949 2352 
11816 3321 3319 3322 
11817 2826 2825 2827 
11818 3686 3687 8417 
11819 5123 4607 5124 
11820 5278 5097 6306 
11821 6168 5068 8399 
11822 333 945 8376 
11823 944 295 8379 
11824 5671 5094 5672 
11825 4307 5671 7420 
11826 4991 8188 8480 
11827 8457 4935 8467 
11828 1110 1112 1423 
11829 5200 4580 6207 
11830 8490 7915 8502 
11831 5710 8221 8480 
11832 5072 3986 8413 
11833 5880 5890 5897 
11834 2235 1017 7751 
11835 5503 5501 5504 
11836 2818 2820 3043 
11837 4000 4439 4440 
11838 8631 5764 8666 
11839 5507 5505 8407 
11840 5046 5736 8454 
11841 3597 3601 8460 
11842 3635 3633 3829 
11843 5064 3612 8409 
11844 5787 5946 8404 
11845 5751 3978 8430 
11846 1107 1105 1134 
11847 4307 3892 5094 
11848 3672 3669 8423 
11849 5061 7965 8437 
11850 3872 4232 8406 
11851 298 299 946 
11852 6291 5504 6417 
11853 3895 2834 8411 
11854 2821 2822 2823 
11855 5084 5083 5984 
11856 8450 2858 8471 
11857 3317 3315 3318 
11858 3618 7913 8473 
11859 5206 6505 6622 
11860 2834 2835 8411 
11861 3043 3892 4271 
11862 3667 4039 8423 
11863 8491 3581 8522 
11864 823 332 8376 
11865 296 828 8379 
11866 6116 5789 8404 
11867 6201 4728 8451 
11868 3475 8412 8434 
11869 5938 8333 8439 
11870 7676 7966 8499 
11871 5748 6349 8441 
11872 2824 2825 2826 
11873 1521 1520 1554 
11874 3660 3658 8446 
11875 4219 4221 5600 
11876 4916 3878 4917 
11877 3337 3336 8442 
11878 5038 8334 8438 
11879 5505 5504 6291 
11880 3675 3673 8456 
11881 2236 2460 7782 
11882 8424 5750 8451 
11883 4322 4041 8406 
11884 4232 8468 8472 
11885 3821 3222 4084 
11886 1446 1434 8463 
11887 1798 1821 1822 
11888 2317 2095 2318 
11889 8411 2838 8465 
11890 2824 2823 2825 
11891 8125 7714 8576 
11892 5757 8437 8450 
11893 2063 2059 8505 
11894 5062 4816 8447 
11895 3314 3313 3315 
11896 5671 5672 7620 
11897 2830 7887 8444 
11898 8454 3684 8490 
11899 4036 7914 8457 
11900 823 8376 8377 
11901 5073 8411 8465 
11902 8389 5972 8443 
11903 4523 4522 6323 
11904 299 300 8416 
11905 7508 1974 7509 
11906 4057 4322 8408 
11907 3871 3686 8417 
11908 5080 5079 5081 
11909 2649 2303 8531 
11910 2827 2830 8444 
11911 4148 6229 8445 
11912 7290 4159 7505 
11913 8412 6069 8434 
11914 2826 2827 8444 
11915 7593 7594 8496 
11916 6637 6638 8497 
11917 3669 3667 8423 
11918 5989 4238 8443 
11919 8439 5748 8441 
11920 5367 5121 5368 
11921 7931 8394 8445 
11922 5575 8502 8524 
11923 5786 5507 8407 
11924 3676 7927 8456 
11925 2 903 6926 
11926 4696 10143 10551 
11927 1634 7163 10149 
11928 3849 5079 5080 
11929 4634 4157 4814 
11930 4307 5094 5671 
11931 4271 3892 4307 
11932 7604 3286 8665 
11933 4066 4062 8461 
11934 3621 3801 8458 
11935 4850 4848 4851 
11936 4144 5126 5127 
11937 5601 5603 6449 
11938 5290 5260 5291 
11939 3849 3626 5079 
11940 5106 8554 8598 
11941 3619 3618 8473 
11942 7782 4928 8523 
11943 6505 5205 6506 
11944 8434 6066 8464 
11945 8437 2854 8450 
11946 4430 5494 5495 
11947 5750 5751 8451 
11948 4215 4645 5542 
11949 5757 8450 8471 
11950 3308 3307 3309 
11951 5619 4271 8415 
11952 7694 1305 7744 
11953 8335 3581 8491 
11954 2425 2464 2531 
11955 1876 2176 2615 
11956 5093 5092 8488 
11957 7950 5727 8483 
11958 5499 5497 6468 
11959 3673 3676 8456 
11960 8438 5062 8447 
11961 3316 3317 8432 
11962 5086 5046 8454 
11963 3639 3637 3640 
11964 6076 6254 9225 
11965 3310 3309 3311 
11966 3043 2820 3892 
11967 4353 5158 8459 
11968 3936 3316 8432 
11969 3626 3623 8458 
11970 3312 3311 3313 
11971 2522 2031 7599 
11972 1087 2152 7824 
11973 1601 1600 1602 
11974 3623 3621 8458 
11975 5505 6291 8407 
11976 5984 5083 6400 
11977 2539 2538 2540 
11978 2820 2819 2821 
11979 2813 2815 2816 
11980 3641 3640 5118 
11981 3154 3776 8435 
11982 8471 3052 8476 
11983 5675 5073 8465 
11984 6066 6067 8464 
11985 3770 3258 3771 
11986 1555 1554 1651 
11987 5071 5085 8468 
11988 2378 2376 2641 
11989 7535 4456 10732 
11990 3627 3849 8433 
11991 3859 3597 8460 
11992 7999 4036 8512 
11993 5341 7658 7659 
11994 3981 4429 4430 
11995 2813 2811 2814 
11996 2815 2814 3013 
11997 3013 5221 5961 
11998 3604 7926 8507 
11999 8536 7909 8548 
12000 5665 5761 8479 
12001 1041 1043 1046 
12002 8417 5071 8468 
12003 5315 5316 7774 
12004 5206 5205 6505 
12005 5984 6400 7724 
12006 3155 3154 8435 
12007 4470 4469 4471 
12008 1652 1651 1799 
12009 3776 3884 8435 
12010 5070 3936 8432 
12011 2818 2819 2820 
12012 5501 5499 8448 
12013 7613 7579 7614 
12014 5674 7729 8492 
12015 4307 7420 8415 
12016 1141 1101 1142 
12017 7336 7335 7337 
12018 2838 2840 8465 
12019 4271 4307 8415 
12020 3305 3306 3307 
12021 3871 8417 8468 
12022 5676 5364 5677 
12023 5766 4677 6218 
12024 8150 8539 8546 
12025 2460 4928 7782 
12026 3605 3604 8507 
12027 3300 3301 3302 
12028 2816 2815 2817 
12029 5666 5665 8477 
12030 2813 2814 2815 
12031 1684 1612 8763 
12032 2303 7755 8531 
12033 4740 4344 7297 
12034 5324 5325 5326 
12035 1800 1799 1907 
12036 1225 1217 1227 
12037 2818 2817 2819 
12038 3014 3719 4215 
12039 2495 2021 4515 
12040 3632 7808 8519 
12041 2858 2860 8471 
12042 2055 2056 2057 
12043 3293 3295 3296 
12044 2816 2817 2818 
12045 4168 4169 5522 
12046 5079 3626 8458 
12047 5205 4066 8461 
12048 6072 4512 6819 
12049 3020 3021 3022 
12050 4915 4080 8506 
12051 5675 8465 8484 
12052 7730 5675 8484 
12053 2136 1669 7606 
12054 2636 2635 4650 
12055 7695 1655 8623 
12056 3298 3299 3300 
12057 5077 5757 8476 
12058 6417 5504 8448 
12059 5494 6446 6711 
12060 5504 5501 8448 
12061 3311 3309 3483 
12062 4564 2540 4565 
12063 3296 3297 3298 
12064 4232 3871 8468 
12065 4948 8482 8488 
12066 8188 5710 8480 
12067 3801 3619 8473 
12068 2504 2114 7508 
12069 4334 2479 7727 
12070 1686 1577 8715 
12071 7917 7950 8482 
12072 2237 2236 7782 
12073 2038 2036 8802 
12074 3816 3306 3827 
12075 5094 3892 8453 
12076 4904 4171 4905 
12077 5575 5090 8502 
12078 7960 8491 8522 
12079 2807 2805 2808 
12080 5494 4429 6446 
12081 1699 1698 1700 
12082 5085 6538 8472 
12083 8150 8302 8539 
12084 2821 2824 8453 
12085 2094 1978 2095 
12086 8465 2840 8484 
12087 2488 4678 8538 
12088 5316 5319 7774 
12089 2070 2280 2281 
12090 1526 1446 1527 
12091 5086 8454 8490 
12092 4043 5078 8535 
12093 4554 4553 4608 
12094 1478 1480 1820 
12095 5077 8476 8483 
12096 2807 2809 2810 
12097 72 73 977 
12098 2820 2821 8453 
12099 3981 3827 4122 
12100 3869 3268 3878 
12101 611 612 834 
12102 5727 5077 8483 
12103 600 601 835 
12104 4921 5721 8540 
12105 4425 4141 7639 
12106 5367 5368 6215 
12107 5321 5322 5806 
12108 1316 1314 1317 
12109 4667 6668 9574 
12110 3892 2820 8453 
12111 4830 4829 4832 
12112 6506 5205 8461 
12113 4430 4429 5494 
12114 3307 3306 3816 
12115 3302 3301 3303 
12116 946 299 8416 
12117 5499 6468 8448 
12118 5757 8471 8476 
12119 5669 5113 5670 
12120 4315 5669 7002 
12121 8667 7853 8677 
12122 2817 2815 8455 
12123 3675 7880 8557 
12124 3814 7964 8555 
12125 2840 8369 8484 
12126 2804 2806 3041 
12127 2815 3013 8455 
12128 3716 8567 8571 
12129 7443 5907 9123 
12130 2401 2399 2405 
12131 8384 3304 8527 
12132 5092 8335 8491 
12133 5118 3640 5119 
12134 4315 3887 5113 
12135 2812 2811 2813 
12136 4963 4965 8555 
12137 4810 4806 8960 
12138 5118 5119 5120 
12139 5107 7747 8552 
12140 8402 5763 8564 
12141 6296 6297 6298 
12142 2810 2809 2811 
12143 8482 5093 8488 
12144 7747 5105 8553 
12145 4304 8154 8554 
12146 1114 7813 8525 
12147 2810 2811 2812 
12148 2520 7782 8523 
12149 5106 8235 8554 
12150 7899 7901 8548 
12151 3816 3827 3981 
12152 5088 5086 8490 
12153 3285 3287 3292 
12154 3041 3887 4258 
12155 5496 5498 8574 
12156 3303 3304 3305 
12157 5099 7960 8522 
12158 5522 6413 7675 
12159 8502 7915 8524 
12160 5110 7958 8573 
12161 5762 8532 8535 
12162 5153 1155 8641 
12163 7650 5674 8492 
12164 2281 2410 2411 
12165 2807 2808 2809 
12166 4367 4602 4603 
12167 7621 4757 7622 
12168 5566 4917 6408 
12169 3981 4122 4429 
12170 8453 2824 8508 
12171 5762 5099 8532 
12172 7958 6637 8497 
12173 3249 3808 8516 
12174 1305 1307 7744 
12175 7798 8572 8590 
12176 3671 3675 8547 
12177 1104 1105 1106 
12178 1989 1988 2300 
12179 5094 8453 8508 
12180 3309 3307 8493 
12181 8444 5744 8541 
12182 1896 2079 2080 
12183 3647 3646 3777 
12184 5066 5064 8536 
12185 5669 5670 7296 
12186 3816 8393 8493 
12187 4051 4052 4330 
12188 1914 1745 1915 
12189 6535 6534 10776 
12190 610 611 8485 
12191 3305 3304 3306 
12192 3774 3913 3914 
12193 5853 5852 7607 
12194 7657 8252 8499 
12195 8477 5665 8479 
12196 8564 5763 8567 
12197 1482 1484 2590 
12198 4906 8545 8738 
12199 2467 4679 7763 
12200 5658 8373 8534 
12201 1312 1310 2187 
12202 3633 3632 8519 
12203 4664 1828 5166 
12204 3635 3829 8500 
12205 2816 7837 8498 
12206 1908 1907 1988 
12207 3303 3301 3304 
12208 5120 5119 5121 
12209 3647 3777 7773 
12210 3300 3299 3301 
12211 4368 5101 6223 
12212 8535 5078 8539 
12213 5120 5121 5341 
12214 3013 5961 8455 
12215 2654 4742 4743 
12216 3298 3297 3299 
12217 1320 1323 1324 
12218 5341 5121 5367 
12219 2397 2395 2406 
12220 3487 3294 3718 
12221 3717 8150 8546 
12222 1599 1598 1600 
12223 2298 2488 8538 
12224 3307 3816 8493 
12225 5099 8522 8532 
12226 4678 5766 6245 
12227 5114 4588 8414 
12228 5251 5252 5328 
12229 3164 3151 3690 
12230 3637 3635 8500 
12231 3716 3714 8567 
12232 5088 8490 8502 
12233 5744 5659 8604 
12234 2523 5163 6137 
12235 5108 5110 8571 
12236 4315 5113 5669 
12237 3640 3637 8500 
12238 3772 7909 8536 
12239 4258 3887 4315 
12240 5235 5236 6071 
12241 1019 1017 2235 
12242 2813 2816 8498 
12243 2174 2112 2349 
12244 4353 4701 4702 
12245 1428 1426 2459 
12246 5672 5094 8508 
12247 5341 5367 7658 
12248 2080 2236 2237 
12249 7157 5262 8514 
12250 4562 4561 4829 
12251 3058 8600 8630 
12252 2812 2813 8498 
12253 5561 4258 8466 
12254 603 604 706 
12255 8488 5092 8491 
12256 1869 1968 2084 
12257 4702 6664 6666 
12258 3486 8728 8736 
12259 5090 5088 8502 
12260 5229 5227 5230 
12261 7730 8484 8512 
12262 7799 7796 8590 
12263 1993 1958 2260 
12264 5542 6529 9541 
12265 2490 2299 7712 
12266 1815 1646 1816 
12267 1447 2180 8543 
12268 4327 4076 4328 
12269 5328 5329 8575 
12270 1697 1696 1698 
12271 1237 1236 1238 
12272 8409 3772 8536 
12273 5015 8125 8576 
12274 1401 4520 5458 
12275 3041 2806 3887 
12276 3296 3295 3297 
12277 3772 3605 8507 
12278 609 610 947 
12279 8331 5015 8576 
12280 4124 2339 4125 
12281 3016 3756 4051 
12282 3650 3652 8528 
12283 7089 4314 7361 
12284 4560 4559 4561 
12285 2413 2432 2433 
12286 2806 2805 2807 
12287 5910 4354 5940 
12288 5329 5449 5451 
12289 1086 2199 2523 
12290 2051 2062 8637 
12291 5081 5079 8530 
12292 2628 2629 2630 
12293 4539 4538 6907 
12294 1036 1037 1038 
12295 5319 5320 5321 
12296 2217 2308 7648 
12297 1034 1035 1036 
12298 5659 7703 8511 
12299 8484 8369 8512 
12300 3814 8553 8598 
12301 5771 5111 8600 
12302 3015 3724 4168 
12303 4164 4585 4586 
12304 1017 1015 7751 
12305 2799 2801 2802 
12306 1744 1650 1745 
12307 5145 5144 5146 
12308 3941 3654 3942 
12309 2824 2826 8508 
12310 2804 2805 2806 
12311 1216 1206 1217 
12312 2515 2517 5782 
12313 7302 9074 9241 
12314 2634 2633 2635 
12315 8369 7999 8512 
12316 2116 2256 2425 
12317 1873 2006 2087 
12318 3483 3309 8493 
12319 1147 1146 1148 
12320 1149 1148 1150 
12321 8360 2990 8572 
12322 1151 1150 1152 
12323 1153 1152 1154 
12324 775 6740 9575 
12325 5572 3999 7699 
12326 8571 5110 8573 
12327 2799 2797 2800 
12328 5756 8154 8596 
12329 1867 1868 1869 
12330 3014 4215 5975 
12331 1038 1037 1039 
12332 1267 1260 1268 
12333 2393 2391 2409 
12334 2804 2803 2805 
12335 2350 2349 4202 
12336 2401 2405 7771 
12337 3299 3297 3723 
12338 1318 1317 1319 
12339 3483 8493 8574 
12340 5282 6647 6988 
12341 1080 1079 1086 
12342 1066 1065 1067 
12343 4787 7378 8657 
12344 3801 7849 8530 
12345 8554 5756 8598 
12346 2668 2669 2670 
12347 2801 2800 3014 
12348 5341 7659 8542 
12349 1172 1169 1173 
12350 6801 8634 8635 
12351 1183 1185 1186 
12352 1036 1035 1037 
12353 5118 5120 8619 
12354 3870 4352 4353 
12355 5119 3640 8500 
12356 3581 8303 8522 
12357 1077 1076 1079 
12358 1793 1794 1795 
12359 3641 5118 8551 
12360 608 609 8486 
12361 1688 1896 8559 
12362 1597 1596 1598 
12363 8539 5078 8546 
12364 4315 7002 8466 
12365 1914 1915 7693 
12366 1068 1067 1069 
12367 3870 3718 3979 
12368 4678 7653 8538 
12369 4258 4315 8466 
12370 5672 8508 8541 
12371 6664 4701 6665 
12372 4468 4467 4469 
12373 3322 8696 8712 
12374 3285 3292 8550 
12375 7915 3670 8524 
12376 6497 6498 6499 
12377 2062 2330 4366 
12378 1075 1074 1076 
12379 1070 1069 1071 
12380 8524 3670 8547 
12381 5761 8524 8547 
12382 6031 6033 9073 
12383 1072 1071 1074 
12384 3777 3646 3825 
12385 3646 3643 8551 
12386 8532 5031 8535 
12387 8593 2996 8626 
12388 3282 3283 3284 
12389 2509 2653 2654 
12390 1595 1594 1596 
12391 7554 7225 8489 
12392 5147 5146 5148 
12393 4132 4134 4368 
12394 2799 2800 2801 
12395 3829 3633 8519 
12396 1145 1144 1146 
12397 2802 2803 2804 
12398 6955 6954 7256 
12399 1568 1539 1618 
12400 5761 5575 8524 
12401 8303 5031 8532 
12402 7792 6769 8614 
12403 8522 8303 8532 
12404 1106 1107 1108 
12405 5031 4043 8535 
12406 1034 1033 1035 
12407 8889 5175 8945 
12408 4702 4701 6664 
12409 3292 3287 3293 
12410 8508 2826 8541 
12411 2802 2801 2803 
12412 7703 5658 8534 
12413 8399 5066 8560 
12414 4352 3979 4660 
12415 4508 5257 5402 
12416 4596 4597 4598 
12417 3777 3825 4076 
12418 3717 8546 8564 
12419 8458 3801 8530 
12420 8302 5762 8539 
12421 22 608 711 
12422 8493 8393 8574 
12423 1486 1490 1494 
12424 6377 6376 6378 
12425 2630 4161 4162 
12426 4762 4242 7728 
12427 7654 4921 8540 
12428 4115 4116 8422 
12429 2626 2627 2628 
12430 4678 4677 5766 
12431 4076 3825 4107 
12432 5600 4221 5601 
12433 4603 4604 4605 
12434 4338 2561 4407 
12435 1032 1033 1034 
12436 5812 8839 8840 
12437 1313 1320 8663 
12438 3058 3057 8602 
12439 1538 1509 1539 
12440 3825 3646 8551 
12441 3280 3281 3282 
12442 3768 5610 5611 
12443 1205 1197 1206 
12444 3275 3277 3278 
12445 2115 2503 2505 
12446 1670 1672 1673 
12447 1496 7473 9002 
12448 2507 2508 2509 
12449 1795 1797 1798 
12450 3062 3060 3063 
12451 4353 4352 4701 
12452 901 7322 9765 
12453 4799 5656 6690 
12454 5078 5112 8546 
12455 7909 7899 8548 
12456 7542 4898 8586 
12457 5855 5856 5866 
12458 1064 1063 1065 
12459 3287 3286 8501 
12460 2793 2795 2796 
12461 7910 7795 8630 
12462 5064 8409 8536 
12463 4181 4653 6601 
12464 2457 5457 5514 
12465 2807 2810 8509 
12466 5113 3887 8509 
12467 1593 1592 1594 
12468 7596 5107 8552 
12469 5277 6222 8757 
12470 7964 4963 8555 
12471 5105 5106 8553 
12472 1196 1173 1197 
12473 8235 4304 8554 
12474 3487 3718 3870 
12475 5756 3751 8598 
12476 4157 3924 5117 
12477 8769 5427 8770 
12478 5368 5121 8582 
12479 2407 2408 8597 
12480 2009 2008 2010 
12481 4863 4861 8737 
12482 1436 1298 1437 
12483 2790 2792 3040 
12484 1476 1478 7702 
12485 1507 1437 1509 
12486 2087 2088 4268 
12487 3040 3879 4798 
12488 1143 1142 1144 
12489 1791 1792 1793 
12490 5852 5854 5855 
12491 6091 6694 9697 
12492 4558 4557 4559 
12493 2819 2817 8581 
12494 611 834 8485 
12495 2826 8444 8541 
12496 5762 8535 8539 
12497 6625 6626 6628 
12498 1259 1251 1260 
12499 4318 6607 6608 
12500 3670 3671 8547 
12501 5844 5845 5846 
12502 4898 4899 8586 
12503 8666 5764 8682 
12504 1638 1639 1640 
12505 3101 3100 8615 
12506 5079 8458 8530 
12507 2597 2596 4724 
12508 3295 3294 3487 
12509 4633 4001 5802 
12510 1977 1806 1978 
12511 4423 4115 8422 
12512 3293 3294 3295 
12513 5995 4340 7478 
12514 5329 5451 8575 
12515 1942 1832 8962 
12516 6456 6455 6730 
12517 8634 6801 8636 
12518 1156 1158 4906 
12519 5848 5849 5850 
12520 3000 3058 8626 
12521 2989 2996 8593 
12522 3483 7764 8631 
12523 7038 8849 9257 
12524 1103 1102 7694 
12525 7755 2298 8538 
12526 1649 1560 1650 
12527 1024 1023 1025 
12528 1030 1031 1032 
12529 1028 1029 1030 
12530 1026 1027 1028 
12531 2793 2791 2794 
12532 4162 4163 4164 
12533 7800 7866 8562 
12534 8548 7901 8560 
12535 1024 1025 1026 
12536 1062 1061 1063 
12537 8479 5761 8557 
12538 3887 2806 8509 
12539 8567 5763 8571 
12540 2806 2807 8509 
12541 2491 4373 5122 
12542 2013 2012 2214 
12543 8547 3675 8557 
12544 1695 1694 1696 
12545 1026 1025 1027 
12546 5475 2655 5516 
12547 2803 2801 8503 
12548 2798 2797 2799 
12549 2011 2010 2012 
12550 2515 2237 2516 
12551 1082 1080 7705 
12552 2316 2315 2596 
12553 4330 4783 6143 
12554 3999 3942 4000 
12555 2801 3014 8503 
12556 8446 5054 8562 
12557 2796 2795 2797 
12558 3953 8429 9522 
12559 5656 5128 5657 
12560 1028 1027 1029 
12561 2333 4243 4244 
12562 1087 1084 2152 
12563 1250 1238 1251 
12564 3643 3641 8551 
12565 1030 1029 1031 
12566 1032 1031 1033 
12567 8509 2810 8595 
12568 8562 5054 8572 
12569 1591 1590 1592 
12570 6409 6408 7029 
12571 4274 7778 7831 
12572 1673 1674 1805 
12573 4492 4493 4787 
12574 3965 5579 5580 
12575 2662 2663 2664 
12576 2266 8814 9073 
12577 4799 3879 5128 
12578 3293 3287 3294 
12579 3002 3753 3964 
12580 2643 2407 8597 
12581 1022 1021 1023 
12582 1491 1479 7360 
12583 3870 3979 4352 
12584 2796 2797 2798 
12585 1022 1023 1024 
12586 4466 4465 4467 
12587 3284 3283 3285 
12588 2379 7283 7286 
12589 3285 3286 3287 
12590 6093 6094 6589 
12591 3487 8459 8563 
12592 2489 4377 8428 
12593 4187 4188 5433 
12594 4660 5315 6872 
12595 2037 2038 2039 
12596 2793 2794 2795 
12597 1020 1019 1021 
12598 3308 3578 8672 
12599 2505 2506 2507 
12600 1956 2284 8518 
12601 3999 4000 7699 
12602 5112 8402 8564 
12603 2132 1914 7693 
12604 4377 5453 8428 
12605 2583 2612 8610 
12606 7853 5125 8677 
12607 2465 2256 8601 
12608 1297 1287 1298 
12609 4179 5391 5392 
12610 1526 1527 1574 
12611 1321 1319 1322 
12612 4219 2420 4221 
12613 1039 1037 1040 
12614 3717 8564 8567 
12615 3114 3096 8975 
12616 3486 7885 8762 
12617 5113 8509 8595 
12618 3714 3717 8567 
12619 6952 4592 10607 
12620 2257 2031 2522 
12621 6828 2461 7032 
12622 5763 5108 8571 
12623 6411 6412 8639 
12624 1708 1705 8755 
12625 2831 2829 8650 
12626 8546 5112 8564 
12627 7866 8446 8562 
12628 5120 5341 8542 
12629 4129 2268 5144 
12630 4591 2621 8577 
12631 4662 2292 4720 
12632 947 610 8485 
12633 1018 1017 1019 
12634 3828 3716 8573 
12635 7015 7016 8644 
12636 4048 4049 4345 
12637 1784 1785 1786 
12638 1786 1787 1788 
12639 3303 3305 8672 
12640 6129 5588 8936 
12641 1277 1276 1278 
12642 2990 2989 8593 
12643 1117 1115 1133 
12644 6809 4203 6810 
12645 4677 2489 8428 
12646 3282 3281 3283 
12647 3297 3295 8563 
12648 7717 3095 10697 
12649 3301 3299 8527 
12650 1941 1942 1943 
12651 5066 8548 8560 
12652 3278 3279 3280 
12653 7590 4423 7591 
12654 5100 8384 8561 
12655 8615 5779 8667 
12656 1470 1441 8831 
12657 6808 5525 9409 
12658 7714 3752 8596 
12659 5054 8360 8572 
12660 3304 3301 8527 
12661 3011 5949 8650 
12662 5826 7101 7102 
12663 4552 4551 4553 
12664 8500 3829 8582 
12665 5732 8331 8576 
12666 5874 5876 8599 
12667 2517 2516 2518 
12668 3752 5756 8596 
12669 4808 5142 5143 
12670 3295 3487 8563 
12671 3285 3283 3286 
12672 5671 7620 8638 
12673 2045 2040 7739 
12674 5900 6351 6910 
12675 4490 4491 4492 
12676 2802 7761 8566 
12677 1312 2187 8622 
12678 4440 4439 8569 
12679 8498 5755 8646 
12680 1385 1389 1390 
12681 1445 1434 1446 
12682 8776 5794 8788 
12683 5656 5657 6948 
12684 1413 1411 1415 
12685 5151 5149 6003 
12686 1307 1971 7744 
12687 3718 3294 8501 
12688 2616 2279 2617 
12689 7799 8593 8626 
12690 2080 2237 2515 
12691 5189 5191 5198 
12692 5502 8383 8682 
12693 3014 5975 8503 
12694 1589 1588 1590 
12695 4798 3879 4799 
12696 7008 7007 10336 
12697 6884 4703 8597 
12698 4872 4866 8717 
12699 5097 4223 8660 
12700 2431 2294 7627 
12701 1896 2080 8559 
12702 1108 1109 1110 
12703 1311 1313 8663 
12704 2403 2401 7771 
12705 8519 5986 8629 
12706 3716 8571 8573 
12707 1016 1017 1018 
12708 1018 1019 1020 
12709 1020 1021 1022 
12710 1782 1783 1784 
12711 1788 1790 1791 
12712 4598 4599 4600 
12713 1432 2181 8624 
12714 5998 6717 8469 
12715 1392 1396 1397 
12716 1016 1015 1017 
12717 5869 5895 5900 
12718 5166 1828 8643 
12719 7796 7798 8590 
12720 6371 5894 6372 
12721 2798 2799 8566 
12722 6976 1335 9690 
12723 1111 1109 2177 
12724 3294 3287 8501 
12725 2799 2802 8566 
12726 1224 1223 1243 
12727 3299 3723 8527 
12728 9047 4335 9127 
12729 2652 2522 2655 
12730 1211 1210 1223 
12731 5886 6363 8659 
12732 3074 3101 8670 
12733 4799 5128 5656 
12734 1222 1221 1228 
12735 2488 4677 4678 
12736 1120 1122 2168 
12737 3723 3297 8563 
12738 1027 1025 2263 
12739 2261 2260 2365 
12740 7799 8590 8593 
12741 5519 8494 9674 
12742 1201 1200 1210 
12743 5119 8500 8582 
12744 2595 4381 4508 
12745 8393 5496 8574 
12746 3040 2792 3879 
12747 2776 2778 3002 
12748 2785 2783 2786 
12749 2515 5782 8559 
12750 2108 2532 8640 
12751 2515 2516 2517 
12752 1106 1105 1107 
12753 4804 7362 8960 
12754 609 947 8486 
12755 6281 5993 6334 
12756 5458 5459 6927 
12757 5840 5841 5842 
12758 2785 2787 2788 
12759 5761 8547 8557 
12760 1039 1040 1041 
12761 5368 8582 8629 
12762 4071 4667 8709 
12763 8541 5744 8604 
12764 4731 6090 6092 
12765 5141 5140 6172 
12766 5230 5227 8693 
12767 3311 3483 8631 
12768 5755 5620 8754 
12769 2061 2063 2064 
12770 6307 5097 8660 
12771 3280 3279 3281 
12772 1193 1177 1200 
12773 4605 4606 4607 
12774 3318 3315 8666 
12775 5670 5113 8595 
12776 1014 1015 1016 
12777 1080 1086 7705 
12778 1060 1059 1061 
12779 1956 1955 2284 
12780 1819 1818 1955 
12781 3269 3271 3274 
12782 1934 1827 8632 
12783 1471 1536 8608 
12784 5915 4407 8656 
12785 1559 1522 1560 
12786 1752 1835 2473 
12787 2792 2791 2793 
12788 2817 8455 8581 
12789 5771 8600 8602 
12790 475 476 9159 
12791 1084 1082 8533 
12792 4488 4489 4490 
12793 3924 3284 8550 
12794 4834 1686 8715 
12795 1817 1816 1818 
12796 5121 5119 8582 
12797 5893 5892 5894 
12798 1325 1326 1327 
12799 2582 2580 7911 
12800 1733 1762 2481 
12801 6665 4701 8558 
12802 1137 1139 1178 
12803 1693 1692 1694 
12804 1537 10282 10372 
12805 5672 8541 8604 
12806 1012 1013 1014 
12807 2774 7672 8781 
12808 1124 1126 1230 
12809 1174 1170 1177 
12810 2787 2786 3015 
12811 1938 2083 2150 
12812 9177 9394 10011 
12813 5111 7910 8600 
12814 1727 1730 8871 
12815 2785 2786 2787 
12816 5506 5784 8712 
12817 2519 4133 4135 
12818 4866 4863 5461 
12819 2504 7508 8510 
12820 1445 1446 1526 
12821 2790 2791 2792 
12822 5241 4310 5242 
12823 7581 1409 8649 
12824 1380 7810 9241 
12825 1485 1483 8621 
12826 1780 1781 1782 
12827 4464 4463 4465 
12828 8600 3058 8602 
12829 7104 7105 7106 
12830 1736 1739 8853 
12831 4227 5523 7633 
12832 3015 4168 5988 
12833 8518 5139 8868 
12834 5198 6269 6996 
12835 2206 2205 4310 
12836 3149 3147 3160 
12837 7810 5243 9241 
12838 1014 1013 1015 
12839 1104 1103 1105 
12840 3001 5183 5184 
12841 3057 3067 8602 
12842 3284 3285 8550 
12843 3101 8667 8677 
12844 2790 2789 2791 
12845 10176 1660 10259 
12846 4410 6181 7762 
12847 1461 1462 1463 
12848 4352 4660 8558 
12849 4880 4872 6500 
12850 1035 1033 2175 
12851 1407 1419 8649 
12852 8626 3058 8630 
12853 4660 6872 8558 
12854 992 993 994 
12855 2314 2015 2315 
12856 711 608 8486 
12857 3923 4006 4007 
12858 5880 5872 5890 
12859 2810 2812 8595 
12860 5864 5862 8609 
12861 1921 1922 1938 
12862 5776 5775 8793 
12863 2177 7443 9123 
12864 1324 1329 1330 
12865 1551 1550 1643 
12866 2365 2260 8868 
12867 4275 3964 8678 
12868 1433 1430 1434 
12869 1506 1505 1550 
12870 2426 2280 8658 
12871 4495 5804 9709 
12872 2250 2248 6909 
12873 7620 5672 8604 
12874 8810 6928 8944 
12875 1587 1586 1588 
12876 1052 2498 8884 
12877 1462 1418 8944 
12878 8696 8383 8712 
12879 8728 5784 8736 
12880 5624 6301 6771 
12881 9175 6812 9609 
12882 4633 5802 5803 
12883 2614 5965 8698 
12884 5139 2647 5140 
12885 6769 6770 8614 
12886 4603 4602 4604 
12887 1042 1040 5292 
12888 3164 3690 3810 
12889 4629 6729 8436 
12890 5136 7853 8667 
12891 5775 7881 8772 
12892 2049 2048 2050 
12893 7559 1776 8968 
12894 1880 1936 8647 
12895 5454 4212 8701 
12896 3278 3277 3279 
12897 4701 4352 8558 
12898 5328 5252 5329 
12899 5619 8415 8686 
12900 2025 2026 8852 
12901 3100 3111 8615 
12902 5408 4526 7587 
12903 6107 5314 6108 
12904 2519 2518 4132 
12905 817 8996 9239 
12906 5884 6286 6288 
12907 8582 3829 8629 
12908 8551 5118 8619 
12909 5518 5520 6976 
12910 8670 3101 8677 
12911 2267 1952 8475 
12912 3090 3086 9076 
12913 7172 4687 10788 
12914 90 967 8654 
12915 7342 7343 7344 
12916 6905 6906 9055 
12917 2788 2789 2790 
12918 4009 4010 4011 
12919 2788 2787 2789 
12920 3279 3277 3289 
12921 6537 3126 10642 
12922 1789 1778 2292 
12923 1110 1111 1112 
12924 4797 4795 7165 
12925 1501 1500 1505 
12926 1285 1282 1287 
12927 5117 3924 8550 
12928 7881 5135 8750 
12929 2670 2671 2672 
12930 5545 6469 10499 
12931 6883 6884 6885 
12932 5785 5788 8736 
12933 2664 2665 2666 
12934 4784 2136 7606 
12935 4903 6654 6655 
12936 5601 5602 5603 
12937 4345 4346 7186 
12938 1010 1011 1012 
12939 5321 5806 6011 
12940 4486 4487 4488 
12941 852 456 10191 
12942 2294 2529 4205 
12943 1108 1107 1109 
12944 2051 2050 2052 
12945 2767 2770 3768 
12946 961 64 8648 
12947 2204 2093 2205 
12948 4366 2330 4367 
12949 1161 1159 1163 
12950 4861 4858 5468 
12951 5249 5250 5251 
12952 4600 5529 5530 
12953 6027 6025 6028 
12954 1131 1129 2492 
12955 1877 1972 4229 
12956 4368 6223 6289 
12957 1991 2288 2614 
12958 5122 6109 6110 
12959 2397 2406 8517 
12960 2348 4613 8756 
12961 8590 2990 8593 
12962 4417 5207 5208 
12963 1128 1130 2183 
12964 1492 1488 2469 
12965 5858 5868 5869 
12966 2996 3000 8626 
12967 1280 1245 2530 
12968 1138 1136 1170 
12969 1041 1042 1043 
12970 7871 7870 8732 
12971 5670 8595 8646 
12972 1085 1087 1088 
12973 6992 6995 8811 
12974 3145 3143 3146 
12975 1083 1085 2213 
12976 2080 2515 8559 
12977 3089 3087 8708 
12978 1455 1454 1500 
12979 4449 4448 4551 
12980 1127 1125 1135 
12981 1585 1584 1586 
12982 3272 3238 3273 
12983 4141 2276 4142 
12984 2517 2518 2519 
12985 4135 4136 4137 
12986 3122 3155 8734 
12987 1828 1829 8643 
12988 7795 7799 8630 
12989 324 990 8828 
12990 3269 3274 8645 
12991 8553 5106 8598 
12992 604 605 8481 
12993 8734 3155 8750 
12994 5986 5985 8740 
12995 1088 1090 1241 
12996 1327 1328 1331 
12997 1271 1263 1272 
12998 1438 1296 1439 
12999 7216 9498 9595 
13000 4138 4136 4438 
13001 1772 1773 1774 
13002 8609 5865 8794 
13003 3266 3267 3268 
13004 1666 1873 7704 
13005 5366 5254 5918 
13006 1340 1341 1442 
13007 7340 7341 7342 
13008 2758 7272 8838 
13009 1226 4207 5235 
13010 1041 1040 1042 
13011 1037 1035 8584 
13012 6883 4703 6884 
13013 2779 2777 2780 
13014 4000 4001 4439 
13015 1043 1044 1045 
13016 6003 5149 7716 
13017 5802 4001 8731 
13018 1012 1011 1013 
13019 5570 4606 5993 
13020 5867 5857 5892 
13021 4605 4604 4606 
13022 8595 2812 8646 
13023 5149 5148 7716 
13024 4439 4633 5465 
13025 3274 3271 3275 
13026 4107 3825 8619 
13027 5897 5890 5899 
13028 2039 2040 2045 
13029 3964 3753 3965 
13030 2779 2781 2782 
13031 3313 3311 8631 
13032 7282 9490 9702 
13033 5601 4221 5602 
13034 6266 5280 7543 
13035 5607 5608 5609 
13036 2569 2568 7618 
13037 4115 2363 4116 
13038 5274 4288 6104 
13039 6294 6295 6296 
13040 3825 8551 8619 
13041 1229 1228 1233 
13042 1451 1450 1454 
13043 3275 3276 3277 
13044 3325 3486 8762 
13045 4261 7537 7538 
13046 906 323 8828 
13047 2475 2476 2478 
13048 4439 4001 4633 
13049 8602 3067 8670 
13050 5782 2517 8603 
13051 1410 1412 1553 
13052 4484 4485 4486 
13053 5860 5863 8659 
13054 3959 3960 9317 
13055 6156 5309 6157 
13056 1295 1278 1296 
13057 4593 2369 4594 
13058 7420 5671 8638 
13059 5792 5796 8788 
13060 2784 2783 2785 
13061 2054 2052 2055 
13062 6499 6498 9911 
13063 1337 1339 1340 
13064 1805 1674 8680 
13065 4686 5454 5455 
13066 4000 3942 4001 
13067 1480 1482 8449 
13068 2793 2796 8591 
13069 7598 2429 8745 
13070 5603 5604 5605 
13071 335 786 8777 
13072 1478 1820 7702 
13073 1220 1219 1221 
13074 1919 1920 1921 
13075 1330 1333 1334 
13076 945 334 8777 
13077 1112 1113 1114 
13078 5616 6293 6294 
13079 5771 8602 8670 
13080 1449 1448 1450 
13081 1319 1317 5212 
13082 3332 3329 8776 
13083 3322 3319 8696 
13084 4917 3878 5137 
13085 2473 2474 2475 
13086 1689 1690 1772 
13087 4333 4382 5437 
13088 4460 4459 4461 
13089 7193 7196 9770 
13090 7152 7151 9610 
13091 6306 5097 6307 
13092 3965 3753 5178 
13093 2829 3011 8650 
13094 5128 3879 8591 
13095 5572 7699 9930 
13096 3273 3291 8974 
13097 1688 8559 8680 
13098 5265 4743 8594 
13099 3002 2778 3753 
13100 2779 2780 2781 
13101 10359 2693 10362 
13102 9629 6100 9796 
13103 7355 7353 7358 
13104 4514 5833 5834 
13105 4451 4452 5533 
13106 8505 2211 8844 
13107 4518 4519 6176 
13108 6710 937 10476 
13109 5350 4420 5820 
13110 5775 8772 8793 
13111 6882 6881 9485 
13112 2068 2140 2141 
13113 7756 4937 8964 
13114 5820 9769 10692 
13115 4619 4620 4621 
13116 1110 1109 1111 
13117 1583 1581 1584 
13118 5203 6127 6621 
13119 4135 4133 4136 
13120 1331 1332 1336 
13121 7881 8750 8772 
13122 4791 4281 8859 
13123 4137 4138 4419 
13124 5861 5853 7607 
13125 4588 5931 8414 
13126 6143 7680 10758 
13127 3829 8519 8629 
13128 4223 4220 8660 
13129 10005 7148 10038 
13130 4367 4601 4602 
13131 5292 1040 8584 
13132 1337 1340 8520 
13133 3275 3271 3276 
13134 3138 3124 3142 
13135 4591 8577 8580 
13136 6193 6192 6194 
13137 2794 2791 8607 
13138 2263 6756 10095 
13139 6930 4741 6931 
13140 2393 2409 8537 
13141 1935 1879 7734 
13142 4229 7059 7060 
13143 6881 5567 9485 
13144 2483 2484 2485 
13145 6469 4117 6470 
13146 6796 3139 6797 
13147 2485 2486 2487 
13148 8426 7871 8732 
13149 4607 4606 5570 
13150 6885 6886 6887 
13151 2019 2021 2495 
13152 2244 2245 2246 
13153 4175 4409 5532 
13154 4754 4334 7726 
13155 2749 2751 3757 
13156 2126 1701 9329 
13157 2812 8498 8646 
13158 2519 4132 4133 
13159 5570 5993 6281 
13160 2789 2787 8585 
13161 2141 2373 2374 
13162 1469 1441 1470 
13163 5605 5606 5607 
13164 5821 5820 6476 
13165 2318 2438 2526 
13166 2792 2793 8591 
13167 5144 2268 8692 
13168 2481 2482 2483 
13169 1777 1779 1780 
13170 2043 2041 9112 
13171 9132 1754 9243 
13172 2760 2763 3001 
13173 3286 3283 8665 
13174 4566 6455 6456 
13175 4343 4361 5571 
13176 2787 3015 8585 
13177 1031 1029 1288 
13178 3879 2792 8591 
13179 1043 1042 1044 
13180 2086 2364 4187 
13181 3319 3318 8696 
13182 1406 1408 2197 
13183 1997 1998 1999 
13184 5903 5888 8587 
13185 3336 8800 8887 
13186 4751 6039 6328 
13187 5076 4275 8678 
13188 2300 2445 2446 
13189 3283 3281 8665 
13190 1334 1387 1388 
13191 4625 5173 5174 
13192 6137 5163 6641 
13193 2399 2397 8517 
13194 7228 7229 9948 
13195 3194 3195 3196 
13196 2610 4239 4240 
13197 7116 7115 9280 
13198 4482 4483 4484 
13199 3313 8631 8666 
13200 3961 3809 3962 
13201 2782 2783 2784 
13202 3312 7776 8915 
13203 4621 4622 4623 
13204 1240 1239 1246 
13205 1234 1233 1239 
13206 1484 1486 8495 
13207 7799 8626 8630 
13208 781 6926 10422 
13209 6914 6913 8903 
13210 5174 6007 6331 
13211 3965 5178 5579 
13212 4132 4368 8605 
13213 4077 4666 8900 
13214 3315 3313 8666 
13215 4749 4750 4751 
13216 2642 4503 4504 
13217 4240 4616 4617 
13218 2014 2313 4379 
13219 59 966 8681 
13220 1320 2512 8663 
13221 3486 3323 8728 
13222 5940 4354 8767 
13223 5318 5667 8684 
13224 2430 4513 4514 
13225 3268 3267 3269 
13226 2845 2843 8847 
13227 4087 3796 4890 
13228 5802 8731 8933 
13229 1092 1096 2194 
13230 4447 4446 4448 
13231 5576 2490 7712 
13232 3269 3267 3270 
13233 4349 4350 4351 
13234 3010 5923 8847 
13235 1674 1688 8680 
13236 3067 3074 8670 
13237 5236 4207 8822 
13238 1325 1322 1326 
13239 2472 2609 2610 
13240 5869 5900 9068 
13241 3101 8615 8667 
13242 2782 2781 2783 
13243 3808 3251 3809 
13244 1040 1037 8584 
13245 5074 4275 5076 
13246 5245 5246 5249 
13247 5251 5250 5252 
13248 1100 1103 1104 
13249 2378 2641 2642 
13250 2408 2403 7771 
13251 2029 2031 2257 
13252 706 604 8481 
13253 2062 4366 8637 
13254 4205 4206 4410 
13255 6605 4744 10512 
13256 4434 6102 6117 
13257 1388 1393 1394 
13258 5150 6086 6806 
13259 4623 4624 4625 
13260 8591 2796 8719 
13261 2335 2471 2472 
13262 5232 6961 6963 
13263 5886 6362 6363 
13264 4858 4841 8928 
13265 4659 4748 4749 
13266 5125 5771 8677 
13267 4679 4680 5765 
13268 3965 5580 8678 
13269 3770 3771 3934 
13270 4155 5203 8899 
13271 5588 7781 8932 
13272 1474 1476 2343 
13273 5450 5330 6552 
13274 4526 3962 4528 
13275 1114 1115 1116 
13276 1088 1089 1090 
13277 1279 1281 2594 
13278 3305 3308 8672 
13279 1157 1155 5153 
13280 1112 1111 1113 
13281 176 177 8996 
13282 2791 2789 8607 
13283 623 22 991 
13284 1416 1452 1453 
13285 1126 1128 8741 
13286 4439 5465 8569 
13287 5116 5795 6564 
13288 5483 5484 7042 
13289 1394 1402 1403 
13290 4526 4528 7587 
13291 2310 2334 2335 
13292 5182 4651 6751 
13293 3269 3270 3271 
13294 2578 2576 7777 
13295 1925 2112 2174 
13296 3873 3875 4698 
13297 2682 2683 2684 
13298 1447 1162 1448 
13299 2672 2673 2674 
13300 5764 5502 8682 
13301 8615 3111 8734 
13302 1453 1520 1521 
13303 6407 4425 7639 
13304 4284 3939 4288 
13305 1667 1828 4664 
13306 1218 1184 2369 
13307 4657 4658 4659 
13308 3934 3935 4341 
13309 4504 6174 6175 
13310 1314 1312 8622 
13311 5647 2356 8611 
13312 4367 2330 4601 
13313 8566 5760 8830 
13314 5128 8591 8719 
13315 2568 5115 5116 
13316 4137 4136 4138 
13317 2479 2480 4245 
13318 4274 7777 7778 
13319 5537 5538 6421 
13320 3323 3322 8728 
13321 4428 4722 6030 
13322 1503 1504 1517 
13323 3234 3236 3237 
13324 7763 6179 8662 
13325 3147 3146 8833 
13326 789 7533 9843 
13327 2767 3768 8864 
13328 5450 6552 6596 
13329 1517 1518 1519 
13330 2808 2805 8845 
13331 3578 3310 8915 
13332 2754 2756 2762 
13333 6154 6155 6382 
13334 5844 5842 5845 
13335 4165 2644 7848 
13336 4757 2582 7911 
13337 5779 8615 8734 
13338 5159 3241 5168 
13339 1283 1286 1689 
13340 4410 4411 6181 
13341 1944 1942 9385 
13342 1121 1119 2179 
13343 2766 2765 5556 
13344 1289 1272 1290 
13345 4480 4481 4482 
13346 4197 4196 4198 
13347 1703 1706 9329 
13348 3768 5611 9133 
13349 1521 1554 1555 
13350 2308 2309 2310 
13351 6890 6889 6891 
13352 8459 5158 8764 
13353 5603 5602 5604 
13354 5160 5100 8909 
13355 3015 5988 8585 
13356 1413 1415 1416 
13357 4047 4087 4588 
13358 5169 5168 5170 
13359 857 37 8704 
13360 4604 4602 5942 
13361 4398 4397 4446 
13362 7400 2315 8725 
13363 6894 6893 6895 
13364 7576 5619 8686 
13365 5264 4743 5265 
13366 1673 1805 4335 
13367 5848 5846 5849 
13368 6854 9553 10023 
13369 5888 5866 5891 
13370 8862 7471 8863 
13371 2132 7693 8633 
13372 8559 5782 8680 
13373 6892 6891 6893 
13374 3264 3265 3266 
13375 2676 2677 2678 
13376 2519 4135 8603 
13377 1555 1651 1652 
13378 1090 1091 1092 
13379 4588 5351 5931 
13380 1343 1342 1344 
13381 5609 5608 6755 
13382 3163 3796 4047 
13383 1345 1347 1383 
13384 1035 2175 8584 
13385 2051 2054 2062 
13386 7774 5319 8653 
13387 1577 1525 8715 
13388 6892 6894 6900 
13389 8852 5202 8969 
13390 4419 4420 5349 
13391 6657 3051 9737 
13392 5771 8670 8677 
13393 2049 2050 2051 
13394 1326 1322 1515 
13395 1929 1870 9181 
13396 7628 2285 9141 
13397 2395 2393 8537 
13398 8682 8383 8696 
13399 1767 2008 2009 
13400 1724 1727 8726 
13401 1984 1985 2000 
13402 1317 1314 8622 
13403 2065 2067 2295 
13404 6888 6886 6889 
13405 5534 5536 5537 
13406 8462 6874 8463 
13407 1652 1799 1800 
13408 3174 3175 3176 
13409 2217 2218 2308 
13410 5852 5850 5854 
13411 4396 4395 4397 
13412 1399 8810 8944 
13413 1734 1736 8722 
13414 2377 4427 4428 
13415 6382 6383 6384 
13416 7249 1336 8520 
13417 2062 2278 2330 
13418 1114 1113 1115 
13419 4633 5803 8618 
13420 908 6538 10231 
13421 1617 1632 1633 
13422 5611 5610 8642 
13423 1092 1095 1096 
13424 2000 2104 2217 
13425 2442 6704 10529 
13426 5760 5562 9019 
13427 8629 5986 8740 
13428 1261 1258 1263 
13429 2523 2199 5163 
13430 1519 1528 1529 
13431 3281 3279 8628 
13432 2778 2777 2779 
13433 1805 8680 8841 
13434 1433 1434 1445 
13435 3016 4051 4055 
13436 3065 3063 3068 
13437 4195 4193 4196 
13438 4745 6219 6225 
13439 4655 4656 4657 
13440 2058 2060 5654 
13441 1096 1097 1098 
13442 1633 1678 1679 
13443 1058 1055 1101 
13444 1098 1099 1100 
13445 1100 1102 1103 
13446 1257 1248 1258 
13447 5770 2206 9310 
13448 2294 1442 2529 
13449 7672 4050 9129 
13450 3148 3150 3832 
13451 5465 4633 8618 
13452 5765 5917 6393 
13453 1116 1117 1118 
13454 6946 4172 10128 
13455 6598 6597 10540 
13456 2107 5129 8912 
13457 3262 3263 3264 
13458 1343 1345 8687 
13459 994 993 995 
13460 5597 1708 8755 
13461 4392 4391 4393 
13462 5103 7142 8815 
13463 2420 2132 8633 
13464 5319 5321 8653 
13465 3094 3093 3102 
13466 6374 6373 9461 
13467 1403 2491 8568 
13468 4509 5646 6082 
13469 1421 1471 1472 
13470 1494 1495 1498 
13471 2051 2052 2054 
13472 606 607 873 
13473 2058 2057 2059 
13474 5368 8629 8740 
13475 4342 5220 5245 
13476 3336 3333 8800 
13477 7621 7622 9034 
13478 4245 4246 8635 
13479 1401 5458 8810 
13480 5826 4782 7101 
13481 4394 4393 4395 
13482 4072 4071 8709 
13483 1247 1246 1248 
13484 8627 6670 10504 
13485 4133 4132 8605 
13486 4416 4142 4417 
13487 3073 3072 3093 
13488 4209 4208 8701 
13489 4805 4808 8844 
13490 5872 5864 8609 
13491 7418 7419 9205 
13492 5229 5230 5922 
13493 2789 8585 8607 
13494 8452 67 8706 
13495 1529 1546 1547 
13496 1800 1907 1908 
13497 7591 4423 8422 
13498 5166 9081 9155 
13499 5280 5170 5281 
13500 2037 2039 2139 
13501 3266 3265 3267 
13502 6326 4074 9093 
13503 4221 2420 8633 
13504 5329 5330 5449 
13505 3176 3177 3178 
13506 6896 6895 6897 
13507 2517 2519 8603 
13508 3069 3068 3072 
13509 1725 5597 5598 
13510 4368 6289 8605 
13511 1575 1670 8676 
13512 6170 2431 7627 
13513 1345 1344 1346 
13514 5607 5606 5608 
13515 1622 8897 9018 
13516 2405 2399 8517 
13517 4649 4654 4655 
13518 5932 5823 6675 
13519 1349 1351 2190 
13520 3878 3268 8645 
13521 1406 1405 1407 
13522 5605 5604 5606 
13523 4097 4098 5279 
13524 3324 3953 8954 
13525 4708 4709 5618 
13526 3817 3818 4097 
13527 2771 2768 2772 
13528 8057 918 10332 
13529 3279 3289 8628 
13530 6660 723 10395 
13531 6946 6131 10119 
13532 1010 1009 1011 
13533 2803 8503 8845 
13534 1905 1804 1910 
13535 1008 1009 1010 
13536 9877 5521 9956 
13537 5280 5281 7543 
13538 1264 1273 1911 
13539 2094 2095 2317 
13540 1498 1499 1503 
13541 1405 1403 8568 
13542 5423 10486 10640 
13543 1917 1918 1919 
13544 1341 1339 1342 
13545 1644 8504 8860 
13546 8896 7674 9110 
13547 4246 4355 4708 
13548 5657 5128 8719 
13549 2773 2772 3016 
13550 1404 1403 1405 
13551 5669 7296 8891 
13552 6226 6425 10587 
13553 8383 5506 8712 
13554 6428 948 8792 
13555 5321 6011 8653 
13556 2521 4422 9141 
13557 5449 5330 5450 
13558 2534 2109 8912 
13559 9267 7287 9330 
13560 2174 2349 2350 
13561 3320 3321 8954 
13562 1320 1324 2512 
13563 2487 2486 8592 
13564 4129 5144 5145 
13565 1908 1988 1989 
13566 6384 6385 6387 
13567 8623 1575 8676 
13568 3768 2770 5610 
13569 1636 1637 1638 
13570 1915 1916 1917 
13571 4843 4846 8917 
13572 6885 6884 6886 
13573 8646 5755 8754 
13574 3113 3108 3136 
13575 2652 2655 5475 
13576 4640 4648 4649 
13577 1670 1673 8676 
13578 1679 1757 1758 
13579 1576 1574 1655 
13580 1353 1355 1377 
13581 1404 1405 1406 
13582 58 59 8681 
13583 2103 7051 9017 
13584 3281 8628 8665 
13585 8712 5784 8728 
13586 3260 3261 3262 
13587 2060 2059 2061 
13588 6462 5629 8965 
13589 5329 5252 5330 
13590 1561 1531 1562 
13591 5840 5838 5841 
13592 3268 3269 8645 
13593 1116 1115 1117 
13594 7425 9919 10254 
13595 1134 7746 9339 
13596 9194 4537 9377 
13597 2350 4202 4203 
13598 4512 2504 8510 
13599 2246 2357 2358 
13600 3164 3810 8651 
13601 3289 3277 8778 
13602 6898 6897 6899 
13603 10274 6487 10624 
13604 4664 5166 6644 
13605 1753 1755 8751 
13606 2232 2560 2562 
13607 1807 1979 1984 
13608 2776 2777 2778 
13609 1337 1332 1338 
13610 1118 1119 1120 
13611 4478 4479 4480 
13612 1347 1346 1348 
13613 1195 1194 1198 
13614 2333 2185 4243 
13615 4419 4138 4420 
13616 4877 6357 6673 
13617 2771 2773 2774 
13618 1406 1407 1408 
13619 5145 5146 5147 
13620 5399 5263 5400 
13621 8034 8035 8973 
13622 8758 2122 9168 
13623 1650 1560 2182 
13624 4207 4746 8822 
13625 8764 5158 8909 
13626 6313 5326 8521 
13627 5906 6415 9312 
13628 1820 1480 8449 
13629 1441 1473 8831 
13630 5469 5313 6541 
13631 1770 1686 4834 
13632 1345 1383 8687 
13633 76 970 9031 
13634 7409 4812 9507 
13635 2260 8518 8868 
13636 2150 2083 2321 
13637 3333 3332 8800 
13638 2759 2757 3769 
13639 6936 7332 10106 
13640 5981 8426 8732 
13641 2257 2522 2652 
13642 3126 3089 8708 
13643 1530 1470 1531 
13644 1052 1050 2498 
13645 6145 4321 6214 
13646 1192 1191 1194 
13647 5151 6003 8714 
13648 4351 4538 4539 
13649 2374 4227 8617 
13650 3111 3122 8734 
13651 2486 4731 8592 
13652 2745 2747 2753 
13653 3123 3137 3817 
13654 6887 6886 6888 
13655 5147 5148 5149 
13656 1082 7705 8533 
13657 6751 4651 8950 
13658 1349 1348 1350 
13659 1547 1572 1573 
13660 2597 4724 4726 
13661 1117 1133 8683 
13662 7153 4925 9608 
13663 1526 1574 1576 
13664 5784 5785 8736 
13665 1202 9605 10326 
13666 1012 1014 2171 
13667 1188 1187 1189 
13668 2044 2048 2049 
13669 6901 6899 6902 
13670 3964 3965 8678 
13671 1182 1181 1183 
13672 1186 1185 1187 
13673 2167 2231 2232 
13674 3654 7838 8731 
13675 2062 2054 2278 
13676 8671 2563 9170 
13677 854 97 8730 
13678 6249 7035 9049 
13679 3918 3920 3921 
13680 5670 8646 8754 
13681 968 6510 6846 
13682 4638 4639 4640 
13683 1573 1616 1617 
13684 1958 1956 8518 
13685 5212 1317 8622 
13686 7018 774 9701 
13687 5779 8734 8750 
13688 1351 1350 1352 
13689 4706 4495 4707 
13690 2316 2596 2597 
13691 4594 5314 6107 
13692 67 68 8706 
13693 7599 2035 8733 
13694 7776 4072 9632 
13695 7773 4327 8933 
13696 7104 7102 7105 
13697 6318 6319 6320 
13698 5238 5438 5594 
13699 1977 1978 2094 
13700 3318 8682 8696 
13701 5189 5186 5191 
13702 5836 5834 6370 
13703 5350 5821 5822 
13704 6260 6259 10050 
13705 5135 5779 8750 
13706 2065 2064 2066 
13707 5343 7471 8862 
13708 2618 2620 8721 
13709 2406 2395 8537 
13710 4650 5412 5974 
13711 4611 4637 4638 
13712 4719 4156 10805 
13713 5208 5207 6932 
13714 8800 5796 8887 
13715 3256 3259 3260 
13716 2009 2010 2011 
13717 1938 1922 2083 
13718 1180 1179 1181 
13719 2776 2775 2777 
13720 4702 6666 8949 
13721 2011 2012 2013 
13722 6275 6765 10065 
13723 2620 4118 5369 
13724 1353 1352 1354 
13725 5373 2424 7686 
13726 4327 4328 9059 
13727 1190 1189 1191 
13728 5855 5854 5856 
13729 5893 5894 6371 
13730 6888 6889 6890 
13731 1921 1920 1922 
13732 1915 1745 1916 
13733 7742 7444 9138 
13734 6312 5326 6313 
13735 2796 2798 8719 
13736 6965 9624 10495 
13737 1327 1326 1328 
13738 1016 1018 1171 
13739 8814 7832 9073 
13740 3112 3119 3156 
13741 2764 2761 2765 
13742 5350 5820 5821 
13743 1213 1212 1214 
13744 5184 5183 5188 
13745 2352 1949 8876 
13746 1118 1117 1119 
13747 3169 3167 8997 
13748 1482 2590 8449 
13749 4338 4407 4408 
13750 7038 7710 8849 
13751 154 155 9271 
13752 1442 1341 8729 
13753 4451 2380 4452 
13754 1340 1339 1341 
13755 3163 3151 3164 
13756 1568 1618 1622 
13757 2065 2295 8790 
13758 4666 6672 9639 
13759 1920 1918 2209 
13760 6890 6891 6892 
13761 1538 1539 1568 
13762 1704 1981 2167 
13763 7324 2659 8813 
13764 4120 4200 5541 
13765 1355 1354 1356 
13766 5890 5872 8609 
13767 6552 5330 8786 
13768 1215 1214 1219 
13769 7340 7337 7341 
13770 6215 5368 8740 
13771 2058 5654 8739 
13772 7110 7108 7113 
13773 2314 2315 2316 
13774 8654 967 8655 
13775 5846 5845 8549 
13776 2774 2773 2775 
13777 7555 4529 7556 
13778 6071 5236 6592 
13779 1765 1764 1952 
13780 2491 5122 8568 
13781 9511 5390 10467 
13782 4852 4851 4855 
13783 1865 1987 2660 
13784 8857 808 8858 
13785 2041 2038 8802 
13786 4609 4610 4611 
13787 5553 5552 9297 
13788 1199 1198 1203 
13789 3753 2778 8652 
13790 3327 3325 8762 
13791 7443 2177 9138 
13792 5349 4420 5350 
13793 5178 3753 8652 
13794 2152 1084 8533 
13795 1004 1005 1006 
13796 6892 6893 6894 
13797 1507 1509 1538 
13798 1953 1952 2267 
13799 1120 1121 1122 
13800 4072 9607 9632 
13801 7344 7343 7347 
13802 1436 1437 1507 
13803 1337 1338 1339 
13804 3264 3263 3265 
13805 98 976 8730 
13806 4476 4477 4478 
13807 3723 8563 8764 
13808 5257 5814 9352 
13809 2771 2772 2773 
13810 2779 2782 8652 
13811 2014 4379 8948 
13812 1178 1139 1179 
13813 5137 3878 8645 
13814 1951 2116 8876 
13815 5812 5138 8839 
13816 3263 3261 3288 
13817 3940 4285 4286 
13818 998 997 999 
13819 2151 1935 7734 
13820 4679 2466 4680 
13821 996 995 997 
13822 1850 1849 1851 
13823 6903 6902 6904 
13824 2774 2775 2776 
13825 6500 4872 8717 
13826 6594 5783 10090 
13827 4686 4212 5454 
13828 6004 4754 7726 
13829 5539 7167 9610 
13830 5419 5615 5616 
13831 2590 1484 8495 
13832 5228 6317 6318 
13833 7296 5670 8754 
13834 3107 3112 8689 
13835 1128 2183 8741 
13836 1269 4332 4333 
13837 1297 1298 1436 
13838 1630 1629 1631 
13839 1036 1038 1054 
13840 1086 2198 2199 
13841 6795 5400 10621 
13842 1000 999 1001 
13843 4205 2529 4206 
13844 1613 4155 5361 
13845 2167 2232 8671 
13846 1322 1319 8669 
13847 4641 6410 6743 
13848 1989 2300 8692 
13849 10564 1553 10626 
13850 5900 5895 6351 
13851 4588 4087 5351 
13852 5323 4194 5324 
13853 2097 1966 2305 
13854 4890 3796 8651 
13855 5602 4221 8633 
13856 8811 4865 10281 
13857 1208 1207 1212 
13858 7025 5455 7026 
13859 2778 2779 8652 
13860 1120 1119 1121 
13861 4047 3796 4087 
13862 3239 5159 9067 
13863 6090 9838 9945 
13864 6852 6851 6853 
13865 2574 2569 7618 
13866 3327 8762 8776 
13867 97 98 8730 
13868 1357 1359 2201 
13869 1006 1007 1008 
13870 6786 4929 10007 
13871 3078 3084 3085 
13872 8731 7838 8933 
13873 8750 3155 8772 
13874 1303 1468 8895 
13875 334 335 8777 
13876 2479 2148 2480 
13877 3145 3146 3147 
13878 1386 2188 2189 
13879 1394 1403 1404 
13880 2172 2002 2192 
13881 5461 4863 8737 
13882 3155 8435 8772 
13883 7475 804 10151 
13884 2376 2374 8617 
13885 7342 7341 7343 
13886 1030 1032 1422 
13887 3196 3197 3198 
13888 3291 3830 8974 
13889 4474 4475 4476 
13890 4731 6092 8592 
13891 1365 1367 2200 
13892 5869 5868 5895 
13893 449 450 9374 
13894 1341 1342 1343 
13895 3329 3327 8776 
13896 8964 5542 9541 
13897 5654 2060 5655 
13898 7846 936 10060 
13899 1020 1022 2178 
13900 5867 5892 5893 
13901 1705 1704 8755 
13902 5249 5246 5250 
13903 1224 1243 1245 
13904 1361 1363 1374 
13905 2055 2057 2058 
13906 6894 6895 6896 
13907 1204 1203 1207 
13908 4274 2578 7777 
13909 1656 1655 1764 
13910 68 964 8706 
13911 3262 3261 3263 
13912 2189 2632 2633 
13913 2058 2059 2060 
13914 1740 8726 9373 
13915 2454 2240 9105 
13916 5588 8932 8936 
13917 1408 1407 1409 
13918 1002 1001 1003 
13919 2061 2064 2065 
13920 2207 7679 8886 
13921 4411 4206 5247 
13922 1331 1328 1332 
13923 1369 1371 1373 
13924 4244 4243 5429 
13925 4554 4608 4609 
13926 3278 3945 9056 
13927 69 70 8742 
13928 3178 3179 3180 
13929 1226 5235 9094 
13930 1330 1334 1654 
13931 6910 6351 6912 
13932 4192 2328 4194 
13933 1513 1466 1514 
13934 621 622 838 
13935 5342 4165 7848 
13936 5765 4680 5917 
13937 5866 5856 8744 
13938 1211 1223 1224 
13939 2317 2318 8693 
13940 1578 1567 1579 
13941 1201 1210 1211 
13942 1816 1646 8860 
13943 1343 1344 1345 
13944 8563 8459 8764 
13945 8561 3723 8764 
13946 5794 5792 8788 
13947 2444 5991 6786 
13948 7715 5123 9371 
13949 1004 1006 2195 
13950 2684 2685 2686 
13951 1004 1003 1005 
13952 1932 7148 8898 
13953 7457 3802 8974 
13954 5561 8466 8982 
13955 2284 2608 2647 
13956 9650 5451 9728 
13957 1058 1101 1141 
13958 3112 3156 8689 
13959 1193 1200 1201 
13960 5822 5823 5824 
13961 8680 5782 8841 
13962 1061 1059 2542 
13963 5734 5572 9899 
13964 4472 4473 4474 
13965 1848 1847 1849 
13966 3322 8712 8728 
13967 1758 1760 1761 
13968 1486 1494 8495 
13969 5657 8719 8830 
13970 2067 2066 2068 
13971 2629 2627 9369 
13972 1745 1650 8697 
13973 5248 5247 5275 
13974 7106 7105 7114 
13975 1285 1287 1297 
13976 8603 5816 8841 
13977 4286 4287 4583 
13978 3092 3089 3126 
13979 2678 2679 2680 
13980 3163 3164 3796 
13981 3001 2763 5183 
13982 4662 4720 6163 
13983 2412 2411 2413 
13984 5242 5268 7302 
13985 1174 1177 1193 
13986 4537 4534 4721 
13987 1357 1356 1358 
13988 8788 5796 8800 
13989 6884 8597 8869 
13990 3138 3142 3143 
13991 2391 2354 8914 
13992 1643 1662 1748 
13993 5858 5869 8744 
13994 1375 1372 1376 
13995 2654 4743 5264 
13996 2302 2096 2595 
13997 1515 1322 8669 
13998 1336 1332 1337 
13999 7622 4757 7623 
14000 2375 2374 2376 
14001 1391 1390 1392 
14002 2092 1887 2096 
14003 3150 3149 3151 
14004 1371 1370 1372 
14005 7137 2127 8685 
14006 51 974 8759 
14007 4514 4513 5833 
14008 1045 1047 1048 
14009 1008 1010 1049 
14010 4072 8709 9607 
14011 8772 8435 8793 
14012 1319 5212 8669 
14013 6641 5163 6642 
14014 5623 5143 5624 
14015 8435 3884 8793 
14016 8829 8380 9054 
14017 2343 1476 7702 
14018 5652 7545 9827 
14019 3277 3276 8778 
14020 6233 6670 7651 
14021 7681 7140 8685 
14022 1359 1358 1360 
14023 1369 1368 1370 
14024 1361 1360 1362 
14025 1789 2292 4662 
14026 1122 1121 1123 
14027 7693 2258 8966 
14028 4528 4529 4752 
14029 50 51 8759 
14030 4001 3942 8731 
14031 4410 4206 4411 
14032 4417 4142 4741 
14033 6699 9733 10498 
14034 3096 3107 8975 
14035 7484 511 9193 
14036 5993 4606 8705 
14037 4722 4427 6118 
14038 3252 3254 3255 
14039 2745 2753 8752 
14040 9081 5912 9155 
14041 3296 3956 9064 
14042 4186 4399 4918 
14043 5796 5797 8887 
14044 4470 4471 4472 
14045 1434 8462 8463 
14046 2651 2608 5233 
14047 8634 4245 8635 
14048 1919 1918 1920 
14049 7565 1034 9097 
14050 1445 1526 8694 
14051 964 69 8742 
14052 4152 2362 5263 
14053 1024 1026 1057 
14054 1748 1887 1888 
14055 1408 1409 1410 
14056 2507 2509 5213 
14057 7602 4432 10294 
14058 1431 1430 1433 
14059 1367 1366 1368 
14060 1141 1142 1143 
14061 6030 4722 6236 
14062 3259 3258 3770 
14063 6896 6897 6898 
14064 5207 4741 6930 
14065 9182 6494 10315 
14066 1138 1170 1174 
14067 1056 1058 1059 
14068 9329 1706 10442 
14069 718 50 8759 
14070 3942 3654 8731 
14071 1345 1346 1347 
14072 1850 1851 7652 
14073 4884 4787 4885 
14074 7739 2042 8795 
14075 4428 4427 4722 
14076 5160 8909 8949 
14077 3952 3874 6796 
14078 6939 7462 9261 
14079 3260 3259 3261 
14080 1381 1379 1382 
14081 5533 4452 5534 
14082 2302 4230 5215 
14083 1888 2092 2093 
14084 1047 1044 1543 
14085 8719 2798 8830 
14086 1384 1382 1385 
14087 2764 2766 2767 
14088 7442 7602 10294 
14089 1053 1055 1056 
14090 5235 4207 5236 
14091 1051 1052 1053 
14092 1365 1364 1366 
14093 2620 5369 8721 
14094 2211 4805 8844 
14095 3928 3927 3929 
14096 2742 2739 8872 
14097 1378 1376 1379 
14098 4619 4617 4620 
14099 1363 1362 1364 
14100 1375 1378 2202 
14101 2377 2376 2378 
14102 1833 1834 1884 
14103 6819 4512 8510 
14104 1048 1050 1051 
14105 5198 5191 6269 
14106 99 100 8766 
14107 1071 1069 2196 
14108 4417 4741 5207 
14109 1006 1005 1007 
14110 5894 5892 9126 
14111 6624 4885 6625 
14112 1472 1471 8608 
14113 1381 1384 1386 
14114 1675 1658 1676 
14115 8708 3087 9080 
14116 3205 3207 3208 
14117 4606 4604 8705 
14118 1784 1783 1785 
14119 592 593 8710 
14120 2618 2487 2619 
14121 1725 1708 5597 
14122 2445 4566 8668 
14123 1812 1813 1833 
14124 5822 5821 5823 
14125 976 99 8766 
14126 5250 5246 5555 
14127 2438 4175 8664 
14128 1336 1337 8520 
14129 1410 1411 1412 
14130 1398 1397 1399 
14131 1054 1425 2599 
14132 10383 4109 10399 
14133 4552 4553 4554 
14134 1412 1413 1414 
14135 1615 1691 1692 
14136 2992 2740 3223 
14137 1347 1348 1349 
14138 2083 1922 2259 
14139 2568 2566 5115 
14140 1975 2115 8812 
14141 5888 5891 8587 
14142 4229 7060 7061 
14143 1161 1163 1164 
14144 5150 6806 8892 
14145 5235 6071 8846 
14146 6537 5197 6620 
14147 2444 2198 5234 
14148 5344 4707 5445 
14149 9050 7671 9246 
14150 9356 6202 10620 
14151 20 592 712 
14152 7623 4757 7911 
14153 1576 1656 5201 
14154 3150 3151 3163 
14155 3088 3091 8735 
14156 2257 2652 5202 
14157 6898 6899 6901 
14158 4342 4341 5219 
14159 5245 5220 5246 
14160 3961 4527 9436 
14161 1086 1079 2198 
14162 4775 4777 5911 
14163 2529 1442 8729 
14164 1786 1785 1787 
14165 5849 5846 8549 
14166 2764 2765 2766 
14167 1349 1350 1351 
14168 3091 3096 3114 
14169 2065 2066 2067 
14170 1533 1614 1615 
14171 8561 8764 8909 
14172 1045 1044 1047 
14173 1429 1428 1430 
14174 5999 6000 6001 
14175 1047 1543 9004 
14176 1761 1811 1812 
14177 2805 2803 8845 
14178 2696 2697 2698 
14179 6421 5538 7215 
14180 323 324 8828 
14181 1397 1401 8810 
14182 7758 7715 9282 
14183 2625 2433 2626 
14184 6572 6571 8470 
14185 1014 1016 8695 
14186 3796 3164 8651 
14187 1409 1407 8649 
14188 1427 1426 1428 
14189 2276 2053 8797 
14190 1453 1521 1552 
14191 2692 2693 2694 
14192 4808 5623 8844 
14193 1782 1781 1783 
14194 5537 5536 5538 
14195 10219 731 10381 
14196 6692 5598 8724 
14197 1166 1167 1168 
14198 1822 1821 1866 
14199 4468 4469 4470 
14200 2194 1096 8829 
14201 5824 5932 5933 
14202 2617 4556 4557 
14203 1774 1773 1775 
14204 2843 3010 8847 
14205 4246 2480 4354 
14206 1793 1792 1794 
14207 2473 2475 5613 
14208 2072 2337 2338 
14209 2620 2619 2621 
14210 1351 1352 1353 
14211 1042 5292 8673 
14212 1917 1916 1918 
14213 1752 2473 8853 
14214 1673 4335 8676 
14215 4867 4878 4879 
14216 2141 2374 2375 
14217 2755 2752 3003 
14218 5220 5219 6346 
14219 2260 1958 8518 
14220 1410 1409 1411 
14221 6464 6463 6466 
14222 1010 1012 8700 
14223 1098 8380 8829 
14224 1450 1448 2203 
14225 4202 5232 8675 
14226 3795 4102 8761 
14227 1780 1779 1781 
14228 1652 1800 1969 
14229 4203 4202 8675 
14230 2632 2188 5214 
14231 4118 2621 4119 
14232 5534 4452 5535 
14233 4508 5402 5914 
14234 6901 6902 6903 
14235 1412 1411 1413 
14236 2179 1119 8683 
14237 1978 1806 9018 
14238 4673 9940 10324 
14239 1949 1951 8876 
14240 5104 2743 8752 
14241 5850 5849 8796 
14242 4245 2480 4246 
14243 1739 1752 8853 
14244 2370 1945 7458 
14245 100 723 8766 
14246 5833 4513 6461 
14247 1410 1553 8753 
14248 1353 1354 1355 
14249 71 72 8782 
14250 3292 3293 9064 
14251 7215 5538 7216 
14252 4411 5247 5248 
14253 4355 4354 5910 
14254 2159 7682 8939 
14255 1802 1877 8834 
14256 1646 1644 8860 
14257 1065 1063 1073 
14258 1218 2369 4593 
14259 6907 6271 9045 
14260 4871 4869 4873 
14261 4771 4773 6228 
14262 1772 1690 1773 
14263 4227 7633 8617 
14264 7463 7466 9261 
14265 2770 2768 2771 
14266 5854 5850 8796 
14267 1464 1532 1533 
14268 4498 4151 4499 
14269 9014 5104 9638 
14270 1788 1787 1790 
14271 7726 4334 7727 
14272 5238 5594 9086 
14273 6756 2263 9946 
14274 7347 7348 7349 
14275 5264 5265 6402 
14276 1076 1074 1078 
14277 1164 1165 1166 
14278 593 594 8749 
14279 4120 4119 4121 
14280 3256 3254 3258 
14281 2642 4504 4525 
14282 4650 2635 5412 
14283 1884 1885 1886 
14284 4516 2631 6115 
14285 2067 2068 2266 
14286 2054 2055 8739 
14287 7347 7343 7348 
14288 5248 5275 7417 
14289 1580 1544 1582 
14290 2369 1184 8945 
14291 2207 1989 2268 
14292 2767 2766 2768 
14293 7299 5209 7300 
14294 3148 3147 3149 
14295 1536 1767 8691 
14296 1433 1445 2186 
14297 4200 4121 5483 
14298 5492 6578 9522 
14299 5549 8805 9323 
14300 5445 5446 9116 
14301 5618 4709 6460 
14302 2300 2446 8692 
14303 1429 1431 1432 
14304 2481 2483 5617 
14305 1791 1790 1792 
14306 3274 3275 9056 
14307 1018 1020 8707 
14308 3934 4341 4342 
14309 1417 1399 1418 
14310 7335 1491 7360 
14311 106 107 8827 
14312 5893 6371 6443 
14313 1704 2167 8755 
14314 4708 4355 4709 
14315 1689 1286 1690 
14316 2564 2562 4587 
14317 6172 5140 6304 
14318 5472 7328 9359 
14319 1227 1236 1237 
14320 4604 5942 8705 
14321 1643 1550 1662 
14322 1818 1816 4311 
14323 1733 2481 8871 
14324 1908 1989 2207 
14325 6539 892 10533 
14326 2284 1955 2608 
14327 5919 5254 10355 
14328 2375 2376 2377 
14329 3085 3086 3090 
14330 2702 2703 2704 
14331 2485 2487 2618 
14332 5334 4131 5336 
14333 5536 5535 7369 
14334 2767 2768 2770 
14335 1008 1007 1009 
14336 1765 1953 1965 
14337 4808 5143 5623 
14338 2430 2268 4129 
14339 1055 1052 8884 
14340 3083 3077 3157 
14341 8429 5492 9522 
14342 4854 4838 7266 
14343 9758 2154 9807 
14344 2700 2701 2702 
14345 1154 1474 8641 
14346 5242 4310 5268 
14347 2798 8566 8830 
14348 5891 5866 8744 
14349 1145 1146 1147 
14350 1795 1794 1797 
14351 1730 1733 8871 
14352 2690 2691 2692 
14353 1798 1797 1821 
14354 1425 1424 1426 
14355 6534 10563 10776 
14356 6718 2187 10301 
14357 6555 5828 6556 
14358 2026 2029 8852 
14359 2205 2093 2368 
14360 5912 4203 6809 
14361 4767 4769 6368 
14362 5895 5868 5896 
14363 5856 5854 5857 
14364 2091 2272 2279 
14365 6325 4074 6326 
14366 1147 1148 1149 
14367 1000 1002 1176 
14368 6000 782 6987 
14369 4683 4182 9245 
14370 6328 6039 8702 
14371 1149 1150 1151 
14372 1151 1152 1153 
14373 1153 1154 1155 
14374 3148 3149 3150 
14375 5420 5421 6234 
14376 2377 2378 4427 
14377 3029 3076 3806 
14378 724 9020 10600 
14379 1022 1024 8713 
14380 5150 5149 5151 
14381 2055 2058 8739 
14382 2011 2013 2014 
14383 7114 7105 7115 
14384 1143 1144 1145 
14385 2350 4203 5912 
14386 7232 4740 7297 
14387 6352 5217 6353 
14388 4522 2367 9017 
14389 1044 1042 8673 
14390 6608 6609 6610 
14391 5147 5149 5150 
14392 4466 4467 4468 
14393 1231 9204 9474 
14394 2316 2597 4681 
14395 1511 1443 5239 
14396 5438 5289 5977 
14397 6886 6884 8869 
14398 1742 1741 9243 
14399 5824 5823 5932 
14400 1892 1857 1893 
14401 8597 2408 8869 
14402 5324 5326 6312 
14403 4752 4529 7555 
14404 3022 3023 3024 
14405 1856 1855 1857 
14406 2197 1408 8753 
14407 5116 5115 5795 
14408 5386 6843 9480 
14409 1965 1966 1970 
14410 5277 6002 6221 
14411 3145 3147 3148 
14412 2416 2418 9005 
14413 2526 2438 8664 
14414 1500 1454 1502 
14415 595 596 8747 
14416 2116 2425 5171 
14417 2446 2445 8668 
14418 1704 1702 1981 
14419 8887 5797 8932 
14420 42 43 8835 
14421 2610 2609 4239 
14422 2335 2334 2471 
14423 4507 2534 8912 
14424 2318 2526 8693 
14425 4240 4239 4616 
14426 2014 2013 2015 
14427 1576 1655 1656 
14428 5624 6771 6772 
14429 7644 5902 9161 
14430 2472 2471 2609 
14431 5226 2317 5227 
14432 3160 3147 8833 
14433 1218 4593 5218 
14434 4175 5532 8664 
14435 2766 5556 8727 
14436 4449 4551 4552 
14437 7166 5310 9198 
14438 4011 4012 4013 
14439 594 595 837 
14440 107 984 8827 
14441 2154 7249 9807 
14442 4528 3962 4529 
14443 1930 2070 2291 
14444 3180 3181 3184 
14445 2207 2268 2430 
14446 6086 5151 6087 
14447 6481 5817 9727 
14448 38 39 8857 
14449 6931 4741 8797 
14450 5348 6267 6268 
14451 5892 5857 8796 
14452 8442 3336 8887 
14453 5856 5857 5858 
14454 2733 2732 2734 
14455 2430 4129 4513 
14456 5458 6928 8810 
14457 4566 6456 8668 
14458 1432 1443 1444 
14459 1970 2097 2098 
14460 1355 1356 1357 
14461 2310 2309 2334 
14462 8560 7901 9117 
14463 7114 7115 7116 
14464 2109 2107 8912 
14465 4117 1934 8632 
14466 7130 6255 7131 
14467 1343 8687 8729 
14468 3252 3250 3253 
14469 1997 1890 1998 
14470 2682 2684 9143 
14471 4067 3157 4068 
14472 1385 1390 1391 
14473 2035 2037 8733 
14474 3332 8788 8800 
14475 5541 4200 5962 
14476 4937 4077 8900 
14477 994 996 1558 
14478 1054 1038 1424 
14479 70 738 8742 
14480 8935 1775 9090 
14481 797 484 9788 
14482 3256 3258 3259 
14483 8897 6645 9018 
14484 1622 1618 8897 
14485 8608 1536 8691 
14486 4342 5219 5220 
14487 5858 5857 5867 
14488 3091 3114 8735 
14489 2313 2015 2314 
14490 1122 1123 1124 
14491 1984 1979 1985 
14492 2000 1985 2104 
14493 2170 1945 2370 
14494 5240 4762 6255 
14495 5816 8410 9127 
14496 2308 2218 2309 
14497 5858 5867 5868 
14498 4664 6644 6645 
14499 5438 5977 5978 
14500 7002 5669 8891 
14501 1463 1466 1513 
14502 7586 2025 8969 
14503 5458 6927 6928 
14504 1193 1201 1937 
14505 5534 5535 5536 
14506 2217 2104 2218 
14507 8292 5028 8973 
14508 7804 7805 8801 
14509 9053 6854 9554 
14510 4284 4288 5274 
14511 4461 4463 4464 
14512 3163 4047 8771 
14513 2625 5276 5277 
14514 2281 2411 2412 
14515 1927 1893 1928 
14516 1417 1460 1464 
14517 2729 2728 2730 
14518 4699 4765 6602 
14519 3086 3088 9076 
14520 4085 3222 9108 
14521 5228 5227 5229 
14522 6994 8811 10281 
14523 5150 5151 6086 
14524 1143 1145 1825 
14525 7614 7575 10296 
14526 1119 1117 8683 
14527 1059 1058 8842 
14528 3218 3220 3221 
14529 8866 3960 10097 
14530 1224 1245 1279 
14531 4097 3818 4098 
14532 2375 7832 8814 
14533 759 106 8827 
14534 817 176 8996 
14535 5902 5882 9161 
14536 3832 3150 8771 
14537 8587 5891 8589 
14538 1698 1696 1913 
14539 2199 2198 2444 
14540 35 36 8867 
14541 2762 2756 8838 
14542 2706 2707 2708 
14543 2268 1989 8692 
14544 1867 1866 1868 
14545 985 42 8835 
14546 1341 1343 8729 
14547 1283 1689 8836 
14548 4246 4354 4355 
14549 6689 2687 10757 
14550 1160 1161 1162 
14551 2098 2328 2329 
14552 4520 5994 9411 
14553 7532 7534 9190 
14554 5232 6963 8675 
14555 3085 4835 9008 
14556 6086 6087 6949 
14557 882 451 10086 
14558 596 597 8748 
14559 5227 2317 8693 
14560 3817 3137 3818 
14561 507 508 8901 
14562 7140 7137 8685 
14563 1985 1979 2342 
14564 1392 1397 1398 
14565 5974 5412 6204 
14566 1041 1046 9085 
14567 2014 2015 2313 
14568 4621 4620 4622 
14569 1973 2090 2091 
14570 2618 2619 2620 
14571 5245 5249 9231 
14572 7217 727 9802 
14573 6388 6389 6390 
14574 2514 2320 6802 
14575 4464 4465 4466 
14576 3184 3185 3190 
14577 2313 2314 4432 
14578 1101 1055 8884 
14579 1618 1667 8897 
14580 2647 2608 2651 
14581 3233 3235 3239 
14582 6196 4583 6197 
14583 1444 1511 1512 
14584 988 35 8867 
14585 2094 2317 5226 
14586 1748 1662 1887 
14587 2092 2096 2302 
14588 7726 7727 9274 
14589 2536 2534 4507 
14590 3249 3250 3251 
14591 1548 1514 1549 
14592 2725 2724 2726 
14593 1357 1358 1359 
14594 20 712 6388 
14595 2620 2621 4118 
14596 856 8801 10032 
14597 2302 2595 4230 
14598 6269 5191 6270 
14599 1765 1952 1953 
14600 3310 3312 8915 
14601 2049 8637 8795 
14602 1168 1169 1172 
14603 1623 1622 1806 
14604 4098 3818 5237 
14605 4536 4908 4909 
14606 1386 1384 2188 
14607 4361 4509 8718 
14608 2688 2689 2690 
14609 2540 2538 5161 
14610 7146 901 9765 
14611 4885 4787 8657 
14612 5216 5199 5217 
14613 1279 2594 8885 
14614 5782 8603 8841 
14615 6828 7032 8875 
14616 1279 1245 1280 
14617 4595 4586 4596 
14618 1359 1360 1361 
14619 2434 2436 8894 
14620 3198 3200 3201 
14621 1888 1887 2092 
14622 2594 1281 8836 
14623 3138 3143 3144 
14624 2444 5234 5991 
14625 2656 5347 5348 
14626 4447 4448 4449 
14627 4118 4119 4120 
14628 5076 7687 8984 
14629 2329 4192 4193 
14630 5218 4593 6125 
14631 2116 5171 8876 
14632 1512 1544 1545 
14633 1690 1286 2593 
14634 5203 6621 8899 
14635 1604 1602 2193 
14636 4311 8860 9118 
14637 830 250 9151 
14638 251 916 9151 
14639 1807 1806 1977 
14640 994 995 996 
14641 6420 4911 8931 
14642 1545 1580 1581 
14643 1543 1044 8673 
14644 3247 3248 3249 
14645 998 999 1000 
14646 888 6880 10538 
14647 4806 4804 8960 
14648 4829 4561 6008 
14649 3144 3143 3145 
14650 2633 2632 4506 
14651 1775 1773 1776 
14652 2604 4391 4392 
14653 2409 2391 8914 
14654 5238 5237 5289 
14655 39 808 8857 
14656 5945 6310 7080 
14657 1000 1001 1002 
14658 1869 1868 1968 
14659 43 740 8835 
14660 3242 3244 3245 
14661 2189 2188 2632 
14662 6318 6317 6319 
14663 1006 1008 8688 
14664 6950 6107 10088 
14665 5184 5188 8941 
14666 2084 1968 2086 
14667 1854 1853 1855 
14668 1801 1754 9132 
14669 7849 6167 9189 
14670 9123 5907 9318 
14671 2002 1905 8768 
14672 2218 2104 2598 
14673 1931 4459 4460 
14674 5933 5932 6114 
14675 1568 1622 1623 
14676 2037 2139 8733 
14677 1153 1155 1156 
14678 3237 3238 3272 
14679 8698 5965 9469 
14680 2417 5156 9252 
14681 1656 1764 1765 
14682 4623 4622 4624 
14683 4120 4121 4200 
14684 1164 1166 2585 
14685 8860 8504 9118 
14686 6244 5569 9428 
14687 1650 2182 8697 
14688 2182 9002 9294 
14689 1436 1507 1508 
14690 1361 1362 1363 
14691 3255 3254 3256 
14692 8704 38 8857 
14693 1691 1614 2501 
14694 6459 6458 9721 
14695 1002 1003 1004 
14696 2232 2231 2560 
14697 1183 1181 1184 
14698 5163 2199 8746 
14699 2763 2761 2764 
14700 5174 5173 6007 
14701 1369 1370 1371 
14702 4492 4787 4884 
14703 598 599 8783 
14704 1371 1372 1375 
14705 5429 4243 5805 
14706 4153 5493 6549 
14707 4856 4855 4868 
14708 1124 1123 1125 
14709 2244 1999 2245 
14710 4142 2276 8797 
14711 5571 4361 8718 
14712 3783 3231 9067 
14713 1460 1418 1461 
14714 6312 6313 6583 
14715 4311 1816 8860 
14716 5797 5798 8936 
14717 7781 8442 8932 
14718 4729 2118 9385 
14719 597 598 719 
14720 1367 1368 1369 
14721 1281 1280 1282 
14722 3148 3832 8773 
14723 1982 1928 1983 
14724 36 857 8867 
14725 2760 2761 2763 
14726 1964 1771 5271 
14727 2278 2054 8739 
14728 996 997 998 
14729 1365 1366 1367 
14730 738 71 8782 
14731 2760 2759 2761 
14732 2614 2288 4403 
14733 1614 1532 8893 
14734 1963 1964 1973 
14735 4125 4281 4319 
14736 4625 4624 5173 
14737 1522 1496 9002 
14738 1363 1364 1365 
14739 2167 1981 2231 
14740 55 8636 10053 
14741 5252 5250 8786 
14742 1183 1184 1185 
14743 3245 3246 3247 
14744 5330 5252 8786 
14745 1865 2660 9445 
14746 5429 5805 7584 
14747 4644 6411 6448 
14748 2748 2746 2769 
14749 2258 7743 9176 
14750 4192 4194 5323 
14751 1586 1584 2212 
14752 5795 5115 6721 
14753 1613 5361 9285 
14754 1268 1276 1277 
14755 1063 1061 8806 
14756 2148 1954 8767 
14757 2758 2759 2760 
14758 2380 2159 8939 
14759 5074 5076 8984 
14760 1623 7673 8896 
14761 2471 2334 4241 
14762 2029 2257 8852 
14763 1279 1280 1281 
14764 1886 1894 1923 
14765 5915 8656 9227 
14766 1156 1157 1158 
14767 1283 1282 1285 
14768 1038 1039 8980 
14769 2272 2090 2273 
14770 4366 7758 9174 
14771 5908 4408 6698 
14772 5564 6843 9219 
14773 1767 2009 8691 
14774 1789 4662 6122 
14775 4884 6624 6627 
14776 8442 8887 8932 
14777 618 619 720 
14778 2020 2018 9308 
14779 2772 2768 8727 
14780 1147 1149 2219 
14781 2466 2172 8774 
14782 3181 3179 10366 
14783 8061 926 10461 
14784 4559 4557 5930 
14785 452 820 10086 
14786 1375 1376 1378 
14787 2039 2045 8798 
14788 1667 4664 8897 
14789 4398 4446 4447 
14790 4859 4862 4865 
14791 2560 2231 2561 
14792 3956 7756 8964 
14793 1034 1036 9097 
14794 1621 1612 1684 
14795 6654 5231 9196 
14796 1872 1665 2613 
14797 1399 1397 8810 
14798 2413 2433 2625 
14799 4196 4193 4199 
14800 1126 1125 1127 
14801 1635 1771 1963 
14802 2287 1990 2320 
14803 1128 1127 1129 
14804 2371 2370 2637 
14805 3272 3273 3802 
14806 7001 6556 10089 
14807 3137 3124 3138 
14808 1640 1658 1675 
14809 2042 2044 8795 
14810 2185 1774 8935 
14811 5100 8561 8909 
14812 7108 7106 8765 
14813 2061 2065 8790 
14814 1902 1901 1903 
14815 2139 2039 8798 
14816 6087 5151 8714 
14817 2505 2507 8791 
14818 1155 1154 8641 
14819 1130 1129 1131 
14820 2140 2066 9213 
14821 1137 1136 1138 
14822 1096 1098 8829 
14823 7106 7114 8765 
14824 1408 1410 8753 
14825 4342 5245 8856 
14826 2721 2720 2722 
14827 1132 1131 1136 
14828 1965 1953 1966 
14829 4333 4332 4382 
14830 7838 7773 8933 
14831 2060 2061 8790 
14832 1590 1588 1680 
14833 1189 1187 2222 
14834 3246 3244 3257 
14835 5814 9109 9251 
14836 3144 3145 8773 
14837 2068 2141 8814 
14838 6389 712 6391 
14839 1916 1745 8697 
14840 1158 1159 1160 
14841 4838 4839 4840 
14842 4616 4239 5444 
14843 5158 4702 8949 
14844 4918 4919 6158 
14845 1448 1162 8799 
14846 1877 4229 8834 
14847 1777 1776 1778 
14848 1608 1606 1661 
14849 1048 1047 1050 
14850 3211 3212 3213 
14851 5899 5890 8794 
14852 1381 1382 1384 
14853 3321 3324 8954 
14854 7073 7072 10118 
14855 3133 6753 10052 
14856 2356 4384 8611 
14857 7337 7335 8758 
14858 5525 4228 9409 
14859 1378 1379 1381 
14860 1775 1776 1777 
14861 2320 1990 9007 
14862 6331 6007 6332 
14863 7802 9580 10276 
14864 5468 4858 8928 
14865 1281 1282 1283 
14866 3252 3253 3254 
14867 1425 1426 1427 
14868 7115 9181 9280 
14869 9543 3843 10739 
14870 5226 5227 5228 
14871 2744 2742 3993 
14872 1779 1778 1789 
14873 2542 1059 8842 
14874 2628 2630 4402 
14875 2378 2642 8826 
14876 4069 4068 4073 
14877 5281 5312 5313 
14878 5946 8072 9596 
14879 5186 5184 8941 
14880 1774 1775 8935 
14881 5753 5752 5754 
14882 1513 1548 4388 
14883 6889 6886 8869 
14884 1050 1047 9004 
14885 75 76 9031 
14886 4432 8821 10294 
14887 4751 6328 6329 
14888 1600 1598 1756 
14889 6035 6340 9394 
14890 2115 2505 8812 
14891 3242 3240 3243 
14892 1785 1783 1796 
14893 1053 1052 1055 
14894 1056 1055 1058 
14895 3804 3193 9082 
14896 1905 1910 8768 
14897 1051 1050 1052 
14898 1623 1806 1807 
14899 6806 2016 10037 
14900 2044 2049 8795 
14901 1216 1217 1225 
14902 1058 1141 8842 
14903 2618 8721 8870 
14904 1526 1576 8694 
14905 5629 5627 8965 
14906 2758 2757 2759 
14907 2617 2279 4556 
14908 4337 2561 4338 
14909 5238 5289 5438 
14910 4851 4848 9119 
14911 5637 7532 9190 
14912 6044 5639 9190 
14913 7282 7281 9487 
14914 4187 2364 4188 
14915 4396 4397 4398 
14916 8633 7693 8966 
14917 7423 1909 10406 
14918 1970 1966 2097 
14919 1427 1428 1429 
14920 3190 3191 3204 
14921 5182 6751 6752 
14922 1474 2343 8641 
14923 2473 5613 8853 
14924 1172 1173 1196 
14925 1283 1285 1286 
14926 5644 5642 5752 
14927 4098 5237 5238 
14928 1432 1431 1443 
14929 1596 1594 2210 
14930 2771 2774 8781 
14931 2098 2097 2328 
14932 3130 3128 3131 
14933 3231 3233 9067 
14934 1807 1977 1979 
14935 1429 1430 1431 
14936 1205 1206 1216 
14937 1871 1683 1876 
14938 6185 9657 10334 
14939 4652 6778 9999 
14940 1074 1071 8820 
14941 1269 4333 9165 
14942 1241 6754 10166 
14943 5228 5229 6317 
14944 5433 4188 5434 
14945 5337 7023 9072 
14946 617 618 8792 
14947 5650 5649 5651 
14948 6425 9262 10587 
14949 1156 1155 1157 
14950 1196 1197 1205 
14951 3123 3120 3124 
14952 4486 4488 5162 
14953 1124 1125 1126 
14954 1194 1191 1232 
14955 1079 1076 8803 
14956 1185 1184 1218 
14957 4286 4285 4287 
14958 4394 4395 4396 
14959 5827 4404 5828 
14960 7004 478 9452 
14961 4013 4183 4184 
14962 3770 3934 8856 
14963 6676 5306 6807 
14964 5602 8633 8966 
14965 7918 5923 9603 
14966 6470 4117 8632 
14967 7419 5734 9891 
14968 3793 3795 8761 
14969 5856 5858 8744 
14970 8035 919 8973 
14971 4659 4749 5643 
14972 1777 1778 1779 
14973 2768 2766 8727 
14974 1831 1676 1832 
14975 4884 4885 6624 
14976 4338 4408 5908 
14977 1137 1138 1139 
14978 1126 1127 1128 
14979 3239 3240 3241 
14980 1635 1549 1636 
14981 5610 2770 8781 
14982 5857 5854 8796 
14983 1132 1136 1137 
14984 1111 2177 9123 
14985 1398 1399 1417 
14986 1128 1129 1130 
14987 2329 2328 4192 
14988 3998 4375 4376 
14989 1923 1924 2071 
14990 3251 3250 3252 
14991 4392 4393 4394 
14992 2759 3769 8807 
14993 6924 5074 8984 
14994 1130 1131 1132 
14995 2385 2387 9400 
14996 4509 6082 8718 
14997 1920 2209 8789 
14998 3844 3845 3846 
14999 4655 4657 4756 
15000 3150 3163 8771 
15001 8802 2036 9011 
15002 1377 1355 8865 
15003 6666 6667 9853 
15004 3291 3489 3830 
15005 2481 5617 8871 
15006 764 488 9757 
15007 3123 3817 8904 
15008 923 349 9216 
15009 1533 1532 1614 
15010 350 8066 9216 
15011 2412 2413 8757 
15012 1615 1614 1691 
15013 4840 4841 4842 
15014 4384 6189 6191 
15015 1692 1691 1899 
15016 2656 2273 4174 
15017 936 291 9208 
15018 3123 3124 3137 
15019 6279 6276 9787 
15020 21 600 9180 
15021 6274 6276 6277 
15022 3208 3209 3217 
15023 4616 5444 6615 
15024 292 801 9208 
15025 2171 1014 8695 
15026 3024 3025 3026 
15027 1777 1780 9090 
15028 3265 3263 8951 
15029 2756 2757 2758 
15030 1677 7277 9817 
15031 4847 4853 5224 
15032 5277 5276 6002 
15033 1940 2076 2077 
15034 5411 4880 6534 
15035 4792 6544 6545 
15036 6118 4427 8826 
15037 8996 6579 9239 
15038 4622 4620 5810 
15039 2064 2290 9213 
15040 8774 6345 9913 
15041 7218 5561 8982 
15042 4518 2361 4519 
15043 5140 2647 8843 
15044 2192 2002 8768 
15045 7222 5045 9444 
15046 6221 6002 8616 
15047 5656 6948 9153 
15048 709 57 9238 
15049 1211 1224 8885 
15050 2625 2626 5276 
15051 5890 8609 8794 
15052 2266 2068 8814 
15053 1444 1443 1511 
15054 3259 3770 8779 
15055 5655 2060 8790 
15056 6610 6611 6614 
15057 1016 1171 8695 
15058 4741 4142 8797 
15059 2729 7065 10165 
15060 3951 4235 4236 
15061 5641 4143 5642 
15062 3288 3261 8779 
15063 1792 1790 1912 
15064 616 617 948 
15065 4878 4872 4880 
15066 631 23 730 
15067 19 584 731 
15068 3795 4088 4102 
15069 1512 1511 1544 
15070 3263 3288 8951 
15071 2566 2564 8804 
15072 1054 1424 1425 
15073 1955 1818 8855 
15074 116 7493 9192 
15075 2356 4383 4384 
15076 4680 2466 8774 
15077 72 977 8782 
15078 1545 1544 1580 
15079 3249 3248 3250 
15080 6923 5436 10089 
15081 4832 4829 8873 
15082 1226 2242 4207 
15083 4638 4640 5304 
15084 2163 1106 9270 
15085 2560 2561 4337 
15086 1464 1460 1532 
15087 2765 2761 8807 
15088 6715 2233 10036 
15089 1498 1503 1653 
15090 10394 7535 10732 
15091 7311 4490 9250 
15092 2717 2716 2718 
15093 4120 5541 8883 
15094 8909 5158 8949 
15095 1467 1302 8760 
15096 8830 5760 9019 
15097 4629 6689 6729 
15098 3261 3259 8779 
15099 5347 4174 5951 
15100 1219 1214 2223 
15101 4595 5306 6515 
15102 1576 5201 8694 
15103 7276 2462 9029 
15104 7102 7101 9088 
15105 1417 1418 1460 
15106 4773 4775 8809 
15107 2087 2006 2088 
15108 9118 5770 9341 
15109 7575 7614 10266 
15110 1581 1580 1681 
15111 4609 4611 5470 
15112 4243 2185 8935 
15113 4207 2242 4746 
15114 6959 670 9885 
15115 2770 2771 8781 
15116 4697 8639 10004 
15117 2444 6786 8746 
15118 1061 2542 8806 
15119 2224 1980 9517 
15120 4482 4484 4891 
15121 4427 2378 8826 
15122 8932 5797 8936 
15123 1012 2171 8700 
15124 9718 7662 9772 
15125 4129 5145 8787 
15126 8643 2174 9081 
15127 5369 4118 8883 
15128 5908 6698 6699 
15129 5250 5555 8786 
15130 4268 2088 6038 
15131 4287 4285 4651 
15132 8740 5985 8986 
15133 3247 3246 3248 
15134 3026 3027 3028 
15135 3156 3119 8904 
15136 1171 1018 8707 
15137 4867 4866 4872 
15138 2186 1445 8694 
15139 5243 5242 9241 
15140 4557 4556 8716 
15141 8869 2408 9089 
15142 2195 1006 8688 
15143 5411 6534 6535 
15144 2077 2355 2356 
15145 6642 5163 8746 
15146 3993 2742 8872 
15147 2290 8908 9210 
15148 1357 2201 8865 
15149 7113 7108 8765 
15150 2754 2755 2756 
15151 630 631 8878 
15152 584 585 8882 
15153 2182 1560 9002 
15154 5281 5170 5312 
15155 2373 2140 9409 
15156 1424 1038 8980 
15157 6415 5905 9427 
15158 5249 5251 9370 
15159 2199 2444 8746 
15160 2775 2773 9061 
15161 2480 2148 8767 
15162 1538 1568 8896 
15163 1454 1450 8851 
15164 1361 1374 8902 
15165 2172 2192 8774 
15166 4164 4586 4595 
15167 1560 1522 9002 
15168 5265 8594 10741 
15169 1376 1372 9074 
15170 1675 1831 2607 
15171 7142 7141 9795 
15172 3103 3102 3104 
15173 2751 2752 2754 
15174 3840 3841 3842 
15175 2063 8505 8908 
15176 1922 1920 8789 
15177 1203 1198 2221 
15178 485 890 9788 
15179 5173 4624 5414 
15180 2756 2755 2757 
15181 586 587 8879 
15182 3145 3148 8773 
15183 5652 5651 5653 
15184 5531 5530 6154 
15185 5191 5186 8941 
15186 2269 4563 5420 
15187 3119 3120 3123 
15188 216 743 9256 
15189 6250 6251 6418 
15190 4907 4535 9194 
15191 1513 1514 1548 
15192 5263 2362 9111 
15193 3136 6997 10634 
15194 6942 884 10309 
15195 4239 2609 8930 
15196 7196 7566 9530 
15197 5114 8414 9655 
15198 1365 2200 8927 
15199 7341 7337 8758 
15200 5913 7152 9795 
15201 943 8127 9856 
15202 4617 4616 8946 
15203 8849 4480 9257 
15204 3245 3244 3246 
15205 4452 2380 8939 
15206 5301 5299 5477 
15207 2355 2076 5992 
15208 2367 2103 9017 
15209 5164 5165 6231 
15210 2209 1918 8942 
15211 8801 7805 10032 
15212 2754 2752 2755 
15213 1020 2178 8707 
15214 4620 4617 8946 
15215 1226 1225 2242 
15216 3940 4284 4285 
15217 6189 4383 6190 
15218 4152 5263 5399 
15219 4769 4771 8848 
15220 628 629 8877 
15221 6363 6362 9234 
15222 629 630 949 
15223 585 586 950 
15224 4542 6907 9926 
15225 1158 1157 1159 
15226 2141 2375 8814 
15227 7848 7621 9034 
15228 1237 1238 1250 
15229 3119 3113 3120 
15230 4878 4880 5411 
15231 6323 4522 7407 
15232 2201 1359 8902 
15233 4476 4478 4642 
15234 6225 6503 6836 
15235 1250 1251 1259 
15236 1259 1260 1267 
15237 4985 4984 9264 
15238 5604 5602 8966 
15239 2483 2485 8870 
15240 5835 5837 9036 
15241 3031 3028 9147 
15242 8933 4327 9059 
15243 8516 3808 9436 
15244 1212 1207 1253 
15245 1160 1159 1161 
15246 1461 1463 8816 
15247 4449 4552 4555 
15248 9189 6167 9332 
15249 2203 1448 8799 
15250 4937 8900 9663 
15251 2507 5213 8791 
15252 2259 1922 8789 
15253 3940 3939 4284 
15254 6461 4513 8787 
15255 2738 2741 8661 
15256 4472 4474 5297 
15257 2091 2090 2272 
15258 5657 8830 9019 
15259 4194 2328 8920 
15260 1168 1172 1175 
15261 344 345 9272 
15262 5309 4099 9179 
15263 2305 1966 8947 
15264 4718 6260 6705 
15265 3233 3232 3234 
15266 893 137 9721 
15267 7313 501 9733 
15268 2257 5202 8852 
15269 5313 5312 6725 
15270 4867 4872 4878 
15271 2314 2316 8821 
15272 3242 3243 3244 
15273 2501 1614 8893 
15274 1049 1010 8700 
15275 4513 4129 8787 
15276 476 827 9159 
15277 7619 2602 9114 
15278 2338 2339 4124 
15279 1439 1441 1469 
15280 1374 1363 8927 
15281 2097 2305 8920 
15282 2735 2734 2736 
15283 167 168 9578 
15284 8799 1162 8925 
15285 3016 4055 9061 
15286 2498 1050 9004 
15287 3233 3234 3235 
15288 5805 8935 9090 
15289 479 819 9452 
15290 2713 2712 2714 
15291 4257 2419 9252 
15292 6388 712 6389 
15293 2074 1983 2075 
15294 4765 4767 8861 
15295 2178 1022 8713 
15296 3769 2757 8953 
15297 925 10319 10578 
15298 1519 1529 1634 
15299 1821 1797 2082 
15300 2647 2651 8843 
15301 587 588 8881 
15302 1943 1945 2170 
15303 2638 2637 2648 
15304 2642 4525 8826 
15305 8661 5104 9014 
15306 1977 2094 8825 
15307 1837 1838 1839 
15308 8797 2053 9112 
15309 1711 7045 9479 
15310 5867 5893 8832 
15311 6946 1558 10155 
15312 7407 4522 9017 
15313 4229 7061 8834 
15314 5780 8037 10268 
15315 7766 5081 9189 
15316 1940 1832 1941 
15317 5233 2608 8855 
15318 627 628 8919 
15319 2615 4762 5240 
15320 4354 2480 8767 
15321 1665 1561 9148 
15322 5474 6454 9671 
15323 7073 5411 9802 
15324 6389 6391 6392 
15325 4864 4863 4866 
15326 5168 3241 8823 
15327 2174 2350 9081 
15328 1418 1399 8944 
15329 2737 2736 2738 
15330 6889 8869 9089 
15331 2246 2245 2357 
15332 2751 2750 2752 
15333 6231 6232 6233 
15334 1663 1631 1664 
15335 1961 1960 1962 
15336 4287 4651 4652 
15337 2546 2428 2547 
15338 2500 6881 6882 
15339 2749 2750 2751 
15340 4664 6645 8897 
15341 5206 6623 9293 
15342 7739 8795 9174 
15343 5081 8530 9189 
15344 6243 10184 10257 
15345 3934 4342 8856 
15346 3241 3240 3242 
15347 704 75 9031 
15348 5896 5868 8832 
15349 2215 2121 2216 
15350 5348 5347 6267 
15351 1073 1063 8806 
15352 2272 2273 2656 
15353 4396 4398 4530 
15354 3107 8689 8975 
15355 5745 5204 9293 
15356 1638 1640 8850 
15357 4613 2496 4614 
15358 5535 4452 8939 
15359 1071 2196 8820 
15360 1624 1540 1626 
15361 2622 2283 4201 
15362 1800 1908 8886 
15363 3239 3235 3240 
15364 1973 1964 2090 
15365 1196 1205 2230 
15366 1024 1057 8713 
15367 2101 2100 2102 
15368 5868 5867 8832 
15369 1682 1626 1683 
15370 3803 7670 9050 
15371 1449 1451 9048 
15372 2756 2758 8838 
15373 3020 3019 3021 
15374 2764 2767 8864 
15375 3109 2731 3226 
15376 1008 1049 8688 
15377 9677 7821 10227 
15378 5224 5225 6119 
15379 5183 2763 8864 
15380 4392 4394 5832 
15381 1542 1947 9233 
15382 2302 5215 8924 
15383 1675 1676 1831 
15384 5801 5653 6012 
15385 4432 2314 8821 
15386 1953 2267 8947 
15387 1547 1573 2227 
15388 7416 1291 10179 
15389 4652 5182 6841 
15390 4864 4866 4867 
15391 5427 4317 6285 
15392 1963 1771 1964 
15393 2358 2357 2511 
15394 5377 5376 5378 
15395 8779 3770 8856 
15396 6948 5657 9019 
15397 2761 2759 8807 
15398 2368 2093 8924 
15399 1267 1268 8923 
15400 1548 1549 1635 
15401 9228 6697 10701 
15402 778 8038 9692 
15403 2198 1079 8803 
15404 4267 5944 5945 
15405 6092 6090 9945 
15406 4126 6088 6089 
15407 4355 5910 8890 
15408 3229 3231 3783 
15409 3112 3113 3119 
15410 8355 6904 10164 
15411 2070 2281 8905 
15412 588 589 733 
15413 626 627 732 
15414 5166 8643 9081 
15415 2249 2248 2250 
15416 6651 4663 6652 
15417 3112 3108 3113 
15418 1381 1386 8959 
15419 6931 8797 9112 
15420 4844 4841 4858 
15421 5234 2198 8803 
15422 5247 4206 9039 
15423 1228 1221 1266 
15424 1633 1679 1763 
15425 5997 6648 9152 
15426 1450 2203 8851 
15427 4418 9483 9592 
15428 1281 1283 8836 
15429 2282 2005 2283 
15430 2093 2092 8924 
15431 3803 3939 3940 
15432 2436 4699 8894 
15433 3107 3108 3112 
15434 5715 8118 9302 
15435 4652 4651 5182 
15436 4296 8247 9302 
15437 6209 5527 9753 
15438 5145 5147 8892 
15439 3221 3222 3821 
15440 2581 2583 9375 
15441 2747 2748 2749 
15442 4862 4861 4863 
15443 2571 2574 9363 
15444 4909 4910 6273 
15445 5940 9132 9243 
15446 5380 5378 5381 
15447 6304 5140 8843 
15448 1078 1074 8820 
15449 3085 3084 3086 
15450 2659 4641 8813 
15451 5214 2188 8940 
15452 2413 2625 8757 
15453 4561 4559 8907 
15454 5371 5370 9173 
15455 6176 4519 6177 
15456 6335 6859 10801 
15457 118 119 9366 
15458 1162 1161 8925 
15459 5130 2454 9105 
15460 5893 6443 8832 
15461 1216 1225 1226 
15462 5930 4557 8716 
15463 1076 1078 8803 
15464 1224 1279 8885 
15465 9009 7172 10788 
15466 3107 3097 3108 
15467 8100 755 9315 
15468 2240 2238 9105 
15469 1385 1391 8940 
15470 1285 1297 8874 
15471 2538 2536 8910 
15472 2608 1955 8855 
15473 1 34 9193 
15474 9276 3954 9428 
15475 1584 1581 8926 
15476 1969 1800 8886 
15477 1818 4311 8855 
15478 5115 2566 8804 
15479 7335 7360 8758 
15480 2316 4681 8821 
15481 257 8052 9322 
15482 913 256 9322 
15483 1218 5218 8913 
15484 6539 6190 6540 
15485 2630 4162 8934 
15486 2202 1378 8959 
15487 4595 4596 5306 
15488 1355 1357 8865 
15489 5828 4404 9139 
15490 712 592 8710 
15491 1138 1174 8888 
15492 6597 5176 9376 
15493 5617 2483 8870 
15494 4200 5483 8911 
15495 2763 2764 8864 
15496 2485 2618 8870 
15497 1588 1586 8937 
15498 6215 8740 8986 
15499 4775 5911 8809 
15500 1635 1636 1771 
15501 2505 8791 8812 
15502 1384 1385 8940 
15503 1179 1139 8889 
15504 3272 3802 3803 
15505 7315 8989 10767 
15506 7163 6103 10149 
15507 7047 7048 10046 
15508 5225 4853 5955 
15509 5271 1771 8976 
15510 8380 2163 9054 
15511 3803 3802 3939 
15512 2656 4174 5347 
15513 1908 2207 8886 
15514 5597 8671 9170 
15515 1606 1604 8916 
15516 5375 4614 5376 
15517 7615 1542 9233 
15518 2749 2748 2750 
15519 4319 4320 4321 
15520 9282 7715 9371 
15521 1502 1454 8851 
15522 5497 5495 9321 
15523 2625 5277 8757 
15524 2529 8729 9039 
15525 1039 1041 9085 
15526 6115 2631 9035 
15527 4912 7418 9205 
15528 3276 9572 9650 
15529 115 6 9192 
15530 6270 5191 8941 
15531 6754 1241 10222 
15532 4333 5437 9033 
15533 2342 1979 8825 
15534 2564 4587 8804 
15535 3820 3927 3928 
15536 6228 4773 8809 
15537 3096 3097 3107 
15538 6802 2320 9391 
15539 5409 3031 9147 
15540 1868 1866 2225 
15541 4466 4468 5428 
15542 2745 2746 2747 
15543 8851 2203 8929 
15544 4118 4120 8883 
15545 8579 6092 10058 
15546 9891 5734 9899 
15547 5810 4620 8946 
15548 716 6615 10377 
15549 4332 4331 6132 
15550 3083 3157 4067 
15551 4859 4858 4861 
15552 4838 4836 4839 
15553 8795 8637 9174 
15554 1979 1977 8825 
15555 1861 1664 1862 
15556 4842 4841 4844 
15557 8710 593 8749 
15558 3275 3278 9056 
15559 4709 4355 8890 
15560 2086 1968 2362 
15561 589 590 8918 
15562 7534 912 10169 
15563 9899 5572 9930 
15564 2755 3003 8953 
15565 5147 5150 8892 
15566 4600 5530 5531 
15567 4152 5399 5401 
15568 519 9 713 
15569 3293 3296 9064 
15570 7290 5544 9781 
15571 1187 1185 8913 
15572 1164 2585 8925 
15573 4862 4863 4864 
15574 2743 2744 2745 
15575 7785 7790 9344 
15576 5240 6255 7130 
15577 6515 5306 6676 
15578 5473 7066 9638 
15579 4069 4073 4074 
15580 3018 2998 3019 
15581 5382 5384 9184 
15582 4771 6228 8848 
15583 1277 1278 1295 
15584 1458 1299 5307 
15585 4069 4074 5372 
15586 9231 5249 9370 
15587 5805 4243 8935 
15588 1269 4331 4332 
15589 2593 1286 8874 
15590 1832 1676 8962 
15591 7057 7056 10164 
15592 2086 2362 2364 
15593 4505 6790 9766 
15594 2120 2075 2121 
15595 5598 5597 9170 
15596 1565 1567 1578 
15597 6023 6024 6308 
15598 3096 3092 3097 
15599 7696 1662 9109 
15600 7177 5906 9312 
15601 3029 3806 9147 
15602 6478 9970 10056 
15603 1568 1623 8896 
15604 6368 4769 8848 
15605 1269 1267 4331 
15606 8872 2739 9286 
15607 4567 5473 5767 
15608 1839 1840 1841 
15609 3022 3021 3023 
15610 2639 4663 4695 
15611 1918 1916 8942 
15612 1028 1030 9030 
15613 1359 1361 8902 
15614 1433 2186 8958 
15615 9066 820 10018 
15616 1107 1134 9339 
15617 9034 740 9527 
15618 1431 1433 8958 
15619 2741 2742 2743 
15620 6556 5828 9471 
15621 1765 1965 8978 
15622 5444 4239 8930 
15623 8055 5413 9680 
15624 1176 1002 8957 
15625 7145 8778 9728 
15626 2584 2573 9363 
15627 2740 2738 8661 
15628 1286 1285 8874 
15629 4484 4486 8967 
15630 4384 4383 6189 
15631 5803 5802 9059 
15632 1805 8841 9127 
15633 1463 1513 8816 
15634 1295 1296 1438 
15635 4840 4839 4841 
15636 2009 2011 8948 
15637 9002 7473 9294 
15638 2747 2746 2748 
15639 1227 1237 9069 
15640 1582 1544 8979 
15641 1139 1138 8888 
15642 7460 7279 9626 
15643 2011 2014 8948 
15644 3091 3092 3096 
15645 3231 3232 3233 
15646 3270 9524 9563 
15647 2094 5226 8825 
15648 2004 7628 9440 
15649 1916 8697 8942 
15650 8410 5395 9047 
15651 3109 3227 4505 
15652 1143 1825 8977 
15653 2782 2784 9287 
15654 6460 4709 9006 
15655 2053 2043 9112 
15656 2626 2628 8955 
15657 4643 2494 6482 
15658 2214 6949 10136 
15659 5962 4200 8911 
15660 1239 1233 2233 
15661 4767 6368 8861 
15662 6861 839 9750 
15663 1133 1115 9318 
15664 3091 3089 3092 
15665 77 78 9284 
15666 1004 2195 8957 
15667 5992 2076 8943 
15668 1181 1179 8945 
15669 5613 2475 9083 
15670 2745 2744 2746 
15671 2347 2346 9040 
15672 7732 7044 10725 
15673 2514 6802 6923 
15674 4874 4873 5298 
15675 5201 1656 8978 
15676 5807 6305 10072 
15677 5802 8933 9059 
15678 10312 5974 10442 
15679 6318 6320 9380 
15680 2297 2296 2322 
15681 2291 8905 8906 
15682 200 8063 9396 
15683 1789 6122 8921 
15684 2077 2076 2355 
15685 4847 4845 4853 
15686 3231 3230 3232 
15687 2092 2302 8924 
15688 4829 6008 8873 
15689 3199 4048 9301 
15690 5213 2509 9115 
15691 920 8225 10411 
15692 590 591 952 
15693 624 625 951 
15694 8399 8560 9328 
15695 8980 1039 9085 
15696 5334 5336 6335 
15697 8093 940 9376 
15698 2654 5264 9115 
15699 5401 5399 6458 
15700 5239 1443 8958 
15701 639 24 784 
15702 18 576 785 
15703 730 23 6426 
15704 1110 1423 9383 
15705 594 837 8749 
15706 1372 1380 9074 
15707 2364 2362 4152 
15708 1363 1365 8927 
15709 1825 1145 8990 
15710 1831 1832 1940 
15711 1581 1681 8926 
15712 516 517 839 
15713 6789 4379 10322 
15714 4592 10181 10607 
15715 4859 4861 4862 
15716 2291 2070 8905 
15717 3822 2682 9143 
15718 3028 3027 3029 
15719 5891 8744 9068 
15720 2773 3016 9061 
15721 3242 3245 8823 
15722 3138 3144 8938 
15723 2356 2355 4383 
15724 3227 3226 3228 
15725 8966 2258 9176 
15726 2738 2739 2741 
15727 4206 2529 9039 
15728 6602 4765 8861 
15729 8580 7732 10725 
15730 2170 2370 2371 
15731 832 199 9396 
15732 3088 3089 3091 
15733 6751 8950 9283 
15734 2475 2478 9083 
15735 5358 4854 7266 
15736 1781 1779 8921 
15737 4199 4193 8961 
15738 10237 10157 10617 
15739 5134 5425 9387 
15740 4067 4068 4069 
15741 2743 2742 2744 
15742 1030 1422 9030 
15743 747 8078 9860 
15744 1779 1789 8921 
15745 2281 2412 8905 
15746 4812 7649 9705 
15747 1161 1164 8925 
15748 2222 1187 8913 
15749 5434 4188 5435 
15750 1511 5239 8979 
15751 1185 1218 8913 
15752 4308 3944 5422 
15753 1184 1181 8945 
15754 1758 1761 2229 
15755 8787 5145 8892 
15756 5439 5422 5512 
15757 3119 3123 8904 
15758 5401 6458 6459 
15759 5940 8767 9132 
15760 6700 6629 10638 
15761 7517 1740 9618 
15762 5276 2626 8955 
15763 1732 1731 9486 
15764 515 516 8987 
15765 3137 3138 8938 
15766 3802 3273 8974 
15767 4193 4192 8961 
15768 7077 5950 9972 
15769 1871 1876 1990 
15770 2328 2097 8920 
15771 2177 1109 9339 
15772 638 639 8970 
15773 576 577 8993 
15774 9707 5570 10531 
15775 837 595 8747 
15776 2287 2320 2514 
15777 5382 5381 5383 
15778 2602 2604 9114 
15779 5237 3818 8938 
15780 7832 6031 9073 
15781 8404 932 10522 
15782 7687 9214 9891 
15783 2493 2347 2494 
15784 1806 1622 9018 
15785 5623 5624 9210 
15786 8781 7672 9129 
15787 3229 3228 3230 
15788 5372 4074 6325 
15789 1412 1414 9199 
15790 1941 1943 8943 
15791 5055 4269 5270 
15792 2587 4495 4706 
15793 7743 2004 9345 
15794 4759 4671 9687 
15795 1904 1738 9379 
15796 2323 2322 2324 
15797 8678 5580 9214 
15798 6451 8859 9783 
15799 8842 1141 8977 
15800 2188 1384 8940 
15801 1147 2219 8990 
15802 3132 3131 3140 
15803 4844 4858 4859 
15804 6277 6279 6763 
15805 2212 1584 8926 
15806 2371 2638 2639 
15807 3183 3172 5374 
15808 3088 3087 3089 
15809 6721 5115 8804 
15810 4699 6602 8894 
15811 514 515 954 
15812 1513 4388 8816 
15813 6493 6492 9290 
15814 2741 2739 2742 
15815 3241 3242 8823 
15816 1248 1246 1284 
15817 5434 5435 5436 
15818 1833 1884 1976 
15819 7115 7105 9088 
15820 1966 1953 8947 
15821 1841 1842 1843 
15822 1776 1773 8968 
15823 1662 1550 9109 
15824 3818 3137 8938 
15825 1940 1941 2076 
15826 5827 5828 6555 
15827 5228 6318 9217 
15828 1690 2593 8968 
15829 8691 2009 8948 
15830 1985 2342 8971 
15831 8747 596 8748 
15832 4860 4851 9119 
15833 1290 1299 1300 
15834 637 638 955 
15835 577 578 958 
15836 1002 1004 8957 
15837 1652 1969 9145 
15838 1438 1439 9035 
15839 1259 1267 1269 
15840 474 475 9798 
15841 6667 7046 9853 
15842 8864 3768 9133 
15843 1636 1638 8976 
15844 6189 6190 6539 
15845 1586 2212 8937 
15846 4912 9205 9245 
15847 4641 6743 8813 
15848 3026 3025 3027 
15849 1291 7416 10557 
15850 7901 7902 9117 
15851 7444 7443 9138 
15852 5273 5272 9146 
15853 787 7410 9665 
15854 2509 2654 9115 
15855 700 701 715 
15856 5224 4853 5225 
15857 7778 8858 10475 
15858 5979 4674 6224 
15859 32 688 728 
15860 6008 4561 8907 
15861 4616 6615 8946 
15862 513 514 8988 
15863 6469 9464 10499 
15864 2598 2104 8971 
15865 1225 1227 9069 
15866 509 880 9546 
15867 8893 1532 9013 
15868 5161 2538 8910 
15869 6703 2705 9927 
15870 2536 4507 8910 
15871 1237 1250 5258 
15872 1773 1690 8968 
15873 1550 1505 9109 
15874 1640 1675 8850 
15875 9769 7814 10692 
15876 776 8965 9961 
15877 4155 4516 5203 
15878 6891 6889 9089 
15879 2757 2755 8953 
15880 6890 6892 9335 
15881 2585 1166 9003 
15882 5531 6154 6553 
15883 2408 7771 9089 
15884 4267 5945 9381 
15885 8589 5891 9068 
15886 4089 4090 9872 
15887 5441 5440 10736 
15888 4556 2279 9015 
15889 746 7847 9717 
15890 4559 5930 8907 
15891 3843 6708 10739 
15892 5203 6040 6127 
15893 1139 8888 8889 
15894 4093 4924 9357 
15895 6346 5219 9665 
15896 1191 1189 8985 
15897 1604 2193 8916 
15898 8785 2721 9985 
15899 1680 1588 8937 
15900 9222 1132 9489 
15901 5622 7859 9719 
15902 5818 6481 9819 
15903 2357 2245 2359 
15904 6233 6669 6670 
15905 1378 1381 8959 
15906 1871 1990 1991 
15907 58 8681 9238 
15908 636 637 9010 
15909 578 579 8992 
15910 2743 2745 8752 
15911 8729 8687 9039 
15912 6848 6849 9724 
15913 5225 5955 5956 
15914 9630 5456 9684 
15915 8823 3720 9136 
15916 1507 1538 9110 
15917 697 698 840 
15918 5610 8781 9129 
15919 512 513 714 
15920 2067 2266 9177 
15921 5980 6956 10654 
15922 8908 5623 9210 
15923 1054 2599 9097 
15924 1198 1194 8983 
15925 2072 2338 9157 
15926 1141 1143 8977 
15927 1579 1629 1630 
15928 7120 7119 9947 
15929 2279 2272 9015 
15930 4003 4365 5551 
15931 4162 4164 9001 
15932 7105 7102 9088 
15933 3086 3087 3088 
15934 2218 2598 8981 
15935 6084 9902 10456 
15936 4848 4847 9119 
15937 4403 4404 4405 
15938 6304 8843 9027 
15939 7001 891 10808 
15940 5436 5435 8513 
15941 2656 5348 9015 
15942 701 702 9012 
15943 5509 5508 9324 
15944 2285 2521 9141 
15945 5392 6662 9421 
15946 4192 5323 8961 
15947 300 301 9420 
15948 3086 3084 3087 
15949 6575 6572 8470 
15950 3105 3104 3116 
15951 2730 2731 2732 
15952 3088 8735 9076 
15953 4611 4638 8999 
15954 3959 3794 3960 
15955 1656 1765 8978 
15956 2104 1985 8971 
15957 6250 6418 9158 
15958 8841 5816 9127 
15959 5167 8911 9266 
15960 8481 605 9298 
15961 635 636 792 
15962 579 580 793 
15963 1508 1507 9110 
15964 936 7846 10709 
15965 4402 2630 8934 
15966 625 626 9230 
15967 7348 7343 9168 
15968 4709 8890 9006 
15969 3956 8964 9541 
15970 7830 5778 9594 
15971 9225 6254 9226 
15972 9294 7404 9414 
15973 8073 935 9432 
15974 597 719 8748 
15975 8738 8545 9211 
15976 5333 5334 5335 
15977 1263 1258 2366 
15978 7340 7342 9523 
15979 1189 2222 8985 
15980 1682 1683 1871 
15981 8767 1954 9132 
15982 1954 1801 9132 
15983 7041 3963 10298 
15984 3194 3188 3195 
15985 3786 3784 9305 
15986 5829 9824 10134 
15987 2471 4241 8989 
15988 5604 8966 9176 
15989 2371 2637 2638 
15990 8366 944 9403 
15991 1469 1470 1530 
15992 6715 6094 9819 
15993 8025 909 9622 
15994 5386 5385 6367 
15995 5384 5383 5385 
15996 3117 3116 3127 
15997 1661 1606 8916 
15998 5454 7498 9529 
15999 4284 5274 8950 
16000 2273 2090 9023 
16001 8796 5849 9126 
16002 1398 7665 9267 
16003 10471 2197 10481 
16004 1179 8889 8945 
16005 3928 3929 4131 
16006 1460 1461 9013 
16007 2628 4402 8955 
16008 2350 5912 9081 
16009 2309 2218 8981 
16010 1613 2631 4155 
16011 3833 3219 10500 
16012 9307 6774 10090 
16013 8744 5869 9068 
16014 6710 8319 10073 
16015 511 1 9193 
16016 1232 1191 8985 
16017 6972 6943 9598 
16018 10226 6124 10535 
16019 9277 2023 9308 
16020 5207 6930 9247 
16021 2609 2471 8989 
16022 690 691 841 
16023 3024 3023 3025 
16024 702 703 953 
16025 1145 1147 8990 
16026 6599 8037 10496 
16027 4331 1267 8923 
16028 6391 712 8710 
16029 1964 5271 9023 
16030 2451 2450 2452 
16031 3033 3031 5409 
16032 7094 7093 9881 
16033 719 598 8783 
16034 8089 5592 10360 
16035 6925 5916 10055 
16036 3348 8255 9444 
16037 495 894 9806 
16038 7058 7057 9977 
16039 1443 1431 8958 
16040 4191 7153 9608 
16041 1648 1571 2253 
16042 7351 7359 10799 
16043 5535 8939 9277 
16044 580 581 9025 
16045 634 635 9026 
16046 3237 3272 9050 
16047 250 251 9151 
16048 4099 3819 9179 
16049 7429 4779 10485 
16050 3078 3083 3084 
16051 1552 1521 9207 
16052 5045 8351 9444 
16053 1544 1511 8979 
16054 8938 3144 9223 
16055 2205 2368 9183 
16056 4886 4887 9900 
16057 5783 5941 9307 
16058 1214 1212 9016 
16059 7631 5212 10285 
16060 8939 7682 9277 
16061 7071 6993 10118 
16062 1810 7617 9983 
16063 5774 5777 9446 
16064 934 7995 9620 
16065 6 116 9192 
16066 5552 4575 6683 
16067 4651 4285 8950 
16068 4285 4284 8950 
16069 5268 4310 9183 
16070 2440 2307 2441 
16071 1991 2287 2288 
16072 4155 2631 4516 
16073 4695 4663 6651 
16074 6760 5773 9446 
16075 1530 1531 1561 
16076 8081 5591 9840 
16077 1569 1467 8760 
16078 4486 5162 8967 
16079 1461 8816 9013 
16080 1194 1232 8983 
16081 688 689 8994 
16082 6243 6244 10184 
16083 9054 2163 10470 
16084 1538 8896 9110 
16085 1046 1043 9416 
16086 1113 1111 9123 
16087 3229 3230 3231 
16088 1300 1458 1459 
16089 5203 4516 6040 
16090 3233 3239 9067 
16091 1290 1272 1299 
16092 4403 2288 4404 
16093 1168 1175 9003 
16094 3029 3027 3075 
16095 5513 7143 9868 
16096 6640 4457 10459 
16097 6690 5656 9153 
16098 742 8070 9321 
16099 5882 5881 9161 
16100 2128 1929 9181 
16101 1837 1750 1838 
16102 2726 2727 2728 
16103 1221 1219 9038 
16104 6298 6297 6361 
16105 7384 7383 9399 
16106 6700 382 10221 
16107 4306 2454 5130 
16108 600 835 9180 
16109 2732 2731 3109 
16110 4490 4492 9250 
16111 8930 2609 8989 
16112 6632 6630 9457 
16113 1771 1636 8976 
16114 2345 2347 2348 
16115 4323 4325 6302 
16116 7454 7451 10687 
16117 6855 6555 10808 
16118 5170 5168 9136 
16119 5210 5259 5260 
16120 3109 3226 3227 
16121 8950 5274 9283 
16122 8642 5610 9129 
16123 6134 6135 6548 
16124 206 744 9463 
16125 1555 1652 9145 
16126 6699 6698 9295 
16127 2494 2347 9040 
16128 4335 1805 9127 
16129 1069 1067 9337 
16130 4090 4091 4092 
16131 1268 1277 8923 
16132 581 582 956 
16133 633 634 957 
16134 4125 4319 9171 
16135 6021 6133 6134 
16136 1249 7129 10604 
16137 1876 2615 9007 
16138 1166 1168 9003 
16139 6177 4519 6178 
16140 7170 5309 9179 
16141 6451 785 6937 
16142 3205 3208 9278 
16143 1133 9318 9454 
16144 606 873 9298 
16145 6651 6652 6653 
16146 4405 5827 5829 
16147 2639 2638 4663 
16148 2710 2711 2712 
16149 4635 7402 9268 
16150 2223 1214 9016 
16151 1635 1963 9071 
16152 1036 1054 9097 
16153 4891 4484 8967 
16154 9498 2155 9595 
16155 414 415 9470 
16156 5333 4131 5334 
16157 2221 1198 8983 
16158 1991 1990 2287 
16159 1886 1923 2341 
16160 2706 2704 2707 
16161 5188 5183 9133 
16162 5279 4098 9086 
16163 6617 851 6618 
16164 1873 2005 2006 
16165 618 720 8792 
16166 693 694 729 
16167 5183 8864 9133 
16168 1459 1540 1541 
16169 1675 2607 8850 
16170 5849 8549 9126 
16171 4098 5238 9086 
16172 4358 5254 5366 
16173 5237 8938 9223 
16174 4269 3959 9317 
16175 3227 3228 3229 
16176 1613 1438 2631 
16177 1394 1404 9303 
16178 6977 1262 9509 
16179 8699 6153 10786 
16180 1237 5258 9069 
16181 4595 6515 9001 
16182 4003 5551 8808 
16183 5030 8339 9476 
16184 7369 2155 9498 
16185 1541 1624 1625 
16186 6204 9329 10442 
16187 3931 6209 6210 
16188 4326 2606 4371 
16189 6167 8270 9332 
16190 1494 1498 9057 
16191 1207 1203 9032 
16192 1775 1777 9090 
16193 7777 2584 9353 
16194 5920 6192 6193 
16195 5348 6268 9320 
16196 1624 1626 1682 
16197 1532 1460 9013 
16198 632 633 9024 
16199 8504 7414 9118 
16200 4638 5304 8999 
16201 7514 2134 9910 
16202 2738 2736 2739 
16203 1137 1178 9489 
16204 1219 2223 9038 
16205 2447 2443 2448 
16206 8656 1981 9227 
16207 2727 10076 10350 
16208 1295 1438 1613 
16209 5470 4611 8999 
16210 4873 4869 9240 
16211 6296 6295 6297 
16212 4883 7003 9543 
16213 3159 3153 3773 
16214 1323 1315 9602 
16215 4480 4482 9257 
16216 5472 9359 9431 
16217 918 402 9488 
16218 403 772 9488 
16219 3223 2740 8661 
16220 5897 5899 9454 
16221 2295 2067 9177 
16222 2358 2511 9172 
16223 1666 1872 1873 
16224 1937 1201 9242 
16225 2275 9319 9388 
16226 5915 9227 9406 
16227 6841 5182 9020 
16228 525 526 721 
16229 2604 4392 9114 
16230 8495 1494 9057 
16231 5752 5642 9135 
16232 1740 9373 9618 
16233 7371 7370 9716 
16234 1048 1627 9504 
16235 2722 2723 2724 
16236 2613 1665 9148 
16237 2710 2708 2711 
16238 4855 4851 4860 
16239 2325 2324 2326 
16240 5452 6824 9590 
16241 9482 1937 9560 
16242 4320 4792 8952 
16243 7535 6163 10284 
16244 987 115 9192 
16245 6157 5309 7170 
16246 2584 9363 10763 
16247 34 988 9193 
16248 7341 8758 9168 
16249 1981 1702 9227 
16250 1943 2170 8943 
16251 1713 1711 9479 
16252 1212 1253 9016 
16253 2122 1475 9474 
16254 5892 8796 9126 
16255 972 6830 10187 
16256 3078 3077 3083 
16257 4847 5224 9119 
16258 4692 5296 9582 
16259 5778 5776 9594 
16260 3821 4084 4086 
16261 5812 8840 9712 
16262 1500 1502 9251 
16263 912 275 9501 
16264 276 748 9501 
16265 6893 6891 9236 
16266 583 17 794 
16267 25 632 795 
16268 4756 7718 9948 
16269 1300 1299 1458 
16270 3211 3203 3212 
16271 9057 9903 9995 
16272 8319 5063 9503 
16273 3960 8866 10299 
16274 3218 3221 9276 
16275 5639 5637 9190 
16276 2361 2358 9172 
16277 4888 3985 6748 
16278 1392 1398 9267 
16279 8885 8837 9242 
16280 4201 5589 5590 
16281 4622 5810 9028 
16282 4388 1548 9071 
16283 522 523 844 
16284 7830 7829 10035 
16285 2605 2208 2606 
16286 5778 7830 10035 
16287 5951 7270 10278 
16288 2696 2694 2697 
16289 4198 4196 9292 
16290 6450 6451 6745 
16291 4164 4595 9001 
16292 5182 6752 9020 
16293 8451 5751 9491 
16294 4310 2205 9183 
16295 694 695 9087 
16296 2623 4674 5199 
16297 9816 7513 10093 
16298 5275 5247 9263 
16299 6459 9721 10253 
16300 3928 4131 5333 
16301 5954 7065 10607 
16302 948 617 8792 
16303 7076 7078 10149 
16304 1151 8738 9211 
16305 7697 7698 9503 
16306 8785 6080 9794 
16307 1498 1653 9057 
16308 4405 4404 5827 
16309 4247 2592 4248 
16310 5312 5170 9136 
16311 6353 5217 6485 
16312 1459 1458 1540 
16313 2348 2493 2496 
16314 6833 6831 10362 
16315 1541 1540 1624 
16316 9174 7758 9282 
16317 4624 4622 9028 
16318 8447 7697 9503 
16319 1940 2077 9106 
16320 4321 4320 8952 
16321 5414 4624 9028 
16322 6043 8445 9508 
16323 7210 5480 7211 
16324 1638 8850 8976 
16325 9176 7743 9345 
16326 2251 2250 2252 
16327 2175 7589 10353 
16328 31 680 782 
16329 1211 8885 9242 
16330 11 520 722 
16331 57 58 9238 
16332 1253 1207 9032 
16333 5247 9039 9263 
16334 524 525 9049 
16335 2419 2417 9252 
16336 5224 6119 9070 
16337 1203 2221 9032 
16338 8530 7849 9189 
16339 2071 2072 9157 
16340 850 6918 9885 
16341 5168 8823 9136 
16342 7695 8623 9331 
16343 2282 2622 2623 
16344 7584 7429 10485 
16345 18 785 6450 
16346 2730 2728 2731 
16347 5436 7001 10089 
16348 7343 7341 9168 
16349 2700 2698 2701 
16350 1515 6883 10212 
16351 3170 3174 9334 
16352 1419 8568 9441 
16353 112 856 9459 
16354 104 6964 9755 
16355 1990 1876 9007 
16356 680 681 9078 
16357 1679 1758 9051 
16358 866 154 9271 
16359 6644 5166 9155 
16360 6472 6347 10550 
16361 3076 3077 3078 
16362 1130 1132 9222 
16363 2702 2701 2703 
16364 3226 2731 9009 
16365 5269 4345 6121 
16366 1866 1821 9041 
16367 4126 4124 5157 
16368 998 1000 9401 
16369 1202 1013 9605 
16370 708 7525 9235 
16371 5606 5604 9176 
16372 2728 2727 9009 
16373 9954 4719 10473 
16374 8825 5226 9217 
16375 8934 4162 9001 
16376 5299 5298 9066 
16377 7855 5949 9600 
16378 1843 1844 1845 
16379 6184 7400 10136 
16380 4074 4073 9093 
16381 9513 7229 9710 
16382 2076 1941 8943 
16383 5178 8652 9287 
16384 291 292 9208 
16385 1563 1665 1666 
16386 2640 2264 9693 
16387 681 682 962 
16388 7462 7463 9261 
16389 1266 1221 9038 
16390 2282 2283 2622 
16391 7348 9168 9474 
16392 2342 8825 9217 
16393 8195 3009 9528 
16394 6157 7173 9918 
16395 6105 7722 9780 
16396 5842 5841 9460 
16397 1553 1412 9199 
16398 784 24 6452 
16399 2272 2656 9015 
16400 349 350 9216 
16401 7591 8422 9162 
16402 6872 910 10585 
16403 803 6582 10183 
16404 1654 1334 9360 
16405 4884 6627 9250 
16406 4093 4827 4924 
16407 6024 843 6025 
16408 10610 6195 10684 
16409 903 7611 9212 
16410 2090 1964 9023 
16411 2345 2344 2346 
16412 1890 1747 9372 
16413 8757 6222 9209 
16414 6121 4345 7186 
16415 3029 3075 3076 
16416 631 730 8878 
16417 731 584 8882 
16418 2242 1225 9069 
16419 682 683 9077 
16420 6120 5432 9974 
16421 1453 1552 9343 
16422 4698 3875 9021 
16423 6190 4383 9100 
16424 695 31 5999 
16425 5366 5918 9978 
16426 6745 6451 9783 
16427 6356 7717 10697 
16428 3106 3069 9419 
16429 3076 3075 3077 
16430 683 684 9084 
16431 527 10 959 
16432 5529 5662 10219 
16433 5478 5477 5481 
16434 2718 2719 2720 
16435 978 6829 10070 
16436 2512 1324 9398 
16437 1149 1151 9211 
16438 8866 6299 10299 
16439 520 521 9063 
16440 9181 1870 9280 
16441 7352 7357 9623 
16442 3916 3914 3917 
16443 7617 7540 9983 
16444 4356 4357 9423 
16445 1009 1420 9566 
16446 8634 8636 9274 
16447 10317 724 10729 
16448 684 685 783 
16449 9321 5495 9909 
16450 6088 5157 6691 
16451 7473 7405 9294 
16452 8724 5598 9170 
16453 2338 4124 4126 
16454 1872 2613 9166 
16455 6240 6241 10613 
16456 2327 2326 2427 
16457 4182 4912 9245 
16458 6200 6534 10694 
16459 1521 1555 9207 
16460 7131 2311 10770 
16461 2234 1846 2264 
16462 1826 7552 9745 
16463 2493 2494 4643 
16464 3235 3234 9246 
16465 8911 5483 9266 
16466 3196 3195 3197 
16467 7682 2023 9277 
16468 6495 5548 6496 
16469 1939 7718 9947 
16470 3844 3842 3845 
16471 8637 4366 9174 
16472 6656 840 10103 
16473 5259 4257 9252 
16474 1330 1654 9398 
16475 3272 3803 9050 
16476 1439 1469 9035 
16477 5295 9276 9428 
16478 5127 7830 9615 
16479 2197 8753 10481 
16480 2682 2680 2683 
16481 7566 1891 9530 
16482 6845 1986 9477 
16483 502 734 9733 
16484 9089 7771 9236 
16485 1821 2082 9041 
16486 7841 7243 9936 
16487 949 630 8878 
16488 585 950 8882 
16489 9350 9386 9447 
16490 4124 4125 9171 
16491 1196 2230 9104 
16492 6294 6293 6295 
16493 9284 78 9559 
16494 1754 1742 9243 
16495 4392 5832 9114 
16496 7771 2405 9236 
16497 1864 1901 1902 
16498 2283 2005 9166 
16499 5076 8678 9214 
16500 1947 2352 9233 
16501 1812 1833 9101 
16502 5328 8575 9563 
16503 1702 1700 9227 
16504 7792 8614 9577 
16505 950 586 8879 
16506 9382 3216 9564 
16507 9362 6124 10226 
16508 532 533 760 
16509 647 25 6401 
16510 904 7707 9767 
16511 8771 5114 9519 
16512 1530 1561 1563 
16513 308 309 9555 
16514 2355 5992 9100 
16515 8901 508 9546 
16516 3141 3140 3152 
16517 2607 1831 9106 
16518 4431 9023 9350 
16519 4319 4321 6144 
16520 2230 1205 9094 
16521 1331 2154 9690 
16522 1175 1172 9104 
16523 7369 9277 9308 
16524 3037 3035 3038 
16525 2726 2724 2727 
16526 2017 2151 9595 
16527 3840 3225 3841 
16528 7097 5832 9760 
16529 8237 4822 9557 
16530 4073 4567 9093 
16531 629 949 8877 
16532 531 532 9098 
16533 3807 6833 10167 
16534 6466 9194 9377 
16535 9345 2004 9440 
16536 5486 5485 5487 
16537 7816 6506 9791 
16538 8549 5845 9461 
16539 1233 1228 9103 
16540 6144 4321 6145 
16541 6108 5314 9560 
16542 4842 4844 9107 
16543 4387 9510 9642 
16544 9940 7580 10324 
16545 533 534 9095 
16546 19 731 9197 
16547 1216 1226 9094 
16548 7349 7348 9204 
16549 7211 5487 10813 
16550 3198 3197 3200 
16551 5422 3944 9434 
16552 530 531 969 
16553 4519 2361 9172 
16554 4836 3090 9200 
16555 8879 587 8881 
16556 6041 5903 9689 
16557 6073 7938 9577 
16558 5200 6208 9269 
16559 4188 2364 9046 
16560 6634 6632 9565 
16561 4671 6835 9687 
16562 6813 6814 9538 
16563 7766 9189 9332 
16564 6960 3855 9494 
16565 5289 5237 9223 
16566 7027 1255 9831 
16567 5122 6110 9441 
16568 1318 2160 9640 
16569 7265 4746 9836 
16570 2692 2691 2693 
16571 4388 7461 9402 
16572 6497 6499 9545 
16573 646 647 9096 
16574 2225 1866 9041 
16575 529 530 9099 
16576 2548 2547 2549 
16577 9039 8687 9263 
16578 2615 5240 9007 
16579 329 330 9570 
16580 2137 7120 9936 
16581 4152 5401 9046 
16582 534 535 968 
16583 1906 1852 5365 
16584 5164 3789 5165 
16585 8906 8905 9209 
16586 2265 2264 2344 
16587 8919 8877 10042 
16588 3793 8761 9221 
16589 628 8877 8919 
16590 1335 1327 9690 
16591 3907 6757 9978 
16592 1839 1838 1840 
16593 528 529 798 
16594 3027 3025 9244 
16595 1548 1635 9071 
16596 2348 2347 2493 
16597 4706 4707 5344 
16598 6891 9089 9236 
16599 215 216 9256 
16600 4126 5157 6088 
16601 1578 1579 8817 
16602 3023 3021 3125 
16603 4376 4375 6141 
16604 2700 2702 9478 
16605 2066 2064 9213 
16606 685 686 9131 
16607 1555 9145 9207 
16608 4540 4539 4541 
16609 263 775 9575 
16610 911 262 9575 
16611 8158 4669 9576 
16612 1851 1852 1853 
16613 8905 2412 9209 
16614 9107 4844 9390 
16615 1763 1679 9051 
16616 4723 2422 5432 
16617 4476 4642 9249 
16618 8614 831 9577 
16619 6074 10016 10696 
16620 5705 8176 9579 
16621 6893 9236 9340 
16622 5552 6683 9865 
16623 7201 5414 10530 
16624 713 9 5982 
16625 2219 1149 9211 
16626 1414 1413 9433 
16627 645 646 814 
16628 569 570 815 
16629 6091 9697 9838 
16630 10323 6520 10370 
16631 3489 3820 9237 
16632 1627 8496 10168 
16633 4735 5599 10206 
16634 6778 4510 9939 
16635 3201 3200 3216 
16636 4792 6545 8952 
16637 1201 1211 9242 
16638 5297 4474 9249 
16639 4534 4532 8854 
16640 3109 4505 9037 
16641 2364 4152 9046 
16642 4154 7265 9848 
16643 6457 4985 9264 
16644 7704 2087 10021 
16645 2704 2703 9221 
16646 6529 7720 9541 
16647 4693 4108 9644 
16648 8072 218 9596 
16649 1505 1500 9251 
16650 7936 4826 9598 
16651 2338 4126 9157 
16652 5677 6375 6376 
16653 6233 6232 6669 
16654 219 932 9596 
16655 1113 9123 9318 
16656 9109 1505 9251 
16657 5616 5615 6293 
16658 1666 1665 1872 
16659 1205 1216 9094 
16660 2006 2005 2282 
16661 1228 1266 9103 
16662 4845 4842 9107 
16663 2134 7517 9778 
16664 6943 5678 9598 
16665 5753 5754 5772 
16666 7385 7386 9397 
16667 1845 1846 1847 
16668 1873 1872 2005 
16669 644 645 9120 
16670 570 571 9113 
16671 5344 5445 6438 
16672 6043 9508 10443 
16673 2714 2715 2716 
16674 6482 2494 9368 
16675 84 708 9629 
16676 1563 1561 1665 
16677 2688 2686 2689 
16678 3187 3199 9301 
16679 3830 3489 9237 
16680 5923 4178 9603 
16681 79 737 9559 
16682 8529 5571 10083 
16683 1106 1108 9270 
16684 5949 4204 9600 
16685 831 344 9272 
16686 6701 6702 10407 
16687 2183 1130 9222 
16688 1999 1998 9422 
16689 4474 4476 9249 
16690 5644 5752 5753 
16691 7359 2143 10799 
16692 3908 4151 4498 
16693 8928 4839 9200 
16694 7062 2750 9743 
16695 2631 1438 9035 
16696 588 733 8881 
16697 7173 7172 10350 
16698 4737 4541 5928 
16699 2722 2720 2723 
16700 30 672 811 
16701 5199 4674 5979 
16702 5515 5432 6120 
16703 1968 1868 9111 
16704 643 644 973 
16705 571 572 971 
16706 1842 1840 2289 
16707 1172 1196 9104 
16708 732 627 8919 
16709 8929 2203 9359 
16710 5335 5334 9062 
16711 6599 5509 9324 
16712 6722 4683 9800 
16713 5624 6772 9210 
16714 833 281 9613 
16715 282 8064 9613 
16716 4911 4191 9608 
16717 6231 5165 6232 
16718 7289 7291 10002 
16719 3270 3267 9524 
16720 4859 4865 9390 
16721 7148 7147 10028 
16722 8243 5256 9614 
16723 7727 8634 9274 
16724 6203 5387 9511 
16725 5419 5616 9744 
16726 6652 4663 9188 
16727 7869 786 10507 
16728 5961 5221 9607 
16729 6932 5207 9247 
16730 32 728 6463 
16731 9491 5751 10389 
16732 2345 2346 2347 
16733 5242 7302 9241 
16734 10481 8753 10564 
16735 6740 6741 9362 
16736 3090 9076 9200 
16737 1841 1840 1842 
16738 572 573 9121 
16739 642 643 9134 
16740 970 77 9284 
16741 4556 9015 9320 
16742 5288 5648 5649 
16743 2623 2622 4674 
16744 3884 3883 9615 
16745 1630 1631 1663 
16746 8845 8503 9639 
16747 9605 6307 10326 
16748 2362 1968 9111 
16749 5285 5287 5288 
16750 672 673 9140 
16751 7900 7897 9622 
16752 4438 4136 9556 
16753 5591 5592 9840 
16754 8581 8455 9574 
16755 6625 10543 10589 
16756 1626 1540 9154 
16757 4144 5127 9615 
16758 686 687 965 
16759 802 449 9374 
16760 6250 6217 6251 
16761 5642 4143 9314 
16762 3720 8516 9500 
16763 3234 3237 9246 
16764 6119 5225 9125 
16765 5443 3919 5485 
16766 6768 5830 9634 
16767 5994 5995 9304 
16768 5641 5642 5644 
16769 1758 2229 9051 
16770 4048 5269 9301 
16771 573 574 822 
16772 641 642 821 
16773 8082 240 9637 
16774 241 753 9637 
16775 5210 4257 5259 
16776 2731 2728 9009 
16777 2734 2732 9037 
16778 1367 1369 9384 
16779 2550 2549 2551 
16780 7358 2143 10489 
16781 5435 4188 9046 
16782 2676 2674 2677 
16783 1698 1913 9406 
16784 2412 8757 9209 
16785 3028 3029 9147 
16786 5955 4853 9107 
16787 3223 8661 9014 
16788 5226 5228 9217 
16789 3144 8773 9223 
16790 2088 2006 9075 
16791 605 606 9298 
16792 2007 1766 9862 
16793 8610 7538 9316 
16794 5035 4815 9641 
16795 2622 4201 9259 
16796 6935 3121 10738 
16797 2668 2666 2669 
16798 6668 8581 9574 
16799 5960 5959 9338 
16800 4187 7131 10770 
16801 3087 3084 9080 
16802 3923 3921 4006 
16803 5334 6335 9062 
16804 9060 6852 10023 
16805 4869 4868 9240 
16806 4009 4007 4010 
16807 6578 7843 9522 
16808 5483 7042 9266 
16809 139 763 10253 
16810 1868 2225 9111 
16811 7230 7233 9939 
16812 1903 1960 1961 
16813 673 674 972 
16814 3813 3204 5283 
16815 7541 7542 9983 
16816 8526 8525 9666 
16817 9476 8339 10510 
16818 5455 5454 9529 
16819 3813 5284 5285 
16820 9672 6074 10696 
16821 7398 7397 9870 
16822 5595 5564 9219 
16823 2684 2683 2685 
16824 6029 6394 6395 
16825 1658 1826 9745 
16826 2732 3109 9037 
16827 6933 9291 10454 
16828 1391 1392 9267 
16829 3229 3783 9169 
16830 7813 7814 9666 
16831 4319 6144 9171 
16832 7692 111 9459 
16833 7107 7109 9912 
16834 9350 5271 9386 
16835 6895 6893 9340 
16836 4839 4836 9200 
16837 7589 2175 10345 
16838 1831 1940 9106 
16839 3213 3212 3780 
16840 2206 5241 9310 
16841 3083 4067 9080 
16842 1843 1842 1844 
16843 7767 7766 9332 
16844 5648 5287 6080 
16845 3084 3083 9080 
16846 733 589 8918 
16847 4383 2355 9100 
16848 9236 2405 9340 
16849 7846 746 10709 
16850 2233 1233 9103 
16851 1962 2100 2101 
16852 574 575 9156 
16853 7452 7528 10784 
16854 5558 6424 10374 
16855 8753 1553 10564 
16856 3875 3951 9021 
16857 1252 7132 9342 
16858 4567 5767 9093 
16859 4614 2496 5596 
16860 6027 6028 6029 
16861 6711 6446 10225 
16862 151 152 9994 
16863 3848 3846 8808 
16864 4133 8605 9556 
16865 542 543 799 
16866 2045 7739 9282 
16867 338 929 9662 
16868 9483 6187 9592 
16869 2552 2551 2553 
16870 2690 2689 2691 
16871 5204 5206 9293 
16872 9021 4236 9022 
16873 490 892 10125 
16874 6080 5287 9794 
16875 4109 9703 10399 
16876 2718 2716 2719 
16877 541 542 9144 
16878 1833 1976 9101 
16879 5983 5569 6243 
16880 5298 6430 6431 
16881 1272 1263 9142 
16882 1884 1886 9130 
16883 3276 3271 9572 
16884 3131 3128 9405 
16885 5931 6926 10120 
16886 1579 1630 8817 
16887 1851 1849 1852 
16888 953 6465 9012 
16889 3799 3217 5295 
16890 5307 1299 9142 
16891 2023 2020 9308 
16892 4577 7435 9870 
16893 6234 5421 6235 
16894 1571 1569 9128 
16895 6730 92 10714 
16896 7725 7767 9470 
16897 540 541 975 
16898 6450 785 6451 
16899 4541 4542 9883 
16900 4110 4111 9673 
16901 8247 5715 9302 
16902 4492 4884 9250 
16903 6395 6396 6397 
16904 2633 4506 9499 
16905 1701 1703 9329 
16906 7716 5355 9652 
16907 4518 6176 9752 
16908 5568 5295 5569 
16909 675 676 812 
16910 4359 6180 9673 
16911 626 732 9230 
16912 1900 2385 9365 
16913 6673 6357 10092 
16914 7530 7529 10155 
16915 539 540 9160 
16916 8676 4335 9331 
16917 5822 5824 9751 
16918 5284 5283 5286 
16919 5311 9415 9625 
16920 2102 2248 2249 
16921 4379 6789 10252 
16922 8709 5961 9607 
16923 3774 3773 3913 
16924 1503 1517 9458 
16925 8779 8856 9231 
16926 575 16 6023 
16927 2304 2605 4264 
16928 1553 9199 10626 
16929 8580 8578 10413 
16930 9168 2122 9474 
16931 3288 8779 9231 
16932 6919 9735 10657 
16933 538 539 800 
16934 9148 1562 9311 
16935 5606 9176 9345 
16936 5171 2425 9464 
16937 5550 4105 6723 
16938 7216 5538 9498 
16939 755 8106 9315 
16940 4853 4845 9107 
16941 5298 4873 6430 
16942 4326 6139 6140 
16943 8652 2782 9287 
16944 8579 10058 10241 
16945 1987 2208 2304 
16946 5431 3968 5491 
16947 8089 8086 9700 
16948 942 8111 9700 
16949 5975 4215 9663 
16950 4232 8472 9677 
16951 260 8060 9701 
16952 774 259 9701 
16953 7383 7382 9399 
16954 4547 5180 5423 
16955 8264 8064 10502 
16956 7300 9000 10338 
16957 6468 5497 9321 
16958 9270 1108 9383 
16959 6580 7507 9568 
16960 4131 3929 9167 
16961 7369 5535 9277 
16962 256 257 9322 
16963 6107 6950 10177 
16964 1891 1930 9530 
16965 8565 5998 10410 
16966 8687 1383 9263 
16967 2554 2553 2555 
16968 7035 6250 9158 
16969 3168 3170 9334 
16970 2435 2437 10020 
16971 1562 1565 9311 
16972 4629 4627 6689 
16973 7739 9174 9282 
16974 1790 1787 9506 
16975 1458 5307 9154 
16976 3820 3928 9237 
16977 8023 773 9324 
16978 655 26 842 
16979 16 560 843 
16980 2705 2706 10711 
16981 174 175 10274 
16982 3063 3060 3064 
16983 5974 6204 10442 
16984 677 678 978 
16985 5536 7369 9498 
16986 7859 780 9719 
16987 9171 6144 9424 
16988 900 7181 9669 
16989 3288 9231 9370 
16990 5201 7379 9599 
16991 5225 5956 9125 
16992 4460 4461 9534 
16993 2638 2648 9188 
16994 9106 5647 9447 
16995 8856 5245 9231 
16996 3237 9050 9246 
16997 8069 5803 10145 
16998 1193 1937 9482 
16999 5354 8021 10815 
17000 3998 4376 9564 
17001 6232 5165 6703 
17002 8021 5625 10815 
17003 6373 8549 9461 
17004 4726 4724 9624 
17005 3217 3218 9276 
17006 590 952 8918 
17007 4196 4199 9292 
17008 784 6452 8565 
17009 6815 6813 9538 
17010 5412 2635 9499 
17011 4482 4891 9257 
17012 794 17 5997 
17013 4308 5422 5439 
17014 5298 6431 9066 
17015 1259 1269 9165 
17016 6168 8399 9328 
17017 7481 6701 10003 
17018 2678 2677 2679 
17019 678 679 9164 
17020 1578 8817 8818 
17021 4219 5600 9723 
17022 5476 6196 9811 
17023 6123 5305 9404 
17024 4126 6089 9157 
17025 930 287 9717 
17026 288 746 9717 
17027 2707 2704 9221 
17028 3204 3205 9278 
17029 5564 5563 6843 
17030 4505 3227 9169 
17031 1865 1986 1987 
17032 6430 4873 9240 
17033 1847 1846 2234 
17034 1388 1394 9303 
17035 2265 2344 2345 
17036 4501 5388 5389 
17037 2556 2555 2557 
17038 959 10 6477 
17039 6672 8845 9639 
17040 5456 5257 9352 
17041 935 8083 10735 
17042 5977 9435 9519 
17043 3846 3845 4003 
17044 9090 1780 9260 
17045 896 7217 10163 
17046 2716 2715 9092 
17047 7046 6446 9944 
17048 809 7691 10453 
17049 5342 7848 9527 
17050 7263 8529 10083 
17051 4670 6314 10059 
17052 5742 8293 9730 
17053 6178 4519 9172 
17054 7840 5746 9561 
17055 9425 6352 9832 
17056 2558 2557 2661 
17057 5193 5190 9825 
17058 679 29 813 
17059 537 538 9195 
17060 6077 982 6078 
17061 6508 722 6509 
17062 5759 6521 9803 
17063 4235 4718 9042 
17064 5056 5055 6579 
17065 951 625 9230 
17066 2714 2712 2715 
17067 9015 5348 9320 
17068 4640 4649 9513 
17069 5977 5289 9435 
17070 4540 4737 6253 
17071 1845 1844 1846 
17072 1558 6946 10128 
17073 2573 2571 9363 
17074 8610 9316 9375 
17075 551 13 824 
17076 4336 2629 9369 
17077 5258 1250 9165 
17078 9657 6185 10451 
17079 2672 2671 2673 
17080 4048 4345 5269 
17081 6897 6895 9451 
17082 4230 2595 9547 
17083 1976 1884 9130 
17084 1663 1664 1861 
17085 4270 5055 5056 
17086 6273 6274 9426 
17087 2722 2725 9985 
17088 9383 1423 10433 
17089 5308 6156 9288 
17090 3265 8951 9524 
17091 9243 1741 9364 
17092 5653 5651 5954 
17093 6872 5315 9692 
17094 2191 7695 9542 
17095 5098 6787 9705 
17096 1250 1259 9165 
17097 6511 6509 6512 
17098 7787 7785 9344 
17099 2698 2697 9273 
17100 5557 6947 9361 
17101 2648 2637 9625 
17102 4090 3974 4091 
17103 1115 1113 9318 
17104 2998 2995 9137 
17105 1666 7704 9748 
17106 2234 2264 2265 
17107 4236 4235 9042 
17108 2288 2287 9139 
17109 7647 6479 9980 
17110 8095 8094 9740 
17111 9681 6847 10549 
17112 7769 8618 10681 
17113 7662 927 9772 
17114 7724 767 9749 
17115 806 7523 10806 
17116 7523 963 10806 
17117 5420 4563 5421 
17118 8675 6963 9571 
17119 7196 9530 9770 
17120 2287 2514 9139 
17121 2371 2639 9347 
17122 550 551 9182 
17123 2118 1944 9385 
17124 5567 4306 9485 
17125 7695 9331 9542 
17126 5909 4283 6712 
17127 9217 6318 9380 
17128 5955 9107 9390 
17129 6561 4759 10085 
17130 5291 5260 6202 
17131 6997 6998 10509 
17132 639 784 8970 
17133 785 576 8993 
17134 7718 7227 9948 
17135 652 653 845 
17136 562 563 846 
17137 516 839 8987 
17138 8469 8970 10410 
17139 6787 7213 9705 
17140 1419 9441 10328 
17141 653 654 9186 
17142 3178 3180 3189 
17143 9046 5401 9417 
17144 654 655 9163 
17145 3075 3027 9244 
17146 5571 8529 9711 
17147 4506 2632 9490 
17148 7584 5805 9260 
17149 3929 3931 9167 
17150 1760 1995 10792 
17151 563 564 9187 
17152 6479 5533 9782 
17153 3093 3072 3095 
17154 526 527 9439 
17155 5378 5376 5379 
17156 8660 4220 9723 
17157 8578 8579 10241 
17158 1857 1855 2275 
17159 651 652 9185 
17160 7213 7214 9507 
17161 2701 2698 9273 
17162 2670 2669 2671 
17163 4404 2288 9139 
17164 3161 7406 9688 
17165 6892 6900 9335 
17166 7034 6035 9394 
17167 3174 3176 3826 
17168 9290 6658 10376 
17169 7447 5448 9785 
17170 549 550 983 
17171 6497 6496 6498 
17172 4335 9047 9331 
17173 5477 5299 9066 
17174 3208 3799 9278 
17175 2703 2701 3792 
17176 9318 5907 9454 
17177 4508 5914 9547 
17178 1738 1735 9379 
17179 8697 2182 9414 
17180 3019 2998 9137 
17181 6181 7059 10316 
17182 7595 7597 9789 
17183 1263 2366 9142 
17184 2196 1069 9337 
17185 9355 2304 9742 
17186 2605 2606 4326 
17187 5520 5519 9808 
17188 6079 5825 10426 
17189 5984 7724 9749 
17190 2119 7070 9863 
17191 954 515 8987 
17192 4607 5570 9707 
17193 425 8068 9772 
17194 9302 8118 10198 
17195 2269 5420 9449 
17196 536 537 979 
17197 6764 6763 8711 
17198 1416 1453 9343 
17199 1299 1272 9142 
17200 3221 3821 3954 
17201 7018 4704 9764 
17202 4412 4414 9764 
17203 1663 1861 1865 
17204 3951 4236 9021 
17205 1109 1107 9339 
17206 650 651 9201 
17207 2458 2293 5563 
17208 3221 3954 9276 
17209 927 424 9772 
17210 1759 7514 10047 
17211 9336 7437 9621 
17212 955 638 8970 
17213 577 958 8993 
17214 548 549 9203 
17215 8741 9631 10562 
17216 2664 2663 2665 
17217 5279 7516 10776 
17218 665 666 816 
17219 6005 4095 6006 
17220 2193 1602 9515 
17221 4186 4184 4399 
17222 7668 7666 9912 
17223 3190 3204 3813 
17224 8639 6089 10004 
17225 1886 2341 9130 
17226 7555 4783 10147 
17227 4498 4499 6161 
17228 4326 4371 6139 
17229 9027 8843 9354 
17230 6252 7241 10346 
17231 5459 9411 9456 
17232 4337 7453 10663 
17233 2332 6950 10088 
17234 5941 4214 10532 
17235 6101 7163 10264 
17236 3793 3794 3795 
17237 879 118 9366 
17238 11 722 6507 
17239 940 8104 9376 
17240 2703 3792 3793 
17241 1600 1756 9515 
17242 5429 7584 10485 
17243 7079 10137 10764 
17244 514 954 8988 
17245 6092 9945 10058 
17246 668 669 849 
17247 6076 6077 6254 
17248 5676 5677 9313 
17249 5435 9046 9417 
17250 565 566 847 
17251 649 650 848 
17252 6531 6532 10114 
17253 412 790 9784 
17254 926 411 9784 
17255 5313 6725 9521 
17256 2045 9282 9371 
17257 547 548 836 
17258 7778 7777 9353 
17259 4351 4539 4540 
17260 6224 4674 9259 
17261 2405 8517 9340 
17262 4682 7118 9953 
17263 5157 4124 9171 
17264 8900 5975 9663 
17265 3918 3917 3920 
17266 5217 5199 9346 
17267 2388 4781 10132 
17268 9122 822 9156 
17269 4793 7595 9789 
17270 5338 4363 9789 
17271 3208 3217 3799 
17272 5608 5606 9345 
17273 2006 2282 9075 
17274 5195 6195 10610 
17275 4061 8408 9791 
17276 913 9322 10268 
17277 7222 9450 9518 
17278 9450 6945 9518 
17279 1540 1458 9154 
17280 6116 8075 9893 
17281 8888 1174 9482 
17282 3174 3826 9334 
17283 4086 4084 9149 
17284 637 955 9010 
17285 958 578 8992 
17286 566 567 9218 
17287 648 649 9202 
17288 2282 2623 9075 
17289 5157 9171 9424 
17290 5971 5134 9387 
17291 3227 3229 9169 
17292 4746 2242 9586 
17293 1108 1110 9383 
17294 6664 6665 9463 
17295 2662 2661 2663 
17296 6465 6464 6467 
17297 5427 6285 9323 
17298 8623 8676 9331 
17299 545 546 9220 
17300 7328 8929 9359 
17301 3183 5374 9407 
17302 5753 5772 6414 
17303 714 513 8988 
17304 4343 5571 9711 
17305 1334 1388 9360 
17306 7395 10119 10728 
17307 7315 900 9669 
17308 6036 6034 10401 
17309 9965 8624 10172 
17310 5055 5270 9239 
17311 4228 2373 9409 
17312 6526 7083 9567 
17313 6141 4375 6142 
17314 5662 9197 10219 
17315 5270 4269 9317 
17316 5605 6473 9857 
17317 9454 5899 9569 
17318 7011 7211 9648 
17319 1094 1021 9829 
17320 1853 1852 1906 
17321 9443 5551 10107 
17322 715 701 9012 
17323 567 15 981 
17324 27 648 982 
17325 7751 7752 9774 
17326 7387 7384 9399 
17327 3780 3212 5934 
17328 7511 7510 9410 
17329 6763 6279 9890 
17330 7507 8650 9568 
17331 9075 5216 9425 
17332 4536 4909 9408 
17333 7517 9618 9778 
17334 7514 9910 10047 
17335 7285 2126 10269 
17336 8716 4556 9320 
17337 5346 5720 9810 
17338 4006 7580 9940 
17339 7048 4336 10156 
17340 1961 1962 8956 
17341 544 545 851 
17342 671 28 850 
17343 5824 5933 9821 
17344 4472 5297 9492 
17345 5350 5822 9704 
17346 5459 4520 9411 
17347 9751 5824 9821 
17348 10674 6642 10699 
17349 1565 1578 9311 
17350 7318 7316 10205 
17351 8187 6059 9620 
17352 1388 9303 9360 
17353 7138 4565 10469 
17354 7329 6111 10435 
17355 8091 7738 9861 
17356 1391 9267 9330 
17357 5649 5648 6128 
17358 4084 4323 9149 
17359 6565 7486 9897 
17360 1923 2071 9206 
17361 3216 3200 3944 
17362 792 636 9010 
17363 579 793 8992 
17364 5836 6370 9675 
17365 4003 3845 4143 
17366 2304 2208 2605 
17367 6236 8515 10398 
17368 7638 3248 9616 
17369 661 662 863 
17370 6506 8461 9791 
17371 2171 7198 10760 
17372 658 659 862 
17373 3201 3216 9382 
17374 8072 5946 10249 
17375 553 554 860 
17376 4721 4534 8854 
17377 2387 2587 9400 
17378 3173 6742 10675 
17379 4706 5344 6474 
17380 4718 6705 9042 
17381 7439 5815 10673 
17382 9227 1700 9406 
17383 1928 1893 2001 
17384 3928 5333 9237 
17385 8962 1676 9745 
17386 413 414 9826 
17387 7357 7354 10041 
17388 4663 2638 9188 
17389 199 200 9396 
17390 5677 5364 6375 
17391 6078 9202 10144 
17392 4093 4091 4415 
17393 5425 5424 9403 
17394 660 661 9224 
17395 6792 6791 10462 
17396 5269 6121 6742 
17397 7214 2497 9507 
17398 8028 8029 9581 
17399 770 8049 10632 
17400 9420 989 10790 
17401 5288 5287 5648 
17402 6783 6784 10142 
17403 4201 5590 9259 
17404 4357 6763 9890 
17405 8506 5988 9773 
17406 5841 5838 9675 
17407 8705 10356 10382 
17408 1987 1986 2208 
17409 3094 3115 9532 
17410 3842 3841 9314 
17411 5991 5234 9763 
17412 5988 4168 9773 
17413 728 688 8994 
17414 3998 4308 4375 
17415 556 557 859 
17416 8515 1651 10398 
17417 6897 9451 9540 
17418 554 555 9228 
17419 7404 7403 9823 
17420 4241 2334 9593 
17421 6540 6190 9822 
17422 4092 4091 4093 
17423 3216 3944 3998 
17424 1436 1508 9588 
17425 8793 3884 9594 
17426 8951 5958 9524 
17427 5820 4420 9769 
17428 4069 5372 9430 
17429 5805 9090 9260 
17430 9703 4089 10664 
17431 702 953 9012 
17432 8880 6561 10085 
17433 6705 6260 10352 
17434 7017 5553 9297 
17435 9627 4102 9753 
17436 8111 758 9840 
17437 4533 4536 9408 
17438 4909 6273 6280 
17439 2253 1571 9128 
17440 7618 6565 9897 
17441 803 62 9886 
17442 9363 7491 10763 
17443 9985 2725 10099 
17444 6629 5694 9842 
17445 1719 1717 9828 
17446 272 789 9843 
17447 915 271 9843 
17448 1998 1890 9372 
17449 552 553 9229 
17450 6109 4373 9941 
17451 2200 1367 9384 
17452 635 792 9026 
17453 793 580 9025 
17454 1692 1899 9636 
17455 10327 6252 10346 
17456 8843 2651 9354 
17457 5518 6976 9758 
17458 4088 4269 4270 
17459 5178 9287 9800 
17460 9023 5271 9350 
17461 2191 9542 9612 
17462 980 103 9755 
17463 82 83 9796 
17464 2547 2428 9510 
17465 662 663 9225 
17466 5803 8069 10681 
17467 5312 9136 9500 
17468 4365 4143 5641 
17469 6013 5587 9846 
17470 8986 5985 9749 
17471 7630 7629 10222 
17472 6108 9560 9746 
17473 3795 3794 3959 
17474 3795 3959 4088 
17475 9316 7254 9375 
17476 657 658 9254 
17477 9431 2585 9597 
17478 8942 8697 9414 
17479 5910 5940 9364 
17480 6248 5745 10775 
17481 2719 2716 9092 
17482 8943 2170 9347 
17483 5400 5263 10621 
17484 5398 4453 6261 
17485 2342 9217 9380 
17486 5905 6369 9427 
17487 1324 1330 9398 
17488 8475 2191 9612 
17489 6457 9264 10810 
17490 3197 3195 3836 
17491 5285 5284 5287 
17492 1000 1176 9401 
17493 1019 2235 9829 
17494 6037 6774 9307 
17495 6442 6044 10169 
17496 1700 1698 9406 
17497 266 914 9854 
17498 8109 943 9856 
17499 4924 4827 6136 
17500 5819 6735 9531 
17501 6662 8440 9421 
17502 3813 5283 5284 
17503 1737 10267 10321 
17504 754 8020 9898 
17505 4138 4438 9769 
17506 3793 3792 3794 
17507 1865 1861 1986 
17508 6643 7728 10240 
17509 5962 8911 10117 
17510 4540 4541 4737 
17511 8708 9080 9430 
17512 9430 5372 9658 
17513 4827 4415 6321 
17514 171 172 10724 
17515 5219 4341 9711 
17516 6140 6139 7004 
17517 8863 7471 9855 
17518 6277 6763 6764 
17519 7738 5581 9861 
17520 4868 4855 9215 
17521 2441 2443 2447 
17522 1913 1696 9611 
17523 1043 1045 9416 
17524 6941 888 10134 
17525 4737 5928 6292 
17526 5199 5979 9346 
17527 6449 5603 9857 
17528 10026 8611 10140 
17529 2359 2245 9422 
17530 6557 6102 10264 
17531 4864 4867 9779 
17532 7165 2224 9793 
17533 8607 8585 9739 
17534 5799 6327 9869 
17535 7906 5800 9869 
17536 8726 5617 9373 
17537 5568 5569 5983 
17538 7674 7563 10077 
17539 558 559 9262 
17540 8108 8149 10605 
17541 8798 2045 9371 
17542 4270 4269 5055 
17543 6130 6946 10155 
17544 8416 300 9420 
17545 2203 8799 9359 
17546 3931 6210 9167 
17547 8101 8258 9730 
17548 3845 3842 9314 
17549 6958 739 10295 
17550 2583 8610 9375 
17551 8022 829 9842 
17552 3998 3944 4308 
17553 6315 4550 9475 
17554 7873 6068 9860 
17555 2714 2717 10257 
17556 663 27 6076 
17557 2341 1923 9206 
17558 2689 2686 9358 
17559 2320 9007 9391 
17560 2005 1872 9166 
17561 28 656 9253 
17562 2739 2736 9286 
17563 6804 6803 9798 
17564 5385 5383 5980 
17565 6132 9573 9775 
17566 478 479 9452 
17567 10667 6447 10679 
17568 6132 4331 9573 
17569 8428 5453 9874 
17570 6895 9340 9451 
17571 30 811 6530 
17572 1569 8760 9128 
17573 4674 2622 9259 
17574 8951 3288 9370 
17575 581 956 9025 
17576 957 634 9026 
17577 3799 5295 5568 
17578 8940 1391 9330 
17579 656 657 986 
17580 9969 6784 10173 
17581 231 751 9884 
17582 6361 6297 6487 
17583 7082 2119 9720 
17584 188 724 10600 
17585 6138 6440 10216 
17586 3808 3961 9436 
17587 4833 6169 9880 
17588 6706 6707 9884 
17589 6547 8607 9739 
17590 9114 5832 9525 
17591 8732 929 10272 
17592 5992 8943 9347 
17593 2252 2307 2440 
17594 6528 4254 10755 
17595 742 9321 9909 
17596 9428 3954 9729 
17597 7453 4587 10663 
17598 777 352 9889 
17599 353 922 9889 
17600 7144 5415 9512 
17601 4325 4358 9178 
17602 6447 4668 10679 
17603 8102 938 9792 
17604 9524 5958 9563 
17605 3116 3104 3121 
17606 7085 4598 9996 
17607 2216 2293 2296 
17608 1023 1094 9904 
17609 2012 2016 10067 
17610 5798 5793 9893 
17611 5945 5944 6310 
17612 8986 8062 10578 
17613 8770 5427 9323 
17614 6819 5457 9892 
17615 1295 1613 9285 
17616 7331 2305 9949 
17617 9460 7307 9461 
17618 5791 6116 9893 
17619 8074 8073 9432 
17620 6899 6897 9540 
17621 10734 6471 10746 
17622 6996 3142 10685 
17623 7367 9284 9559 
17624 8725 2214 10136 
17625 9513 4649 9882 
17626 559 14 858 
17627 5164 6231 10518 
17628 10543 7184 10589 
17629 493 494 9429 
17630 3188 3183 9407 
17631 9379 1735 9486 
17632 2510 7581 10388 
17633 2392 10674 10699 
17634 111 112 9459 
17635 3846 4003 8808 
17636 5608 9345 9440 
17637 2765 8807 9956 
17638 2683 2680 9412 
17639 1682 8698 9469 
17640 4003 4143 4365 
17641 7619 9114 9525 
17642 48 49 9852 
17643 4011 4010 4012 
17644 4318 6608 9644 
17645 6485 5217 9346 
17646 6937 785 8993 
17647 5573 8346 9916 
17648 8857 8858 9413 
17649 6471 6230 10746 
17650 2170 2371 9347 
17651 1416 9343 9433 
17652 3963 6777 10298 
17653 2686 2685 9358 
17654 5952 9482 9560 
17655 9510 5397 9642 
17656 8874 1297 9588 
17657 1862 1864 9191 
17658 6485 9788 10170 
17659 3021 3019 9248 
17660 6473 5607 9946 
17661 9214 7419 9891 
17662 63 961 9886 
17663 4365 5641 5781 
17664 5302 7530 10306 
17665 8870 8721 9373 
17666 8925 2585 9431 
17667 633 957 9024 
17668 7625 9707 10531 
17669 5494 6711 9909 
17670 3203 3201 9382 
17671 10325 4681 10346 
17672 9378 7452 10784 
17673 1120 2168 9917 
17674 7544 7438 10637 
17675 1242 1118 9917 
17676 4088 3959 4269 
17677 9272 345 10571 
17678 3243 3240 9667 
17679 9150 561 9725 
17680 3033 5409 9281 
17681 7287 7283 9702 
17682 5449 5450 9839 
17683 5966 6252 10275 
17684 3095 9670 10697 
17685 4783 4052 10147 
17686 4855 4860 9215 
17687 6205 6406 10665 
17688 818 9091 9289 
17689 3248 3246 9616 
17690 6667 744 10656 
17691 393 770 9932 
17692 2458 5564 5565 
17693 6862 6861 9750 
17694 9051 2229 10595 
17695 6609 6607 9584 
17696 9347 2639 9551 
17697 6929 5459 9456 
17698 5450 6596 9437 
17699 7367 7366 10080 
17700 8351 3348 9444 
17701 6508 6511 6514 
17702 8855 4311 9341 
17703 2150 2321 9847 
17704 5934 9382 9564 
17705 5647 8611 10026 
17706 5773 5774 9446 
17707 4466 5428 9548 
17708 5214 8940 9330 
17709 9152 6649 10460 
17710 7398 9870 10789 
17711 4177 5808 10051 
17712 6830 972 10277 
17713 7063 2222 9929 
17714 1413 1416 9433 
17715 7006 9283 9837 
17716 808 40 9905 
17717 5931 5351 10422 
17718 5972 5971 10318 
17719 1849 1847 9279 
17720 7044 7807 10725 
17721 2719 9092 9288 
17722 3235 9246 9667 
17723 7750 7482 10003 
17724 9455 7717 10738 
17725 4217 9155 9661 
17726 9007 5240 9391 
17727 5428 4468 9550 
17728 2736 2734 9286 
17729 1987 2304 9355 
17730 4918 4399 4919 
17731 2448 2450 2451 
17732 8929 9630 9684 
17733 5283 3204 9278 
17734 739 9837 10295 
17735 9864 6712 10521 
17736 9572 8575 9650 
17737 5952 8888 9482 
17738 7151 5539 9610 
17739 5972 10318 10342 
17740 6506 7816 10331 
17741 3773 3153 9453 
17742 7281 7284 9487 
17743 6020 6022 6381 
17744 2263 1025 9904 
17745 5295 3217 9276 
17746 5286 5283 9635 
17747 9337 1067 9962 
17748 5233 8855 9341 
17749 6446 4429 9944 
17750 5365 1852 9279 
17751 1962 2101 8956 
17752 4122 5160 9944 
17753 869 167 9578 
17754 8580 10413 10576 
17755 729 694 9087 
17756 10113 6785 10368 
17757 5971 10263 10318 
17758 8293 5543 9967 
17759 7617 1810 10116 
17760 7091 10219 10381 
17761 4746 9586 9836 
17762 7446 7447 9955 
17763 8840 8874 9588 
17764 6555 6556 10808 
17765 4311 9118 9341 
17766 5289 9223 9435 
17767 795 632 9024 
17768 5240 7130 9391 
17769 4116 2363 9847 
17770 73 74 10034 
17771 7561 1081 10104 
17772 794 5997 6220 
17773 2691 2689 3807 
17774 2245 1999 9422 
17775 1255 1264 9831 
17776 9435 3832 9519 
17777 5520 9808 9875 
17778 5401 6459 9417 
17779 708 9235 9629 
17780 6089 8639 9526 
17781 7668 602 10258 
17782 5907 5897 9454 
17783 6735 714 9531 
17784 4060 8317 9975 
17785 4199 8961 9714 
17786 2587 4706 9400 
17787 7542 8586 9706 
17788 1556 7440 10466 
17789 4693 9644 10098 
17790 7630 2194 10386 
17791 4013 4012 4183 
17792 8923 1277 9285 
17793 5899 7234 9569 
17794 6964 6965 9755 
17795 6630 6700 9457 
17796 8971 2342 9380 
17797 812 6830 10277 
17798 2452 2592 4247 
17799 8799 8925 9431 
17800 6303 9495 10154 
17801 2703 3793 9221 
17802 4844 4859 9390 
17803 5336 9167 9465 
17804 6158 4919 6159 
17805 7186 4349 9349 
17806 7717 6358 10738 
17807 8568 5122 9441 
17808 1277 1295 9285 
17809 6658 6528 10755 
17810 10598 6365 10612 
17811 6755 5608 9440 
17812 4323 6302 9149 
17813 5772 5754 9392 
17814 6619 6618 9043 
17815 813 6150 6151 
17816 2496 2493 9258 
17817 723 6660 10631 
17818 3035 3033 9281 
17819 4093 4415 4827 
17820 7345 7346 9623 
17821 2651 5233 9776 
17822 8517 2406 9451 
17823 5419 5614 5615 
17824 9359 8799 9431 
17825 6235 6803 6804 
17826 2309 8981 9593 
17827 2249 2250 2251 
17828 6902 6899 9646 
17829 6695 6239 10463 
17830 9563 8575 9572 
17831 2310 7535 10284 
17832 5617 8870 9373 
17833 9340 8517 9451 
17834 6385 8880 10085 
17835 525 721 9049 
17836 7594 7592 10189 
17837 842 26 6016 
17838 7810 7809 10795 
17839 5202 9920 9976 
17840 6302 4325 9178 
17841 6038 2088 9425 
17842 6713 6714 9932 
17843 6365 6364 10612 
17844 205 206 9463 
17845 3128 3127 9405 
17846 9212 8414 10120 
17847 8193 8094 10635 
17848 6194 6192 10008 
17849 326 327 9468 
17850 7028 7026 9617 
17851 6163 7535 10394 
17852 4255 7568 10343 
17853 9223 8773 9435 
17854 9285 5361 9573 
17855 9192 7493 9580 
17856 7586 8969 9845 
17857 2182 9294 9414 
17858 5198 6997 10509 
17859 8961 6827 9714 
17860 6330 6759 10595 
17861 7983 753 10428 
17862 8443 5972 10342 
17863 7626 5520 9875 
17864 415 924 9470 
17865 747 9860 10502 
17866 5443 5485 5486 
17867 9062 6335 10801 
17868 1624 1682 9469 
17869 9158 10141 10710 
17870 890 6653 10771 
17871 9005 6882 10655 
17872 4924 6871 9849 
17873 4761 8625 10000 
17874 968 6846 9095 
17875 5957 7416 10668 
17876 5311 8612 9415 
17877 5845 5842 9460 
17878 2425 2531 9464 
17879 5828 9139 9471 
17880 8443 10342 10354 
17881 6812 2588 9609 
17882 2143 7358 10799 
17883 10612 6364 10623 
17884 2075 1983 2286 
17885 7052 867 10245 
17886 5609 6756 9946 
17887 778 9692 10335 
17888 8704 8857 9413 
17889 9582 5550 10308 
17890 6192 5921 10715 
17891 3125 3021 9248 
17892 9136 3720 9500 
17893 782 680 9078 
17894 6438 5445 9520 
17895 6338 5030 9476 
17896 6882 9485 9866 
17897 5338 9789 10186 
17898 5596 2496 9258 
17899 9493 6541 9521 
17900 3917 3914 9472 
17901 2215 2216 9333 
17902 6875 9592 10802 
17903 1735 1732 9486 
17904 2725 2726 10165 
17905 2660 1987 9355 
17906 3260 3491 10126 
17907 41 985 9905 
17908 9080 4067 9430 
17909 8816 4388 9402 
17910 7403 7339 9942 
17911 695 5999 9087 
17912 9244 3025 9296 
17913 8804 4587 9378 
17914 5448 5472 9597 
17915 6170 7627 10061 
17916 1847 2234 9279 
17917 4248 4250 4251 
17918 5271 8976 9386 
17919 9416 1045 9504 
17920 6614 6611 10473 
17921 6364 8007 10623 
17922 8034 8973 9963 
17923 2734 9037 9286 
17924 7562 7515 10121 
17925 3025 3023 9296 
17926 4797 7165 9732 
17927 4929 2390 10699 
17928 681 962 9078 
17929 6950 2333 10207 
17930 4682 6688 10552 
17931 2216 2121 2293 
17932 4498 6161 6162 
17933 5173 5414 9686 
17934 2497 7409 9507 
17935 8032 8277 9581 
17936 5473 9638 9878 
17937 3784 2700 9478 
17938 9814 6260 10050 
17939 771 8055 9680 
17940 5417 5418 5419 
17941 1728 1713 9479 
17942 5992 9347 9551 
17943 7726 9274 10393 
17944 10306 1176 10387 
17945 9331 9047 9542 
17946 2589 7770 10296 
17947 9115 5264 9817 
17948 7560 5973 10758 
17949 842 6017 6019 
17950 722 520 9063 
17951 6406 5345 10649 
17952 6179 5765 10111 
17953 2265 8756 9694 
17954 4687 3228 10788 
17955 1578 8818 9311 
17956 9367 6140 9805 
17957 8773 3832 9435 
17958 6513 9063 9682 
17959 7969 7907 9951 
17960 1653 1503 9458 
17961 9013 8816 9402 
17962 962 682 9077 
17963 9726 6209 9753 
17964 5565 5595 6303 
17965 620 621 9969 
17966 1846 1844 9693 
17967 7648 2308 10284 
17968 2143 1142 10489 
17969 2493 4643 9258 
17970 402 403 9488 
17971 9386 2607 9447 
17972 4055 4051 9922 
17973 6211 5645 10060 
17974 9508 4733 10443 
17975 7099 895 10175 
17976 6235 5421 6803 
17977 1980 2226 9517 
17978 6289 9383 10433 
17979 7059 6181 10429 
17980 9558 6975 9866 
17981 2194 7630 10349 
17982 2677 2674 9462 
17983 6552 8786 9735 
17984 1530 1563 9348 
17985 7139 7425 10643 
17986 6242 6360 10778 
17987 5989 8443 10354 
17988 6201 8451 9491 
17989 6849 9124 10152 
17990 6694 9421 9697 
17991 5989 10354 10364 
17992 3792 2701 9273 
17993 5478 5481 9648 
17994 5006 6263 10054 
17995 8513 5435 9417 
17996 933 214 10057 
17997 4253 5155 9325 
17998 5692 8256 10054 
17999 4794 4549 10560 
18000 3921 3920 9381 
18001 9077 683 9084 
18002 7845 7846 10060 
18003 666 667 9544 
18004 810 310 10071 
18005 311 907 10071 
18006 4067 4069 9430 
18007 824 13 6554 
18008 9627 6015 9715 
18009 4723 5432 5515 
18010 2680 2679 9412 
18011 7393 5944 10157 
18012 6782 6785 10113 
18013 6508 6509 6511 
18014 6020 6018 6021 
18015 6126 9476 10510 
18016 684 783 9084 
18017 1729 1810 9820 
18018 8475 9612 9704 
18019 2440 2441 9052 
18020 4980 4981 10075 
18021 6754 5968 10124 
18022 4358 5366 9178 
18023 6750 158 9585 
18024 4890 8570 10200 
18025 9373 8721 9618 
18026 989 9902 10790 
18027 408 766 10079 
18028 7865 9491 10389 
18029 1596 2210 9771 
18030 7736 7737 10124 
18031 1861 1862 9477 
18032 275 276 9501 
18033 8029 8032 9581 
18034 9451 2406 9540 
18035 2458 5563 5564 
18036 813 29 6037 
18037 6579 5055 9239 
18038 6370 5834 9925 
18039 5438 5978 9830 
18040 1554 1556 10398 
18041 9726 4270 9982 
18042 9927 2705 10711 
18043 3790 5164 10341 
18044 5994 9304 10013 
18045 235 7448 10476 
18046 7207 6122 10732 
18047 945 8777 9916 
18048 2685 4081 5417 
18049 5063 8447 9503 
18050 3140 3131 3812 
18051 966 60 10183 
18052 9441 6340 10328 
18053 1756 1598 9771 
18054 8976 8850 9386 
18055 9823 7403 9942 
18056 2669 2666 9483 
18057 3812 3131 9405 
18058 9410 5962 10117 
18059 9287 6722 9800 
18060 7342 7345 9523 
18061 8445 6229 9508 
18062 6721 8804 9378 
18063 7339 7340 10087 
18064 1045 1048 9504 
18065 3212 3203 9382 
18066 5746 6248 9561 
18067 3812 7210 10628 
18068 2635 2633 9499 
18069 1717 1715 10337 
18070 6214 8952 9867 
18071 8761 4102 9627 
18072 5415 6722 9512 
18073 6620 5197 9825 
18074 3789 3786 9305 
18075 5976 6771 10160 
18076 3038 3035 9281 
18077 8694 5201 9599 
18078 5190 5189 10509 
18079 2088 9075 9425 
18080 805 6721 10784 
18081 1007 1005 10024 
18082 5443 5486 5612 
18083 5412 9499 10269 
18084 5990 5989 10364 
18085 8893 9013 9402 
18086 6495 6497 9934 
18087 6099 7589 10300 
18088 3973 4089 9703 
18089 2750 2748 9743 
18090 8784 8785 9645 
18091 8088 9302 10198 
18092 2685 2683 4081 
18093 2632 5214 9490 
18094 9554 6120 10236 
18095 328 877 10100 
18096 5432 2422 9484 
18097 1721 1737 10195 
18098 4371 4547 9306 
18099 5188 8644 9734 
18100 1852 1849 9279 
18101 4470 4472 9492 
18102 2427 4453 5397 
18103 8858 808 10475 
18104 2437 2312 10526 
18105 5990 10364 10375 
18106 2010 2008 10455 
18107 721 526 9439 
18108 532 760 9098 
18109 1427 8624 9965 
18110 9718 10145 10503 
18111 3023 3125 9296 
18112 8640 6117 10659 
18113 4396 4530 9760 
18114 6675 5823 10027 
18115 8965 5627 9961 
18116 6801 853 10053 
18117 1124 1230 10122 
18118 783 685 9131 
18119 760 533 9095 
18120 5548 4888 9232 
18121 910 204 10133 
18122 5374 8998 10480 
18123 1174 1193 9482 
18124 6902 9646 9736 
18125 7718 4756 9960 
18126 1864 1902 9191 
18127 647 6401 9096 
18128 613 614 10093 
18129 7083 8847 9567 
18130 969 531 9098 
18131 729 9787 9895 
18132 3913 3919 5442 
18133 1132 1137 9489 
18134 5593 8060 10535 
18135 6507 722 6508 
18136 3184 3190 9336 
18137 3019 9137 9248 
18138 4909 6280 9408 
18139 4143 3845 9314 
18140 6883 6885 10212 
18141 6139 4371 9306 
18142 1648 2253 9604 
18143 198 832 10185 
18144 7059 1972 10316 
18145 1602 1600 9515 
18146 5472 9431 9597 
18147 6491 6493 9988 
18148 6832 10359 10362 
18149 5550 6723 10308 
18150 2269 2422 4563 
18151 9674 5953 9808 
18152 5940 9243 9364 
18153 6140 7004 9452 
18154 5767 5473 9878 
18155 5752 9135 10130 
18156 530 969 9099 
18157 534 968 9095 
18158 8708 9430 9658 
18159 9322 5927 10268 
18160 5430 5431 5929 
18161 9139 2514 9471 
18162 6821 4574 10680 
18163 6810 8675 9571 
18164 5354 5352 9898 
18165 1083 2213 10104 
18166 3051 3037 9737 
18167 2101 2102 9449 
18168 9468 10100 10689 
18169 3257 3244 9906 
18170 8605 6289 10433 
18171 798 529 9099 
18172 8946 6615 9537 
18173 3009 6366 9528 
18174 6217 4883 9543 
18175 5202 2652 9920 
18176 9348 1563 9748 
18177 8941 5188 9734 
18178 9880 6169 9920 
18179 7589 7588 10353 
18180 998 9401 10293 
18181 6691 5157 9424 
18182 5538 5536 9498 
18183 9035 1469 9348 
18184 3855 3908 9494 
18185 2468 7603 10266 
18186 814 646 9096 
18187 1469 1530 9348 
18188 2639 4695 9551 
18189 1810 1726 10116 
18190 7831 7778 10475 
18191 6237 8487 10759 
18192 987 9192 9580 
18193 1862 9191 9477 
18194 8702 2599 9965 
18195 6011 5806 10146 
18196 2451 2452 9060 
18197 9429 494 9806 
18198 527 959 9439 
18199 7328 4797 9630 
18200 8025 9622 10287 
18201 3813 5285 9336 
18202 2134 9778 9910 
18203 9148 9311 9685 
18204 5442 5443 9389 
18205 5214 9330 9702 
18206 2274 6563 10539 
18207 5304 4640 9513 
18208 9475 4550 9752 
18209 6636 6639 10196 
18210 3974 3848 9326 
18211 6340 6036 10328 
18212 3195 3188 9407 
18213 8777 6501 9916 
18214 88 806 10806 
18215 5832 4394 9760 
18216 6852 6854 10023 
18217 1912 1790 9506 
18218 6362 5904 10626 
18219 9027 7810 10795 
18220 2251 2252 9484 
18221 6200 4097 10563 
18222 6702 5342 9527 
18223 5431 5491 5996 
18224 1625 1624 9469 
18225 8973 5028 9963 
18226 885 6958 9876 
18227 6009 7749 10351 
18228 1995 9664 10792 
18229 1308 1808 10301 
18230 2511 2357 9683 
18231 1027 2263 10095 
18232 508 509 9546 
18233 4349 4351 9349 
18234 2514 6923 9471 
18235 2296 2293 2458 
18236 3267 3265 9524 
18237 5654 5655 10059 
18238 6026 6025 6027 
18239 8647 2495 10158 
18240 5565 5564 5595 
18241 3252 3255 10031 
18242 7035 844 10594 
18243 3186 3175 10675 
18244 6128 7065 10280 
18245 8075 6116 10522 
18246 645 814 9120 
18247 815 570 9113 
18248 5821 6476 10027 
18249 7790 3851 10263 
18250 8850 2607 9386 
18251 8556 956 9894 
18252 1502 8851 9684 
18253 3913 3773 3919 
18254 2249 2251 2269 
18255 1838 1750 9604 
18256 330 331 10215 
18257 383 768 10221 
18258 7575 7574 10296 
18259 209 210 10225 
18260 1065 1073 9962 
18261 93 710 10714 
18262 2102 2249 9449 
18263 6904 6902 9736 
18264 2071 9157 9526 
18265 8374 10438 10443 
18266 8963 6161 9908 
18267 5569 5295 9428 
18268 3153 3152 9453 
18269 9506 1787 10712 
18270 5419 5418 5614 
18271 7109 7111 10749 
18272 78 79 9559 
18273 1288 1029 10095 
18274 8907 10384 10579 
18275 2129 7511 10312 
18276 8821 4681 10325 
18277 875 6686 10102 
18278 61 803 10183 
18279 9704 5822 9751 
18280 5261 8099 10748 
18281 8354 8355 10403 
18282 343 831 10242 
18283 6115 9035 9348 
18284 9590 1627 10168 
18285 981 15 6075 
18286 6541 5313 9521 
18287 8542 7659 10270 
18288 2674 2673 9462 
18289 4733 8374 10443 
18290 8625 6737 10457 
18291 4680 8774 9913 
18292 686 965 9131 
18293 9977 7057 10164 
18294 973 644 9120 
18295 571 971 9113 
18296 4 302 10414 
18297 6899 9540 9646 
18298 6017 6016 6018 
18299 4326 6140 9367 
18300 2599 1425 9965 
18301 6146 7631 10671 
18302 7558 7556 10203 
18303 9310 5241 9776 
18304 7749 7750 9852 
18305 5615 5614 6354 
18306 9811 6196 9906 
18307 301 4 10414 
18308 4888 6748 9232 
18309 47 48 10708 
18310 5946 5786 10249 
18311 7995 8187 9620 
18312 5381 5378 9351 
18313 7545 3826 9915 
18314 7632 3938 9583 
18315 6725 5312 9500 
18316 6327 9272 10571 
18317 7163 1634 10290 
18318 6433 7632 9583 
18319 5364 5291 9356 
18320 9303 1404 10465 
18321 8366 9403 10101 
18322 6876 6875 10802 
18323 9235 6100 9629 
18324 1088 1241 10166 
18325 868 10157 10237 
18326 8452 5964 9980 
18327 3809 3251 10031 
18328 4655 4756 9882 
18329 7816 7815 10331 
18330 9330 7287 9702 
18331 2330 2278 10115 
18332 2679 3968 5430 
18333 6995 779 9921 
18334 7316 7315 10767 
18335 2168 1122 10122 
18336 5596 9091 9535 
18337 6113 7630 10386 
18338 2711 2708 9731 
18339 2210 1594 9888 
18340 8225 5692 10411 
18341 96 854 10450 
18342 5165 3789 9305 
18343 9732 7165 9793 
18344 3914 3913 9472 
18345 643 973 9134 
18346 971 572 9121 
18347 4563 2422 4723 
18348 1820 8449 10135 
18349 7597 922 10379 
18350 2607 9106 9447 
18351 5314 5952 9560 
18352 6287 7179 10471 
18353 5612 5486 6284 
18354 2225 6795 10621 
18355 811 672 9140 
18356 1893 1857 9388 
18357 5382 9184 9319 
18358 5442 3919 5443 
18359 831 8614 10242 
18360 3832 8771 9519 
18361 9020 6752 10600 
18362 1590 1680 9923 
18363 7026 5455 9529 
18364 2324 2322 4590 
18365 3243 9667 9811 
18366 974 52 10409 
18367 9606 6836 10633 
18368 4650 5974 10190 
18369 5991 9763 9892 
18370 9324 5508 10068 
18371 2595 4508 9547 
18372 6197 4583 9999 
18373 767 7724 10397 
18374 2494 9040 9368 
18375 6081 6060 10330 
18376 7021 7619 9525 
18377 6703 5165 9305 
18378 309 810 9555 
18379 9738 6279 9787 
18380 4414 4997 10340 
18381 9907 6234 10385 
18382 210 211 10348 
18383 5397 5398 6359 
18384 749 7769 10681 
18385 7865 7864 10365 
18386 7663 7658 10319 
18387 908 7825 10573 
18388 2406 8537 9540 
18389 3136 3108 10255 
18390 5439 7041 10213 
18391 7780 6237 10759 
18392 9200 9076 9649 
18393 4822 8169 9557 
18394 7984 8441 10344 
18395 5958 5328 9563 
18396 7534 789 10797 
18397 6440 6137 10408 
18398 821 642 9134 
18399 573 822 9121 
18400 4095 4092 9357 
18401 5592 4389 10360 
18402 3967 4296 10360 
18403 5758 6015 9627 
18404 823 8377 9561 
18405 7863 7865 10375 
18406 8449 2590 10062 
18407 5417 4081 5418 
18408 5233 9310 9776 
18409 6509 722 9063 
18410 9044 9220 9924 
18411 6540 9822 9959 
18412 4384 6191 10256 
18413 1930 2291 9530 
18414 5258 9033 9586 
18415 7389 7387 9759 
18416 2311 2084 10770 
18417 7277 9115 9817 
18418 922 354 10379 
18419 355 8100 10379 
18420 4264 2605 9367 
18421 905 7828 10456 
18422 858 14 6616 
18423 6240 6078 6241 
18424 5767 9878 10084 
18425 7658 5367 10319 
18426 3255 3256 10126 
18427 4247 4248 9124 
18428 4461 4464 9534 
18429 6407 7639 10064 
18430 4092 4093 9357 
18431 673 972 9140 
18432 6339 6338 10537 
18433 1797 1794 9984 
18434 924 416 10397 
18435 417 767 10397 
18436 2441 2447 9052 
18437 9671 6454 10357 
18438 5101 6112 10470 
18439 1125 1123 10265 
18440 2086 4187 10770 
18441 603 706 10258 
18442 102 980 10395 
18443 6024 6025 6026 
18444 6639 6634 9565 
18445 7211 5480 9648 
18446 7732 8580 10576 
18447 3923 4008 9834 
18448 1680 8815 9923 
18449 5544 5410 9722 
18450 2269 2251 2422 
18451 8277 6638 9581 
18452 8058 920 10411 
18453 4710 10044 10794 
18454 8778 3276 9650 
18455 3182 9301 9668 
18456 4306 5130 9485 
18457 3807 2689 9358 
18458 4056 4733 10419 
18459 9390 4865 9552 
18460 4136 4133 9556 
18461 8847 5923 9567 
18462 3036 3050 10193 
18463 341 342 10816 
18464 2187 1310 10301 
18465 8126 6462 10424 
18466 5353 5354 10815 
18467 612 613 10333 
18468 9458 1517 10182 
18469 5625 8337 10815 
18470 5259 7175 10523 
18471 8430 5990 10389 
18472 8578 10241 10413 
18473 4706 6474 9400 
18474 9542 5395 9612 
18475 6439 5255 10810 
18476 5327 7331 10178 
18477 6339 10537 10556 
18478 7551 6456 9695 
18479 3494 8387 10438 
18480 2679 2677 3968 
18481 6274 6277 9426 
18482 9045 6465 9926 
18483 4659 5643 9960 
18484 8650 5949 9568 
18485 877 329 9570 
18486 9078 962 9079 
18487 2723 9698 9918 
18488 196 197 10567 
18489 9536 6531 10114 
18490 789 273 10797 
18491 274 912 10797 
18492 2213 1085 10166 
18493 7569 7573 10343 
18494 8081 8080 10446 
18495 6257 8002 10796 
18496 822 574 9156 
18497 4602 4601 10229 
18498 6588 6789 10322 
18499 8654 8655 10105 
18500 6673 10092 10243 
18501 7614 7579 10266 
18502 6027 6029 6704 
18503 1011 9566 9605 
18504 2723 2720 9698 
18505 6126 4954 10478 
18506 8026 8027 10766 
18507 234 235 10476 
18508 761 8059 10765 
18509 7998 6489 10762 
18510 8377 8376 10445 
18511 4468 4470 9550 
18512 109 809 10453 
18513 6021 6134 9309 
18514 6480 6164 10461 
18515 670 671 9885 
18516 4756 4657 9960 
18517 5511 6599 10496 
18518 7556 4529 10203 
18519 1291 1421 10179 
18520 5780 8315 10496 
18521 8076 8075 10522 
18522 4437 5261 10748 
18523 5352 4435 10748 
18524 8327 3991 10501 
18525 7530 9401 10306 
18526 775 264 10516 
18527 941 229 10520 
18528 8298 3865 10510 
18529 4400 5686 10734 
18530 4802 6339 10524 
18531 8328 4060 10247 
18532 7279 7280 9626 
18533 786 336 10507 
18534 2666 2665 9483 
18535 766 9117 10079 
18536 7346 7352 9623 
18537 307 308 10566 
18538 8090 8087 10540 
18539 746 289 10709 
18540 6183 6185 10631 
18541 7722 3830 9654 
18542 7698 751 10652 
18543 8161 6199 10700 
18544 5951 4174 10140 
18545 290 936 10709 
18546 6014 6201 10415 
18547 8170 5546 10558 
18548 262 263 9575 
18549 2427 2326 4453 
18550 4464 4466 9548 
18551 950 7054 10528 
18552 5600 5601 10661 
18553 5239 9653 10069 
18554 4669 6447 9576 
18555 7938 7792 9577 
18556 4751 6329 10001 
18557 208 931 10656 
18558 744 207 10656 
18559 752 8101 9730 
18560 346 762 10571 
18561 919 391 10577 
18562 7553 3862 9647 
18563 7129 10202 10604 
18564 406 407 10583 
18565 5776 8793 9594 
18566 8112 3495 10667 
18567 4087 4890 10200 
18568 1121 2179 10159 
18569 233 937 10652 
18570 751 232 10652 
18571 3449 8140 10598 
18572 5563 2293 9481 
18573 8149 3910 10605 
18574 8124 5339 10605 
18575 381 382 10638 
18576 8009 5578 10639 
18577 1315 1316 9602 
18578 114 987 10599 
18579 8390 8195 10556 
18580 8176 4713 9579 
18581 2428 2427 9510 
18582 8455 5961 9574 
18583 5845 9460 9461 
18584 6014 10415 10431 
18585 55 56 10737 
18586 2278 8739 9937 
18587 3142 3124 10685 
18588 4540 6253 9349 
18589 8379 7787 9801 
18590 6338 10478 10537 
18591 9570 6248 10775 
18592 3920 4266 4267 
18593 9246 7671 9667 
18594 5959 6004 10565 
18595 83 84 9629 
18596 2155 2017 9595 
18597 8683 1133 9569 
18598 542 799 9144 
18599 3938 6869 9583 
18600 45 46 10407 
18601 5540 7236 9628 
18602 4399 4184 9533 
18603 4108 4318 9644 
18604 8083 9846 10735 
18605 2175 1033 10345 
18606 5643 4749 10001 
18607 5453 5452 9590 
18608 1248 1284 9815 
18609 6496 5548 9232 
18610 1092 2194 10349 
18611 94 95 10572 
18612 963 87 10806 
18613 850 9253 10148 
18614 1101 8884 10489 
18615 5971 9387 10263 
18616 6617 6619 8991 
18617 1011 1009 9566 
18618 3271 3270 9572 
18619 8067 765 9634 
18620 659 660 9676 
18621 3848 8808 9326 
18622 4287 4652 9999 
18623 3920 3917 4266 
18624 975 541 9144 
18625 5234 8803 9708 
18626 575 6023 9156 
18627 7332 3127 10106 
18628 5969 6754 10222 
18629 4609 5470 10005 
18630 6696 5909 9933 
18631 615 21 10723 
18632 2139 8798 9674 
18633 839 517 9750 
18634 8448 6468 10733 
18635 9204 7348 9474 
18636 6115 9348 9748 
18637 4594 6107 10177 
18638 5456 9352 9684 
18639 1133 9454 9569 
18640 1328 7655 10648 
18641 9777 5429 10485 
18642 5810 8946 9537 
18643 5333 5335 9654 
18644 9519 5114 9655 
18645 5947 6247 10138 
18646 6040 4516 9844 
18647 218 219 9596 
18648 5678 7936 9598 
18649 10371 847 10682 
18650 5160 8949 9853 
18651 540 975 9160 
18652 6229 4747 10464 
18653 53 853 10409 
18654 6201 10365 10415 
18655 4204 5492 9600 
18656 8422 4116 10380 
18657 1241 1090 10349 
18658 8048 3886 9696 
18659 4449 4555 10010 
18660 1820 10135 10254 
18661 9309 2215 9333 
18662 8374 6014 10431 
18663 4547 5423 9306 
18664 2671 2669 4418 
18665 5993 8705 10382 
18666 4178 5460 9603 
18667 4614 5596 9535 
18668 1406 2197 10465 
18669 7447 9785 9955 
18670 8928 9200 9649 
18671 3908 4498 9494 
18672 5430 3968 5431 
18673 4777 4779 10288 
18674 4470 9492 9550 
18675 3226 9009 10788 
18676 6020 6021 6022 
18677 2366 1258 9815 
18678 4267 5943 5944 
18679 800 539 9160 
18680 7429 7428 10666 
18681 5376 4614 9535 
18682 1239 2233 9887 
18683 4598 4600 9996 
18684 7596 8552 10591 
18685 10464 4747 10474 
18686 5229 5922 10151 
18687 2555 8620 10238 
18688 2447 2448 9553 
18689 1750 1648 9604 
18690 5383 5381 9395 
18691 9821 5933 9949 
18692 3919 3773 9453 
18693 2665 6186 6187 
18694 5934 3212 9382 
18695 5221 6568 9607 
18696 4081 2683 9412 
18697 2452 4247 9060 
18698 9311 8818 9685 
18699 7249 4833 9880 
18700 5239 8958 9653 
18701 7331 9949 10178 
18702 1031 1288 10345 
18703 3072 3068 9670 
18704 9602 1316 9640 
18705 1857 2275 9388 
18706 5486 5487 9473 
18707 4747 7952 10474 
18708 6350 7553 9647 
18709 4887 5549 9900 
18710 1273 1291 10557 
18711 6746 6216 10536 
18712 9603 5460 9619 
18713 3213 3780 9790 
18714 5930 10197 10384 
18715 6697 9228 10292 
18716 9279 2234 9694 
18717 281 282 9613 
18718 5485 3919 9453 
18719 7234 6041 10033 
18720 961 8648 9782 
18721 7330 6226 10587 
18722 5256 6265 9614 
18723 3862 6342 9647 
18724 1898 7082 9710 
18725 4006 3921 9381 
18726 9394 6110 10011 
18727 10474 7952 10490 
18728 1284 1246 9887 
18729 4091 3974 9326 
18730 5378 5379 9351 
18731 3190 3813 9336 
18732 3883 4144 9615 
18733 5395 5349 9612 
18734 723 101 10395 
18735 4267 4266 5943 
18736 10419 6229 10464 
18737 863 9225 9226 
18738 2458 5565 9516 
18739 7461 7460 9859 
18740 9644 6798 10098 
18741 10421 1556 10466 
18742 933 10057 10733 
18743 1013 1011 9605 
18744 9167 6210 9465 
18745 6757 9952 9978 
18746 325 3 10440 
18747 4865 8811 9552 
18748 5491 3968 9462 
18749 7141 5913 9795 
18750 5932 6675 10250 
18751 5460 7412 9619 
18752 8071 934 9620 
18753 7291 9337 9962 
18754 9135 3841 9790 
18755 8103 756 10405 
18756 1696 1694 9611 
18757 8798 5953 9674 
18758 5827 6555 9824 
18759 3 326 10440 
18760 1983 1928 9442 
18761 1297 1436 9588 
18762 9607 6568 9632 
18763 5377 6734 10396 
18764 10132 4781 10208 
18765 6125 4593 10177 
18766 7897 7895 9622 
18767 538 800 9195 
18768 5379 5376 9535 
18769 6617 6618 6619 
18770 5758 9627 9753 
18771 4387 2547 9510 
18772 994 1558 10128 
18773 74 8 10357 
18774 8955 6868 10176 
18775 4724 6182 9624 
18776 5470 8898 10005 
18777 521 522 9682 
18778 4530 4398 9986 
18779 978 678 9164 
18780 2605 4326 9367 
18781 5410 6072 9651 
18782 7952 6095 10490 
18783 2637 5311 9625 
18784 7175 5259 10690 
18785 3092 3126 10180 
18786 6987 9079 10355 
18787 3962 3809 10203 
18788 3830 9237 9654 
18789 10071 907 10644 
18790 10076 7173 10350 
18791 6026 6027 9393 
18792 9352 1502 9684 
18793 6246 10619 10761 
18794 8558 6872 10585 
18795 1316 1318 9640 
18796 6297 6295 9466 
18797 2083 2259 10199 
18798 714 8988 9531 
18799 5291 6202 9356 
18800 522 844 9682 
18801 5655 8790 9991 
18802 984 108 10453 
18803 8923 9285 9573 
18804 6112 9054 10470 
18805 1737 9828 10267 
18806 9047 5395 9542 
18807 9284 7367 10080 
18808 5830 5981 9634 
18809 10490 6095 10505 
18810 5956 5955 9552 
18811 240 241 9637 
18812 2334 2309 9593 
18813 6030 6236 10421 
18814 2187 6718 10671 
18815 848 9201 10482 
18816 9317 3960 10299 
18817 6568 6815 9632 
18818 9052 2447 9053 
18819 6017 6018 6020 
18820 3104 3102 9455 
18821 679 813 9164 
18822 4815 5396 9641 
18823 8521 5327 9631 
18824 2648 9625 9832 
18825 7821 7819 10227 
18826 867 474 9798 
18827 4555 4552 10038 
18828 5397 4453 5398 
18829 6261 4453 9549 
18830 4415 4091 9326 
18831 6827 6828 9714 
18832 1986 1861 9477 
18833 5480 5478 9648 
18834 2001 1893 9388 
18835 5389 6729 10390 
18836 6095 6126 10505 
18837 655 842 9163 
18838 5276 8955 10176 
18839 8225 920 10483 
18840 9292 4199 9502 
18841 7372 6206 10602 
18842 853 54 10053 
18843 9069 5258 9586 
18844 2549 2547 4387 
18845 856 113 10599 
18846 3156 8904 10404 
18847 4351 4540 9349 
18848 6456 6730 9695 
18849 5212 8622 10285 
18850 9797 9228 10701 
18851 8503 5975 9639 
18852 4184 4183 9533 
18853 5393 6074 9672 
18854 7538 7539 10321 
18855 9157 6089 9526 
18856 1663 1865 9445 
18857 6366 8237 10581 
18858 9063 521 9682 
18859 9641 5396 9660 
18860 9989 5423 10640 
18861 7623 7912 10517 
18862 1694 1692 9636 
18863 9274 709 10393 
18864 2665 2663 6186 
18865 215 9256 10057 
18866 8494 2139 9674 
18867 7358 7353 10799 
18868 795 9000 9901 
18869 6251 6217 9543 
18870 6482 9368 10561 
18871 2685 5417 9358 
18872 2186 8694 9599 
18873 10214 7454 10687 
18874 2553 2551 4233 
18875 9951 7907 10611 
18876 1691 2501 10139 
18877 6181 4411 10429 
18878 3257 9906 10108 
18879 5181 4403 10561 
18880 4012 4010 4673 
18881 551 824 9182 
18882 7111 9180 10749 
18883 6161 4499 9908 
18884 5355 6453 9652 
18885 6776 3039 10310 
18886 9534 4464 9548 
18887 6182 6660 10495 
18888 4338 5908 10214 
18889 3836 3195 9407 
18890 6981 6980 9713 
18891 1332 1328 10648 
18892 2323 2544 10559 
18893 5955 9390 9552 
18894 5278 6306 9679 
18895 8537 2409 9646 
18896 8720 7636 10084 
18897 884 9055 10309 
18898 5817 6822 9727 
18899 5396 6820 9660 
18900 3059 3062 9813 
18901 9042 6005 9979 
18902 4379 2313 10769 
18903 6129 8936 10691 
18904 4919 4399 6262 
18905 9105 7502 9558 
18906 9215 7100 10271 
18907 6405 6658 10755 
18908 842 6016 6017 
18909 9172 2511 9539 
18910 720 619 10173 
18911 4248 4251 9124 
18912 9199 6362 10626 
18913 6244 9428 9729 
18914 979 537 9195 
18915 9789 7597 10186 
18916 6006 4095 9357 
18917 5565 6303 10154 
18918 3246 3257 9616 
18919 337 338 9662 
18920 6324 6811 10698 
18921 4266 3917 9472 
18922 5467 7789 9879 
18923 8892 6806 10037 
18924 845 653 9186 
18925 9540 8537 9646 
18926 8817 1630 9445 
18927 6409 7030 9873 
18928 9404 2511 9683 
18929 9155 5912 9661 
18930 9506 6406 10649 
18931 654 9163 9186 
18932 846 563 9187 
18933 2597 4726 10327 
18934 2661 2557 4682 
18935 652 845 9185 
18936 8931 4911 9608 
18937 9573 5361 9775 
18938 983 550 9182 
18939 4521 6542 10063 
18940 8584 2175 10812 
18941 8801 856 10599 
18942 5560 7155 9809 
18943 6545 6546 9609 
18944 4215 5542 9663 
18945 6375 5364 9356 
18946 859 6697 10292 
18947 4707 4495 9709 
18948 9158 6418 10141 
18949 7155 5513 9841 
18950 7179 9303 10465 
18951 8495 9057 9995 
18952 4565 2540 10469 
18953 8942 9414 9823 
18954 965 6531 9536 
18955 2719 9288 9698 
18956 5903 8588 9689 
18957 3200 3197 9434 
18958 8859 4280 9783 
18959 8575 5451 9650 
18960 651 9185 9201 
18961 4111 4359 9673 
18962 3807 9358 9744 
18963 824 6554 7733 
18964 10524 6366 10581 
18965 4591 8580 10725 
18966 1853 1906 9699 
18967 6003 7716 10412 
18968 5443 5612 9389 
18969 2252 2440 9484 
18970 9283 5274 9837 
18971 8406 4232 9677 
18972 7229 9513 9882 
18973 549 983 9203 
18974 8570 7709 10200 
18975 813 6037 6150 
18976 2340 2543 10603 
18977 5413 5356 9680 
18978 6209 9726 9982 
18979 727 7073 9802 
18980 841 691 9833 
18981 10328 6036 10388 
18982 9100 5992 9551 
18983 699 700 10323 
18984 5918 5920 9997 
18985 5253 6987 10355 
18986 3034 3036 10677 
18987 5130 9105 9558 
18988 8721 5369 9618 
18989 1383 7610 9835 
18990 9317 10299 10513 
18991 6505 6506 10331 
18992 7172 9009 10350 
18993 8525 7813 9666 
18994 4331 8923 9573 
18995 6276 6278 9787 
18996 9612 5349 9704 
18997 9333 2297 9562 
18998 6461 8787 10037 
18999 5104 8752 9638 
19000 7370 7372 9716 
19001 3180 3184 9621 
19002 8023 9324 10068 
19003 1519 1634 10182 
19004 5838 5836 9675 
19005 5783 9307 10090 
19006 9206 2071 9526 
19007 3113 3136 10634 
19008 3944 3200 9434 
19009 9611 1694 9636 
19010 9894 794 10373 
19011 9372 1747 10650 
19012 9264 6439 10810 
19013 7649 5098 9705 
19014 848 650 9201 
19015 903 9212 10120 
19016 1329 1323 10437 
19017 5813 5812 9712 
19018 6757 3790 9952 
19019 836 548 9203 
19020 1558 996 10293 
19021 3189 3180 9621 
19022 8179 6422 10658 
19023 4088 4270 9726 
19024 8529 787 9665 
19025 5978 5977 9655 
19026 5912 6809 9661 
19027 9884 6707 10520 
19028 2585 9003 9597 
19029 1327 1331 9690 
19030 3920 4267 9381 
19031 3886 8328 9696 
19032 4587 2562 10663 
19033 1928 2001 9442 
19034 1630 1663 9445 
19035 9984 7439 10673 
19036 8746 6786 10007 
19037 5980 5383 9395 
19038 8086 942 9700 
19039 8819 8818 10313 
19040 6422 8158 10669 
19041 1580 1582 10392 
19042 5621 5622 9719 
19043 7118 4682 10552 
19044 2186 9599 9653 
19045 6277 6764 9426 
19046 9810 5720 10446 
19047 259 260 9701 
19048 5315 7774 9692 
19049 8022 9842 10483 
19050 9620 6059 10260 
19051 847 566 9218 
19052 649 848 9202 
19053 12 528 9747 
19054 10504 6669 10711 
19055 9463 6665 10133 
19056 9646 2409 9736 
19057 4662 6163 10394 
19058 1621 1684 10650 
19059 7307 7308 10817 
19060 10658 6422 10669 
19061 2152 8533 10216 
19062 6618 851 9220 
19063 5393 9672 9777 
19064 8586 6655 9706 
19065 6077 6078 6240 
19066 9422 1998 10374 
19067 2443 2442 10529 
19068 6487 6297 9466 
19069 6093 6589 10240 
19070 5527 5758 9753 
19071 6429 7802 10276 
19072 9715 6015 9731 
19073 956 582 9894 
19074 2121 2075 9481 
19075 3968 2677 9462 
19076 819 6879 9805 
19077 4418 2669 9483 
19078 8893 9402 9859 
19079 6127 6040 10188 
19080 4721 8854 9505 
19081 6656 4738 10688 
19082 5468 8928 9649 
19083 567 981 9218 
19084 982 648 9202 
19085 5124 4607 9707 
19086 8169 6365 10608 
19087 2249 2269 9449 
19088 8102 9792 10428 
19089 5212 7631 10740 
19090 976 8766 9657 
19091 2275 1855 9699 
19092 7374 7371 10209 
19093 8093 9376 10075 
19094 3841 3225 9790 
19095 2242 9069 9586 
19096 4090 4094 9872 
19097 851 545 9220 
19098 9237 5333 9654 
19099 8068 8069 9718 
19100 6355 5778 10035 
19101 7001 5436 10780 
19102 9401 7530 10293 
19103 7511 9410 10117 
19104 4007 4006 9940 
19105 6123 9404 9683 
19106 2368 8924 10013 
19107 2222 8913 9929 
19108 4220 4219 9723 
19109 2679 5430 9412 
19110 5365 9279 9694 
19111 5322 7145 9728 
19112 10391 2195 10436 
19113 3197 3836 9434 
19114 7182 7183 10798 
19115 8958 2186 9653 
19116 9387 7790 10263 
19117 4550 4518 9752 
19118 7026 9529 9617 
19119 5421 4563 9418 
19120 9530 2291 9770 
19121 5930 8716 10197 
19122 6404 6238 10148 
19123 5347 5951 10278 
19124 5322 9728 9741 
19125 583 794 9894 
19126 693 729 9895 
19127 780 7862 9719 
19128 4341 4343 9711 
19129 4862 4864 10281 
19130 8144 3866 10787 
19131 1078 8820 9651 
19132 832 9437 10185 
19133 528 798 9747 
19134 8127 4974 9856 
19135 287 288 9717 
19136 9586 9033 9836 
19137 3866 5705 10800 
19138 137 138 9721 
19139 6590 6715 10036 
19140 8699 1902 10609 
19141 3121 3104 9455 
19142 2560 4337 10663 
19143 5445 9116 9520 
19144 4498 6162 9494 
19145 3240 3235 9667 
19146 6020 6381 9606 
19147 1634 1529 10290 
19148 6007 5173 9686 
19149 813 6151 9164 
19150 5571 8718 10083 
19151 501 502 9733 
19152 1547 2227 10290 
19153 9499 7285 10269 
19154 2727 2724 10076 
19155 661 863 9224 
19156 5349 5350 9704 
19157 1906 5365 9643 
19158 2322 2296 9516 
19159 517 518 9750 
19160 6414 5772 9601 
19161 9932 6714 10577 
19162 9761 6254 10511 
19163 860 554 9228 
19164 10083 8718 10434 
19165 8929 7328 9630 
19166 7308 1768 10817 
19167 5296 6990 9582 
19168 8878 6316 10678 
19169 8258 5742 9730 
19170 5531 6553 9664 
19171 9834 4008 9911 
19172 9403 5424 10101 
19173 5515 7052 10245 
19174 6406 9506 10712 
19175 6120 9974 10236 
19176 3216 3998 9564 
19177 8702 9965 10172 
19178 3126 8708 9658 
19179 10787 3866 10800 
19180 2156 6817 10551 
19181 9903 5769 9995 
19182 8730 976 10304 
19183 10558 8169 10608 
19184 2344 2640 10582 
19185 103 104 9755 
19186 6206 5560 9993 
19187 553 860 9229 
19188 9618 5369 9778 
19189 863 662 9225 
19190 7702 1820 10254 
19191 6483 5829 10134 
19192 9653 7376 10069 
19193 3906 3907 10150 
19194 658 862 9254 
19195 816 666 9544 
19196 4380 6403 10717 
19197 8608 8691 10252 
19198 2230 8846 10110 
19199 6605 10144 10482 
19200 8175 6471 10754 
19201 8851 8929 9684 
19202 6154 6382 10515 
19203 9402 7461 9859 
19204 1731 1729 9820 
19205 8948 4379 10252 
19206 5402 5456 9732 
19207 5544 9722 9781 
19208 955 8469 10074 
19209 1785 1796 10712 
19210 981 6075 8775 
19211 8449 10062 10135 
19212 8039 776 9961 
19213 2422 2251 9484 
19214 6134 6548 9497 
19215 2427 5397 9510 
19216 9870 6390 10789 
19217 6389 6392 10789 
19218 10384 717 10579 
19219 8737 5468 9871 
19220 6562 7565 9768 
19221 5921 5919 9964 
19222 5381 9351 9395 
19223 1377 8865 9697 
19224 2286 1983 9442 
19225 9358 5417 9744 
19226 5650 5652 9827 
19227 756 8095 9740 
19228 1078 9651 9708 
19229 6503 6219 10194 
19230 9414 7404 9823 
19231 6131 7013 10119 
19232 768 9457 10221 
19233 743 8072 10249 
19234 6022 6021 9309 
19235 3270 9563 9572 
19236 5806 5322 9741 
19237 5612 7009 10237 
19238 841 8995 10706 
19239 10253 763 10636 
19240 2708 2707 9731 
19241 842 6019 9163 
19242 5532 6098 10032 
19243 5155 5559 9864 
19244 2357 2359 9683 
19245 7376 7374 10069 
19246 5444 8930 9669 
19247 3913 5442 9472 
19248 1617 1633 10745 
19249 9028 5810 10175 
19250 9942 7339 10087 
19251 7511 10117 10190 
19252 1573 1617 10580 
19253 4382 4332 10575 
19254 663 6076 9225 
19255 8995 8994 10706 
19256 3769 8953 9754 
19257 5998 8469 10410 
19258 8097 5463 9792 
19259 792 6925 10055 
19260 7768 904 9767 
19261 858 6616 7330 
19262 8618 5803 10681 
19263 5533 7759 9782 
19264 986 657 9254 
19265 9413 7492 9812 
19266 7246 7112 10705 
19267 5985 5984 9749 
19268 5772 9392 9496 
19269 6178 9172 9539 
19270 3106 9419 10420 
19271 4456 7207 10732 
19272 488 489 9757 
19273 1003 1642 10251 
19274 957 7299 10338 
19275 5516 5518 9758 
19276 7119 1939 9947 
19277 9037 4505 9766 
19278 2264 1846 9693 
19279 1676 1658 9745 
19280 8756 4613 10081 
19281 5967 9175 10015 
19282 8585 5988 9739 
19283 3184 9336 9621 
19284 4250 4253 9467 
19285 6106 6105 9780 
19286 5977 9519 9655 
19287 2082 10673 10686 
19288 656 986 9253 
19289 10387 8957 10391 
19290 9741 5449 9839 
19291 2448 2451 9553 
19292 8803 1078 9708 
19293 938 8097 9792 
19294 9403 944 9801 
19295 5803 9059 10145 
19296 4779 5393 9777 
19297 930 9717 10138 
19298 559 858 9262 
19299 5996 7585 10204 
19300 1855 1853 9699 
19301 6338 9476 10478 
19302 6080 9985 10099 
19303 10167 6833 10362 
19304 6027 6704 9393 
19305 5551 4365 10107 
19306 9468 327 10100 
19307 9748 7704 9844 
19308 2720 2719 9698 
19309 6307 8660 10326 
19310 4704 4412 9764 
19311 857 8704 9812 
19312 5924 7433 10210 
19313 6326 9093 10311 
19314 9491 7865 10365 
19315 7423 6118 10719 
19316 6022 9309 9333 
19317 3095 7717 10811 
19318 5753 6414 9818 
19319 10518 6231 10676 
19320 6072 6819 9763 
19321 205 9463 10133 
19322 4563 4723 9418 
19323 6832 8866 10273 
19324 5408 7587 9754 
19325 561 562 9725 
19326 3769 9754 9877 
19327 5361 8899 9775 
19328 9651 6072 9708 
19329 8786 5555 9735 
19330 6075 9229 10550 
19331 424 425 9772 
19332 6284 5486 9473 
19333 7149 5491 10006 
19334 8969 5202 9976 
19335 9476 6126 10478 
19336 2409 8914 9736 
19337 9496 6141 10310 
19338 2160 7625 10531 
19339 2235 7751 9774 
19340 10134 888 10538 
19341 8820 2196 9722 
19342 6094 5818 9819 
19343 2293 2121 9481 
19344 10110 8846 10417 
19345 7078 9458 10182 
19346 6273 9426 10500 
19347 5234 9708 9763 
19348 7233 3257 10108 
19349 3095 3072 9670 
19350 4168 5522 9773 
19351 7667 7668 10258 
19352 9304 2368 10013 
19353 9022 4236 9979 
19354 2296 2458 9516 
19355 4733 9508 10419 
19356 9076 8735 9649 
19357 5304 9710 9720 
19358 484 485 9788 
19359 2687 7242 10757 
19360 5973 9943 10758 
19361 2694 2693 10359 
19362 6189 6539 10533 
19363 2748 2769 9743 
19364 7183 9065 10798 
19365 1883 8809 10779 
19366 6577 6576 10092 
19367 6193 6194 9756 
19368 411 412 9784 
19369 2267 8475 9751 
19370 6103 7076 10149 
19371 6803 5421 9418 
19372 9368 5181 10561 
19373 2075 2286 9481 
19374 4102 4088 9726 
19375 6320 6319 9765 
19376 6428 8792 10368 
19377 8704 9413 9812 
19378 6201 9491 10365 
19379 3050 3070 10193 
19380 928 8182 9810 
19381 4420 4138 9769 
19382 6474 5344 9786 
19383 4363 4793 9789 
19384 5516 9758 9807 
19385 8569 5465 9767 
19386 4867 4879 9779 
19387 8079 928 9810 
19388 9197 731 10219 
19389 1598 1596 9771 
19390 9630 4797 9732 
19391 9401 1176 10306 
19392 8461 4061 9791 
19393 6489 9579 10762 
19394 7492 7490 9812 
19395 9004 1543 10601 
19396 709 9274 10737 
19397 5463 5935 9792 
19398 6465 6467 9926 
19399 494 495 9806 
19400 6262 4399 9533 
19401 2665 6187 9483 
19402 5416 6605 10482 
19403 6339 9528 10524 
19404 7448 6710 10476 
19405 9077 5921 9964 
19406 862 659 9676 
19407 7483 2343 9919 
19408 9537 7099 10175 
19409 5402 9732 9793 
19410 6940 797 10772 
19411 8872 9286 9766 
19412 7093 7096 9881 
19413 660 9224 9676 
19414 6232 6703 9927 
19415 9773 5522 9799 
19416 8999 5304 9720 
19417 5287 5284 9794 
19418 7669 706 10426 
19419 8749 7048 10750 
19420 5772 9496 9601 
19421 960 82 9796 
19422 944 8379 9801 
19423 9022 6762 10302 
19424 3826 3176 9915 
19425 9651 8820 9722 
19426 7671 5476 9811 
19427 4738 4761 10000 
19428 9561 6248 10215 
19429 2304 4264 9742 
19430 8705 5942 10356 
19431 9667 7671 9811 
19432 6314 9937 10059 
19433 3178 3189 9915 
19434 5522 7675 9799 
19435 6270 8941 9734 
19436 6796 6797 10098 
19437 5953 5124 9808 
19438 7471 4139 9855 
19439 710 9695 10714 
19440 6085 5467 9879 
19441 6148 7047 10046 
19442 4394 4396 9760 
19443 799 543 9896 
19444 7565 9097 9768 
19445 9508 6229 10419 
19446 7750 10003 10708 
19447 5546 9557 10558 
19448 8182 5346 9810 
19449 7186 9349 9973 
19450 2234 2265 9694 
19451 8858 7778 10492 
19452 519 713 10653 
19453 5578 9576 10639 
19454 5944 5943 10157 
19455 2267 9751 9821 
19456 7787 9344 9801 
19457 4254 6695 10463 
19458 847 9218 9514 
19459 4008 6917 9911 
19460 5579 5178 9800 
19461 5475 5516 9807 
19462 10007 4929 10699 
19463 5448 9597 9785 
19464 562 846 9725 
19465 9131 965 9536 
19466 9722 2196 9781 
19467 5549 9323 9900 
19468 6831 6832 10362 
19469 9464 2531 10499 
19470 3037 3038 9737 
19471 1937 9242 9746 
19472 9845 6170 10061 
19473 7858 6180 10644 
19474 1563 1666 9748 
19475 7446 9955 10110 
19476 10227 7819 10791 
19477 7322 7321 10785 
19478 691 692 9833 
19479 6494 6495 10315 
19480 7210 8743 10628 
19481 6381 6022 9562 
19482 6259 6650 10091 
19483 9560 1937 9746 
19484 2291 8906 9770 
19485 4501 5389 9908 
19486 9288 6156 9698 
19487 5414 9028 10530 
19488 840 698 10370 
19489 2707 9221 9715 
19490 5197 5193 9825 
19491 44 45 10217 
19492 9274 8636 10737 
19493 1395 7546 10314 
19494 2326 2324 9549 
19495 4251 4250 9467 
19496 9855 4139 10020 
19497 7242 10390 10757 
19498 790 413 9826 
19499 5468 9649 9871 
19500 4981 8193 10635 
19501 9918 7173 10076 
19502 5914 5402 9793 
19503 9053 2447 9553 
19504 1021 1019 9829 
19505 9536 6194 10008 
19506 1766 1768 9862 
19507 6116 8404 10522 
19508 2259 9523 10199 
19509 5222 6846 10541 
19510 9049 7035 10594 
19511 5369 8883 9778 
19512 720 10113 10368 
19513 5493 4154 9848 
19514 5411 6535 9802 
19515 3225 3213 9790 
19516 6795 2225 10695 
19517 7416 10179 10668 
19518 8998 9300 10480 
19519 5456 9630 9732 
19520 10673 7327 10686 
19521 9713 6933 10454 
19522 6759 6419 10553 
19523 6314 5924 10210 
19524 4515 7586 9845 
19525 1737 1719 9828 
19526 9349 6253 9973 
19527 9874 7594 10189 
19528 5950 5769 9903 
19529 758 8081 9840 
19530 6560 6561 10718 
19531 8807 3769 9877 
19532 7242 8963 10390 
19533 6949 6087 10230 
19534 6308 10662 10736 
19535 9424 10618 10660 
19536 6208 6207 9850 
19537 5439 5512 9762 
19538 9757 489 10125 
19539 1768 7306 10817 
19540 915 9843 10424 
19541 10341 5164 10518 
19542 9754 7587 9877 
19543 7084 6684 9931 
19544 5694 5693 9842 
19545 5951 10140 10256 
19546 2449 2443 10529 
19547 2099 1960 10497 
19548 271 272 9843 
19549 7587 5521 9877 
19550 8784 9645 10320 
19551 6218 8428 9874 
19552 7526 10022 10147 
19553 7829 864 10035 
19554 9432 6129 10691 
19555 2712 2711 10291 
19556 5587 6129 9846 
19557 7273 10391 10436 
19558 5275 9835 9950 
19559 8475 9704 9751 
19560 9239 5270 10112 
19561 5397 6359 9642 
19562 2363 2150 9847 
19563 6360 9372 10650 
19564 10205 7316 10767 
19565 5274 6104 9837 
19566 1543 9162 10601 
19567 690 841 10706 
19568 854 9652 10450 
19569 9097 2599 9768 
19570 4590 2322 9516 
19571 1902 1903 10609 
19572 6218 10189 10223 
19573 2574 7618 9897 
19574 750 8091 9861 
19575 5264 6402 9817 
19576 6278 6275 10065 
19577 8994 689 10706 
19578 9958 6210 9982 
19579 823 9561 10215 
19580 9263 1383 9835 
19581 7292 7289 10002 
19582 265 266 9854 
19583 8107 8109 9856 
19584 986 9254 9255 
19585 62 63 9886 
19586 2613 9148 9685 
19587 6674 7118 10552 
19588 5625 8021 10220 
19589 857 9812 10153 
19590 5594 5438 9830 
19591 7080 6866 10324 
19592 8949 6666 9853 
19593 6918 6959 9885 
19594 9528 6366 10524 
19595 4089 9872 10664 
19596 6068 7972 9860 
19597 5603 5605 9857 
19598 7397 4577 9870 
19599 3799 5568 9635 
19600 49 718 9852 
19601 2179 9689 10159 
19602 543 12 9896 
19603 1264 1911 9831 
19604 5581 8365 9861 
19605 5410 9651 9722 
19606 6256 7551 10804 
19607 1258 1248 9815 
19608 6957 2262 10416 
19609 9649 8735 9871 
19610 6142 4375 10213 
19611 8743 3152 10628 
19612 9625 6038 9832 
19613 6120 9554 10713 
19614 6097 6096 10405 
19615 7356 7355 10040 
19616 7492 9413 10492 
19617 9774 5600 10661 
19618 6292 7783 10727 
19619 6784 9969 10142 
19620 9699 1906 10396 
19621 4236 9042 9979 
19622 9710 7082 9720 
19623 4803 5222 10541 
19624 6214 9867 10132 
19625 9698 6156 9918 
19626 2450 2449 10045 
19627 2209 9823 9942 
19628 2254 7780 9850 
19629 5800 5799 9869 
19630 2209 8942 9823 
19631 7823 2254 9987 
19632 5649 6128 10280 
19633 9756 6194 10114 
19634 9523 7345 10199 
19635 7030 9061 9873 
19636 9721 138 10253 
19637 826 151 9994 
19638 9838 2201 9945 
19639 582 583 9894 
19640 40 41 9905 
19641 4253 9325 9467 
19642 10189 2144 10223 
19643 7666 7107 9912 
19644 7486 7489 9897 
19645 865 170 10423 
19646 9320 6268 10012 
19647 9376 5176 10075 
19648 10102 6686 10305 
19649 8067 9634 10272 
19650 7453 4337 10687 
19651 9278 3799 9635 
19652 9309 6134 9497 
19653 2501 9626 10139 
19654 8947 2267 9821 
19655 6019 6017 9606 
19656 7227 7228 9948 
19657 812 676 10070 
19658 4234 6550 10546 
19659 2008 9966 10455 
19660 7542 9706 9820 
19661 9808 5124 9875 
19662 9669 7181 10377 
19663 9221 8761 9715 
19664 9003 1175 9785 
19665 547 836 9924 
19666 729 9087 9738 
19667 8683 9569 10033 
19668 546 547 9924 
19669 6556 9471 10089 
19670 7048 10156 10750 
19671 4516 6115 9844 
19672 4172 992 10128 
19673 692 693 9895 
19674 844 523 10594 
19675 230 231 9884 
19676 9353 7492 10492 
19677 6811 3038 10698 
19678 9220 546 9924 
19679 5769 5768 10062 
19680 10380 7356 10601 
19681 10385 6290 10773 
19682 8818 8817 10313 
19683 2212 8926 9809 
19684 4744 2546 10512 
19685 677 978 10070 
19686 9297 5552 9865 
19687 6478 6378 9970 
19688 849 6959 10547 
19689 7243 2137 9936 
19690 5344 6438 9786 
19691 706 8481 10426 
19692 6544 6543 10506 
19693 9597 9003 9785 
19694 524 9049 10594 
19695 6188 6990 10547 
19696 4510 7230 9939 
19697 4720 5811 10339 
19698 7366 6475 10080 
19699 5417 5419 9744 
19700 6149 8748 10137 
19701 352 353 9889 
19702 8865 2201 9838 
19703 2542 8842 10235 
19704 5477 9066 10018 
19705 5793 5791 9893 
19706 5260 5259 10523 
19707 8033 8034 9963 
19708 7678 5481 10018 
19709 9569 7234 10033 
19710 8071 9620 10260 
19711 6127 8612 10731 
19712 5829 5827 9824 
19713 8063 778 10335 
19714 4102 9726 9753 
19715 5646 6841 10317 
19716 10551 6691 10660 
19717 8752 2753 9878 
19718 5781 5641 10109 
19719 8748 719 10137 
19720 6085 8416 10790 
19721 7004 6139 10629 
19722 5531 9664 9996 
19723 885 9876 10801 
19724 3810 7687 9891 
19725 989 7772 9902 
19726 8620 6688 10238 
19727 7005 9334 9858 
19728 9785 1175 9955 
19729 2215 9309 9497 
19730 5430 5929 9928 
19731 9033 5437 9836 
19732 4241 9593 10205 
19733 2212 9809 9841 
19734 10145 4328 10503 
19735 9720 2119 9863 
19736 6398 6682 10682 
19737 6128 5648 10099 
19738 6392 6391 10156 
19739 6337 7295 10201 
19740 9638 8752 9878 
19741 9697 8865 9838 
19742 2673 2671 9591 
19743 6836 2544 10693 
19744 9841 5513 9868 
19745 9622 7895 10287 
19746 8710 8749 10750 
19747 5269 6742 9668 
19748 9301 5269 9668 
19749 1025 1023 9904 
19750 6546 6544 10078 
19751 9920 6169 9976 
19752 5954 5651 10280 
19753 10390 6729 10757 
19754 5495 5494 9909 
19755 3794 3792 10097 
19756 10289 3186 10675 
19757 3127 3116 10106 
19758 9634 5981 10272 
19759 9714 6828 10049 
19760 8737 9871 10066 
19761 5284 5286 9794 
19762 10138 6247 10743 
19763 6790 6416 10554 
19764 6424 9422 10374 
19765 9485 5130 9866 
19766 9551 4695 9822 
19767 6262 9533 9587 
19768 2707 9715 9731 
19769 170 171 10423 
19770 8270 790 10369 
19771 4499 4501 9908 
19772 1594 1592 9888 
19773 9061 4055 9873 
19774 707 8452 9980 
19775 8761 9627 9715 
19776 9490 5214 9702 
19777 5621 9719 10231 
19778 9502 9714 10049 
19779 7100 6432 10271 
19780 10100 6623 10689 
19781 6501 5573 9916 
19782 668 849 10017 
19783 7890 8057 10332 
19784 5275 9263 9835 
19785 6352 6353 10444 
19786 3810 9891 9899 
19787 6344 7969 9951 
19788 8614 6770 10242 
19789 1912 9506 10649 
19790 8406 9677 10227 
19791 5653 5954 10228 
19792 6210 6209 9982 
19793 4373 4670 9941 
19794 5964 7647 9980 
19795 5979 10542 10772 
19796 4431 10026 10140 
19797 4649 4655 9882 
19798 6190 9100 9822 
19799 6682 10371 10682 
19800 9580 7493 10276 
19801 2324 4590 9549 
19802 7540 7541 9983 
19803 8937 2212 9841 
19804 7111 7245 10279 
19805 6865 9587 10768 
19806 54 55 10053 
19807 6697 6696 9933 
19808 6871 6762 10477 
19809 5991 9892 9914 
19810 6156 6157 9918 
19811 972 674 10277 
19812 8651 3810 9899 
19813 7292 10002 10043 
19814 4350 4348 10129 
19815 9242 8837 9746 
19816 9787 6278 9895 
19817 392 393 9932 
19818 8062 925 10578 
19819 5304 9513 9710 
19820 1118 1120 9917 
19821 5928 4541 9883 
19822 6321 4415 9981 
19823 8064 747 10502 
19824 9908 5389 10390 
19825 859 557 9990 
19826 9326 8808 9981 
19827 10434 6082 10729 
19828 9557 8169 10558 
19829 4308 5439 10213 
19830 6394 6028 10588 
19831 6774 816 10090 
19832 6520 5926 10103 
19833 10075 4981 10635 
19834 7526 5556 10022 
19835 675 812 10277 
19836 4156 3950 10805 
19837 2551 2549 9633 
19838 1246 1239 9887 
19839 10196 6639 10766 
19840 5283 9278 9635 
19841 4453 2326 9549 
19842 10141 6513 10710 
19843 6904 9736 9977 
19844 2548 2550 10613 
19845 1508 9110 10009 
19846 897 7263 10083 
19847 155 156 9957 
19848 9719 7862 10231 
19849 9325 6158 9467 
19850 6966 2099 10171 
19851 5917 4680 9913 
19852 6396 6394 10192 
19853 7387 9399 9759 
19854 1176 8957 10387 
19855 9286 9037 9766 
19856 9502 4199 9714 
19857 923 9216 9951 
19858 2396 4255 10630 
19859 5442 9389 9992 
19860 4051 4330 9922 
19861 6272 6203 10187 
19862 2652 5475 9920 
19863 6786 5991 9914 
19864 2196 9337 9781 
19865 4429 4122 9944 
19866 5607 5609 9946 
19867 9354 2651 9776 
19868 5834 5833 9925 
19869 2501 8893 9859 
19870 4868 9215 10271 
19871 557 558 9990 
19872 8028 9581 10196 
19873 558 9262 9990 
19874 9812 7490 10153 
19875 1582 9716 10392 
19876 1230 8741 10562 
19877 8991 4234 10546 
19878 8735 3114 9871 
19879 5475 9880 9920 
19880 9856 4974 10479 
19881 7631 10285 10671 
19882 1592 1590 9923 
19883 2709 10504 10711 
19884 5627 5626 9961 
19885 7181 716 10377 
19886 9692 7774 10335 
19887 6545 9609 9867 
19888 5556 2765 9956 
19889 7275 4780 10025 
19890 9190 7534 10169 
19891 5028 8327 9963 
19892 1680 8937 9868 
19893 7098 6149 10137 
19894 7112 7240 10705 
19895 4565 7138 10643 
19896 8039 9961 10568 
19897 3244 3243 9906 
19898 9910 5541 10047 
19899 2181 7841 10303 
19900 6859 885 10801 
19901 5470 8999 9863 
19902 8739 5654 9937 
19903 5543 7448 9967 
19904 6169 6170 9976 
19905 7805 5532 10032 
19906 3093 3095 10811 
19907 6355 10035 10566 
19908 7482 7481 10003 
19909 469 470 10730 
19910 10113 720 10173 
19911 9978 5918 9997 
19912 704 9671 10357 
19913 4330 6143 9943 
19914 4139 2435 10020 
19915 8681 966 10565 
19916 8587 8589 10430 
19917 9718 8069 10145 
19918 5644 5753 9818 
19919 9763 6819 9892 
19920 4890 8651 9930 
19921 9121 7084 9931 
19922 8883 5541 9910 
19923 2343 7702 9919 
19924 784 8565 10410 
19925 6628 9502 10049 
19926 5655 9941 10059 
19927 10417 6071 10525 
19928 9092 2715 10807 
19929 9100 9551 9822 
19930 9357 4924 9849 
19931 9065 6026 10798 
19932 337 9662 10507 
19933 8317 5034 9975 
19934 6749 9443 10107 
19935 6022 9333 9562 
19936 7091 5529 10219 
19937 6791 9531 10462 
19938 8769 800 10726 
19939 10025 4780 10088 
19940 7664 4107 10270 
19941 5809 5807 10072 
19942 1067 1065 9962 
19943 9175 6546 9971 
19944 8977 10201 10235 
19945 9949 5933 10178 
19946 6498 6496 9659 
19947 9055 6119 10309 
19948 10260 8131 10756 
19949 9544 667 10017 
19950 7847 5947 10138 
19951 9922 4330 9943 
19952 9888 1592 9923 
19953 8872 9766 10554 
19954 6207 8662 9987 
19955 9991 2295 10011 
19956 8999 9720 9863 
19957 7627 6322 10061 
19958 2087 4268 10021 
19959 9708 6072 9763 
19960 7147 7303 10028 
19961 7417 5275 9950 
19962 5568 5983 10239 
19963 8651 9899 9930 
19964 9822 4695 9959 
19965 9426 3833 10500 
19966 772 8025 10287 
19967 3243 9811 9906 
19968 6017 6020 9606 
19969 5508 8211 10068 
19970 801 8366 10101 
19971 9809 7155 9841 
19972 8952 6545 9867 
19973 962 9077 9964 
19974 9878 2753 10084 
19975 4657 4659 9960 
19976 9929 5218 10016 
19977 3176 3178 9915 
19978 9576 6447 10639 
19979 9609 2588 9867 
19980 949 8878 10678 
19981 10642 9658 10684 
19982 9313 6377 10019 
19983 5833 6461 9966 
19984 621 838 9969 
19985 729 9738 9787 
19986 2671 4418 9591 
19987 5461 8737 10066 
19988 9778 8883 9910 
19989 6649 815 9851 
19990 8913 5218 9929 
19991 4415 9326 9981 
19992 6124 5593 10535 
19993 8789 2209 9942 
19994 9098 760 9814 
19995 9833 692 9895 
19996 9925 5833 9966 
19997 9916 8346 10445 
19998 7873 8110 10743 
19999 4264 9367 10211 
20000 7194 8906 10096 
20001 1420 1007 10024 
20002 9262 6425 9990 
20003 7255 7254 10267 
20004 5259 9252 10690 
20005 667 668 10017 
20006 8624 2181 10172 
20007 7129 7311 10202 
20008 2590 8495 9995 
20009 7323 6225 10693 
20010 2525 4177 10051 
20011 8790 2295 9991 
20012 2201 8902 9945 
20013 9367 9805 10211 
20014 236 752 10625 
20015 7823 9987 10127 
20016 1425 1427 9965 
20017 9187 564 10371 
20018 740 44 10217 
20019 6477 6735 10029 
20020 9445 2660 10313 
20021 2305 8947 9949 
20022 9162 10380 10601 
20023 173 174 10624 
20024 7293 7292 10043 
20025 5436 8513 10780 
20026 6780 4736 10248 
20027 6419 4690 10494 
20028 5056 9958 9982 
20029 2691 3807 10167 
20030 8618 7769 10402 
20031 9057 1653 9903 
20032 9579 4713 10762 
20033 9159 827 9989 
20034 6283 7442 10294 
20035 4515 10061 10131 
20036 7661 7664 10270 
20037 860 9228 9797 
20038 9850 6207 9987 
20039 6194 9536 10114 
20040 565 847 10371 
20041 2341 9072 10297 
20042 2721 2722 9985 
20043 6185 10334 10631 
20044 21 10279 10723 
20045 9903 1653 9972 
20046 8717 5461 10232 
20047 7354 7356 10041 
20048 7321 9448 10785 
20049 7563 2541 10077 
20050 8937 9841 9868 
20051 5804 8556 10373 
20052 3036 10193 10677 
20053 9111 2225 10621 
20054 6879 8824 10014 
20055 7202 2525 10286 
20056 4749 4751 10001 
20057 470 871 10730 
20058 2082 1797 9984 
20059 9766 6790 10554 
20060 6883 1515 10814 
20061 5444 9669 10377 
20062 760 9095 9935 
20063 4583 4287 9999 
20064 9871 3114 10066 
20065 10103 840 10370 
20066 8846 6071 10417 
20067 10077 2541 10161 
20068 10184 2713 10257 
20069 9449 5420 9907 
20070 5950 9903 9972 
20071 4398 4447 9986 
20072 894 7092 10197 
20073 10084 7636 10311 
20074 9694 8756 10081 
20075 7226 4693 10720 
20076 8556 9894 10373 
20077 7013 6783 10142 
20078 10040 7355 10329 
20079 9775 8899 10246 
20080 2101 9449 9907 
20081 7009 868 10237 
20082 4554 4609 10005 
20083 2254 9850 9987 
20084 8149 8108 10479 
20085 9809 8926 9993 
20086 6990 6595 10782 
20087 9906 6196 10108 
20088 9792 5935 10428 
20089 556 859 10292 
20090 923 9951 10611 
20091 9228 555 10292 
20092 175 817 10274 
20093 9767 5465 10402 
20094 4233 2551 9633 
20095 2219 9211 10555 
20096 5493 9848 9998 
20097 6548 6135 9970 
20098 6159 4919 9681 
20099 6038 9425 9832 
20100 4695 6651 9959 
20101 7436 10158 10316 
20102 6669 6232 9927 
20103 1813 1811 10722 
20104 6496 9232 9659 
20105 10069 7374 10209 
20106 7208 10434 10729 
20107 7293 10043 10094 
20108 871 6951 10713 
20109 977 73 10034 
20110 7382 7381 10174 
20111 4780 2332 10088 
20112 2726 2729 10165 
20113 2175 10353 10812 
20114 6704 6029 9938 
20115 5978 9212 10545 
20116 7814 1242 10692 
20117 2574 9897 10651 
20118 9369 6392 10156 
20119 6136 4827 10420 
20120 10288 7429 10666 
20121 10322 4379 10769 
20122 7639 6981 10064 
20123 4116 10041 10380 
20124 9837 6104 10295 
20125 7092 717 10384 
20126 7529 6130 10155 
20127 9216 6344 9951 
20128 4447 4449 10010 
20129 7768 9767 10402 
20130 4183 4012 9691 
20131 6247 7873 10743 
20132 6784 6782 10113 
20133 6007 9686 10367 
20134 5450 9437 9839 
20135 6358 6935 10738 
20136 4214 3932 10532 
20137 1642 7823 10127 
20138 7198 6171 10760 
20139 2549 4387 9633 
20140 8947 9821 9949 
20141 5754 10130 10234 
20142 5823 5821 10027 
20143 4600 5531 9996 
20144 9323 6285 9900 
20145 5218 6125 10016 
20146 676 677 10070 
20147 4081 9412 9928 
20148 7515 7516 10121 
20149 2214 2012 10067 
20150 817 10112 10274 
20151 748 10260 10756 
20152 8926 1681 9993 
20153 820 7678 10018 
20154 4737 6292 10727 
20155 5254 5253 10355 
20156 9987 8662 10127 
20157 7072 7071 10118 
20158 8907 5930 10384 
20159 451 452 10086 
20160 10068 8211 10616 
20161 8319 9503 10073 
20162 8956 2101 9907 
20163 6642 8746 10007 
20164 8914 7058 9977 
20165 8906 9209 10096 
20166 8636 6801 10053 
20167 8256 5006 10054 
20168 6089 6088 10004 
20169 9226 6254 9761 
20170 6393 5917 10584 
20171 5645 7845 10060 
20172 8826 4525 10719 
20173 10008 6192 10715 
20174 5303 9005 10655 
20175 214 215 10057 
20176 10096 6222 10282 
20177 5801 6012 10044 
20178 6196 6197 10108 
20179 7054 6386 10528 
20180 911 9575 10226 
20181 7010 7011 10491 
20182 5385 5980 10654 
20183 5754 5752 10130 
20184 6907 9045 9926 
20185 916 8023 10068 
20186 4151 4150 10747 
20187 1175 9104 9955 
20188 671 850 9885 
20189 3251 3252 10031 
20190 9706 1731 9820 
20191 10141 6418 10399 
20192 6762 9022 10477 
20193 7817 8408 10791 
20194 7295 7293 10094 
20195 310 311 10071 
20196 9125 5956 9921 
20197 2753 8720 10084 
20198 2717 8784 10320 
20199 6040 10021 10188 
20200 9626 7280 10139 
20201 6378 6376 9968 
20202 10061 6322 10131 
20203 9986 4447 10010 
20204 6283 10294 10325 
20205 9419 6136 10420 
20206 2179 8683 10033 
20207 6325 10610 10684 
20208 8079 9810 10446 
20209 5176 4980 10075 
20210 2711 9803 10291 
20211 4270 5056 9982 
20212 2557 2555 10238 
20213 750 9861 10458 
20214 9842 5693 10483 
20215 3192 3181 10366 
20216 8924 5215 10013 
20217 5556 9956 10022 
20218 9912 7109 10749 
20219 10057 6417 10733 
20220 407 408 10079 
20221 8911 5167 10117 
20222 868 7393 10157 
20223 4781 7368 10761 
20224 8044 8043 10247 
20225 6059 8131 10260 
20226 9334 3826 9858 
20227 4552 4554 10038 
20228 2156 10551 10660 
20229 6208 8487 10614 
20230 6497 9545 10783 
20231 7433 1395 10314 
20232 7548 1270 10218 
20233 1472 10574 10668 
20234 6386 7091 10381 
20235 966 9338 10565 
20236 9861 8365 10458 
20237 5560 9809 9993 
20238 8107 9856 10479 
20239 4673 4010 9940 
20240 6862 9750 10653 
20241 9832 6352 10444 
20242 806 8654 10105 
20243 9212 7611 10545 
20244 2588 2388 10132 
20245 6029 6395 9938 
20246 5541 5962 10047 
20247 10356 2149 10382 
20248 6186 2663 9953 
20249 7436 8647 10158 
20250 3114 8975 10066 
20251 6071 6592 10525 
20252 8589 6911 10753 
20253 7523 806 10622 
20254 10392 7372 10602 
20255 6828 8875 10049 
20256 265 9854 10516 
20257 9860 7972 10502 
20258 895 7201 10530 
20259 6115 9748 9844 
20260 4919 6262 9681 
20261 1794 1792 10774 
20262 2660 8819 10313 
20263 9505 3192 10627 
20264 753 8102 10428 
20265 4554 10005 10038 
20266 8808 5551 9981 
20267 7906 8054 10611 
20268 4012 4673 9691 
20269 4010 4007 9940 
20270 5461 10066 10232 
20271 6387 6385 10085 
20272 6147 10488 10534 
20273 920 8022 10483 
20274 9021 9022 10302 
20275 9467 6158 10082 
20276 5798 8074 10691 
20277 910 10133 10585 
20278 2648 9832 10444 
20279 9897 7489 10651 
20280 7326 10306 10387 
20281 4736 4735 10206 
20282 6911 7656 10753 
20283 7516 896 10163 
20284 897 10083 10434 
20285 2663 2661 9953 
20286 6625 6628 10543 
20287 6322 7762 10131 
20288 1081 1083 10104 
20289 489 490 10125 
20290 763 8513 10636 
20291 9902 7772 10456 
20292 3175 3173 10675 
20293 614 705 10093 
20294 5424 7875 10101 
20295 4886 9900 10569 
20296 9053 9554 10236 
20297 1726 1723 10116 
20298 5813 9712 10009 
20299 9180 7111 10279 
20300 327 328 10100 
20301 4690 7262 10615 
20302 5920 6193 9997 
20303 10172 2181 10303 
20304 2640 10174 10582 
20305 7446 10110 10417 
20306 9465 6210 9958 
20307 230 9884 10520 
20308 1029 1027 10095 
20309 6926 903 10120 
20310 6493 9224 9988 
20311 2295 9177 10011 
20312 6005 6006 9979 
20313 9300 3836 10480 
20314 9462 2673 10006 
20315 10542 6940 10772 
20316 5927 5780 10268 
20317 2144 7548 10223 
20318 4052 7526 10147 
20319 8087 8088 10198 
20320 8787 8892 10037 
20321 1763 7117 10745 
20322 6163 4720 10339 
20323 9484 2440 9974 
20324 4504 6175 10590 
20325 5765 6393 10111 
20326 9117 7902 10079 
20327 4268 9415 10188 
20328 6965 6962 10781 
20329 6299 6298 10299 
20330 6734 9699 10396 
20331 6760 10071 10644 
20332 7326 5302 10306 
20333 5365 9694 10081 
20334 9095 6846 9935 
20335 2262 1813 10722 
20336 907 7858 10644 
20337 9657 8766 10334 
20338 2255 6957 10441 
20339 8904 6200 10404 
20340 4723 5515 10245 
20341 814 9313 10019 
20342 6106 9780 10487 
20343 2124 7169 10570 
20344 5968 7736 10124 
20345 9867 2588 10132 
20346 9350 9447 10026 
20347 9086 5594 10121 
20348 8902 1374 10058 
20349 3491 7680 10702 
20350 10058 1374 10241 
20351 9059 4328 10145 
20352 5768 7424 10135 
20353 5431 5996 10204 
20354 7490 7488 10153 
20355 2661 4682 9953 
20356 7241 6282 10346 
20357 4251 9467 10082 
20358 6316 8878 10707 
20359 4736 10206 10248 
20360 7219 5970 10468 
20361 916 10068 10616 
20362 7819 7817 10791 
20363 9717 7847 10138 
20364 3152 3140 10628 
20365 4455 9761 10511 
20366 2498 9004 10040 
20367 10201 7295 10235 
20368 4601 2330 10115 
20369 9281 6324 10698 
20370 9807 7249 9880 
20371 3256 3260 10126 
20372 6512 6513 10141 
20373 456 457 10191 
20374 811 9511 10467 
20375 7592 2144 10189 
20376 204 205 10133 
20377 9750 518 10653 
20378 9455 3102 10811 
20379 2543 10246 10603 
20380 6006 9357 9849 
20381 2541 7648 10161 
20382 6708 4109 10383 
20383 8789 9942 10087 
20384 1005 1003 10251 
20385 4266 9472 9992 
20386 9736 8914 9977 
20387 60 61 10183 
20388 887 6940 10542 
20389 9412 5430 9928 
20390 7611 736 10545 
20391 9581 6638 10196 
20392 392 9932 10577 
20393 9593 7320 10205 
20394 9024 957 10338 
20395 5418 4081 9928 
20396 793 9025 9971 
20397 8842 8977 10235 
20398 8627 2713 10184 
20399 8414 5931 10120 
20400 7728 6093 10240 
20401 7273 5987 10391 
20402 9110 7674 10009 
20403 10116 1723 10195 
20404 9079 962 9964 
20405 7306 7307 10817 
20406 8706 964 10123 
20407 1301 7184 10543 
20408 9447 5647 10026 
20409 8142 914 10568 
20410 9215 4860 10361 
20411 8594 6070 10548 
20412 815 9113 9851 
20413 6798 6796 10098 
20414 7320 7318 10205 
20415 2706 2709 10711 
20416 9934 6497 10783 
20417 2495 4515 10131 
20418 7355 7358 10329 
20419 5130 9558 9866 
20420 10574 6587 10668 
20421 721 9439 10536 
20422 9424 6144 10618 
20423 7550 2145 10262 
20424 9961 5626 10568 
20425 7717 9455 10811 
20426 9116 5446 10460 
20427 8979 5239 10069 
20428 5481 5477 10018 
20429 9945 8902 10058 
20430 9259 5590 10527 
20431 7176 899 10752 
20432 1122 1124 10122 
20433 4174 4431 10140 
20434 801 10101 10703 
20435 992 994 10128 
20436 7448 235 10625 
20437 6426 6427 10646 
20438 2259 8789 10087 
20439 9858 5801 10044 
20440 7311 9250 10202 
20441 9909 6711 10348 
20442 6044 9190 10169 
20443 6121 7186 9973 
20444 862 9290 10376 
20445 9865 6683 10680 
20446 2451 9060 10023 
20447 9131 9536 10008 
20448 863 9226 9988 
20449 6720 821 10647 
20450 5432 9484 9974 
20451 9130 2341 10297 
20452 10197 7092 10384 
20453 10494 4690 10615 
20454 8100 9315 10186 
20455 9531 8988 10462 
20456 5954 10181 10228 
20457 1902 8699 10786 
20458 9975 5034 10632 
20459 9178 5366 9952 
20460 8957 2195 10391 
20461 7767 9332 10369 
20462 7629 5969 10222 
20463 1723 1721 10195 
20464 9253 6404 10148 
20465 6399 4630 10683 
20466 4457 6264 10459 
20467 197 198 10185 
20468 1808 7613 10488 
20469 6185 6184 10230 
20470 6904 9977 10164 
20471 619 620 10173 
20472 8742 738 10454 
20473 5825 7669 10426 
20474 7574 2589 10296 
20475 7548 10218 10223 
20476 2724 2723 10076 
20477 6070 6337 10427 
20478 7400 8725 10136 
20479 8867 857 10153 
20480 5806 9741 9839 
20481 2498 10040 10329 
20482 9876 6106 10487 
20483 2440 9052 9974 
20484 5167 4650 10190 
20485 6102 6101 10264 
20486 8496 7594 10168 
20487 6013 8084 10458 
20488 7493 879 10276 
20489 10347 1617 10745 
20490 4542 9926 10716 
20491 2333 4244 10207 
20492 7520 10564 10626 
20493 10244 7550 10262 
20494 9472 5442 9992 
20495 9438 6398 10777 
20496 8588 8587 10430 
20497 8662 6179 10127 
20498 6832 10273 10359 
20499 1123 1121 10159 
20500 9712 1508 10009 
20501 724 7208 10729 
20502 5453 9590 10168 
20503 1270 7550 10244 
20504 6638 6636 10196 
20505 6885 7655 10212 
20506 8118 6598 10198 
20507 10135 7424 10254 
20508 1085 1088 10166 
20509 6309 5625 10220 
20510 5644 9818 10109 
20511 7770 6147 10534 
20512 9689 8588 10159 
20513 7516 9086 10121 
20514 3121 9455 10738 
20515 7528 805 10784 
20516 7184 2124 10589 
20517 8716 9320 10012 
20518 6437 10283 10307 
20519 10080 6475 10645 
20520 6682 9187 10371 
20521 1653 9458 9972 
20522 1617 10347 10580 
20523 5970 7273 10436 
20524 5987 10387 10391 
20525 7677 10244 10262 
20526 4593 4594 10177 
20527 2709 8627 10504 
20528 817 9239 10112 
20529 1899 1691 10139 
20530 7527 2129 10312 
20531 6225 6836 10693 
20532 6317 5229 10151 
20533 6026 9393 10798 
20534 6500 8717 10432 
20535 7564 7561 10307 
20536 6121 9973 10289 
20537 7677 6245 10244 
20538 7440 2510 10401 
20539 5943 4266 9992 
20540 138 139 10253 
20541 7435 6079 10484 
20542 5908 6699 10498 
20543 6357 6356 10697 
20544 6962 5966 10275 
20545 2157 2156 10660 
20546 6721 9378 10784 
20547 5124 9707 9875 
20548 7299 7300 10338 
20549 6538 5621 10231 
20550 7117 6557 10347 
20551 6576 6575 10243 
20552 1421 1472 10179 
20553 7907 7906 10611 
20554 9224 6493 9676 
20555 9028 10175 10530 
20556 10218 1270 10244 
20557 6530 811 10467 
20558 8717 10232 10432 
20559 9025 956 10015 
20560 783 9131 10008 
20561 9218 981 9804 
20562 331 823 10215 
20563 8718 6082 10434 
20564 6026 9065 10662 
20565 382 383 10221 
20566 7546 2149 10356 
20567 10283 7564 10307 
20568 6162 6161 10052 
20569 10004 6088 10143 
20570 6245 5766 10218 
20571 3097 3092 10180 
20572 7245 705 10723 
20573 931 209 10225 
20574 8533 6138 10216 
20575 970 9284 10080 
20576 6534 4880 10694 
20577 10208 4781 10761 
20578 9740 6097 10405 
20579 5933 6114 10178 
20580 7862 908 10231 
20581 6002 5276 10176 
20582 6282 10325 10346 
20583 9203 983 9934 
20584 1517 1519 10182 
20585 10218 5766 10223 
20586 4322 8406 10227 
20587 5766 6218 10223 
20588 717 7176 10579 
20589 7424 7425 10254 
20590 970 10080 10645 
20591 929 8067 10272 
20592 2392 2394 10674 
20593 5351 4087 10200 
20594 10066 8975 10232 
20595 6282 6283 10325 
20596 6147 6718 10488 
20597 1135 1125 10265 
20598 8627 10184 10363 
20599 342 343 10242 
20600 2321 2083 10199 
20601 7579 2468 10266 
20602 9664 6553 10792 
20603 10299 6298 10513 
20604 9306 5423 9989 
20605 7487 988 10596 
20606 4880 6500 10694 
20607 7602 6588 10322 
20608 971 9121 9931 
20609 4529 3962 10203 
20610 5987 7326 10387 
20611 6171 7219 10641 
20612 841 9833 10065 
20613 9928 5929 10261 
20614 9652 6453 10450 
20615 6245 10218 10244 
20616 5786 8407 10249 
20617 5942 4602 10229 
20618 9104 2230 10110 
20619 6432 9240 10271 
20620 981 8775 9804 
20621 1972 7436 10316 
20622 6747 6099 10300 
20623 5554 6862 10457 
20624 2525 10051 10286 
20625 748 8071 10260 
20626 5641 5644 10109 
20627 602 603 10258 
20628 9716 7372 10392 
20629 2308 2310 10284 
20630 10618 2157 10660 
20631 6328 8702 10172 
20632 3851 7833 10263 
20633 5648 6080 10099 
20634 6436 7677 10262 
20635 5815 7327 10673 
20636 7737 6437 10307 
20637 4525 4504 10590 
20638 7208 897 10434 
20639 7427 1883 10779 
20640 8037 913 10268 
20641 6316 6315 10678 
20642 2145 7564 10283 
20643 9224 863 9988 
20644 4365 5781 10107 
20645 7491 7492 10763 
20646 4431 9350 10026 
20647 9010 955 10074 
20648 7571 7572 10449 
20649 7572 7575 10452 
20650 911 10226 10535 
20651 3097 10180 10255 
20652 10262 2145 10283 
20653 4107 8542 10270 
20654 6278 9833 9895 
20655 7527 10312 10442 
20656 6436 10262 10283 
20657 6437 6436 10283 
20658 6353 6485 10170 
20659 6158 6159 10082 
20660 10263 7833 10318 
20661 6214 10132 10208 
20662 9514 9218 9804 
20663 1642 10111 10251 
20664 8622 2187 10285 
20665 10101 7875 10703 
20666 7895 7893 10287 
20667 6087 8714 10451 
20668 891 6855 10808 
20669 6088 6691 10143 
20670 4913 7329 10378 
20671 9420 301 10414 
20672 7568 7569 10343 
20673 1715 1728 10337 
20674 2394 2396 10630 
20675 7752 1202 10326 
20676 821 9134 10030 
20677 10488 7613 10534 
20678 6498 9659 9834 
20679 2149 1329 10437 
20680 1310 1308 10301 
20681 460 461 10472 
20682 6246 2157 10619 
20683 3116 3121 10106 
20684 2543 6441 10597 
20685 7588 7590 10353 
20686 674 675 10277 
20687 2713 2714 10257 
20688 4337 4338 10214 
20689 6222 6221 10282 
20690 8992 793 10078 
20691 6187 6186 10039 
20692 7833 3135 10318 
20693 6145 6214 10208 
20694 6114 5932 10250 
20695 6002 10176 10259 
20696 235 236 10625 
20697 7000 7001 10780 
20698 7065 6952 10607 
20699 9209 6222 10096 
20700 7664 7662 10503 
20701 10318 3135 10342 
20702 7815 906 10331 
20703 21 9180 10279 
20704 914 8039 10568 
20705 6060 7994 10330 
20706 5491 9462 10006 
20707 5367 6215 10319 
20708 7892 7890 10332 
20709 4974 8149 10479 
20710 10035 864 10566 
20711 555 556 10292 
20712 9971 9025 10015 
20713 4997 5927 10340 
20714 3135 7850 10342 
20715 10201 1825 10427 
20716 6010 6009 10351 
20717 5981 8732 10272 
20718 7573 7571 10448 
20719 3108 3097 10255 
20720 8649 1419 10328 
20721 7445 10417 10525 
20722 834 612 10333 
20723 8441 6349 10344 
20724 6483 10134 10538 
20725 6328 10172 10303 
20726 10342 7850 10354 
20727 101 102 10395 
20728 211 742 10348 
20729 8714 6003 10304 
20730 4432 7602 10769 
20731 10014 10048 10211 
20732 5475 9807 9880 
20733 9389 5612 10237 
20734 8977 1825 10201 
20735 6104 6106 10295 
20736 5979 6224 10542 
20737 1582 8979 10209 
20738 7850 7851 10354 
20739 9475 5809 10042 
20740 9955 9104 10110 
20741 964 9291 10123 
20742 10354 7851 10364 
20743 5911 4777 10288 
20744 1374 8927 10241 
20745 9658 5372 10684 
20746 8884 2498 10329 
20747 52 53 10409 
20748 7590 5292 10812 
20749 1033 1031 10345 
20750 9843 7533 10424 
20751 10555 8545 10741 
20752 9026 792 10055 
20753 1651 1554 10398 
20754 8616 6002 10259 
20755 9269 6208 10614 
20756 10337 1728 10744 
20757 7851 3099 10364 
20758 6111 7423 10435 
20759 1706 7527 10442 
20760 10062 5768 10135 
20761 6082 5646 10317 
20762 969 9098 10050 
20763 9250 6627 10202 
20764 6204 5412 10269 
20765 4389 3967 10360 
20766 4247 9124 10358 
20767 6305 6646 10793 
20768 7864 3056 10365 
20769 8 704 10357 
20770 7520 6288 10564 
20771 10449 7572 10452 
20772 9553 2451 10023 
20773 9098 9814 10050 
20774 7445 7446 10417 
20775 7603 1093 10452 
20776 6285 8703 10569 
20777 6337 10201 10427 
20778 5345 7544 10649 
20779 5155 9864 10521 
20780 8487 6208 10759 
20781 793 9971 10078 
20782 7708 781 10422 
20783 10364 3099 10375 
20784 6213 9040 10751 
20785 6438 10171 10497 
20786 9124 4251 10152 
20787 6112 6113 10386 
20788 7327 6333 10686 
20789 5286 9635 10239 
20790 5196 5195 10610 
20791 6475 6519 10645 
20792 7711 10403 10508 
20793 3070 9818 10193 
20794 6438 9520 10171 
20795 2016 2010 10455 
20796 2693 2691 10167 
20797 3099 7863 10375 
20798 6004 7726 10393 
20799 9642 10102 10305 
20800 6034 6032 10466 
20801 354 355 10379 
20802 10448 7571 10449 
20803 996 998 10293 
20804 8611 4384 10256 
20805 10606 5196 10610 
20806 4860 9070 10361 
20807 10365 3056 10415 
20808 6334 5993 10382 
20809 95 96 10450 
20810 7769 7768 10402 
20811 7774 8653 10335 
20812 10444 6353 10670 
20813 4681 10327 10346 
20814 2312 2311 10526 
20815 8824 6224 10527 
20816 5446 9152 10460 
20817 10282 6221 10372 
20818 990 325 10440 
20819 108 109 10453 
20820 6789 6587 10574 
20821 5751 8430 10389 
20822 8899 6621 10246 
20823 416 417 10397 
20824 6267 5347 10278 
20825 8766 723 10334 
20826 838 7395 10728 
20827 9527 740 10217 
20828 1423 8526 10433 
20829 4681 2597 10327 
20830 2372 2340 10603 
20831 7488 7487 10596 
20832 1529 1547 10290 
20833 1090 1092 10349 
20834 10171 2099 10497 
20835 4865 4862 10281 
20836 7428 7427 10666 
20837 6585 5196 10606 
20838 9120 814 10019 
20839 302 989 10414 
20840 6132 9775 10597 
20841 1909 8515 10406 
20842 10193 6414 10677 
20843 2110 8640 10659 
20844 5555 7411 10657 
20845 6329 6328 10303 
20846 7438 7439 10637 
20847 9503 7698 10073 
20848 6484 6483 10538 
20849 734 7454 10498 
20850 709 9238 10393 
20851 8612 2372 10731 
20852 9009 2727 10350 
20853 7169 1249 10604 
20854 4322 10227 10791 
20855 8059 8058 10411 
20856 3056 7877 10415 
20857 8691 8948 10252 
20858 6611 6613 10473 
20859 1811 1760 10792 
20860 6879 10014 10211 
20861 10092 6576 10243 
20862 10415 7877 10431 
20863 8513 9417 10636 
20864 5482 4056 10419 
20865 7711 8354 10403 
20866 2723 9918 10076 
20867 7533 8126 10424 
20868 8979 10069 10209 
20869 6613 9954 10473 
20870 5270 9317 10513 
20871 7877 3494 10431 
20872 9814 9935 10352 
20873 9363 2574 10651 
20874 5935 7983 10428 
20875 564 565 10371 
20876 1142 1101 10489 
20877 698 699 10370 
20878 990 9468 10689 
20879 6137 6641 10408 
20880 8975 8689 10232 
20881 9814 760 9935 
20882 705 9816 10093 
20883 6286 6287 10471 
20884 8387 6042 10438 
20885 7402 6242 10778 
20886 7138 7139 10643 
20887 9971 6546 10078 
20888 5482 10419 10464 
20889 8318 1400 10592 
20890 7772 905 10456 
20891 10438 6042 10443 
20892 5189 5198 10509 
20893 46 855 10407 
20894 6042 6043 10443 
20895 8545 8544 10741 
20896 9471 6923 10089 
20897 8080 8079 10446 
20898 9134 973 10056 
20899 4549 5466 10560 
20900 8084 750 10458 
20901 8376 945 10445 
20902 6012 5653 10228 
20903 7824 10448 10449 
20904 5465 8618 10402 
20905 1400 7711 10508 
20906 854 8730 10412 
20907 5418 9928 10261 
20908 7824 2152 10448 
20909 4336 9369 10156 
20910 9315 5338 10186 
20911 6195 6537 10642 
20912 9974 9052 10236 
20913 8365 6013 10458 
20914 10319 6215 10578 
20915 1093 10449 10452 
20916 6164 6168 10461 
20917 6032 6030 10421 
20918 4698 9021 10302 
20919 6333 6795 10695 
20920 9724 6849 10152 
20921 9099 969 10091 
20922 7205 6205 10665 
20923 8356 5482 10464 
20924 9332 8270 10369 
20925 1093 7824 10449 
20926 6453 6256 10804 
20927 5595 9271 10742 
20928 6223 5101 10470 
20929 6286 10471 10481 
20930 9393 7182 10798 
20931 7631 6160 10740 
20932 6221 8616 10372 
20933 6587 5957 10668 
20934 8356 10464 10474 
20935 7581 8649 10388 
20936 8963 9908 10390 
20937 6836 6503 10633 
20938 6083 8356 10474 
20939 1400 10508 10592 
20940 937 234 10476 
20941 4954 4955 10478 
20942 9208 801 10703 
20943 8108 8107 10479 
20944 10003 855 10708 
20945 9968 6376 10539 
20946 6083 10474 10490 
20947 5693 8225 10483 
20948 7809 2162 10795 
20949 7656 1135 10753 
20950 10117 5167 10190 
20951 6332 6007 10367 
20952 4411 5248 10429 
20953 9439 6746 10536 
20954 187 188 10600 
20955 6336 7117 10494 
20956 10232 8689 10432 
20957 8338 6083 10490 
20958 6615 5444 10377 
20959 10430 8589 10753 
20960 8315 5511 10496 
20961 1681 1580 10392 
20962 6660 6183 10631 
20963 8318 10592 10704 
20964 9392 5754 10234 
20965 3991 8276 10501 
20966 7972 8264 10502 
20967 6122 4662 10394 
20968 8074 9432 10691 
20969 5651 5649 10280 
20970 8338 10490 10505 
20971 10413 2200 10576 
20972 10478 4955 10537 
20973 6288 6286 10481 
20974 4375 4308 10213 
20975 3865 8338 10505 
20976 336 337 10507 
20977 4574 9865 10680 
20978 4692 9582 10308 
20979 2531 7445 10525 
20980 113 114 10599 
20981 8339 8298 10510 
20982 5925 9092 10807 
20983 1404 1406 10465 
20984 264 265 10516 
20985 229 230 10520 
20986 932 8076 10522 
20987 9818 3070 10109 
20988 9645 5286 10239 
20989 2673 9591 10006 
20990 9437 6596 10185 
20991 7912 7831 10475 
20992 4801 4802 10524 
20993 9695 6730 10714 
20994 4097 5279 10563 
20995 9997 6193 10150 
20996 700 715 10323 
20997 9252 5156 10690 
20998 4726 9624 10781 
20999 9545 836 10783 
21000 4955 7944 10537 
21001 8552 6343 10591 
21002 9437 832 10146 
21003 9587 9533 10768 
21004 3792 9273 10097 
21005 10094 2542 10235 
21006 7451 7453 10687 
21007 8060 911 10535 
21008 9900 6285 10569 
21009 7807 4591 10725 
21010 2235 9774 10661 
21011 6160 6883 10814 
21012 757 8090 10540 
21013 2390 2392 10699 
21014 6595 9544 10017 
21015 10537 7944 10556 
21016 5335 9062 10487 
21017 6354 5614 10224 
21018 5379 9535 10336 
21019 7613 7614 10534 
21020 8927 2200 10413 
21021 10429 5248 10493 
21022 9575 6740 10226 
21023 741 196 10567 
21024 2715 2712 10291 
21025 4801 10524 10581 
21026 3857 8170 10558 
21027 7944 8390 10556 
21028 6854 6853 10514 
21029 6336 10494 10615 
21030 864 307 10566 
21031 5904 7520 10626 
21032 8689 3156 10432 
21033 5626 8142 10568 
21034 2394 10630 10674 
21035 7825 7822 10573 
21036 345 346 10571 
21037 92 93 10714 
21038 10670 10170 10771 
21039 391 392 10577 
21040 7489 7491 10651 
21041 8211 6309 10616 
21042 8867 10153 10596 
21043 9643 5365 10081 
21044 5570 6281 10531 
21045 6119 9125 10309 
21046 3857 10558 10608 
21047 9254 862 10376 
21048 5546 4801 10581 
21049 5248 7417 10493 
21050 6742 6121 10289 
21051 909 406 10583 
21052 2540 5161 10469 
21053 6024 6026 10662 
21054 87 88 10806 
21055 10115 6314 10210 
21056 6653 6652 10771 
21057 6382 6384 10416 
21058 10267 9316 10321 
21059 710 94 10572 
21060 855 47 10708 
21061 5929 5431 10204 
21062 8120 3449 10598 
21063 8007 8179 10658 
21064 7622 7623 10517 
21065 9211 8545 10555 
21066 9642 6359 10102 
21067 1911 1273 10557 
21068 3910 8124 10605 
21069 8120 10598 10612 
21070 6718 6146 10671 
21071 2195 8688 10436 
21072 8140 3857 10608 
21073 2162 10704 10795 
21074 8054 923 10611 
21075 6959 6188 10547 
21076 9151 916 10616 
21077 4083 8120 10612 
21078 6740 9362 10226 
21079 9826 7767 10369 
21080 7580 7080 10324 
21081 4083 10612 10623 
21082 8649 10328 10388 
21083 6665 8558 10585 
21084 4914 4083 10623 
21085 2346 2344 10582 
21086 5601 6449 10661 
21087 5034 6713 10632 
21088 8094 8093 10635 
21089 9273 2697 10273 
21090 8069 749 10681 
21091 829 381 10638 
21092 3495 8009 10639 
21093 4668 4380 10717 
21094 9040 2346 10751 
21095 9238 6004 10393 
21096 6384 6387 10441 
21097 930 10138 10743 
21098 6180 6760 10644 
21099 232 233 10652 
21100 207 208 10656 
21101 1825 8990 10427 
21102 9093 5767 10311 
21103 10140 8611 10256 
21104 6403 8175 10754 
21105 9501 748 10756 
21106 9091 7008 10336 
21107 6476 5820 10692 
21108 1338 1332 10648 
21109 6198 8112 10667 
21110 9432 935 10735 
21111 5578 4914 10669 
21112 9316 7538 10321 
21113 1792 1912 10774 
21114 6198 10667 10679 
21115 8131 6442 10756 
21116 7680 7560 10758 
21117 7778 9353 10492 
21118 10241 8927 10413 
21119 6199 6198 10679 
21120 9457 6700 10221 
21121 8792 720 10368 
21122 4403 4405 10561 
21123 10153 7488 10596 
21124 10224 5614 10261 
21125 6623 6622 10689 
21126 9298 873 10484 
21127 5811 10161 10339 
21128 6298 6361 10513 
21129 9995 5769 10062 
21130 7381 6213 10751 
21131 8043 9696 10247 
21132 4914 10658 10669 
21133 5745 9293 10775 
21134 6230 8144 10787 
21135 9384 7732 10576 
21136 5686 8161 10700 
21137 6260 9814 10352 
21138 7875 6211 10703 
21139 6117 6336 10615 
21140 289 290 10709 
21141 9240 4868 10271 
21142 3907 9978 9997 
21143 9031 970 10645 
21144 858 7330 10587 
21145 4684 4400 10734 
21146 2697 2694 10359 
21147 5263 9111 10621 
21148 6070 10427 10548 
21149 5810 9537 10175 
21150 4684 10734 10746 
21151 8110 930 10743 
21152 5590 10014 10527 
21153 6488 4684 10746 
21154 6143 6435 10702 
21155 4435 4437 10748 
21156 9830 5978 10545 
21157 2162 8318 10704 
21158 6525 7998 10762 
21159 8065 761 10765 
21160 8027 8028 10766 
21161 6417 8448 10733 
21162 9162 8422 10380 
21163 8688 1049 10468 
21164 6258 6257 10796 
21165 273 274 10797 
21166 6489 6488 10800 
21167 10030 9134 10056 
21168 5255 4104 10810 
21169 705 615 10723 
21170 765 341 10816 
21171 8337 5353 10815 
21172 7254 9316 10267 
21173 523 524 10594 
21174 8408 4322 10791 
21175 10582 7381 10751 
21176 9818 6414 10193 
21177 7516 10163 10776 
21178 5614 5418 10261 
21179 6118 8826 10719 
21180 7353 7351 10799 
21181 6627 10570 10604 
21182 56 709 10737 
21183 6234 6235 10486 
21184 9175 9971 10015 
21185 10416 6384 10441 
21186 10078 6544 10506 
21187 969 10050 10091 
21188 731 8882 10381 
21189 3120 3113 10634 
21190 4682 2557 10238 
21191 752 9967 10625 
21192 3120 10634 10685 
21193 6418 6251 10383 
21194 6488 10787 10800 
21195 6553 6154 10515 
21196 4779 9777 10485 
21197 6145 10208 10619 
21198 4515 9845 10061 
21199 6191 6189 10533 
21200 518 519 10653 
21201 988 8867 10596 
21202 7219 10468 10641 
21203 1747 1621 10650 
21204 1472 8608 10574 
21205 6624 6625 10589 
21206 3124 3120 10685 
21207 6627 6624 10570 
21208 7425 4565 10643 
21209 6171 10641 10760 
21210 3228 3226 10788 
21211 9202 848 10144 
21212 2227 1573 10580 
21213 10468 1049 10641 
21214 2084 2086 10770 
21215 6288 10481 10564 
21216 6302 10341 10518 
21217 5292 8584 10812 
21218 5767 10084 10311 
21219 9703 6512 10399 
21220 9828 7255 10267 
21221 6551 6656 10688 
21222 7210 7211 10813 
21223 6641 6642 10674 
21224 2124 10570 10589 
21225 10436 8688 10468 
21226 6702 9527 10217 
21227 794 6220 10373 
21228 2346 10582 10751 
21229 6215 8986 10578 
21230 2562 2560 10663 
21231 9052 9053 10236 
21232 836 9203 10783 
21233 738 9713 10454 
21234 10423 171 10724 
21235 10097 9273 10273 
21236 2313 4432 10769 
21237 9679 1420 10584 
21238 6264 10029 10459 
21239 9851 9113 10439 
21240 4332 6132 10575 
21241 6517 9514 9804 
21242 689 690 10706 
21243 6195 10642 10684 
21244 8877 949 10400 
21245 989 9420 10414 
21246 6563 9968 10539 
21247 8992 10078 10506 
21248 3836 9407 10480 
21249 10570 6624 10589 
21250 8990 2219 10548 
21251 9656 4521 10063 
21252 845 9186 10194 
21253 1681 10392 10602 
21254 6302 9178 10341 
21255 9229 6472 10550 
21256 9495 6261 10586 
21257 8669 5212 10740 
21258 10570 7169 10604 
21259 9535 9091 10336 
21260 9188 2648 10444 
21261 9516 5565 10154 
21262 6621 6127 10731 
21263 3993 8872 10554 
21264 9833 6278 10065 
21265 1998 9372 10374 
21266 10273 2697 10359 
21267 846 9187 10192 
21268 8936 5798 10691 
21269 9742 4264 10048 
21270 972 10187 10721 
21271 1787 1785 10712 
21272 9805 6879 10211 
21273 951 9230 10793 
21274 10603 6621 10731 
21275 945 9916 10445 
21276 6211 9208 10703 
21277 1049 8700 10641 
21278 2372 10603 10731 
21279 1515 8669 10814 
21280 10740 6160 10814 
21281 10630 6641 10674 
21282 844 9158 10710 
21283 5909 9864 9933 
21284 9293 877 10775 
21285 9160 6671 10726 
21286 9849 6871 10477 
21287 6519 9031 10645 
21288 7492 9353 10763 
21289 8970 784 10410 
21290 9407 5374 10480 
21291 6077 6240 10511 
21292 6008 8907 10579 
21293 5970 10436 10468 
21294 6353 10170 10670 
21295 4827 6321 10420 
21296 6218 9874 10189 
21297 8714 9657 10451 
21298 1633 1763 10745 
21299 6670 6669 10504 
21300 971 9931 10439 
21301 6390 6389 10789 
21302 10024 6393 10584 
21303 6309 9151 10616 
21304 10250 1230 10562 
21305 6235 6804 10640 
21306 8093 10075 10635 
21307 6957 10416 10441 
21308 5372 6325 10684 
21309 9060 4247 10358 
21310 10486 6235 10640 
21311 9648 5481 10491 
21312 6032 10421 10466 
21313 9941 4670 10059 
21314 6008 10579 10752 
21315 6079 9298 10484 
21316 8669 10740 10814 
21317 10381 8882 10528 
21318 9970 6378 10593 
21319 6398 10682 10777 
21320 8700 2171 10760 
21321 871 9554 10514 
21322 4255 10408 10630 
21323 6193 9756 10150 
21324 10427 8990 10548 
21325 9418 4723 10245 
21326 9937 5654 10059 
21327 10154 9495 10586 
21328 8882 950 10528 
21329 6691 9424 10660 
21330 9957 6303 10742 
21331 10641 8700 10760 
21332 9934 983 10315 
21333 5806 9839 10146 
21334 5599 9589 10646 
21335 6152 9851 10439 
21336 10098 6797 10720 
21337 6846 6510 10541 
21338 6280 6273 10500 
21339 9178 9952 10341 
21340 9952 3790 10341 
21341 1763 9051 10553 
21342 899 8873 10752 
21343 10305 6686 10425 
21344 783 10008 10715 
21345 6239 6405 10463 
21346 9325 5155 10521 
21347 7491 9363 10651 
21348 8809 5911 10779 
21349 6202 5260 10523 
21350 2590 9995 10062 
21351 8988 954 10462 
21352 6144 6145 10618 
21353 9926 6467 10716 
21354 6652 9188 10670 
21355 4183 9691 10768 
21356 6784 10113 10173 
21357 6224 9259 10527 
21358 8817 9445 10313 
21359 10224 865 10423 
21360 6376 6375 10539 
21361 8989 4241 10767 
21362 9468 990 10440 
21363 8873 6008 10752 
21364 4387 9642 10305 
21365 10579 7176 10752 
21366 9353 2584 10763 
21367 6227 8991 10546 
21368 983 9182 10315 
21369 10666 7427 10779 
21370 3907 9997 10150 
21371 8956 10385 10773 
21372 9696 8328 10247 
21373 846 10192 10588 
21374 9413 8858 10492 
21375 9765 7322 10785 
21376 958 8992 10506 
21377 9186 9163 10233 
21378 10014 5590 10048 
21379 5911 10666 10779 
21380 9041 2082 10686 
21381 4086 9149 10676 
21382 326 9468 10440 
21383 9839 9437 10146 
21384 9230 6305 10793 
21385 9180 835 10749 
21386 9306 9989 10629 
21387 9149 6302 10518 
21388 4590 9516 10154 
21389 7005 9858 10044 
21390 8028 10196 10766 
21391 9255 9254 10376 
21392 10224 10261 10544 
21393 8972 6354 10724 
21394 719 8783 10764 
21395 8743 7210 10813 
21396 6391 8710 10750 
21397 4525 10435 10719 
21398 9338 5959 10565 
21399 6386 10381 10528 
21400 9780 5335 10487 
21401 2225 9041 10695 
21402 6548 9970 10593 
21403 9554 6854 10514 
21404 2200 9384 10576 
21405 10050 6259 10091 
21406 10194 6219 10447 
21407 6292 5928 10627 
21408 8878 730 10707 
21409 9113 971 10439 
21410 4251 10082 10152 
21411 9966 6461 10455 
21412 3126 9658 10642 
21413 6367 5385 10654 
21414 9872 6514 10664 
21415 6729 6689 10757 
21416 4244 9672 10696 
21417 1903 1961 10609 
21418 736 9830 10545 
21419 9969 838 10142 
21420 9735 5555 10657 
21421 4241 10205 10767 
21422 8866 10097 10273 
21423 9201 9185 10809 
21424 6254 6077 10511 
21425 3102 3093 10811 
21426 8881 733 10718 
21427 9120 10019 10803 
21428 1906 9643 10396 
21429 9635 5568 10239 
21430 9943 6143 10758 
21431 877 9570 10775 
21432 9992 9389 10617 
21433 6308 6024 10662 
21434 7662 9718 10503 
21435 730 9589 10707 
21436 3140 3812 10628 
21437 10056 973 10803 
21438 10181 6728 10228 
21439 6139 9306 10629 
21440 5487 8743 10813 
21441 1420 10024 10584 
21442 6669 9927 10711 
21443 6253 4737 10727 
21444 10682 9514 10777 
21445 10156 6391 10750 
21446 9691 6865 10768 
21447 9803 6521 10291 
21448 6520 10103 10370 
21449 9417 6459 10636 
21450 10012 894 10197 
21451 9185 845 10447 
21452 10194 9186 10233 
21453 821 10030 10647 
21454 742 9909 10348 
21455 6459 10253 10636 
21456 6261 9549 10586 
21457 8416 9420 10790 
21458 9346 5979 10772 
21459 6514 6511 10664 
21460 8716 10012 10197 
21461 9041 10686 10695 
21462 4590 10154 10586 
21463 9122 6308 10736 
21464 6019 9606 10633 
21465 6206 9993 10602 
21466 871 10514 10730 
21467 6129 9432 10735 
21468 5466 9816 10560 
21469 9624 6182 10495 
21470 835 9912 10749 
21471 9631 6114 10562 
21472 10162 951 10793 
21473 9816 7246 10560 
21474 6320 9765 10785 
21475 10119 7013 10728 
21476 1961 8956 10773 
21477 10383 6251 10739 
21478 845 10194 10447 
21479 10229 7433 10314 
21480 756 9740 10405 
21481 9188 10444 10670 
21482 6175 10378 10590 
21483 3038 9281 10698 
21484 6642 10007 10699 
21485 9624 6965 10781 
21486 10686 6333 10695 
21487 6442 9501 10756 
21488 10021 4268 10188 
21489 9163 6019 10233 
21490 9149 10518 10676 
21491 9938 2449 10529 
21492 790 9826 10369 
21493 10137 719 10764 
21494 9448 6320 10785 
21495 5929 10204 10544 
21496 1135 10430 10753 
21497 9724 6159 10549 
21498 10547 6990 10782 
21499 9725 846 10588 
21500 9989 827 10629 
21501 9682 844 10710 
21502 6244 9729 10363 
21503 10184 6244 10363 
21504 10048 4264 10211 
21505 9084 783 10715 
21506 10016 6125 10696 
21507 10609 1961 10773 
21508 8956 9907 10385 
21509 6381 9562 10559 
21510 7356 10040 10601 
21511 10175 895 10530 
21512 9191 1902 10786 
21513 10233 6019 10633 
21514 9633 4387 10305 
21515 797 9346 10772 
21516 4601 10115 10210 
21517 10133 6665 10585 
21518 6487 9466 10624 
21519 10265 8588 10430 
21520 2082 9984 10673 
21521 6012 9688 10794 
21522 847 9514 10682 
21523 6646 10162 10793 
21524 5928 9505 10627 
21525 7295 10094 10235 
21526 6208 9850 10759 
21527 4693 10098 10720 
21528 3192 10366 10627 
21529 9786 6438 10497 
21530 6303 5595 10742 
21531 10192 6394 10588 
21532 9262 858 10587 
21533 6495 9934 10315 
21534 9389 10237 10617 
21535 10111 6393 10251 
21536 6153 9191 10786 
21537 6704 9938 10529 
21538 9140 972 10721 
21539 6251 9543 10739 
21540 6414 9601 10677 
21541 6187 10039 10802 
21542 973 9120 10803 
21543 6478 10056 10803 
21544 5943 9992 10617 
21545 849 10547 10782 
21546 9554 871 10713 
21547 800 9160 10726 
21548 6708 10383 10739 
21549 6962 10275 10781 
21550 6378 9968 10593 
21551 6500 10404 10694 
21552 6354 10423 10724 
21553 6125 10207 10696 
21554 10042 8877 10400 
21555 6503 10233 10633 
21556 7011 9648 10491 
21557 5559 9797 10701 
21558 2693 10167 10362 
21559 10142 838 10728 
21560 10041 7356 10380 
21561 9592 6187 10802 
21562 9549 4590 10586 
21563 9533 4183 10768 
21564 6652 10670 10771 
21565 4233 9633 10425 
21566 10515 2262 10722 
21567 10017 849 10782 
21568 10563 5279 10776 
21569 10161 7648 10339 
21570 10207 4244 10696 
21571 6503 10194 10233 
21572 806 10105 10622 
21573 5942 10229 10314 
21574 7013 10142 10728 
21575 6512 10141 10399 
21576 6159 9681 10549 
21577 6697 9933 10701 
21578 10230 6087 10451 
21579 9846 6129 10735 
21580 9993 1681 10602 
21581 10463 6405 10755 
21582 8730 10304 10412 
21583 10382 2149 10437 
21584 10304 6003 10412 
21585 6185 10230 10451 
21586 10401 6034 10466 
21587 10157 5943 10617 
21588 6354 10224 10423 
21589 10014 8824 10527 
21590 9967 7448 10625 
21591 10181 5954 10607 
21592 10179 1472 10668 
21593 9850 7780 10759 
21594 10482 9201 10809 
21595 10040 9004 10601 
21596 1135 10265 10430 
21597 9968 2463 10593 
21598 10143 6691 10551 
21599 9514 6517 10777 
21600 9902 6085 10790 
21601 9203 9934 10783 
21602 6513 9682 10710 
21603 4337 10214 10687 
21604 10039 6876 10802 
21605 6334 10382 10437 
21606 6114 10250 10562 
21607 4738 10000 10688 
21608 10044 6012 10794 
21609 10261 5929 10544 
21610 10187 6203 10721 
21611 6122 10394 10732 
21612 7440 10401 10466 
21613 10347 6557 10580 
21614 10174 7381 10582 
21615 873 10418 10484 
21616 10202 6627 10604 
21617 9633 10305 10425 
21618 10418 7435 10484 
21619 865 10224 10544 
21620 10246 6621 10603 
21621 9185 10447 10809 
21622 10366 6292 10627 
21623 10285 2187 10671 
21624 10163 6535 10776 
21625 6441 10575 10597 
21626 4254 10463 10755 
21627 10378 7329 10590 
21628 1912 10637 10774 
21629 10334 723 10631 
21630 6315 10400 10678 
21631 5911 10288 10666 
21632 6742 10289 10675 
21633 10408 6641 10630 
21634 10170 890 10771 
21635 10279 7245 10723 
21636 10400 949 10678 
21637 10572 6453 10804 
21638 7117 10347 10745 
21639 10575 6132 10597 
21640 10275 4726 10781 
21641 10353 7590 10812 
21642 6082 10317 10729 
21643 7602 10322 10769 
21644 10618 6145 10619 
21645 10404 6200 10694 
21646 10623 8007 10658 
21647 10541 6510 10672 
21648 10435 7423 10719 
21649 2157 10618 10619 
21650 6595 10017 10782 
21651 4914 10623 10658 
21652 6553 10515 10722 
21653 10679 4668 10717 
21654 10700 6403 10754 
21655 10514 6853 10730 
21656 6199 10679 10717 
21657 710 10572 10804 
21658 10746 6230 10787 
21659 4803 10541 10672 
21660 10637 7439 10774 
21661 5686 10700 10754 
21662 5416 10482 10809 
21663 6488 10746 10787 
$EndElements
